2026-10-07T14:32:44.3936487Z Current runner version: '2.337.0'
2026-10-07T14:32:44.3956635Z ##[group]Runner Image Provisioner
2026-10-07T14:32:44.3957327Z Hosted Compute Agent
2026-10-07T14:32:44.3957870Z Version: 20261002.596
2026-10-07T14:32:44.3958452Z Commit: c3d12f3313a95f25162a1503be624f3b0617f8c0
2026-10-07T14:32:44.3959039Z Build Date: 2026-10-02T22:28:27Z
2026-10-07T14:32:44.3959670Z Worker ID: {05c8fa2f-54ea-4eed-bbb3-621d4ef3036c}
2026-10-07T14:32:44.3960246Z Region: westus3
2026-10-07T14:32:44.3960727Z Cloud: Azure
2026-10-07T14:32:44.3961216Z ##[endgroup]
2026-10-07T14:32:44.3962490Z ##[group]Operating System
2026-10-07T14:32:44.3963082Z Ubuntu
2026-10-07T14:32:44.3963522Z 24.04.5
2026-10-07T14:32:44.3963932Z LTS
2026-10-07T14:32:44.3964470Z ##[endgroup]
2026-10-07T14:32:44.3964921Z ##[group]Runner Image
2026-10-07T14:32:44.3965483Z Image: ubuntu-24.04
2026-10-07T14:32:44.3965948Z Version: 20261004.327.1
2026-10-07T14:32:44.3966989Z Included Software: https://github.com/actions/runner-images/blob/ubuntu24/20261004.327/images/ubuntu/Ubuntu2404-Readme.md
2026-10-07T14:32:44.3968227Z Image Release: https://github.com/actions/runner-images/releases/tag/ubuntu24%2F20261004.327
2026-10-07T14:32:44.3969078Z ##[endgroup]
2026-10-07T14:32:44.3970124Z ##[group]GITHUB_TOKEN Permissions
2026-10-07T14:32:44.3971757Z Actions: write
2026-10-07T14:32:44.3972472Z Contents: read
2026-10-07T14:32:44.3972920Z Metadata: read
2026-10-07T14:32:44.3973453Z ##[endgroup]
2026-10-07T14:32:44.3975086Z Secret source: Actions
2026-10-07T14:32:44.3975939Z Cache mode: write
2026-10-07T14:32:44.3976476Z Prepare workflow directory
2026-10-07T14:32:44.4231648Z Prepare all required actions
2026-10-07T14:32:44.4270482Z Getting action download info
2026-10-07T14:32:44.7208323Z Download action repository 'actions/checkout@v6.0.2' (SHA:de0fac2e4500dabe0009e67214ff5f5447ce83dd)
2026-10-07T14:32:44.8672324Z Uses: jnsagai/communication/.github/workflows/_address_sanitizer.yml@refs/pull/1/merge (4b268b74fd06087186e7b1bd9ea07e9a27fe9b3e)
2026-10-07T14:32:44.8678018Z ##[group] Inputs
2026-10-07T14:32:44.8678623Z   cache-mode: 
2026-10-07T14:32:44.8679152Z   fetch-only: 
2026-10-07T14:32:44.8679676Z ##[endgroup]
2026-10-07T14:32:44.8680419Z Complete job name: Address & Undefined Behavior Sanitizer / Build & Test
2026-10-07T14:32:44.9317857Z ##[group]Run actions/checkout@v6.0.2
2026-10-07T14:32:44.9318531Z with:
2026-10-07T14:32:44.9318904Z   repository: jnsagai/communication
2026-10-07T14:32:44.9322374Z   token: ***
2026-10-07T14:32:44.9322745Z   ssh-strict: true
2026-10-07T14:32:44.9323100Z   ssh-user: git
2026-10-07T14:32:44.9323458Z   persist-credentials: true
2026-10-07T14:32:44.9323852Z   clean: true
2026-10-07T14:32:44.9324218Z   sparse-checkout-cone-mode: true
2026-10-07T14:32:44.9324632Z   fetch-depth: 1
2026-10-07T14:32:44.9324973Z   fetch-tags: false
2026-10-07T14:32:44.9325330Z   show-progress: true
2026-10-07T14:32:44.9325690Z   lfs: false
2026-10-07T14:32:44.9326023Z   submodules: false
2026-10-07T14:32:44.9326383Z   set-safe-directory: true
2026-10-07T14:32:44.9326987Z ##[endgroup]
2026-10-07T14:32:45.0134889Z Syncing repository: jnsagai/communication
2026-10-07T14:32:45.0136304Z ##[group]Getting Git version info
2026-10-07T14:32:45.0136980Z Working directory is '/home/runner/work/communication/communication'
2026-10-07T14:32:45.0137825Z [command]/usr/bin/git version
2026-10-07T14:32:45.0172904Z git version 2.55.0
2026-10-07T14:32:45.0190398Z ##[endgroup]
2026-10-07T14:32:45.0201296Z Temporarily overriding HOME='/home/runner/work/_temp/be0a59dc-97ed-4e2c-b831-2dfeabfc602d' before making global git config changes
2026-10-07T14:32:45.0203263Z Adding repository directory to the temporary git global config as a safe directory
2026-10-07T14:32:45.0205519Z [command]/usr/bin/git config --global --add safe.directory /home/runner/work/communication/communication
2026-10-07T14:32:45.0248069Z Deleting the contents of '/home/runner/work/communication/communication'
2026-10-07T14:32:45.0252420Z ##[group]Initializing the repository
2026-10-07T14:32:45.0256143Z [command]/usr/bin/git init /home/runner/work/communication/communication
2026-10-07T14:32:45.0349360Z hint: Using 'master' as the name for the initial branch. This default branch name
2026-10-07T14:32:45.0350764Z hint: will change to "main" in Git 3.0. To configure the initial branch name
2026-10-07T14:32:45.0352133Z hint: to use in all of your new repositories, which will suppress this warning,
2026-10-07T14:32:45.0353323Z hint: call:
2026-10-07T14:32:45.0353812Z hint:
2026-10-07T14:32:45.0354712Z hint: 	git config --global init.defaultBranch <name>
2026-10-07T14:32:45.0355459Z hint:
2026-10-07T14:32:45.0356141Z hint: Names commonly chosen instead of 'master' are 'main', 'trunk' and
2026-10-07T14:32:45.0357239Z hint: 'development'. The just-created branch can be renamed via this command:
2026-10-07T14:32:45.0358164Z hint:
2026-10-07T14:32:45.0358659Z hint: 	git branch -m <name>
2026-10-07T14:32:45.0359230Z hint:
2026-10-07T14:32:45.0359985Z hint: Disable this message with "git config set advice.defaultBranchName false"
2026-10-07T14:32:45.0370030Z Initialized empty Git repository in /home/runner/work/communication/communication/.git/
2026-10-07T14:32:45.0373326Z [command]/usr/bin/git remote add origin https://github.com/jnsagai/communication
2026-10-07T14:32:45.0413887Z ##[endgroup]
2026-10-07T14:32:45.0414511Z ##[group]Disabling automatic garbage collection
2026-10-07T14:32:45.0415072Z [command]/usr/bin/git config --local gc.auto 0
2026-10-07T14:32:45.0442370Z ##[endgroup]
2026-10-07T14:32:45.0443443Z ##[group]Setting up auth
2026-10-07T14:32:45.0444247Z Removing SSH command configuration
2026-10-07T14:32:45.0447380Z [command]/usr/bin/git config --local --name-only --get-regexp core\.sshCommand
2026-10-07T14:32:45.0476734Z [command]/usr/bin/git submodule foreach --recursive sh -c "git config --local --name-only --get-regexp 'core\.sshCommand' && git config --local --unset-all 'core.sshCommand' || :"
2026-10-07T14:32:45.0759940Z Removing HTTP extra header
2026-10-07T14:32:45.0766756Z [command]/usr/bin/git config --local --name-only --get-regexp http\.https\:\/\/github\.com\/\.extraheader
2026-10-07T14:32:45.0806995Z [command]/usr/bin/git submodule foreach --recursive sh -c "git config --local --name-only --get-regexp 'http\.https\:\/\/github\.com\/\.extraheader' && git config --local --unset-all 'http.https://github.com/.extraheader' || :"
2026-10-07T14:32:45.0996726Z Removing includeIf entries pointing to credentials config files
2026-10-07T14:32:45.1002596Z [command]/usr/bin/git config --local --name-only --get-regexp ^includeIf\.gitdir:
2026-10-07T14:32:45.1032877Z [command]/usr/bin/git submodule foreach --recursive git config --local --show-origin --name-only --get-regexp remote.origin.url
2026-10-07T14:32:45.1221449Z [command]/usr/bin/git config --file /home/runner/work/_temp/git-credentials-67827584-b5f3-4d46-9183-7bb97ad1b408.config http.https://github.com/.extraheader AUTHORIZATION: basic ***
2026-10-07T14:32:45.1256163Z [command]/usr/bin/git config --local includeIf.gitdir:/home/runner/work/communication/communication/.git.path /home/runner/work/_temp/git-credentials-67827584-b5f3-4d46-9183-7bb97ad1b408.config
2026-10-07T14:32:45.1286863Z [command]/usr/bin/git config --local includeIf.gitdir:/home/runner/work/communication/communication/.git/worktrees/*.path /home/runner/work/_temp/git-credentials-67827584-b5f3-4d46-9183-7bb97ad1b408.config
2026-10-07T14:32:45.1318779Z [command]/usr/bin/git config --local includeIf.gitdir:/github/workspace/.git.path /github/runner_temp/git-credentials-67827584-b5f3-4d46-9183-7bb97ad1b408.config
2026-10-07T14:32:45.1350259Z [command]/usr/bin/git config --local includeIf.gitdir:/github/workspace/.git/worktrees/*.path /github/runner_temp/git-credentials-67827584-b5f3-4d46-9183-7bb97ad1b408.config
2026-10-07T14:32:45.1376480Z ##[endgroup]
2026-10-07T14:32:45.1377160Z ##[group]Fetching the repository
2026-10-07T14:32:45.1382537Z [command]/usr/bin/git -c protocol.version=2 fetch --no-tags --prune --no-recurse-submodules --depth=1 origin +4b268b74fd06087186e7b1bd9ea07e9a27fe9b3e:refs/remotes/pull/1/merge
2026-10-07T14:32:46.8276657Z From https://github.com/jnsagai/communication
2026-10-07T14:32:46.8278247Z  * [new ref]         4b268b74fd06087186e7b1bd9ea07e9a27fe9b3e -> pull/1/merge
2026-10-07T14:32:46.8287222Z ##[endgroup]
2026-10-07T14:32:46.8293777Z ##[group]Determining the checkout info
2026-10-07T14:32:46.8295048Z ##[endgroup]
2026-10-07T14:32:46.8295686Z [command]/usr/bin/git sparse-checkout disable
2026-10-07T14:32:46.8520950Z [command]/usr/bin/git config --local --unset-all extensions.worktreeConfig
2026-10-07T14:32:46.8550034Z ##[group]Checking out the ref
2026-10-07T14:32:46.8552754Z [command]/usr/bin/git checkout --progress --force refs/remotes/pull/1/merge
2026-10-07T14:32:47.0110589Z Note: switching to 'refs/remotes/pull/1/merge'.
2026-10-07T14:32:47.0111384Z 
2026-10-07T14:32:47.0111936Z You are in 'detached HEAD' state. You can look around, make experimental
2026-10-07T14:32:47.0113451Z changes and commit them, and you can discard any commits you make in this
2026-10-07T14:32:47.0114781Z state without impacting any branches by switching back to a branch.
2026-10-07T14:32:47.0115662Z 
2026-10-07T14:32:47.0116197Z If you want to create a new branch to retain commits you create, you may
2026-10-07T14:32:47.0117407Z do so (now or later) by using -c with the switch command. Example:
2026-10-07T14:32:47.0118088Z 
2026-10-07T14:32:47.0118547Z   git switch -c <new-branch-name>
2026-10-07T14:32:47.0119307Z 
2026-10-07T14:32:47.0119881Z Or undo this operation with:
2026-10-07T14:32:47.0120684Z 
2026-10-07T14:32:47.0121194Z   git switch -
2026-10-07T14:32:47.0121912Z 
2026-10-07T14:32:47.0122998Z Turn off this advice by setting config variable advice.detachedHead to false
2026-10-07T14:32:47.0124425Z 
2026-10-07T14:32:47.0125987Z HEAD is now at 4b268b7 Merge 0b48ccc1d195297ab9c5e7e19f5b2250fd2f43fe into c77751819b8885a902540dbef7f0fe25cf85d51c
2026-10-07T14:32:47.0131115Z ##[endgroup]
2026-10-07T14:32:47.0166290Z [command]/usr/bin/git log -1 --format=%H
2026-10-07T14:32:47.0189598Z 4b268b74fd06087186e7b1bd9ea07e9a27fe9b3e
2026-10-07T14:32:47.0594715Z Prepare all required actions
2026-10-07T14:32:47.0596214Z Getting action download info
2026-10-07T14:32:47.2286310Z Download action repository 'eclipse-score/more-disk-space@v1' (SHA:beee38c3b4426a7c43fdfeb2495d1af812179c3e)
2026-10-07T14:32:47.6431595Z Download action repository 'bazel-contrib/setup-bazel@0.19.0' (SHA:c5acdfb288317d0b5c0bbd7a396a3dc868bb0f86)
2026-10-07T14:32:48.5870276Z Download action repository 'eclipse-score/cicd-actions@f89865691445b60e9229c36adb1c37b675e1ca85' (SHA:f89865691445b60e9229c36adb1c37b675e1ca85)
2026-10-07T14:32:49.3502813Z ##[group]Run ./.github/actions/00_infrastructure/prepare_bazel_environment
2026-10-07T14:32:49.3503159Z with:
2026-10-07T14:32:49.3503384Z   disk-cache: build_and_test_asan_ubsan_lsan
2026-10-07T14:32:49.3503622Z   repository-cache: false
2026-10-07T14:32:49.3503814Z ##[endgroup]
2026-10-07T14:32:49.3548955Z ##[start-action display=Set environment and compute cache mode;id=__self.__run]
2026-10-07T14:32:49.3596096Z ##[group]Run echo "ANDROID_HOME=" >> "$GITHUB_ENV"
2026-10-07T14:32:49.3596448Z [36;1mecho "ANDROID_HOME=" >> "$GITHUB_ENV"[0m
2026-10-07T14:32:49.3596731Z [36;1mecho "ANDROID_SDK_ROOT=" >> "$GITHUB_ENV"[0m
2026-10-07T14:32:49.3597057Z [36;1mecho "FORCE_JAVASCRIPT_ACTIONS_TO_NODE24=true" >> "$GITHUB_ENV"[0m
2026-10-07T14:32:49.3597354Z [36;1m[0m
2026-10-07T14:32:49.3597523Z [36;1mif [[ -n "" ]]; then[0m
2026-10-07T14:32:49.3597715Z [36;1m  MODE=""[0m
2026-10-07T14:32:49.3598126Z [36;1melif [[ "pull_request" == "pull_request" || "pull_request" == "pull_request_target" || "pull_request" == "merge_group" ]]; then[0m
2026-10-07T14:32:49.3598559Z [36;1m  MODE="read-only"[0m
2026-10-07T14:32:49.3598862Z [36;1melif [[ "pull_request" == "push" && "refs/pull/1/merge" == "refs/heads/main" ]]; then[0m
2026-10-07T14:32:49.3599198Z [36;1m  MODE="update-disk"[0m
2026-10-07T14:32:49.3599396Z [36;1melse[0m
2026-10-07T14:32:49.3599568Z [36;1m  MODE="disabled"[0m
2026-10-07T14:32:49.3599756Z [36;1mfi[0m
2026-10-07T14:32:49.3600121Z [36;1mecho "CACHE_MODE=${MODE}" >> "$GITHUB_ENV"[0m
2026-10-07T14:32:49.3600376Z [36;1mecho "Cache mode: ${MODE}"[0m
2026-10-07T14:32:49.3937322Z shell: /usr/bin/bash --noprofile --norc -e -o pipefail {0}
2026-10-07T14:32:49.3937656Z ##[endgroup]
2026-10-07T14:32:49.4025545Z Cache mode: read-only
2026-10-07T14:32:49.4042880Z ##[end-action id=__self.__run;outcome=success;conclusion=success;duration_ms=49]
2026-10-07T14:32:49.4045050Z ##[start-action display=Free Disk Space (Ubuntu);id=__self.__eclipse-score_more-disk-space]
2026-10-07T14:32:49.4083305Z ##[group]Run eclipse-score/more-disk-space@v1
2026-10-07T14:32:49.4083572Z with:
2026-10-07T14:32:49.4083742Z   level: 4
2026-10-07T14:32:49.4083919Z   enable-problem-matchers: true
2026-10-07T14:32:49.4084125Z env:
2026-10-07T14:32:49.4084278Z   ANDROID_HOME: 
2026-10-07T14:32:49.4084452Z   ANDROID_SDK_ROOT: 
2026-10-07T14:32:49.4084657Z   FORCE_JAVASCRIPT_ACTIONS_TO_NODE24: true
2026-10-07T14:32:49.4084889Z   CACHE_MODE: read-only
2026-10-07T14:32:49.4085102Z ##[endgroup]
2026-10-07T14:32:49.4351173Z 🗑️  More Disk Space - running 13 steps (level 4)
2026-10-07T14:32:49.4351529Z 
2026-10-07T14:32:49.4351850Z Available space before: 85 GiB
2026-10-07T14:32:49.4352219Z 
2026-10-07T14:32:49.4374173Z Downloading rmz 3.1.1 for parallel removal...
2026-10-07T14:32:49.6811801Z Removing /usr/share/swift...
2026-10-07T14:32:49.6813265Z Removing /usr/local/share/powershell...
2026-10-07T14:32:49.6813788Z Removing /usr/local/share/chromium...
2026-10-07T14:32:49.6814243Z Removing /usr/share/dotnet...
2026-10-07T14:32:49.6814704Z Removing /usr/share/gradle-9.8.0...
2026-10-07T14:32:49.6815157Z Removing /usr/local/.ghcup...
2026-10-07T14:32:49.6815579Z Removing /opt/ghc...
2026-10-07T14:32:49.6815921Z Removing /opt/cabal...
2026-10-07T14:32:49.6816309Z Removing /home/runner/.ghcup...
2026-10-07T14:32:49.6816734Z Removing /home/runner/.cabal...
2026-10-07T14:32:49.6817235Z Removing /usr/local/julia1.13.1...
2026-10-07T14:32:49.6817990Z Removing /usr/local/aws-cli...
2026-10-07T14:32:49.6821105Z Removing /opt/az...
2026-10-07T14:32:49.6821529Z Removing /usr/share/az_15.6.1...
2026-10-07T14:32:49.6822254Z Removing /usr/local/lib/android...
2026-10-07T14:32:49.6822674Z Removing /opt/android...
2026-10-07T14:32:49.6823109Z Removing /usr/local/android-sdk...
2026-10-07T14:32:49.6823574Z Removing /home/runner/Android...
2026-10-07T14:32:49.6824040Z Removing /usr/local/aws-sam-cli...
2026-10-07T14:32:49.6824502Z Removing /usr/share/miniconda...
2026-10-07T14:33:34.1879521Z Removing dotnet packages...
2026-10-07T14:33:34.2047962Z Removing haskell packages...
2026-10-07T14:33:34.2196277Z Removing android-sdk packages...
2026-10-07T14:33:34.2341133Z Cleared Android SDK environment after removing the Android SDK.
2026-10-07T14:33:34.2360009Z 
2026-10-07T14:33:34.2360504Z ✅ Cleanup complete!
2026-10-07T14:33:34.2360786Z Available space after: 115 GiB
2026-10-07T14:33:34.2361042Z Space freed: 30 GiB
2026-10-07T14:33:34.2407180Z ##[end-action id=__self.__eclipse-score_more-disk-space;outcome=success;conclusion=success;duration_ms=44836]
2026-10-07T14:33:34.2409645Z ##[start-action display=Install Bazelisk;id=__self.__bazel-contrib_setup-bazel]
2026-10-07T14:33:34.2465274Z ##[group]Run bazel-contrib/setup-bazel@0.19.0
2026-10-07T14:33:34.2465541Z with:
2026-10-07T14:33:34.2465725Z   bazelisk-cache: true
2026-10-07T14:33:34.2465929Z   disk-cache: false
2026-10-07T14:33:34.2466131Z   repository-cache: false
2026-10-07T14:33:34.2466340Z   cache-save: false
2026-10-07T14:33:34.2466528Z   cache-version: 1
2026-10-07T14:33:34.2466730Z   module-root: .
2026-10-07T14:33:34.2468784Z   token: ***
2026-10-07T14:33:34.2468969Z env:
2026-10-07T14:33:34.2469141Z   ANDROID_HOME: 
2026-10-07T14:33:34.2469329Z   ANDROID_SDK_ROOT: 
2026-10-07T14:33:34.2469542Z   FORCE_JAVASCRIPT_ACTIONS_TO_NODE24: true
2026-10-07T14:33:34.2469790Z   CACHE_MODE: read-only
2026-10-07T14:33:34.2469992Z ##[endgroup]
2026-10-07T14:33:34.3546647Z ##[group]Configure Bazel
2026-10-07T14:33:34.3547387Z Configuration:
2026-10-07T14:33:34.3547940Z {
2026-10-07T14:33:34.3548452Z   "baseCacheKey": "setup-bazel-1-linux-x64",
2026-10-07T14:33:34.3548885Z   "cacheSave": false,
2026-10-07T14:33:34.3549241Z   "bazeliskCache": {
2026-10-07T14:33:34.3549590Z     "enabled": true,
2026-10-07T14:33:34.3549909Z     "files": [
2026-10-07T14:33:34.3550256Z       "./.bazelversion"
2026-10-07T14:33:34.3550545Z     ],
2026-10-07T14:33:34.3550886Z     "name": "bazelisk",
2026-10-07T14:33:34.3551226Z     "paths": [
2026-10-07T14:33:34.3551634Z       "/home/runner/.cache/bazelisk"
2026-10-07T14:33:34.3552101Z     ]
2026-10-07T14:33:34.3552336Z   },
2026-10-07T14:33:34.3552668Z   "bazeliskVersion": "",
2026-10-07T14:33:34.3552956Z   "bazelrc": [],
2026-10-07T14:33:34.3553180Z   "diskCache": {
2026-10-07T14:33:34.3553442Z     "enabled": false,
2026-10-07T14:33:34.3553743Z     "files": [
2026-10-07T14:33:34.3554069Z       "./MODULE.bazel",
2026-10-07T14:33:34.3554470Z       "./WORKSPACE.bazel",
2026-10-07T14:33:34.3554875Z       "./WORKSPACE.bzlmod",
2026-10-07T14:33:34.3555214Z       "./WORKSPACE",
2026-10-07T14:33:34.3555553Z       "./**/BUILD.bazel",
2026-10-07T14:33:34.3555884Z       "./**/BUILD"
2026-10-07T14:33:34.3556146Z     ],
2026-10-07T14:33:34.3556451Z     "name": "disk",
2026-10-07T14:33:34.3556761Z     "paths": [
2026-10-07T14:33:34.3557213Z       "/home/runner/.cache/bazel-disk"
2026-10-07T14:33:34.3557545Z     ]
2026-10-07T14:33:34.3557771Z   },
2026-10-07T14:33:34.3558130Z   "externalCache": {},
2026-10-07T14:33:34.3558439Z   "paths": {
2026-10-07T14:33:34.3558994Z     "bazelExternal": "/home/runner/.bazel/external",
2026-10-07T14:33:34.3559678Z     "bazelOutputBase": "/home/runner/.bazel",
2026-10-07T14:33:34.3560170Z     "bazelrc": [
2026-10-07T14:33:34.3560598Z       "/home/runner/.bazelrc"
2026-10-07T14:33:34.3560958Z     ]
2026-10-07T14:33:34.3561231Z   },
2026-10-07T14:33:34.3561498Z   "os": {
2026-10-07T14:33:34.3561842Z     "arch": "x64",
2026-10-07T14:33:34.3562463Z     "platform": "linux"
2026-10-07T14:33:34.3562767Z   },
2026-10-07T14:33:34.3563359Z   "repositoryCache": {
2026-10-07T14:33:34.3563730Z     "enabled": false,
2026-10-07T14:33:34.3564063Z     "files": [
2026-10-07T14:33:34.3564401Z       "./MODULE.bazel",
2026-10-07T14:33:34.3564780Z       "./WORKSPACE.bazel",
2026-10-07T14:33:34.3565178Z       "./WORKSPACE.bzlmod",
2026-10-07T14:33:34.3565564Z       "./WORKSPACE"
2026-10-07T14:33:34.3565849Z     ],
2026-10-07T14:33:34.3566185Z     "name": "repository",
2026-10-07T14:33:34.3566527Z     "paths": [
2026-10-07T14:33:34.3566934Z       "/home/runner/.cache/bazel-repo"
2026-10-07T14:33:34.3567277Z     ]
2026-10-07T14:33:34.3567527Z   }
2026-10-07T14:33:34.3567764Z }
2026-10-07T14:33:34.3568360Z ##[endgroup]
2026-10-07T14:33:34.3577644Z ##[group]Restore cache for bazelisk
2026-10-07T14:33:34.5680697Z Failed to restore bazelisk cache
2026-10-07T14:33:34.5681350Z ##[endgroup]
2026-10-07T14:33:34.5773718Z ##[end-action id=__self.__bazel-contrib_setup-bazel;outcome=success;conclusion=success;duration_ms=336]
2026-10-07T14:33:34.5775951Z ##[start-action display=Register post cache save hook and restore caches;id=__self.__self]
2026-10-07T14:33:34.5821263Z ##[group]Run ./.github/actions/00_infrastructure/setup_bazel_cache
2026-10-07T14:33:34.5821566Z with:
2026-10-07T14:33:34.5821749Z   cache-mode: read-only
2026-10-07T14:33:34.5822220Z   disk-cache-name: build_and_test_asan_ubsan_lsan
2026-10-07T14:33:34.5824555Z   github-token: ***
2026-10-07T14:33:34.5824747Z env:
2026-10-07T14:33:34.5824916Z   ANDROID_HOME: 
2026-10-07T14:33:34.5825097Z   ANDROID_SDK_ROOT: 
2026-10-07T14:33:34.5825310Z   FORCE_JAVASCRIPT_ACTIONS_TO_NODE24: true
2026-10-07T14:33:34.5825558Z   CACHE_MODE: read-only
2026-10-07T14:33:34.5827740Z   BAZELISK_GITHUB_TOKEN: ***
2026-10-07T14:33:34.5827954Z ##[endgroup]
2026-10-07T14:33:34.6719933Z Restoring repository cache...
2026-10-07T14:33:34.8899111Z No repository cache found.
2026-10-07T14:33:34.8899761Z Restoring disk cache 'build_and_test_asan_ubsan_lsan'...
2026-10-07T14:33:35.0860661Z No disk cache found.
2026-10-07T14:33:35.0861618Z Bazel cache paths written to /home/runner/.bazelrc
2026-10-07T14:33:35.0862688Z Cache setup complete (mode: read-only, disk-cache: build_and_test_asan_ubsan_lsan). Post hook registered for save.
2026-10-07T14:33:35.0928831Z ##[end-action id=__self.__self;outcome=success;conclusion=success;duration_ms=515]
2026-10-07T14:33:35.0933051Z ##[start-action display=Configure optional Ubuntu snapshot mirror for Bazel downloader;id=__self.__run_2]
2026-10-07T14:33:35.0951557Z ##[group]Run if [[ -z "${UBUNTU_SNAPSHOT_MIRROR_URL}" ]]; then
2026-10-07T14:33:35.0952077Z [36;1mif [[ -z "${UBUNTU_SNAPSHOT_MIRROR_URL}" ]]; then[0m
2026-10-07T14:33:35.0952591Z [36;1m  echo "No override for public Ubuntu snapshot mirror configured; using default snapshot.ubuntu.com URL."[0m
2026-10-07T14:33:35.0953014Z [36;1m  exit 0[0m
2026-10-07T14:33:35.0953200Z [36;1mfi[0m
2026-10-07T14:33:35.0953374Z [36;1m[0m
2026-10-07T14:33:35.0953582Z [36;1mMIRROR_URL="${UBUNTU_SNAPSHOT_MIRROR_URL}"[0m
2026-10-07T14:33:35.0953948Z [36;1mDOWNLOADER_CONFIG="${GITHUB_WORKSPACE}/user.downloader_config"[0m
2026-10-07T14:33:35.0954256Z [36;1m[0m
2026-10-07T14:33:35.0954560Z [36;1mMIRROR_URL="${MIRROR_URL}" DOWNLOADER_CONFIG="${DOWNLOADER_CONFIG}" python3 - <<'PY'[0m
2026-10-07T14:33:35.0954918Z [36;1mimport os[0m
2026-10-07T14:33:35.0955127Z [36;1mfrom pathlib import Path[0m
2026-10-07T14:33:35.0955354Z [36;1m[0m
2026-10-07T14:33:35.0955556Z [36;1mmirror_url = os.environ["MIRROR_URL"][0m
2026-10-07T14:33:35.0955877Z [36;1mdownloader_config = Path(os.environ["DOWNLOADER_CONFIG"])[0m
2026-10-07T14:33:35.0956189Z [36;1mdownloader_config.write_text([0m
2026-10-07T14:33:35.0956427Z [36;1m    "\n".join([[0m
2026-10-07T14:33:35.0956906Z [36;1m        f"rewrite snapshot.ubuntu.com/ubuntu/[^/]*/(.*) {mirror_url}.debmirror.stablebuild.com/2026-04-01T10:40:01Z/archive.ubuntu.com/ubuntu/$1",[0m
2026-10-07T14:33:35.0957758Z [36;1m        f"rewrite snapshot.ubuntu.com/ubuntu/[^/]*/(.*) {mirror_url}.debmirror.stablebuild.com/2026-04-01T10:40:01Z/ports.ubuntu.com/$1",[0m
2026-10-07T14:33:35.0958360Z [36;1m        # Retain public mirror as fallback should quota of override mirror be exhausted[0m
2026-10-07T14:33:35.0958828Z [36;1m        "rewrite snapshot.ubuntu.com/ubuntu/(.*) snapshot.ubuntu.com/ubuntu/$1",[0m
2026-10-07T14:33:35.0959166Z [36;1m    ]) + "\n",[0m
2026-10-07T14:33:35.0959374Z [36;1m    encoding="utf-8",[0m
2026-10-07T14:33:35.0959587Z [36;1m)[0m
2026-10-07T14:33:35.0959761Z [36;1mPY[0m
2026-10-07T14:33:35.0959934Z [36;1m[0m
2026-10-07T14:33:35.0960258Z [36;1mecho "common --downloader_config=${DOWNLOADER_CONFIG}" >> "${GITHUB_WORKSPACE}/user.bazelrc"[0m
2026-10-07T14:33:35.0960763Z [36;1mecho "Configured Bazel downloader mirror with fallback for Ubuntu snapshot URLs."[0m
2026-10-07T14:33:35.1015207Z shell: /usr/bin/bash --noprofile --norc -e -o pipefail {0}
2026-10-07T14:33:35.1015512Z env:
2026-10-07T14:33:35.1015704Z   ANDROID_HOME: 
2026-10-07T14:33:35.1015903Z   ANDROID_SDK_ROOT: 
2026-10-07T14:33:35.1016133Z   FORCE_JAVASCRIPT_ACTIONS_TO_NODE24: true
2026-10-07T14:33:35.1016389Z   CACHE_MODE: read-only
2026-10-07T14:33:35.1018584Z   BAZELISK_GITHUB_TOKEN: ***
2026-10-07T14:33:35.1018825Z   UBUNTU_SNAPSHOT_MIRROR_URL: 
2026-10-07T14:33:35.1019050Z ##[endgroup]
2026-10-07T14:33:35.1086932Z No override for public Ubuntu snapshot mirror configured; using default snapshot.ubuntu.com URL.
2026-10-07T14:33:35.1091732Z ##[end-action id=__self.__run_2;outcome=success;conclusion=success;duration_ms=15]
2026-10-07T14:33:35.1093713Z ##[start-action display=Allow linux-sandbox;id=__self.__eclipse-score_cicd-actions]
2026-10-07T14:33:35.1118891Z ##[group]Run eclipse-score/cicd-actions/unblock-user-namespace-for-linux-sandbox@f89865691445b60e9229c36adb1c37b675e1ca85
2026-10-07T14:33:35.1119338Z env:
2026-10-07T14:33:35.1119498Z   ANDROID_HOME: 
2026-10-07T14:33:35.1119667Z   ANDROID_SDK_ROOT: 
2026-10-07T14:33:35.1119858Z   FORCE_JAVASCRIPT_ACTIONS_TO_NODE24: true
2026-10-07T14:33:35.1120208Z   CACHE_MODE: read-only
2026-10-07T14:33:35.1122484Z   BAZELISK_GITHUB_TOKEN: ***
2026-10-07T14:33:35.1122698Z ##[endgroup]
2026-10-07T14:33:35.1125444Z ##[start-action display=Allow linux-sandbox to create user namespace;id=__self.__eclipse-score_cicd-actions.__run]
2026-10-07T14:33:35.1140918Z ##[group]Run /home/runner/work/_actions/eclipse-score/cicd-actions/f89865691445b60e9229c36adb1c37b675e1ca85/unblock-user-namespace-for-linux-sandbox/action_callable.sh
2026-10-07T14:33:35.1141826Z [36;1m/home/runner/work/_actions/eclipse-score/cicd-actions/f89865691445b60e9229c36adb1c37b675e1ca85/unblock-user-namespace-for-linux-sandbox/action_callable.sh[0m
2026-10-07T14:33:35.1188781Z shell: /usr/bin/bash --noprofile --norc -e -o pipefail {0}
2026-10-07T14:33:35.1189050Z env:
2026-10-07T14:33:35.1189206Z   ANDROID_HOME: 
2026-10-07T14:33:35.1189371Z   ANDROID_SDK_ROOT: 
2026-10-07T14:33:35.1189569Z   FORCE_JAVASCRIPT_ACTIONS_TO_NODE24: true
2026-10-07T14:33:35.1189788Z   CACHE_MODE: read-only
2026-10-07T14:33:35.1191875Z   BAZELISK_GITHUB_TOKEN: ***
2026-10-07T14:33:35.1192241Z ##[endgroup]
2026-10-07T14:33:36.0075879Z 2026/10/07 14:33:36 Downloading https://releases.bazel.build/8.7.0/release/bazel-8.7.0-linux-x86_64...
2026-10-07T14:33:36.4958100Z Extracting Bazel installation...
2026-10-07T14:33:38.2128724Z Starting local Bazel server (8.7.0) and connecting to it...
2026-10-07T14:33:39.2903461Z INFO: Invocation ID: fc930da8-c13b-4741-bb91-9bb6feac67c7
2026-10-07T14:33:39.3673404Z Success: '/home/runner/.cache/bazel/_bazel_runner/install/24cd1949a87b52de06e695638d54f5e1/linux-sandbox /bin/true' succeeded.
2026-10-07T14:33:39.3684392Z ##[end-action id=__self.__eclipse-score_cicd-actions.__run;outcome=success;conclusion=success;duration_ms=4255]
2026-10-07T14:33:39.3699290Z ##[end-action id=__self.__eclipse-score_cicd-actions;outcome=success;conclusion=success;duration_ms=4260]
2026-10-07T14:33:39.3738819Z ##[group]Run bazel test --config=ci --config=asan_ubsan_lsan //... --build_tests_only
2026-10-07T14:33:39.3739576Z [36;1mbazel test --config=ci --config=asan_ubsan_lsan //... --build_tests_only[0m
2026-10-07T14:33:39.3813229Z shell: /usr/bin/bash -e {0}
2026-10-07T14:33:39.3813446Z env:
2026-10-07T14:33:39.3813609Z   ANDROID_HOME: 
2026-10-07T14:33:39.3813789Z   ANDROID_SDK_ROOT: 
2026-10-07T14:33:39.3813988Z   FORCE_JAVASCRIPT_ACTIONS_TO_NODE24: true
2026-10-07T14:33:39.3814224Z   CACHE_MODE: read-only
2026-10-07T14:33:39.3816588Z   BAZELISK_GITHUB_TOKEN: ***
2026-10-07T14:33:39.3816802Z ##[endgroup]
2026-10-07T14:33:39.4723068Z WARNING: The following configs were expanded more than once: [sanitizer_common, with_debug_symbols]. For repeatable flags, repeats are counted twice and may lead to unexpected behavior.
2026-10-07T14:33:39.4725671Z WARNING: option '--platform_suffix' was expanded to from both option '--config=asan_ubsan_lsan' (source command line options) and option '--config=asan_ubsan_lsan' (source command line options)
2026-10-07T14:33:39.4727064Z INFO: Invocation ID: 76d32c94-7400-4b0c-b6ea-86289ad9a107
2026-10-07T14:33:39.5115393Z Computing main repo mapping: 
2026-10-07T14:33:46.8354318Z WARNING: The following configs were expanded more than once: [sanitizer_common, with_debug_symbols]. For repeatable flags, repeats are counted twice and may lead to unexpected behavior.
2026-10-07T14:33:46.8384090Z WARNING: option '--platform_suffix' was expanded to from both option '--config=asan_ubsan_lsan' (source command line options) and option '--config=asan_ubsan_lsan' (source command line options)
2026-10-07T14:33:49.5147068Z Computing main repo mapping: 
2026-10-07T14:33:57.5572892Z Loading: 
2026-10-07T14:33:57.5586626Z Loading: 6 packages loaded
2026-10-07T14:34:00.9093033Z Analyzing: 514 targets (311 packages loaded, 0 targets configured)
2026-10-07T14:34:00.9422726Z Analyzing: 514 targets (311 packages loaded, 0 targets configured)
2026-10-07T14:34:00.9423197Z 
2026-10-07T14:34:02.1461769Z WARNING: /home/runner/work/communication/communication/MODULE.bazel:196:20: The module extension apt defined in @rules_distroless//apt:extensions.bzl reported incorrect imports of repositories via use_repo():
2026-10-07T14:34:02.1482274Z 
2026-10-07T14:34:02.1503050Z Imported, but reported as indirect dependencies by the extension:
2026-10-07T14:34:02.1532611Z     ubuntu24_04_sysroot_resolve
2026-10-07T14:34:02.1562208Z 
2026-10-07T14:34:02.1592740Z Fix the use_repo calls by running 'bazel mod tidy'.
2026-10-07T14:34:10.9557931Z Analyzing: 514 targets (445 packages loaded, 584 targets configured)
2026-10-07T14:34:10.9564556Z 
2026-10-07T14:34:21.0360746Z Analyzing: 514 targets (445 packages loaded, 584 targets configured)
2026-10-07T14:34:21.0383140Z 
2026-10-07T14:34:31.0645412Z Analyzing: 514 targets (497 packages loaded, 6802 targets configured)
2026-10-07T14:34:31.0651056Z 
2026-10-07T14:34:41.0937595Z Analyzing: 514 targets (498 packages loaded, 6908 targets configured)
2026-10-07T14:34:41.0962529Z 
2026-10-07T14:34:44.6152659Z DEBUG: Rule '+_repo_rules3+clang_format' indicated that a canonical reproducible form can be obtained by modifying arguments integrity = "sha256-Lj6lg0XiCgKLjDWv+WT3TfFOTNF+LVJKjvwbqeztfaI="
2026-10-07T14:34:44.6195189Z DEBUG: Repository +_repo_rules3+clang_format instantiated at:
2026-10-07T14:34:44.6252942Z   <builtin>: in <toplevel>
2026-10-07T14:34:44.6383138Z Repository rule file defined at:
2026-10-07T14:34:44.6397646Z   /home/runner/.bazel/external/download_utils+/download/file/repository.bzl:75:23: in <toplevel>
2026-10-07T14:34:48.1105996Z DEBUG: Rule 'score_baselibs++_repo_rules+acl-deb' indicated that a canonical reproducible form can be obtained by modifying arguments integrity = "sha256-5AjUxw54AQdOpFkYAgilQtVPVjibpIU3BDTy0A6VCYA=" and dropping ["visibility"]
2026-10-07T14:34:48.1360643Z DEBUG: Repository score_baselibs++_repo_rules+acl-deb instantiated at:
2026-10-07T14:34:48.1361891Z   <builtin>: in <toplevel>
2026-10-07T14:34:48.1363191Z Repository rule deb defined at:
2026-10-07T14:34:48.1393743Z   /home/runner/.bazel/external/download_utils+/download/deb/repository.bzl:78:22: in <toplevel>
2026-10-07T14:34:51.0937734Z Analyzing: 514 targets (857 packages loaded, 15965 targets configured)
2026-10-07T14:34:51.0984362Z 
2026-10-07T14:35:01.0946777Z Analyzing: 514 targets (935 packages loaded, 19170 targets configured)
2026-10-07T14:35:01.0951152Z 
2026-10-07T14:35:11.1268957Z Analyzing: 514 targets (1074 packages loaded, 22156 targets configured)
2026-10-07T14:35:11.1269949Z [4 / 9] checking cached actions
2026-10-07T14:35:21.4907949Z Analyzing: 514 targets (1210 packages loaded, 24639 targets configured)
2026-10-07T14:35:21.4908705Z [8 / 9] checking cached actions
2026-10-07T14:35:31.4920222Z Analyzing: 514 targets (1321 packages loaded, 29270 targets configured)
2026-10-07T14:35:31.4922330Z [12 / 13] checking cached actions
2026-10-07T14:35:41.5847821Z Analyzing: 514 targets (1398 packages loaded, 32117 targets configured)
2026-10-07T14:35:41.5872817Z [20 / 24] Testing //:format_test_C++_with_clang-format; 0s local
2026-10-07T14:35:51.8373378Z Analyzing: 514 targets (1478 packages loaded, 35162 targets configured)
2026-10-07T14:35:51.8383292Z [25 / 26] 2 / 12 tests; Testing //:format_test_C++_with_clang-format; 11s local
2026-10-07T14:36:01.9125745Z Analyzing: 514 targets (1522 packages loaded, 36288 targets configured)
2026-10-07T14:36:01.9136572Z [26 / 27] 3 / 12 tests; Testing //:format_test_C++_with_clang-format; 21s local
2026-10-07T14:36:15.5748990Z Analyzing: 514 targets (1590 packages loaded, 42996 targets configured)
2026-10-07T14:36:15.5750883Z [26 / 27] 3 / 12 tests; Testing //:format_test_C++_with_clang-format; 34s local
2026-10-07T14:36:29.5190943Z Analyzing: 514 targets (1591 packages loaded, 43187 targets configured)
2026-10-07T14:36:29.5192499Z [27 / 27] 4 / 12 tests; no actions running
2026-10-07T14:38:12.4340823Z Analyzing: 514 targets (1591 packages loaded, 43187 targets configured)
2026-10-07T14:38:12.4341612Z [27 / 27] 4 / 12 tests; no actions running
2026-10-07T14:38:16.2701313Z WARNING: /home/runner/work/communication/communication/score/mw/com/test/api/BUILD:18:11: in cc_library rule //score/mw/com/test/api:api: target '//score/mw/com/test/api:api' depends on deprecated target '//score/memory/shared:types': This aggregation target is deprecated and pulls in the unmaintained/broken ':map' target on some platforms. Depend directly on the specific score/memory/shared sub-targets you need (e.g. ':offset_ptr', ':vector', ':string', ...) instead.
2026-10-07T14:38:16.8383564Z INFO: Analyzed 514 targets (1592 packages loaded, 55367 targets configured).
2026-10-07T14:38:22.5779743Z [838 / 2,198] 4 / 514 tests; Creating runfiles tree bazel-out/k8-fastbuild-asan_ubsan_lsan/bin/third_party/score_requirement_model/requirement_metamodel_test.runfiles; 1s local ... (4 actions, 3 running)
2026-10-07T14:38:32.8173416Z [1,506 / 4,649] 4 / 514 tests; Creating runfiles tree bazel-out/k8-fastbuild-asan_ubsan_lsan/bin/score/mw/com/rust/score_com_macros/score-com-macros-tests.rustdoc_test.sh.runfiles; 3s local ... (4 actions, 3 running)
2026-10-07T14:38:43.2062311Z [2,137 / 5,776] 4 / 514 tests; Creating runfiles tree bazel-out/k8-fastbuild-asan_ubsan_lsan/bin/bazel/toolchains/sphinx_toolchain_binary.runfiles; 4s local ... (3 actions, 2 running)
2026-10-07T14:38:53.2146415Z [2,632 / 6,971] 4 / 514 tests; Creating runfiles tree bazel-out/k8-fastbuild-asan_ubsan_lsan/bin/score/mw/com/test/receive_handler_unsubscribe/integration_test/receive_handler_unsubscribe.runfiles; 1s local ... (4 actions, 3 running)
2026-10-07T14:39:03.8633697Z [3,123 / 8,092] 4 / 514 tests; [Prepa] Writing script score/memory/shared/shared_memory_resource_open_test
2026-10-07T14:39:14.1839762Z [3,558 / 9,258] 4 / 514 tests; Creating runfiles tree bazel-out/k8-fastbuild-asan_ubsan_lsan/bin/score/mw/com/test/move_semantics/skeleton_method/integration_test/move_assign_before_offered_skeleton_same_process_test.runfiles; 0s local ... (2 actions, 1 running)
2026-10-07T14:39:24.6891491Z [4,014 / 10,748] 4 / 514 tests; [Prepa] Writing script score/mw/com/test/partial_restart/proxy_restart_shall_not_affect_other_proxies/integration_test/proxy_restart_shall_not_affect_other_proxies_graceful
2026-10-07T14:39:34.7928931Z [4,322 / 11,703] 4 / 514 tests; [Prepa] Executing genrule @@rules_distroless++apt+docs_runtime_graphviz_2.42.2-9ubuntu0.1_amd64//:data [for tool]
2026-10-07T14:39:44.9960575Z [4,767 / 12,957] 4 / 514 tests; Creating runfiles tree bazel-out/k8-fastbuild-asan_ubsan_lsan/bin/score/mw/com/test/move_semantics/skeleton_event/integration_test/move_construct_offered_skeleton_different_process_test.runfiles; 0s local ... (2 actions, 1 running)
2026-10-07T14:39:55.2322959Z [5,468 / 13,802] 4 / 514 tests; JavaToolchainCompileBootClasspath external/rules_java+/toolchains/platformclasspath.jar [for tool]; 0s disk-cache, linux-sandbox ... (2 actions, 1 running)
2026-10-07T14:40:02.2789896Z INFO: From lobster-gtest bazel-out/k8-fastbuild-asan_ubsan_lsan/bin/third_party/score_baselibs/futurecpp_component.lobster:
2026-10-07T14:40:02.2803545Z Written output for 0 items to bazel-out/k8-fastbuild-asan_ubsan_lsan/bin/third_party/score_baselibs/futurecpp_component.lobster
2026-10-07T14:40:02.4114400Z INFO: From lobster-gtest bazel-out/k8-fastbuild-asan_ubsan_lsan/bin/third_party/score_baselibs/bitmanipulation_component.lobster:
2026-10-07T14:40:02.4116171Z Written output for 0 items to bazel-out/k8-fastbuild-asan_ubsan_lsan/bin/third_party/score_baselibs/bitmanipulation_component.lobster
2026-10-07T14:40:02.5327952Z INFO: From lobster-gtest bazel-out/k8-fastbuild-asan_ubsan_lsan/bin/third_party/score_baselibs/os_component.lobster:
2026-10-07T14:40:02.5329509Z Written output for 0 items to bazel-out/k8-fastbuild-asan_ubsan_lsan/bin/third_party/score_baselibs/os_component.lobster
2026-10-07T14:40:02.6602659Z INFO: From lobster-gtest bazel-out/k8-fastbuild-asan_ubsan_lsan/bin/third_party/score_baselibs/containers_component.lobster:
2026-10-07T14:40:02.6603766Z Written output for 0 items to bazel-out/k8-fastbuild-asan_ubsan_lsan/bin/third_party/score_baselibs/containers_component.lobster
2026-10-07T14:40:03.9895312Z warning: dot utility not found, report will not include the tracing policy visualisation
2026-10-07T14:40:03.9906811Z INFO: From lobster-html-report bazel-out/k8-fastbuild-asan_ubsan_lsan/bin/third_party/score_baselibs/os_component_report.html:
2026-10-07T14:40:03.9911272Z > please install Graphviz (https://graphviz.org)
2026-10-07T14:40:03.9913421Z LOBSTER HTML report written to bazel-out/k8-fastbuild-asan_ubsan_lsan/bin/third_party/score_baselibs/os_component_report.html
2026-10-07T14:40:04.2093874Z INFO: From lobster-html-report bazel-out/k8-fastbuild-asan_ubsan_lsan/bin/third_party/score_baselibs/futurecpp_component_report.html:
2026-10-07T14:40:04.2098268Z warning: dot utility not found, report will not include the tracing policy visualisation
2026-10-07T14:40:04.2109943Z > please install Graphviz (https://graphviz.org)
2026-10-07T14:40:04.2163428Z LOBSTER HTML report written to bazel-out/k8-fastbuild-asan_ubsan_lsan/bin/third_party/score_baselibs/futurecpp_component_report.html
2026-10-07T14:40:04.5354188Z INFO: From lobster-html-report bazel-out/k8-fastbuild-asan_ubsan_lsan/bin/third_party/score_baselibs/bitmanipulation_component_report.html:
2026-10-07T14:40:04.5355721Z warning: dot utility not found, report will not include the tracing policy visualisation
2026-10-07T14:40:04.5396714Z > please install Graphviz (https://graphviz.org)
2026-10-07T14:40:04.5474339Z LOBSTER HTML report written to bazel-out/k8-fastbuild-asan_ubsan_lsan/bin/third_party/score_baselibs/bitmanipulation_component_report.html
2026-10-07T14:40:04.8504254Z INFO: From lobster-html-report bazel-out/k8-fastbuild-asan_ubsan_lsan/bin/third_party/score_baselibs/containers_component_report.html:
2026-10-07T14:40:04.8505701Z warning: dot utility not found, report will not include the tracing policy visualisation
2026-10-07T14:40:04.8533115Z > please install Graphviz (https://graphviz.org)
2026-10-07T14:40:04.8544359Z LOBSTER HTML report written to bazel-out/k8-fastbuild-asan_ubsan_lsan/bin/third_party/score_baselibs/containers_component_report.html
2026-10-07T14:40:05.3793987Z [5,586 / 13,809] 8 / 514 tests; Testing //quality/api_surface/tests:extract_api_test; 0s disk-cache, linux-sandbox ... (4 actions, 3 running)
2026-10-07T14:40:06.5748997Z INFO: From lobster-trlc bazel-out/k8-fastbuild-asan_ubsan_lsan/bin/score/mw/com/dependability/requirements/feature_requirements/feature_requirements_ipc.lobster:
2026-10-07T14:40:06.5750329Z lobster-trlc: wrote 38 items to bazel-out/k8-fastbuild-asan_ubsan_lsan/bin/score/mw/com/dependability/requirements/feature_requirements/feature_requirements_ipc.lobster
2026-10-07T14:40:06.9877119Z INFO: From lobster-trlc bazel-out/k8-fastbuild-asan_ubsan_lsan/bin/score/mw/com/dependability/assumed_system/assumed_system_requirements.lobster:
2026-10-07T14:40:06.9879173Z lobster-trlc: wrote 13 items to bazel-out/k8-fastbuild-asan_ubsan_lsan/bin/score/mw/com/dependability/assumed_system/assumed_system_requirements.lobster
2026-10-07T14:40:07.4721202Z INFO: From lobster-trlc bazel-out/k8-fastbuild-asan_ubsan_lsan/bin/score/mw/com/dependability/safety_analysis/mw_com_safety_analysis/failuremodes.lobster:
2026-10-07T14:40:07.4723414Z lobster-trlc: wrote 70 items to bazel-out/k8-fastbuild-asan_ubsan_lsan/bin/score/mw/com/dependability/safety_analysis/mw_com_safety_analysis/failuremodes.lobster
2026-10-07T14:40:18.3923822Z [5,634 / 13,809] 26 / 514 tests; Testing //quality/api_surface/tests:extract_api_test; 13s disk-cache, linux-sandbox ... (4 actions running)
2026-10-07T14:40:29.4462379Z [5,641 / 13,809] 30 / 514 tests; Testing //quality/visibility_guard:visibility_guard_test; 21s local ... (4 actions, 3 running)
2026-10-07T14:40:39.4567097Z [5,667 / 13,813] 31 / 514 tests; Testing //:pip_requirements.test; 20s local, disk-cache ... (4 actions, 2 running)
2026-10-07T14:40:49.4799715Z [5,701 / 13,815] 34 / 514 tests; Generating AST dump for API surface: @@//score/mw/com:api_surface_test_gen; 8s disk-cache, linux-sandbox ... (4 actions, 3 running)
2026-10-07T14:40:58.2362909Z INFO: From Generating AST dump for API surface: @@//score/mw/com:api_surface_test_gen:
2026-10-07T14:40:58.2413267Z In file included from bazel-out/k8-fastbuild-asan_ubsan_lsan/bin/score/mw/com/api_surface_test_gen_combined.cpp:1:
2026-10-07T14:40:58.2433379Z In file included from ./score/mw/com/com_error_domain.h:16:
2026-10-07T14:40:58.2443647Z ./score/mw/com/impl/com_error.h:186:65: warning: 'kServiceInstanceAlreadyOffered' is deprecated: Value has never been used. Calls to OfferService shall be idempotent. [-Wdeprecated-declarations]
2026-10-07T14:40:58.2474381Z   186 |             case static_cast<score::result::ErrorCode>(ComErrc::kServiceInstanceAlreadyOffered):
2026-10-07T14:40:58.2475373Z       |                                                                 ^
2026-10-07T14:40:58.2503722Z ./score/mw/com/impl/com_error.h:58:11: note: 'kServiceInstanceAlreadyOffered' has been explicitly marked deprecated here
2026-10-07T14:40:58.2512965Z    58 |         [[deprecated("Value has never been used. Calls to OfferService shall be idempotent.")]],
2026-10-07T14:40:58.2533775Z       |           ^
2026-10-07T14:40:58.2583510Z 1 warning generated.
2026-10-07T14:40:59.5326024Z [5,730 / 13,815] 34 / 514 tests; Generating AST dump for API surface: @@//score/mw/com:api_surface_test_gen; 18s disk-cache, linux-sandbox ... (4 actions, 3 running)
2026-10-07T14:41:09.5723759Z [5,738 / 13,816] 34 / 514 tests; Compiling Rust rlib syn v2.0.98 (96 files) [for tool]; 9s disk-cache, linux-sandbox ... (4 actions running)
2026-10-07T14:41:18.1863619Z INFO: From Compiling score/mw/com/test/fields/field_initial_value/client.cpp:
2026-10-07T14:41:18.1882994Z In file included from score/mw/com/test/fields/field_initial_value/client.cpp:17:
2026-10-07T14:41:18.1884078Z In file included from ./score/mw/com/test/fields/field_initial_value/test_datatype.h:17:
2026-10-07T14:41:18.1884888Z In file included from ./score/mw/com/types.h:24:
2026-10-07T14:41:18.1885935Z In file included from ./score/mw/com/impl/generic_proxy.h:18:
2026-10-07T14:41:18.1886790Z In file included from ./score/mw/com/impl/generic_proxy_event.h:18:
2026-10-07T14:41:18.1887567Z In file included from ./score/mw/com/impl/proxy_base.h:18:
2026-10-07T14:41:18.1888295Z In file included from ./score/mw/com/impl/handle_type.h:18:
2026-10-07T14:41:18.1889086Z In file included from ./score/mw/com/impl/instance_identifier.h:16:
2026-10-07T14:41:18.1890924Z ./score/mw/com/impl/com_error.h:186:65: warning: 'kServiceInstanceAlreadyOffered' is deprecated: Value has never been used. Calls to OfferService shall be idempotent. [-Wdeprecated-declarations]
2026-10-07T14:41:18.1892846Z   186 |             case static_cast<score::result::ErrorCode>(ComErrc::kServiceInstanceAlreadyOffered):
2026-10-07T14:41:18.1893741Z       |                                                                 ^
2026-10-07T14:41:18.1894911Z ./score/mw/com/impl/com_error.h:58:11: note: 'kServiceInstanceAlreadyOffered' has been explicitly marked deprecated here
2026-10-07T14:41:18.1896239Z    58 |         [[deprecated("Value has never been used. Calls to OfferService shall be idempotent.")]],
2026-10-07T14:41:18.1896892Z       |           ^
2026-10-07T14:41:18.1897232Z 1 warning generated.
2026-10-07T14:41:19.6123033Z [5,745 / 13,816] 34 / 514 tests; Extracting API surface: @@//score/mw/com:api_surface_test_gen; 19s disk-cache, linux-sandbox ... (4 actions running)
2026-10-07T14:41:25.3193470Z INFO: From Compiling score/mw/com/test/fields/field_initial_value/service.cpp:
2026-10-07T14:41:25.3243330Z In file included from score/mw/com/test/fields/field_initial_value/service.cpp:14:
2026-10-07T14:41:25.3272995Z In file included from ./score/mw/com/runtime.h:24:
2026-10-07T14:41:25.3332962Z In file included from ./score/mw/com/mocking/i_runtime.h:17:
2026-10-07T14:41:25.3362841Z In file included from ./score/mw/com/types.h:24:
2026-10-07T14:41:25.3422908Z In file included from ./score/mw/com/impl/generic_proxy.h:18:
2026-10-07T14:41:25.3438421Z In file included from ./score/mw/com/impl/generic_proxy_event.h:18:
2026-10-07T14:41:25.3482995Z In file included from ./score/mw/com/impl/proxy_base.h:18:
2026-10-07T14:41:25.3558154Z In file included from ./score/mw/com/impl/handle_type.h:18:
2026-10-07T14:41:25.3558979Z In file included from ./score/mw/com/impl/instance_identifier.h:16:
2026-10-07T14:41:25.3560842Z ./score/mw/com/impl/com_error.h:186:65: warning: 'kServiceInstanceAlreadyOffered' is deprecated: Value has never been used. Calls to OfferService shall be idempotent. [-Wdeprecated-declarations]
2026-10-07T14:41:25.3562736Z   186 |             case static_cast<score::result::ErrorCode>(ComErrc::kServiceInstanceAlreadyOffered):
2026-10-07T14:41:25.3563628Z       |                                                                 ^
2026-10-07T14:41:25.3564804Z ./score/mw/com/impl/com_error.h:58:11: note: 'kServiceInstanceAlreadyOffered' has been explicitly marked deprecated here
2026-10-07T14:41:25.3566140Z    58 |         [[deprecated("Value has never been used. Calls to OfferService shall be idempotent.")]],
2026-10-07T14:41:25.3566777Z       |           ^
2026-10-07T14:41:25.3567113Z 1 warning generated.
2026-10-07T14:41:29.6193937Z [5,749 / 13,816] 34 / 514 tests; Extracting API surface: @@//score/mw/com:api_surface_test_gen; 29s disk-cache, linux-sandbox ... (4 actions running)
2026-10-07T14:41:31.2460955Z INFO: From Compiling score/mw/com/test/fields/field_initial_value/test_datatype.cpp:
2026-10-07T14:41:31.2493197Z In file included from score/mw/com/test/fields/field_initial_value/test_datatype.cpp:14:
2026-10-07T14:41:31.2503261Z In file included from ./score/mw/com/test/fields/field_initial_value/test_datatype.h:17:
2026-10-07T14:41:31.2532765Z In file included from ./score/mw/com/types.h:24:
2026-10-07T14:41:31.2553126Z In file included from ./score/mw/com/impl/generic_proxy.h:18:
2026-10-07T14:41:31.2572865Z In file included from ./score/mw/com/impl/generic_proxy_event.h:18:
2026-10-07T14:41:31.2612704Z In file included from ./score/mw/com/impl/proxy_base.h:18:
2026-10-07T14:41:31.2634572Z In file included from ./score/mw/com/impl/handle_type.h:18:
2026-10-07T14:41:31.2635436Z In file included from ./score/mw/com/impl/instance_identifier.h:16:
2026-10-07T14:41:31.2663521Z ./score/mw/com/impl/com_error.h:186:65: warning: 'kServiceInstanceAlreadyOffered' is deprecated: Value has never been used. Calls to OfferService shall be idempotent. [-Wdeprecated-declarations]
2026-10-07T14:41:31.2665057Z   186 |             case static_cast<score::result::ErrorCode>(ComErrc::kServiceInstanceAlreadyOffered):
2026-10-07T14:41:31.2665824Z       |                                                                 ^
2026-10-07T14:41:31.2666857Z ./score/mw/com/impl/com_error.h:58:11: note: 'kServiceInstanceAlreadyOffered' has been explicitly marked deprecated here
2026-10-07T14:41:31.2667999Z    58 |         [[deprecated("Value has never been used. Calls to OfferService shall be idempotent.")]],
2026-10-07T14:41:31.2668552Z       |           ^
2026-10-07T14:41:31.2668833Z 1 warning generated.
2026-10-07T14:41:35.7430962Z INFO: From Compiling score/mw/com/test/partial_restart/checks_number_of_allocations/application.cpp:
2026-10-07T14:41:35.7473420Z In file included from score/mw/com/test/partial_restart/checks_number_of_allocations/application.cpp:17:
2026-10-07T14:41:35.7474836Z In file included from ./score/mw/com/test/common_test_resources/provider_resources.h:17:
2026-10-07T14:41:35.7502730Z In file included from ./score/mw/com/com_error_domain.h:16:
2026-10-07T14:41:35.7533668Z ./score/mw/com/impl/com_error.h:186:65: warning: 'kServiceInstanceAlreadyOffered' is deprecated: Value has never been used. Calls to OfferService shall be idempotent. [-Wdeprecated-declarations]
2026-10-07T14:41:35.7541380Z   186 |             case static_cast<score::result::ErrorCode>(ComErrc::kServiceInstanceAlreadyOffered):
2026-10-07T14:41:35.7572822Z       |                                                                 ^
2026-10-07T14:41:35.7603320Z ./score/mw/com/impl/com_error.h:58:11: note: 'kServiceInstanceAlreadyOffered' has been explicitly marked deprecated here
2026-10-07T14:41:35.7632980Z    58 |         [[deprecated("Value has never been used. Calls to OfferService shall be idempotent.")]],
2026-10-07T14:41:35.7634285Z       |           ^
2026-10-07T14:41:35.7662525Z 1 warning generated.
2026-10-07T14:41:39.6214028Z [5,759 / 13,816] 34 / 514 tests; Extracting API surface: @@//score/mw/com:api_surface_test_gen; 39s disk-cache, linux-sandbox ... (4 actions running)
2026-10-07T14:41:49.7374037Z [5,779 / 13,816] 34 / 514 tests; Extracting API surface: @@//score/mw/com:api_surface_test_gen; 49s disk-cache, linux-sandbox ... (4 actions, 3 running)
2026-10-07T14:41:54.5843478Z INFO: From Compiling score/mw/com/impl/com_error_test.cpp:
2026-10-07T14:41:54.5872993Z In file included from score/mw/com/impl/com_error_test.cpp:13:
2026-10-07T14:41:54.5904036Z ./score/mw/com/impl/com_error.h:186:65: warning: 'kServiceInstanceAlreadyOffered' is deprecated: Value has never been used. Calls to OfferService shall be idempotent. [-Wdeprecated-declarations]
2026-10-07T14:41:54.5933171Z   186 |             case static_cast<score::result::ErrorCode>(ComErrc::kServiceInstanceAlreadyOffered):
2026-10-07T14:41:54.5934102Z       |                                                                 ^
2026-10-07T14:41:54.5935281Z ./score/mw/com/impl/com_error.h:58:11: note: 'kServiceInstanceAlreadyOffered' has been explicitly marked deprecated here
2026-10-07T14:41:54.5936540Z    58 |         [[deprecated("Value has never been used. Calls to OfferService shall be idempotent.")]],
2026-10-07T14:41:54.5937203Z       |           ^
2026-10-07T14:41:54.5938856Z score/mw/com/impl/com_error_test.cpp:164:31: warning: 'kServiceInstanceAlreadyOffered' is deprecated: Value has never been used. Calls to OfferService shall be idempotent. [-Wdeprecated-declarations]
2026-10-07T14:41:54.5940581Z   164 |     testErrorMessage(ComErrc::kServiceInstanceAlreadyOffered, "Service instance is already offered");
2026-10-07T14:41:54.5941735Z       |                               ^
2026-10-07T14:41:54.5942949Z ./score/mw/com/impl/com_error.h:58:11: note: 'kServiceInstanceAlreadyOffered' has been explicitly marked deprecated here
2026-10-07T14:41:54.5944229Z    58 |         [[deprecated("Value has never been used. Calls to OfferService shall be idempotent.")]],
2026-10-07T14:41:54.5944814Z       |           ^
2026-10-07T14:41:54.5945143Z 2 warnings generated.
2026-10-07T14:42:00.3079355Z [5,792 / 13,816] 34 / 514 tests; Extracting API surface: @@//score/mw/com:api_surface_test_gen; 60s disk-cache, linux-sandbox ... (4 actions, 3 running)
2026-10-07T14:42:10.9819451Z [5,798 / 13,816] 34 / 514 tests; Extracting API surface: @@//score/mw/com:api_surface_test_gen; 70s disk-cache, linux-sandbox ... (4 actions, 3 running)
2026-10-07T14:42:22.1413784Z [5,815 / 13,816] 34 / 514 tests; Extracting API surface: @@//score/mw/com:api_surface_test_gen; 81s disk-cache, linux-sandbox ... (4 actions, 3 running)
2026-10-07T14:42:32.5480620Z [5,828 / 13,816] 34 / 514 tests; Extracting API surface: @@//score/mw/com:api_surface_test_gen; 92s disk-cache, linux-sandbox ... (4 actions, 3 running)
2026-10-07T14:42:42.9464067Z [5,847 / 13,822] 34 / 514 tests; Compiling Rust bin cargo_toml_variable_extractor (1 file) [for tool]; 13s disk-cache, linux-sandbox ... (4 actions, 3 running)
2026-10-07T14:42:47.5360294Z INFO: From Compiling score/mw/com/test/all_service_elements/main_consumer.cpp:
2026-10-07T14:42:47.5397031Z In file included from score/mw/com/test/all_service_elements/main_consumer.cpp:13:
2026-10-07T14:42:47.5422819Z In file included from ./score/mw/com/runtime.h:24:
2026-10-07T14:42:47.5423987Z In file included from ./score/mw/com/mocking/i_runtime.h:17:
2026-10-07T14:42:47.5452742Z In file included from ./score/mw/com/types.h:24:
2026-10-07T14:42:47.5485912Z In file included from ./score/mw/com/impl/generic_proxy.h:18:
2026-10-07T14:42:47.5492744Z In file included from ./score/mw/com/impl/generic_proxy_event.h:18:
2026-10-07T14:42:47.5523305Z In file included from ./score/mw/com/impl/proxy_base.h:18:
2026-10-07T14:42:47.5552782Z In file included from ./score/mw/com/impl/handle_type.h:18:
2026-10-07T14:42:47.5583071Z In file included from ./score/mw/com/impl/instance_identifier.h:16:
2026-10-07T14:42:47.5603544Z ./score/mw/com/impl/com_error.h:186:65: warning: 'kServiceInstanceAlreadyOffered' is deprecated: Value has never been used. Calls to OfferService shall be idempotent. [-Wdeprecated-declarations]
2026-10-07T14:42:47.5643121Z   186 |             case static_cast<score::result::ErrorCode>(ComErrc::kServiceInstanceAlreadyOffered):
2026-10-07T14:42:47.5702777Z       |                                                                 ^
2026-10-07T14:42:47.5725803Z ./score/mw/com/impl/com_error.h:58:11: note: 'kServiceInstanceAlreadyOffered' has been explicitly marked deprecated here
2026-10-07T14:42:47.5783044Z    58 |         [[deprecated("Value has never been used. Calls to OfferService shall be idempotent.")]],
2026-10-07T14:42:47.5842480Z       |           ^
2026-10-07T14:42:47.5902603Z 1 warning generated.
2026-10-07T14:42:50.7763788Z INFO: From Compiling score/mw/com/test/all_service_elements/main_provider.cpp:
2026-10-07T14:42:50.7793037Z In file included from score/mw/com/test/all_service_elements/main_provider.cpp:14:
2026-10-07T14:42:50.7822718Z In file included from ./score/mw/com/runtime.h:24:
2026-10-07T14:42:50.7832817Z In file included from ./score/mw/com/mocking/i_runtime.h:17:
2026-10-07T14:42:50.7858804Z In file included from ./score/mw/com/types.h:24:
2026-10-07T14:42:50.7872898Z In file included from ./score/mw/com/impl/generic_proxy.h:18:
2026-10-07T14:42:50.7902834Z In file included from ./score/mw/com/impl/generic_proxy_event.h:18:
2026-10-07T14:42:50.7924785Z In file included from ./score/mw/com/impl/proxy_base.h:18:
2026-10-07T14:42:50.7932734Z In file included from ./score/mw/com/impl/handle_type.h:18:
2026-10-07T14:42:50.7962844Z In file included from ./score/mw/com/impl/instance_identifier.h:16:
2026-10-07T14:42:50.7994098Z ./score/mw/com/impl/com_error.h:186:65: warning: 'kServiceInstanceAlreadyOffered' is deprecated: Value has never been used. Calls to OfferService shall be idempotent. [-Wdeprecated-declarations]
2026-10-07T14:42:50.8023134Z   186 |             case static_cast<score::result::ErrorCode>(ComErrc::kServiceInstanceAlreadyOffered):
2026-10-07T14:42:50.8082826Z       |                                                                 ^
2026-10-07T14:42:50.8084244Z ./score/mw/com/impl/com_error.h:58:11: note: 'kServiceInstanceAlreadyOffered' has been explicitly marked deprecated here
2026-10-07T14:42:50.8113082Z    58 |         [[deprecated("Value has never been used. Calls to OfferService shall be idempotent.")]],
2026-10-07T14:42:50.8122360Z       |           ^
2026-10-07T14:42:50.8152361Z 1 warning generated.
2026-10-07T14:42:53.1374313Z [5,898 / 13,833] 34 / 514 tests; Compiling score/mw/com/test/data_slots_read_only/data_slots_read_only_application.cpp; 2s disk-cache, linux-sandbox ... (4 actions, 3 running)
2026-10-07T14:42:54.1106544Z INFO: From Compiling score/mw/com/test/data_slots_read_only/data_slots_read_only_application.cpp:
2026-10-07T14:42:54.1108289Z In file included from score/mw/com/test/data_slots_read_only/data_slots_read_only_application.cpp:16:
2026-10-07T14:42:54.1117090Z In file included from ./score/mw/com/test/common_test_resources/sample_sender_receiver.h:18:
2026-10-07T14:42:54.1117886Z In file included from ./score/mw/com/runtime.h:24:
2026-10-07T14:42:54.1118613Z In file included from ./score/mw/com/mocking/i_runtime.h:17:
2026-10-07T14:42:54.1119289Z In file included from ./score/mw/com/types.h:24:
2026-10-07T14:42:54.1119977Z In file included from ./score/mw/com/impl/generic_proxy.h:18:
2026-10-07T14:42:54.1120746Z In file included from ./score/mw/com/impl/generic_proxy_event.h:18:
2026-10-07T14:42:54.1121497Z In file included from ./score/mw/com/impl/proxy_base.h:18:
2026-10-07T14:42:54.1122342Z In file included from ./score/mw/com/impl/handle_type.h:18:
2026-10-07T14:42:54.1123129Z In file included from ./score/mw/com/impl/instance_identifier.h:16:
2026-10-07T14:42:54.1124780Z ./score/mw/com/impl/com_error.h:186:65: warning: 'kServiceInstanceAlreadyOffered' is deprecated: Value has never been used. Calls to OfferService shall be idempotent. [-Wdeprecated-declarations]
2026-10-07T14:42:54.1126628Z   186 |             case static_cast<score::result::ErrorCode>(ComErrc::kServiceInstanceAlreadyOffered):
2026-10-07T14:42:54.1127488Z       |                                                                 ^
2026-10-07T14:42:54.1128581Z ./score/mw/com/impl/com_error.h:58:11: note: 'kServiceInstanceAlreadyOffered' has been explicitly marked deprecated here
2026-10-07T14:42:54.1129833Z    58 |         [[deprecated("Value has never been used. Calls to OfferService shall be idempotent.")]],
2026-10-07T14:42:54.1130493Z       |           ^
2026-10-07T14:42:54.1130887Z 1 warning generated.
2026-10-07T14:42:59.5003501Z INFO: From Compiling score/mw/com/test/service_discovery_search_and_offer/client.cpp:
2026-10-07T14:42:59.5033015Z In file included from score/mw/com/test/service_discovery_search_and_offer/client.cpp:15:
2026-10-07T14:42:59.5063059Z In file included from ./score/mw/com/test/common_test_resources/proxy_observer.h:15:
2026-10-07T14:42:59.5082722Z In file included from ./score/mw/com/com_error_domain.h:16:
2026-10-07T14:42:59.5084573Z ./score/mw/com/impl/com_error.h:186:65: warning: 'kServiceInstanceAlreadyOffered' is deprecated: Value has never been used. Calls to OfferService shall be idempotent. [-Wdeprecated-declarations]
2026-10-07T14:42:59.5113241Z   186 |             case static_cast<score::result::ErrorCode>(ComErrc::kServiceInstanceAlreadyOffered):
2026-10-07T14:42:59.5136428Z       |                                                                 ^
2026-10-07T14:42:59.5195523Z ./score/mw/com/impl/com_error.h:58:11: note: 'kServiceInstanceAlreadyOffered' has been explicitly marked deprecated here
2026-10-07T14:42:59.5235303Z    58 |         [[deprecated("Value has never been used. Calls to OfferService shall be idempotent.")]],
2026-10-07T14:42:59.5255119Z       |           ^
2026-10-07T14:42:59.5262501Z 1 warning generated.
2026-10-07T14:43:03.1995030Z INFO: From Compiling score/mw/com/test/service_discovery_search_and_offer/service.cpp:
2026-10-07T14:43:03.2009047Z In file included from score/mw/com/test/service_discovery_search_and_offer/service.cpp:16:
2026-10-07T14:43:03.2023015Z In file included from ./score/mw/com/test/common_test_resources/common_service.h:18:
2026-10-07T14:43:03.2024012Z In file included from ./score/mw/com/types.h:24:
2026-10-07T14:43:03.2024899Z In file included from ./score/mw/com/impl/generic_proxy.h:18:
2026-10-07T14:43:03.2025822Z In file included from ./score/mw/com/impl/generic_proxy_event.h:18:
2026-10-07T14:43:03.2026846Z In file included from ./score/mw/com/impl/proxy_base.h:18:
2026-10-07T14:43:03.2027972Z In file included from ./score/mw/com/impl/handle_type.h:18:
2026-10-07T14:43:03.2029073Z In file included from ./score/mw/com/impl/instance_identifier.h:16:
2026-10-07T14:43:03.2031305Z ./score/mw/com/impl/com_error.h:186:65: warning: 'kServiceInstanceAlreadyOffered' is deprecated: Value has never been used. Calls to OfferService shall be idempotent. [-Wdeprecated-declarations]
2026-10-07T14:43:03.2033500Z   186 |             case static_cast<score::result::ErrorCode>(ComErrc::kServiceInstanceAlreadyOffered):
2026-10-07T14:43:03.2034618Z       |                                                                 ^
2026-10-07T14:43:03.2036125Z ./score/mw/com/impl/com_error.h:58:11: note: 'kServiceInstanceAlreadyOffered' has been explicitly marked deprecated here
2026-10-07T14:43:03.2037646Z    58 |         [[deprecated("Value has never been used. Calls to OfferService shall be idempotent.")]],
2026-10-07T14:43:03.2038559Z       |           ^
2026-10-07T14:43:03.2038999Z 1 warning generated.
2026-10-07T14:43:03.2146619Z [5,967 / 13,841] 39 / 514 tests; Compiling Rust rlib anstream v1.0.0 (13 files) [for tool]; 0s disk-cache, linux-sandbox ... (4 actions, 3 running)
2026-10-07T14:43:06.0845979Z INFO: From Compiling score/mw/com/test/service_discovery_search_and_offer/test_datatype.cpp:
2026-10-07T14:43:06.0903264Z In file included from score/mw/com/test/service_discovery_search_and_offer/test_datatype.cpp:14:
2026-10-07T14:43:06.0933006Z In file included from ./score/mw/com/test/service_discovery_search_and_offer/test_datatype.h:17:
2026-10-07T14:43:06.0952804Z In file included from ./score/mw/com/test/common_test_resources/test_interface.h:17:
2026-10-07T14:43:06.0978378Z In file included from ./score/mw/com/types.h:24:
2026-10-07T14:43:06.0992712Z In file included from ./score/mw/com/impl/generic_proxy.h:18:
2026-10-07T14:43:06.1022778Z In file included from ./score/mw/com/impl/generic_proxy_event.h:18:
2026-10-07T14:43:06.1052714Z In file included from ./score/mw/com/impl/proxy_base.h:18:
2026-10-07T14:43:06.1064528Z In file included from ./score/mw/com/impl/handle_type.h:18:
2026-10-07T14:43:06.1082844Z In file included from ./score/mw/com/impl/instance_identifier.h:16:
2026-10-07T14:43:06.1113771Z ./score/mw/com/impl/com_error.h:186:65: warning: 'kServiceInstanceAlreadyOffered' is deprecated: Value has never been used. Calls to OfferService shall be idempotent. [-Wdeprecated-declarations]
2026-10-07T14:43:06.1115536Z   186 |             case static_cast<score::result::ErrorCode>(ComErrc::kServiceInstanceAlreadyOffered):
2026-10-07T14:43:06.1142719Z       |                                                                 ^
2026-10-07T14:43:06.1173164Z ./score/mw/com/impl/com_error.h:58:11: note: 'kServiceInstanceAlreadyOffered' has been explicitly marked deprecated here
2026-10-07T14:43:06.1193105Z    58 |         [[deprecated("Value has never been used. Calls to OfferService shall be idempotent.")]],
2026-10-07T14:43:06.1202460Z       |           ^
2026-10-07T14:43:06.1232513Z 1 warning generated.
2026-10-07T14:43:13.4894331Z INFO: From Compiling score/mw/com/impl/test/reserving_skeleton_slots/reserving_skeleton_slots_application.cpp:
2026-10-07T14:43:13.4901639Z In file included from score/mw/com/impl/test/reserving_skeleton_slots/reserving_skeleton_slots_application.cpp:16:
2026-10-07T14:43:13.4903185Z In file included from ./score/mw/com/impl/configuration/config_parser.h:17:
2026-10-07T14:43:13.4904266Z In file included from ./score/mw/com/impl/configuration/configuration.h:18:
2026-10-07T14:43:13.4905351Z In file included from ./score/mw/com/impl/configuration/service_instance_deployment.h:17:
2026-10-07T14:43:13.4907561Z ./score/mw/com/impl/com_error.h:186:65: warning: 'kServiceInstanceAlreadyOffered' is deprecated: Value has never been used. Calls to OfferService shall be idempotent. [-Wdeprecated-declarations]
2026-10-07T14:43:13.4909473Z   186 |             case static_cast<score::result::ErrorCode>(ComErrc::kServiceInstanceAlreadyOffered):
2026-10-07T14:43:13.4910339Z       |                                                                 ^
2026-10-07T14:43:13.4911458Z ./score/mw/com/impl/com_error.h:58:11: note: 'kServiceInstanceAlreadyOffered' has been explicitly marked deprecated here
2026-10-07T14:43:13.4912901Z    58 |         [[deprecated("Value has never been used. Calls to OfferService shall be idempotent.")]],
2026-10-07T14:43:13.4913615Z       |           ^
2026-10-07T14:43:13.4914057Z 1 warning generated.
2026-10-07T14:43:13.5037843Z [5,980 / 13,841] 39 / 514 tests; Compiling Rust rlib clap_builder v4.6.7 (57 files) [for tool]; 8s disk-cache, linux-sandbox ... (4 actions, 3 running)
2026-10-07T14:43:17.4883773Z INFO: From Generating raw JSON schema from score/mw/com/impl/configuration/mw_com_config.fbs:
2026-10-07T14:43:17.4942573Z 
2026-10-07T14:43:17.5082876Z warning:
2026-10-07T14:43:17.5103929Z   /home/runner/work/communication/communication/score/mw/com/impl/configuration/mw_com_config.fbs:98: 13: warning: field names should be lowercase snake_case, got: eventName
2026-10-07T14:43:17.5173751Z /home/runner/work/communication/communication/score/mw/com/impl/configuration/mw_com_config.fbs:102: 11: warning: field names should be lowercase snake_case, got: eventId
2026-10-07T14:43:17.5333896Z /home/runner/work/communication/communication/score/mw/com/impl/configuration/mw_com_config.fbs:111: 13: warning: field names should be lowercase snake_case, got: fieldName
2026-10-07T14:43:17.5433749Z /home/runner/work/communication/communication/score/mw/com/impl/configuration/mw_com_config.fbs:115: 11: warning: field names should be lowercase snake_case, got: fieldId
2026-10-07T14:43:17.5463909Z /home/runner/work/communication/communication/score/mw/com/impl/configuration/mw_com_config.fbs:119: 7: warning: field names should be lowercase snake_case, got: Get
2026-10-07T14:43:17.5513667Z /home/runner/work/communication/communication/score/mw/com/impl/configuration/mw_com_config.fbs:123: 7: warning: field names should be lowercase snake_case, got: Set
2026-10-07T14:43:17.5633821Z /home/runner/work/communication/communication/score/mw/com/impl/configuration/mw_com_config.fbs:130: 14: warning: field names should be lowercase snake_case, got: methodName
2026-10-07T14:43:17.5713939Z /home/runner/work/communication/communication/score/mw/com/impl/configuration/mw_com_config.fbs:133: 12: warning: field names should be lowercase snake_case, got: methodId
2026-10-07T14:43:17.5773732Z /home/runner/work/communication/communication/score/mw/com/impl/configuration/mw_com_config.fbs:146: 13: warning: field names should be lowercase snake_case, got: serviceId
2026-10-07T14:43:17.5863788Z /home/runner/work/communication/communication/score/mw/com/impl/configuration/mw_com_config.fbs:163: 19: warning: field names should be lowercase snake_case, got: serviceTypeName
2026-10-07T14:43:17.5893669Z /home/runner/work/communication/communication/score/mw/com/impl/configuration/mw_com_config.fbs:182: 13: warning: field names should be lowercase snake_case, got: eventName
2026-10-07T14:43:17.5895882Z /home/runner/work/communication/communication/score/mw/com/impl/configuration/mw_com_config.fbs:185: 14: warning: field names should be lowercase snake_case, got: maxSamples
2026-10-07T14:43:17.5898501Z /home/runner/work/communication/communication/score/mw/com/impl/configuration/mw_com_config.fbs:190: 23: warning: field names should be lowercase snake_case, got: numberOfSampleSlots
2026-10-07T14:43:17.5900808Z /home/runner/work/communication/communication/score/mw/com/impl/configuration/mw_com_config.fbs:193: 18: warning: field names should be lowercase snake_case, got: maxSubscribers
2026-10-07T14:43:17.5903299Z /home/runner/work/communication/communication/score/mw/com/impl/configuration/mw_com_config.fbs:197: 21: warning: field names should be lowercase snake_case, got: enforceMaxSamples
2026-10-07T14:43:17.5993777Z /home/runner/work/communication/communication/score/mw/com/impl/configuration/mw_com_config.fbs:203: 27: warning: field names should be lowercase snake_case, got: numberOfIpcTracingSlots
2026-10-07T14:43:17.6053684Z /home/runner/work/communication/communication/score/mw/com/impl/configuration/mw_com_config.fbs:212: 13: warning: field names should be lowercase snake_case, got: fieldName
2026-10-07T14:43:17.6113920Z /home/runner/work/communication/communication/score/mw/com/impl/configuration/mw_com_config.fbs:217: 23: warning: field names should be lowercase snake_case, got: numberOfSampleSlots
2026-10-07T14:43:17.6173656Z /home/runner/work/communication/communication/score/mw/com/impl/configuration/mw_com_config.fbs:220: 18: warning: field names should be lowercase snake_case, got: maxSubscribers
2026-10-07T14:43:17.6203820Z /home/runner/work/communication/communication/score/mw/com/impl/configuration/mw_com_config.fbs:223: 21: warning: field names should be lowercase snake_case, got: enforceMaxSamples
2026-10-07T14:43:17.6254014Z /home/runner/work/communication/communication/score/mw/com/impl/configuration/mw_com_config.fbs:229: 27: warning: field names should be lowercase snake_case, got: numberOfIpcTracingSlots
2026-10-07T14:43:17.6293668Z /home/runner/work/communication/communication/score/mw/com/impl/configuration/mw_com_config.fbs:233: 21: warning: field names should be lowercase snake_case, got: useGetIfAvailable
2026-10-07T14:43:17.6353963Z /home/runner/work/communication/communication/score/mw/com/impl/configuration/mw_com_config.fbs:237: 21: warning: field names should be lowercase snake_case, got: useSetIfAvailable
2026-10-07T14:43:17.6413633Z /home/runner/work/communication/communication/score/mw/com/impl/configuration/mw_com_config.fbs:244: 14: warning: field names should be lowercase snake_case, got: methodName
2026-10-07T14:43:17.6473713Z /home/runner/work/communication/communication/score/mw/com/impl/configuration/mw_com_config.fbs:248: 13: warning: field names should be lowercase snake_case, got: queueSize
2026-10-07T14:43:17.6533568Z /home/runner/work/communication/communication/score/mw/com/impl/configuration/mw_com_config.fbs:259: 6: warning: field names should be lowercase snake_case, got: QM
2026-10-07T14:43:17.6563554Z /home/runner/work/communication/communication/score/mw/com/impl/configuration/mw_com_config.fbs:262: 5: warning: field names should be lowercase snake_case, got: B
2026-10-07T14:43:17.6593568Z /home/runner/work/communication/communication/score/mw/com/impl/configuration/mw_com_config.fbs:270: 6: warning: field names should be lowercase snake_case, got: QM
2026-10-07T14:43:17.6653619Z /home/runner/work/communication/communication/score/mw/com/impl/configuration/mw_com_config.fbs:273: 5: warning: field names should be lowercase snake_case, got: B
2026-10-07T14:43:17.6693624Z /home/runner/work/communication/communication/score/mw/com/impl/configuration/mw_com_config.fbs:281: 14: warning: field names should be lowercase snake_case, got: instanceId
2026-10-07T14:43:17.6713631Z /home/runner/work/communication/communication/score/mw/com/impl/configuration/mw_com_config.fbs:303: 19: warning: field names should be lowercase snake_case, got: allowedConsumer
2026-10-07T14:43:17.6753742Z /home/runner/work/communication/communication/score/mw/com/impl/configuration/mw_com_config.fbs:304: 19: warning: field names should be lowercase snake_case, got: allowedProvider
2026-10-07T14:43:17.6834056Z /home/runner/work/communication/communication/score/mw/com/impl/configuration/mw_com_config.fbs:316: 18: warning: field names should be lowercase snake_case, got: interVmSupport
2026-10-07T14:43:17.6843880Z /home/runner/work/communication/communication/score/mw/com/impl/configuration/mw_com_config.fbs:320: 20: warning: field names should be lowercase snake_case, got: interVmForwarded
2026-10-07T14:43:17.6873618Z /home/runner/work/communication/communication/score/mw/com/impl/configuration/mw_com_config.fbs:331: 21: warning: field names should be lowercase snake_case, got: instanceSpecifier
2026-10-07T14:43:17.6903689Z /home/runner/work/communication/communication/score/mw/com/impl/configuration/mw_com_config.fbs:335: 19: warning: field names should be lowercase snake_case, got: serviceTypeName
2026-10-07T14:43:17.6923666Z /home/runner/work/communication/communication/score/mw/com/impl/configuration/mw_com_config.fbs:354: 15: warning: field names should be lowercase snake_case, got: QM_receiver
2026-10-07T14:43:17.7024059Z /home/runner/work/communication/communication/score/mw/com/impl/configuration/mw_com_config.fbs:358: 14: warning: field names should be lowercase snake_case, got: B_receiver
2026-10-07T14:43:17.7083688Z /home/runner/work/communication/communication/score/mw/com/impl/configuration/mw_com_config.fbs:362: 12: warning: field names should be lowercase snake_case, got: B_sender
2026-10-07T14:43:17.7113741Z /home/runner/work/communication/communication/score/mw/com/impl/configuration/mw_com_config.fbs:376: 17: warning: field names should be lowercase snake_case, got: applicationID
2026-10-07T14:43:17.7143792Z /home/runner/work/communication/communication/score/mw/com/impl/configuration/mw_com_config.fbs:400: 25: warning: field names should be lowercase snake_case, got: applicationInstanceID
2026-10-07T14:43:17.7184208Z /home/runner/work/communication/communication/score/mw/com/impl/configuration/mw_com_config.fbs:404: 25: warning: field names should be lowercase snake_case, got: traceFilterConfigPath
2026-10-07T14:43:17.7233800Z /home/runner/work/communication/communication/score/mw/com/impl/configuration/mw_com_config.fbs:417: 16: warning: field names should be lowercase snake_case, got: serviceTypes
2026-10-07T14:43:17.7310087Z /home/runner/work/communication/communication/score/mw/com/impl/configuration/mw_com_config.fbs:421: 20: warning: field names should be lowercase snake_case, got: serviceInstances
2026-10-07T14:43:17.7372264Z 
2026-10-07T14:43:17.9621635Z INFO: From Compiling score/mw/com/test/generic_skeleton/generic_typed_interaction_app.cpp:
2026-10-07T14:43:17.9647315Z In file included from score/mw/com/test/generic_skeleton/generic_typed_interaction_app.cpp:13:
2026-10-07T14:43:17.9663112Z In file included from ./score/mw/com/runtime.h:24:
2026-10-07T14:43:17.9690419Z In file included from ./score/mw/com/mocking/i_runtime.h:17:
2026-10-07T14:43:17.9722848Z In file included from ./score/mw/com/types.h:24:
2026-10-07T14:43:17.9723908Z In file included from ./score/mw/com/impl/generic_proxy.h:18:
2026-10-07T14:43:17.9753132Z In file included from ./score/mw/com/impl/generic_proxy_event.h:18:
2026-10-07T14:43:17.9782941Z In file included from ./score/mw/com/impl/proxy_base.h:18:
2026-10-07T14:43:17.9811539Z In file included from ./score/mw/com/impl/handle_type.h:18:
2026-10-07T14:43:17.9812776Z In file included from ./score/mw/com/impl/instance_identifier.h:16:
2026-10-07T14:43:17.9844056Z ./score/mw/com/impl/com_error.h:186:65: warning: 'kServiceInstanceAlreadyOffered' is deprecated: Value has never been used. Calls to OfferService shall be idempotent. [-Wdeprecated-declarations]
2026-10-07T14:43:17.9903648Z   186 |             case static_cast<score::result::ErrorCode>(ComErrc::kServiceInstanceAlreadyOffered):
2026-10-07T14:43:17.9904602Z       |                                                                 ^
2026-10-07T14:43:17.9933244Z ./score/mw/com/impl/com_error.h:58:11: note: 'kServiceInstanceAlreadyOffered' has been explicitly marked deprecated here
2026-10-07T14:43:17.9963373Z    58 |         [[deprecated("Value has never been used. Calls to OfferService shall be idempotent.")]],
2026-10-07T14:43:17.9964066Z       |           ^
2026-10-07T14:43:17.9966470Z score/mw/com/test/generic_skeleton/generic_typed_interaction_app.cpp:232:48: warning: 'RuntimeConfiguration' is deprecated: Please use RuntimeConfiguration(cpp::span<safecpp::zstring_view> command_line_arguments) for guaranteed NULL terminated arguments [-Wdeprecated-declarations]
2026-10-07T14:43:17.9968811Z   232 |     score::mw::com::runtime::InitializeRuntime(score::mw::com::runtime::RuntimeConfiguration(argc, argv));
2026-10-07T14:43:17.9969680Z       |                                                ^
2026-10-07T14:43:17.9970800Z ./score/mw/com/runtime_configuration.h:51:7: note: 'RuntimeConfiguration' has been explicitly marked deprecated here
2026-10-07T14:43:17.9971577Z    51 |     [[deprecated(
2026-10-07T14:43:17.9971918Z       |       ^
2026-10-07T14:43:17.9974435Z score/mw/com/test/generic_skeleton/generic_typed_interaction_app.cpp:232:48: warning: 'RuntimeConfiguration' is deprecated: Please use RuntimeConfiguration(cpp::span<safecpp::zstring_view> command_line_arguments) for guaranteed NULL terminated arguments [-Wdeprecated-declarations]
2026-10-07T14:43:17.9976614Z   232 |     score::mw::com::runtime::InitializeRuntime(score::mw::com::runtime::RuntimeConfiguration(argc, argv));
2026-10-07T14:43:17.9977463Z       |                                                ^
2026-10-07T14:43:17.9978574Z ./score/mw/com/runtime_configuration.h:51:7: note: 'RuntimeConfiguration' has been explicitly marked deprecated here
2026-10-07T14:43:17.9979356Z    51 |     [[deprecated(
2026-10-07T14:43:17.9979705Z       |       ^
2026-10-07T14:43:17.9980040Z 3 warnings generated.
2026-10-07T14:43:22.8875839Z INFO: From Compiling score/mw/com/test/generic_skeleton/generic_typed_interaction_app.cpp:
2026-10-07T14:43:22.8903725Z In file included from score/mw/com/test/generic_skeleton/generic_typed_interaction_app.cpp:13:
2026-10-07T14:43:22.8932621Z In file included from ./score/mw/com/runtime.h:24:
2026-10-07T14:43:22.8933560Z In file included from ./score/mw/com/mocking/i_runtime.h:17:
2026-10-07T14:43:22.8962630Z In file included from ./score/mw/com/types.h:24:
2026-10-07T14:43:22.8989337Z In file included from ./score/mw/com/impl/generic_proxy.h:18:
2026-10-07T14:43:22.9012616Z In file included from ./score/mw/com/impl/generic_proxy_event.h:18:
2026-10-07T14:43:22.9024110Z In file included from ./score/mw/com/impl/proxy_base.h:18:
2026-10-07T14:43:22.9029953Z In file included from ./score/mw/com/impl/handle_type.h:18:
2026-10-07T14:43:22.9030831Z In file included from ./score/mw/com/impl/instance_identifier.h:16:
2026-10-07T14:43:22.9032943Z ./score/mw/com/impl/com_error.h:186:65: warning: 'kServiceInstanceAlreadyOffered' is deprecated: Value has never been used. Calls to OfferService shall be idempotent. [-Wdeprecated-declarations]
2026-10-07T14:43:22.9034659Z   186 |             case static_cast<score::result::ErrorCode>(ComErrc::kServiceInstanceAlreadyOffered):
2026-10-07T14:43:22.9035767Z       |                                                                 ^
2026-10-07T14:43:22.9036979Z ./score/mw/com/impl/com_error.h:58:11: note: 'kServiceInstanceAlreadyOffered' has been explicitly marked deprecated here
2026-10-07T14:43:22.9038482Z    58 |         [[deprecated("Value has never been used. Calls to OfferService shall be idempotent.")]],
2026-10-07T14:43:22.9039378Z       |           ^
2026-10-07T14:43:22.9041766Z score/mw/com/test/generic_skeleton/generic_typed_interaction_app.cpp:232:48: warning: 'RuntimeConfiguration' is deprecated: Please use RuntimeConfiguration(cpp::span<safecpp::zstring_view> command_line_arguments) for guaranteed NULL terminated arguments [-Wdeprecated-declarations]
2026-10-07T14:43:22.9044187Z   232 |     score::mw::com::runtime::InitializeRuntime(score::mw::com::runtime::RuntimeConfiguration(argc, argv));
2026-10-07T14:43:22.9045218Z       |                                                ^
2026-10-07T14:43:22.9046650Z ./score/mw/com/runtime_configuration.h:51:7: note: 'RuntimeConfiguration' has been explicitly marked deprecated here
2026-10-07T14:43:22.9047561Z    51 |     [[deprecated(
2026-10-07T14:43:22.9047973Z       |       ^
2026-10-07T14:43:22.9050246Z score/mw/com/test/generic_skeleton/generic_typed_interaction_app.cpp:232:48: warning: 'RuntimeConfiguration' is deprecated: Please use RuntimeConfiguration(cpp::span<safecpp::zstring_view> command_line_arguments) for guaranteed NULL terminated arguments [-Wdeprecated-declarations]
2026-10-07T14:43:22.9052427Z   232 |     score::mw::com::runtime::InitializeRuntime(score::mw::com::runtime::RuntimeConfiguration(argc, argv));
2026-10-07T14:43:22.9053418Z       |                                                ^
2026-10-07T14:43:22.9054540Z ./score/mw/com/runtime_configuration.h:51:7: note: 'RuntimeConfiguration' has been explicitly marked deprecated here
2026-10-07T14:43:22.9055434Z    51 |     [[deprecated(
2026-10-07T14:43:22.9055834Z       |       ^
2026-10-07T14:43:22.9056421Z 3 warnings generated.
2026-10-07T14:43:23.5554053Z [6,019 / 13,842] 39 / 514 tests; Compiling Rust rlib libc v0.2.190 (443 files) [for tool]; 1s disk-cache, linux-sandbox ... (4 actions, 3 running)
2026-10-07T14:43:27.0153666Z INFO: From Compiling score/mw/com/test/generic_skeleton/generic_typed_interaction_app.cpp:
2026-10-07T14:43:27.0163469Z In file included from score/mw/com/test/generic_skeleton/generic_typed_interaction_app.cpp:13:
2026-10-07T14:43:27.0164468Z In file included from ./score/mw/com/runtime.h:24:
2026-10-07T14:43:27.0165397Z In file included from ./score/mw/com/mocking/i_runtime.h:17:
2026-10-07T14:43:27.0166337Z In file included from ./score/mw/com/types.h:24:
2026-10-07T14:43:27.0167260Z In file included from ./score/mw/com/impl/generic_proxy.h:18:
2026-10-07T14:43:27.0168266Z In file included from ./score/mw/com/impl/generic_proxy_event.h:18:
2026-10-07T14:43:27.0169215Z In file included from ./score/mw/com/impl/proxy_base.h:18:
2026-10-07T14:43:27.0170113Z In file included from ./score/mw/com/impl/handle_type.h:18:
2026-10-07T14:43:27.0171149Z In file included from ./score/mw/com/impl/instance_identifier.h:16:
2026-10-07T14:43:27.0173344Z ./score/mw/com/impl/com_error.h:186:65: warning: 'kServiceInstanceAlreadyOffered' is deprecated: Value has never been used. Calls to OfferService shall be idempotent. [-Wdeprecated-declarations]
2026-10-07T14:43:27.0175572Z   186 |             case static_cast<score::result::ErrorCode>(ComErrc::kServiceInstanceAlreadyOffered):
2026-10-07T14:43:27.0176637Z       |                                                                 ^
2026-10-07T14:43:27.0177993Z ./score/mw/com/impl/com_error.h:58:11: note: 'kServiceInstanceAlreadyOffered' has been explicitly marked deprecated here
2026-10-07T14:43:27.0179494Z    58 |         [[deprecated("Value has never been used. Calls to OfferService shall be idempotent.")]],
2026-10-07T14:43:27.0180319Z       |           ^
2026-10-07T14:43:27.0183080Z score/mw/com/test/generic_skeleton/generic_typed_interaction_app.cpp:232:48: warning: 'RuntimeConfiguration' is deprecated: Please use RuntimeConfiguration(cpp::span<safecpp::zstring_view> command_line_arguments) for guaranteed NULL terminated arguments [-Wdeprecated-declarations]
2026-10-07T14:43:27.0185551Z   232 |     score::mw::com::runtime::InitializeRuntime(score::mw::com::runtime::RuntimeConfiguration(argc, argv));
2026-10-07T14:43:27.0186604Z       |                                                ^
2026-10-07T14:43:27.0187894Z ./score/mw/com/runtime_configuration.h:51:7: note: 'RuntimeConfiguration' has been explicitly marked deprecated here
2026-10-07T14:43:27.0188867Z    51 |     [[deprecated(
2026-10-07T14:43:27.0189388Z       |       ^
2026-10-07T14:43:27.0192923Z score/mw/com/test/generic_skeleton/generic_typed_interaction_app.cpp:232:48: warning: 'RuntimeConfiguration' is deprecated: Please use RuntimeConfiguration(cpp::span<safecpp::zstring_view> command_line_arguments) for guaranteed NULL terminated arguments [-Wdeprecated-declarations]
2026-10-07T14:43:27.0195632Z   232 |     score::mw::com::runtime::InitializeRuntime(score::mw::com::runtime::RuntimeConfiguration(argc, argv));
2026-10-07T14:43:27.0196702Z       |                                                ^
2026-10-07T14:43:27.0198042Z ./score/mw/com/runtime_configuration.h:51:7: note: 'RuntimeConfiguration' has been explicitly marked deprecated here
2026-10-07T14:43:27.0199046Z    51 |     [[deprecated(
2026-10-07T14:43:27.0199577Z       |       ^
2026-10-07T14:43:27.0200094Z 3 warnings generated.
2026-10-07T14:43:30.6776463Z INFO: From Compiling score/mw/com/test/generic_skeleton/generic_typed_interaction_app.cpp:
2026-10-07T14:43:30.6799121Z In file included from score/mw/com/test/generic_skeleton/generic_typed_interaction_app.cpp:13:
2026-10-07T14:43:30.6824520Z In file included from ./score/mw/com/runtime.h:24:
2026-10-07T14:43:30.6872885Z In file included from ./score/mw/com/mocking/i_runtime.h:17:
2026-10-07T14:43:30.6912621Z In file included from ./score/mw/com/types.h:24:
2026-10-07T14:43:30.6972990Z In file included from ./score/mw/com/impl/generic_proxy.h:18:
2026-10-07T14:43:30.6974014Z In file included from ./score/mw/com/impl/generic_proxy_event.h:18:
2026-10-07T14:43:30.6977515Z In file included from ./score/mw/com/impl/proxy_base.h:18:
2026-10-07T14:43:30.6978262Z In file included from ./score/mw/com/impl/handle_type.h:18:
2026-10-07T14:43:30.6978983Z In file included from ./score/mw/com/impl/instance_identifier.h:16:
2026-10-07T14:43:30.6980740Z ./score/mw/com/impl/com_error.h:186:65: warning: 'kServiceInstanceAlreadyOffered' is deprecated: Value has never been used. Calls to OfferService shall be idempotent. [-Wdeprecated-declarations]
2026-10-07T14:43:30.6984475Z   186 |             case static_cast<score::result::ErrorCode>(ComErrc::kServiceInstanceAlreadyOffered):
2026-10-07T14:43:30.6986659Z       |                                                                 ^
2026-10-07T14:43:30.6987740Z ./score/mw/com/impl/com_error.h:58:11: note: 'kServiceInstanceAlreadyOffered' has been explicitly marked deprecated here
2026-10-07T14:43:30.7000482Z    58 |         [[deprecated("Value has never been used. Calls to OfferService shall be idempotent.")]],
2026-10-07T14:43:30.7001124Z       |           ^
2026-10-07T14:43:30.7005303Z score/mw/com/test/generic_skeleton/generic_typed_interaction_app.cpp:232:48: warning: 'RuntimeConfiguration' is deprecated: Please use RuntimeConfiguration(cpp::span<safecpp::zstring_view> command_line_arguments) for guaranteed NULL terminated arguments [-Wdeprecated-declarations]
2026-10-07T14:43:30.7007546Z   232 |     score::mw::com::runtime::InitializeRuntime(score::mw::com::runtime::RuntimeConfiguration(argc, argv));
2026-10-07T14:43:30.7008360Z       |                                                ^
2026-10-07T14:43:30.7009418Z ./score/mw/com/runtime_configuration.h:51:7: note: 'RuntimeConfiguration' has been explicitly marked deprecated here
2026-10-07T14:43:30.7010144Z    51 |     [[deprecated(
2026-10-07T14:43:30.7010458Z       |       ^
2026-10-07T14:43:30.7012838Z score/mw/com/test/generic_skeleton/generic_typed_interaction_app.cpp:232:48: warning: 'RuntimeConfiguration' is deprecated: Please use RuntimeConfiguration(cpp::span<safecpp::zstring_view> command_line_arguments) for guaranteed NULL terminated arguments [-Wdeprecated-declarations]
2026-10-07T14:43:30.7014887Z   232 |     score::mw::com::runtime::InitializeRuntime(score::mw::com::runtime::RuntimeConfiguration(argc, argv));
2026-10-07T14:43:30.7015684Z       |                                                ^
2026-10-07T14:43:30.7016749Z ./score/mw/com/runtime_configuration.h:51:7: note: 'RuntimeConfiguration' has been explicitly marked deprecated here
2026-10-07T14:43:30.7017470Z    51 |     [[deprecated(
2026-10-07T14:43:30.7017781Z       |       ^
2026-10-07T14:43:30.7018093Z 3 warnings generated.
2026-10-07T14:43:33.5709055Z [6,089 / 13,896] 39 / 514 tests; Compiling score/mw/com/impl/test/methods/semi_dynamic_methods/main_consumer_and_provider.cpp; 2s disk-cache, linux-sandbox ... (4 actions, 3 running)
2026-10-07T14:43:33.7443402Z INFO: From Compiling score/mw/com/impl/test/methods/semi_dynamic_methods/main_consumer_and_provider.cpp:
2026-10-07T14:43:33.7445110Z In file included from score/mw/com/impl/test/methods/semi_dynamic_methods/main_consumer_and_provider.cpp:13:
2026-10-07T14:43:33.7446238Z In file included from ./score/mw/com/runtime.h:24:
2026-10-07T14:43:33.7447073Z In file included from ./score/mw/com/mocking/i_runtime.h:17:
2026-10-07T14:43:33.7447857Z In file included from ./score/mw/com/types.h:24:
2026-10-07T14:43:33.7448675Z In file included from ./score/mw/com/impl/generic_proxy.h:18:
2026-10-07T14:43:33.7449589Z In file included from ./score/mw/com/impl/generic_proxy_event.h:18:
2026-10-07T14:43:33.7450459Z In file included from ./score/mw/com/impl/proxy_base.h:18:
2026-10-07T14:43:33.7451299Z In file included from ./score/mw/com/impl/handle_type.h:18:
2026-10-07T14:43:33.7452797Z In file included from ./score/mw/com/impl/instance_identifier.h:16:
2026-10-07T14:43:33.7454815Z ./score/mw/com/impl/com_error.h:186:65: warning: 'kServiceInstanceAlreadyOffered' is deprecated: Value has never been used. Calls to OfferService shall be idempotent. [-Wdeprecated-declarations]
2026-10-07T14:43:33.7456607Z   186 |             case static_cast<score::result::ErrorCode>(ComErrc::kServiceInstanceAlreadyOffered):
2026-10-07T14:43:33.7457561Z       |                                                                 ^
2026-10-07T14:43:33.7459376Z ./score/mw/com/impl/com_error.h:58:11: note: 'kServiceInstanceAlreadyOffered' has been explicitly marked deprecated here
2026-10-07T14:43:33.7460787Z    58 |         [[deprecated("Value has never been used. Calls to OfferService shall be idempotent.")]],
2026-10-07T14:43:33.7461526Z       |           ^
2026-10-07T14:43:33.7462974Z 1 warning generated.
2026-10-07T14:43:36.1983521Z INFO: From lobster-rst-report (pages) futurecpp_index:
2026-10-07T14:43:36.1985098Z LOBSTER RST report written to bazel-out/k8-fastbuild-asan_ubsan_lsan/bin/third_party/score_baselibs/futurecpp_index/traceability_report/ (2 files)
2026-10-07T14:43:36.8813411Z INFO: From lobster-rst-report (pages) bitmanipulation_index:
2026-10-07T14:43:36.8814722Z LOBSTER RST report written to bazel-out/k8-fastbuild-asan_ubsan_lsan/bin/third_party/score_baselibs/bitmanipulation_index/traceability_report/ (2 files)
2026-10-07T14:43:37.1643567Z INFO: From lobster-rst-report (pages) containers_index:
2026-10-07T14:43:37.1664788Z LOBSTER RST report written to bazel-out/k8-fastbuild-asan_ubsan_lsan/bin/third_party/score_baselibs/containers_index/traceability_report/ (2 files)
2026-10-07T14:43:37.3584117Z INFO: From lobster-rst-report (pages) os_index:
2026-10-07T14:43:37.3585579Z LOBSTER RST report written to bazel-out/k8-fastbuild-asan_ubsan_lsan/bin/third_party/score_baselibs/os_index/traceability_report/ (2 files)
2026-10-07T14:43:43.4933646Z INFO: From Compiling score/mw/com/test/service_discovery_during_provider_crash/consumer.cpp:
2026-10-07T14:43:43.5043585Z In file included from score/mw/com/test/service_discovery_during_provider_crash/consumer.cpp:15:
2026-10-07T14:43:43.5103088Z In file included from ./score/mw/com/runtime.h:24:
2026-10-07T14:43:43.5223129Z In file included from ./score/mw/com/mocking/i_runtime.h:17:
2026-10-07T14:43:43.5242765Z In file included from ./score/mw/com/types.h:24:
2026-10-07T14:43:43.5373014Z In file included from ./score/mw/com/impl/generic_proxy.h:18:
2026-10-07T14:43:43.5442962Z In file included from ./score/mw/com/impl/generic_proxy_event.h:18:
2026-10-07T14:43:43.5543034Z In file included from ./score/mw/com/impl/proxy_base.h:18:
2026-10-07T14:43:43.5622914Z In file included from ./score/mw/com/impl/handle_type.h:18:
2026-10-07T14:43:43.5702868Z In file included from ./score/mw/com/impl/instance_identifier.h:16:
2026-10-07T14:43:43.5823960Z ./score/mw/com/impl/com_error.h:186:65: warning: 'kServiceInstanceAlreadyOffered' is deprecated: Value has never been used. Calls to OfferService shall be idempotent. [-Wdeprecated-declarations]
2026-10-07T14:43:43.5943810Z   186 |             case static_cast<score::result::ErrorCode>(ComErrc::kServiceInstanceAlreadyOffered):
2026-10-07T14:43:43.6062950Z       |                                                                 ^
2026-10-07T14:43:43.6093245Z ./score/mw/com/impl/com_error.h:58:11: note: 'kServiceInstanceAlreadyOffered' has been explicitly marked deprecated here
2026-10-07T14:43:43.6094474Z    58 |         [[deprecated("Value has never been used. Calls to OfferService shall be idempotent.")]],
2026-10-07T14:43:43.6095040Z       |           ^
2026-10-07T14:43:43.6095350Z 1 warning generated.
2026-10-07T14:43:43.6096449Z [6,243 / 13,896] 39 / 514 tests; Compiling Rust rlib syn v2.0.119 (97 files); 4s disk-cache, linux-sandbox ... (4 actions, 3 running)
2026-10-07T14:43:47.9662342Z INFO: From Compiling score/mw/com/test/service_discovery_during_provider_crash/provider.cpp:
2026-10-07T14:43:47.9683991Z In file included from score/mw/com/test/service_discovery_during_provider_crash/provider.cpp:18:
2026-10-07T14:43:47.9685347Z In file included from ./score/mw/com/test/common_test_resources/provider_resources.h:17:
2026-10-07T14:43:47.9712727Z In file included from ./score/mw/com/com_error_domain.h:16:
2026-10-07T14:43:47.9753787Z ./score/mw/com/impl/com_error.h:186:65: warning: 'kServiceInstanceAlreadyOffered' is deprecated: Value has never been used. Calls to OfferService shall be idempotent. [-Wdeprecated-declarations]
2026-10-07T14:43:47.9813138Z   186 |             case static_cast<score::result::ErrorCode>(ComErrc::kServiceInstanceAlreadyOffered):
2026-10-07T14:43:47.9842808Z       |                                                                 ^
2026-10-07T14:43:47.9903254Z ./score/mw/com/impl/com_error.h:58:11: note: 'kServiceInstanceAlreadyOffered' has been explicitly marked deprecated here
2026-10-07T14:43:47.9933128Z    58 |         [[deprecated("Value has never been used. Calls to OfferService shall be idempotent.")]],
2026-10-07T14:43:47.9992577Z       |           ^
2026-10-07T14:43:48.0022591Z 1 warning generated.
2026-10-07T14:43:51.7203892Z INFO: From Compiling score/mw/com/test/service_discovery_during_provider_crash/test_datatype.cpp:
2026-10-07T14:43:51.7263530Z In file included from score/mw/com/test/service_discovery_during_provider_crash/test_datatype.cpp:14:
2026-10-07T14:43:51.7323244Z In file included from ./score/mw/com/test/service_discovery_during_provider_crash/test_datatype.h:17:
2026-10-07T14:43:51.7382778Z In file included from ./score/mw/com/types.h:24:
2026-10-07T14:43:51.7442938Z In file included from ./score/mw/com/impl/generic_proxy.h:18:
2026-10-07T14:43:51.7533107Z In file included from ./score/mw/com/impl/generic_proxy_event.h:18:
2026-10-07T14:43:51.7590926Z In file included from ./score/mw/com/impl/proxy_base.h:18:
2026-10-07T14:43:51.7635388Z In file included from ./score/mw/com/impl/handle_type.h:18:
2026-10-07T14:43:51.7648485Z In file included from ./score/mw/com/impl/instance_identifier.h:16:
2026-10-07T14:43:51.7673973Z ./score/mw/com/impl/com_error.h:186:65: warning: 'kServiceInstanceAlreadyOffered' is deprecated: Value has never been used. Calls to OfferService shall be idempotent. [-Wdeprecated-declarations]
2026-10-07T14:43:51.7749787Z   186 |             case static_cast<score::result::ErrorCode>(ComErrc::kServiceInstanceAlreadyOffered):
2026-10-07T14:43:51.7839266Z       |                                                                 ^
2026-10-07T14:43:51.7903291Z ./score/mw/com/impl/com_error.h:58:11: note: 'kServiceInstanceAlreadyOffered' has been explicitly marked deprecated here
2026-10-07T14:43:51.7965206Z    58 |         [[deprecated("Value has never been used. Calls to OfferService shall be idempotent.")]],
2026-10-07T14:43:51.8042750Z       |           ^
2026-10-07T14:43:51.8142906Z 1 warning generated.
2026-10-07T14:43:53.9627092Z [6,357 / 13,897] 39 / 514 tests; Compiling Rust rlib regex_automata v0.4.18 (100 files) [for tool]; 7s disk-cache, linux-sandbox ... (4 actions, 3 running)
2026-10-07T14:44:03.9964307Z [6,450 / 13,897] 39 / 514 tests; Compiling Rust rlib syn v3.0.6 (96 files) [for tool]; 7s disk-cache, linux-sandbox ... (4 actions, 3 running)
2026-10-07T14:44:14.1203937Z [6,520 / 13,897] 39 / 514 tests; Compiling Rust rlib syn v3.0.6 (96 files) [for tool]; 17s disk-cache, linux-sandbox ... (4 actions, 3 running)
2026-10-07T14:44:14.2153688Z INFO: From Compiling score/mw/com/performance_benchmarks/macro_benchmark/common_resources.cpp:
2026-10-07T14:44:14.2193155Z In file included from score/mw/com/performance_benchmarks/macro_benchmark/common_resources.cpp:14:
2026-10-07T14:44:14.2323084Z In file included from ./score/mw/com/runtime.h:24:
2026-10-07T14:44:14.2434401Z In file included from ./score/mw/com/mocking/i_runtime.h:17:
2026-10-07T14:44:14.2603195Z In file included from ./score/mw/com/types.h:24:
2026-10-07T14:44:14.2653011Z In file included from ./score/mw/com/impl/generic_proxy.h:18:
2026-10-07T14:44:14.2743253Z In file included from ./score/mw/com/impl/generic_proxy_event.h:18:
2026-10-07T14:44:14.2843360Z In file included from ./score/mw/com/impl/proxy_base.h:18:
2026-10-07T14:44:14.2893529Z In file included from ./score/mw/com/impl/handle_type.h:18:
2026-10-07T14:44:14.3033512Z In file included from ./score/mw/com/impl/instance_identifier.h:16:
2026-10-07T14:44:14.3063972Z ./score/mw/com/impl/com_error.h:186:65: warning: 'kServiceInstanceAlreadyOffered' is deprecated: Value has never been used. Calls to OfferService shall be idempotent. [-Wdeprecated-declarations]
2026-10-07T14:44:14.3193466Z   186 |             case static_cast<score::result::ErrorCode>(ComErrc::kServiceInstanceAlreadyOffered):
2026-10-07T14:44:14.3283076Z       |                                                                 ^
2026-10-07T14:44:14.3339654Z ./score/mw/com/impl/com_error.h:58:11: note: 'kServiceInstanceAlreadyOffered' has been explicitly marked deprecated here
2026-10-07T14:44:14.3417452Z    58 |         [[deprecated("Value has never been used. Calls to OfferService shall be idempotent.")]],
2026-10-07T14:44:14.3523117Z       |           ^
2026-10-07T14:44:14.3602625Z 1 warning generated.
2026-10-07T14:44:19.4842871Z INFO: From Compiling score/mw/com/test/fields/getter_setter_if_available/main_consumer_and_provider.cpp:
2026-10-07T14:44:19.4903383Z In file included from score/mw/com/test/fields/getter_setter_if_available/main_consumer_and_provider.cpp:14:
2026-10-07T14:44:19.4942781Z In file included from ./score/mw/com/runtime.h:24:
2026-10-07T14:44:19.4944949Z In file included from ./score/mw/com/mocking/i_runtime.h:17:
2026-10-07T14:44:19.4945775Z In file included from ./score/mw/com/types.h:24:
2026-10-07T14:44:19.4946620Z In file included from ./score/mw/com/impl/generic_proxy.h:18:
2026-10-07T14:44:19.4947530Z In file included from ./score/mw/com/impl/generic_proxy_event.h:18:
2026-10-07T14:44:19.4948395Z In file included from ./score/mw/com/impl/proxy_base.h:18:
2026-10-07T14:44:19.4948971Z In file included from ./score/mw/com/impl/handle_type.h:18:
2026-10-07T14:44:19.4949559Z In file included from ./score/mw/com/impl/instance_identifier.h:16:
2026-10-07T14:44:19.4950734Z ./score/mw/com/impl/com_error.h:186:65: warning: 'kServiceInstanceAlreadyOffered' is deprecated: Value has never been used. Calls to OfferService shall be idempotent. [-Wdeprecated-declarations]
2026-10-07T14:44:19.4951832Z   186 |             case static_cast<score::result::ErrorCode>(ComErrc::kServiceInstanceAlreadyOffered):
2026-10-07T14:44:19.4952639Z       |                                                                 ^
2026-10-07T14:44:19.4953418Z ./score/mw/com/impl/com_error.h:58:11: note: 'kServiceInstanceAlreadyOffered' has been explicitly marked deprecated here
2026-10-07T14:44:19.4954280Z    58 |         [[deprecated("Value has never been used. Calls to OfferService shall be idempotent.")]],
2026-10-07T14:44:19.4954758Z       |           ^
2026-10-07T14:44:19.4955069Z 1 warning generated.
2026-10-07T14:44:24.1224099Z [6,675 / 13,897] 39 / 514 tests; Compiling Rust proc-macro clap_derive v4.6.7 (16 files) [for tool]; 6s disk-cache, linux-sandbox ... (4 actions running)
2026-10-07T14:44:28.1085584Z INFO: From Compiling score/mw/com/test/methods/mixed_criticality/consumer_main.cpp:
2026-10-07T14:44:28.1099941Z In file included from score/mw/com/test/methods/mixed_criticality/consumer_main.cpp:13:
2026-10-07T14:44:28.1134547Z In file included from ./score/mw/com/runtime.h:24:
2026-10-07T14:44:28.1135573Z In file included from ./score/mw/com/mocking/i_runtime.h:17:
2026-10-07T14:44:28.1150105Z In file included from ./score/mw/com/types.h:24:
2026-10-07T14:44:28.1153182Z In file included from ./score/mw/com/impl/generic_proxy.h:18:
2026-10-07T14:44:28.1154189Z In file included from ./score/mw/com/impl/generic_proxy_event.h:18:
2026-10-07T14:44:28.1155321Z In file included from ./score/mw/com/impl/proxy_base.h:18:
2026-10-07T14:44:28.1156181Z In file included from ./score/mw/com/impl/handle_type.h:18:
2026-10-07T14:44:28.1157077Z In file included from ./score/mw/com/impl/instance_identifier.h:16:
2026-10-07T14:44:28.1162769Z ./score/mw/com/impl/com_error.h:186:65: warning: 'kServiceInstanceAlreadyOffered' is deprecated: Value has never been used. Calls to OfferService shall be idempotent. [-Wdeprecated-declarations]
2026-10-07T14:44:28.1168240Z   186 |             case static_cast<score::result::ErrorCode>(ComErrc::kServiceInstanceAlreadyOffered):
2026-10-07T14:44:28.1169357Z       |                                                                 ^
2026-10-07T14:44:28.1170722Z ./score/mw/com/impl/com_error.h:58:11: note: 'kServiceInstanceAlreadyOffered' has been explicitly marked deprecated here
2026-10-07T14:44:28.1172400Z    58 |         [[deprecated("Value has never been used. Calls to OfferService shall be idempotent.")]],
2026-10-07T14:44:28.1173273Z       |           ^
2026-10-07T14:44:28.1173762Z 1 warning generated.
2026-10-07T14:44:34.2474035Z [6,815 / 13,897] 39 / 514 tests; Compiling Rust rlib syn v2.0.119 (97 files) [for tool]; 7s disk-cache, linux-sandbox ... (4 actions, 3 running)
2026-10-07T14:44:34.3423435Z INFO: From Compiling score/mw/com/test/methods/mixed_criticality/consumer.cpp:
2026-10-07T14:44:34.3488467Z In file included from score/mw/com/test/methods/mixed_criticality/consumer.cpp:17:
2026-10-07T14:44:34.3573641Z In file included from ./score/mw/com/test/methods/methods_test_resources/all_signatures_datatype/all_signatures_method_consumer.h:16:
2026-10-07T14:44:34.3683342Z In file included from ./score/mw/com/test/common_test_resources/proxy_container.h:17:
2026-10-07T14:44:34.3743207Z In file included from ./score/mw/com/types.h:24:
2026-10-07T14:44:34.3843325Z In file included from ./score/mw/com/impl/generic_proxy.h:18:
2026-10-07T14:44:34.3893267Z In file included from ./score/mw/com/impl/generic_proxy_event.h:18:
2026-10-07T14:44:34.3993070Z In file included from ./score/mw/com/impl/proxy_base.h:18:
2026-10-07T14:44:34.4072823Z In file included from ./score/mw/com/impl/handle_type.h:18:
2026-10-07T14:44:34.4182973Z In file included from ./score/mw/com/impl/instance_identifier.h:16:
2026-10-07T14:44:34.4226210Z ./score/mw/com/impl/com_error.h:186:65: warning: 'kServiceInstanceAlreadyOffered' is deprecated: Value has never been used. Calls to OfferService shall be idempotent. [-Wdeprecated-declarations]
2026-10-07T14:44:34.4363563Z   186 |             case static_cast<score::result::ErrorCode>(ComErrc::kServiceInstanceAlreadyOffered):
2026-10-07T14:44:34.4432953Z       |                                                                 ^
2026-10-07T14:44:34.4493328Z ./score/mw/com/impl/com_error.h:58:11: note: 'kServiceInstanceAlreadyOffered' has been explicitly marked deprecated here
2026-10-07T14:44:34.4583271Z    58 |         [[deprecated("Value has never been used. Calls to OfferService shall be idempotent.")]],
2026-10-07T14:44:34.4702671Z       |           ^
2026-10-07T14:44:34.4736916Z 1 warning generated.
2026-10-07T14:44:39.0689940Z INFO: From Compiling score/mw/com/test/methods/mixed_criticality/provider_main.cpp:
2026-10-07T14:44:39.0722823Z In file included from score/mw/com/test/methods/mixed_criticality/provider_main.cpp:14:
2026-10-07T14:44:39.0733068Z In file included from ./score/mw/com/runtime.h:24:
2026-10-07T14:44:39.0763310Z In file included from ./score/mw/com/mocking/i_runtime.h:17:
2026-10-07T14:44:39.0792836Z In file included from ./score/mw/com/types.h:24:
2026-10-07T14:44:39.0812932Z In file included from ./score/mw/com/impl/generic_proxy.h:18:
2026-10-07T14:44:39.0813813Z In file included from ./score/mw/com/impl/generic_proxy_event.h:18:
2026-10-07T14:44:39.0814617Z In file included from ./score/mw/com/impl/proxy_base.h:18:
2026-10-07T14:44:39.0815366Z In file included from ./score/mw/com/impl/handle_type.h:18:
2026-10-07T14:44:39.0816185Z In file included from ./score/mw/com/impl/instance_identifier.h:16:
2026-10-07T14:44:39.0817983Z ./score/mw/com/impl/com_error.h:186:65: warning: 'kServiceInstanceAlreadyOffered' is deprecated: Value has never been used. Calls to OfferService shall be idempotent. [-Wdeprecated-declarations]
2026-10-07T14:44:39.0819676Z   186 |             case static_cast<score::result::ErrorCode>(ComErrc::kServiceInstanceAlreadyOffered):
2026-10-07T14:44:39.0820610Z       |                                                                 ^
2026-10-07T14:44:39.0821794Z ./score/mw/com/impl/com_error.h:58:11: note: 'kServiceInstanceAlreadyOffered' has been explicitly marked deprecated here
2026-10-07T14:44:39.0823298Z    58 |         [[deprecated("Value has never been used. Calls to OfferService shall be idempotent.")]],
2026-10-07T14:44:39.0823976Z       |           ^
2026-10-07T14:44:39.0824364Z 1 warning generated.
2026-10-07T14:44:44.2674180Z [6,980 / 13,897] 39 / 514 tests; Compiling score/mw/com/test/methods/mixed_criticality/provider.cpp; 5s disk-cache, linux-sandbox ... (4 actions, 3 running)
2026-10-07T14:44:45.0285683Z INFO: From Compiling score/mw/com/test/methods/mixed_criticality/provider.cpp:
2026-10-07T14:44:45.0312982Z In file included from score/mw/com/test/methods/mixed_criticality/provider.cpp:17:
2026-10-07T14:44:45.0343442Z In file included from ./score/mw/com/test/methods/methods_test_resources/all_signatures_datatype/all_signatures_method_provider.h:16:
2026-10-07T14:44:45.0373215Z In file included from ./score/mw/com/test/common_test_resources/skeleton_container.h:17:
2026-10-07T14:44:45.0374196Z In file included from ./score/mw/com/types.h:24:
2026-10-07T14:44:45.0375488Z In file included from ./score/mw/com/impl/generic_proxy.h:18:
2026-10-07T14:44:45.0376402Z In file included from ./score/mw/com/impl/generic_proxy_event.h:18:
2026-10-07T14:44:45.0377251Z In file included from ./score/mw/com/impl/proxy_base.h:18:
2026-10-07T14:44:45.0378008Z In file included from ./score/mw/com/impl/handle_type.h:18:
2026-10-07T14:44:45.0378759Z In file included from ./score/mw/com/impl/instance_identifier.h:16:
2026-10-07T14:44:45.0380505Z ./score/mw/com/impl/com_error.h:186:65: warning: 'kServiceInstanceAlreadyOffered' is deprecated: Value has never been used. Calls to OfferService shall be idempotent. [-Wdeprecated-declarations]
2026-10-07T14:44:45.0382672Z   186 |             case static_cast<score::result::ErrorCode>(ComErrc::kServiceInstanceAlreadyOffered):
2026-10-07T14:44:45.0383750Z       |                                                                 ^
2026-10-07T14:44:45.0385064Z ./score/mw/com/impl/com_error.h:58:11: note: 'kServiceInstanceAlreadyOffered' has been explicitly marked deprecated here
2026-10-07T14:44:45.0386490Z    58 |         [[deprecated("Value has never been used. Calls to OfferService shall be idempotent.")]],
2026-10-07T14:44:45.0387220Z       |           ^
2026-10-07T14:44:45.0387636Z 1 warning generated.
2026-10-07T14:44:48.4953114Z INFO: From Compiling score/mw/com/test/methods/non_trivial_constructors/main_consumer.cpp:
2026-10-07T14:44:48.4957899Z In file included from score/mw/com/test/methods/non_trivial_constructors/main_consumer.cpp:13:
2026-10-07T14:44:48.4988183Z In file included from ./score/mw/com/runtime.h:24:
2026-10-07T14:44:48.5024053Z In file included from ./score/mw/com/mocking/i_runtime.h:17:
2026-10-07T14:44:48.5024893Z In file included from ./score/mw/com/types.h:24:
2026-10-07T14:44:48.5029870Z In file included from ./score/mw/com/impl/generic_proxy.h:18:
2026-10-07T14:44:48.5031603Z In file included from ./score/mw/com/impl/generic_proxy_event.h:18:
2026-10-07T14:44:48.5033105Z In file included from ./score/mw/com/impl/proxy_base.h:18:
2026-10-07T14:44:48.5033936Z In file included from ./score/mw/com/impl/handle_type.h:18:
2026-10-07T14:44:48.5034779Z In file included from ./score/mw/com/impl/instance_identifier.h:16:
2026-10-07T14:44:48.5036702Z ./score/mw/com/impl/com_error.h:186:65: warning: 'kServiceInstanceAlreadyOffered' is deprecated: Value has never been used. Calls to OfferService shall be idempotent. [-Wdeprecated-declarations]
2026-10-07T14:44:48.5038529Z   186 |             case static_cast<score::result::ErrorCode>(ComErrc::kServiceInstanceAlreadyOffered):
2026-10-07T14:44:48.5039489Z       |                                                                 ^
2026-10-07T14:44:48.5040742Z ./score/mw/com/impl/com_error.h:58:11: note: 'kServiceInstanceAlreadyOffered' has been explicitly marked deprecated here
2026-10-07T14:44:48.5042626Z    58 |         [[deprecated("Value has never been used. Calls to OfferService shall be idempotent.")]],
2026-10-07T14:44:48.5043409Z       |           ^
2026-10-07T14:44:48.5043862Z 1 warning generated.
2026-10-07T14:44:54.3653875Z [7,152 / 13,897] 39 / 514 tests; Compiling Rust rlib syn v3.0.6 (96 files) [for tool]; 9s disk-cache, linux-sandbox ... (4 actions, 3 running)
2026-10-07T14:45:01.5134859Z INFO: From Compiling score/mw/com/test/methods/non_trivial_constructors/consumer.cpp:
2026-10-07T14:45:01.5165039Z In file included from score/mw/com/test/methods/non_trivial_constructors/consumer.cpp:17:
2026-10-07T14:45:01.5166504Z In file included from ./score/mw/com/test/common_test_resources/proxy_container.h:17:
2026-10-07T14:45:01.5167475Z In file included from ./score/mw/com/types.h:24:
2026-10-07T14:45:01.5168316Z In file included from ./score/mw/com/impl/generic_proxy.h:18:
2026-10-07T14:45:01.5169068Z In file included from ./score/mw/com/impl/generic_proxy_event.h:18:
2026-10-07T14:45:01.5169816Z In file included from ./score/mw/com/impl/proxy_base.h:18:
2026-10-07T14:45:01.5170508Z In file included from ./score/mw/com/impl/handle_type.h:18:
2026-10-07T14:45:01.5171551Z In file included from ./score/mw/com/impl/instance_identifier.h:16:
2026-10-07T14:45:01.5173440Z ./score/mw/com/impl/com_error.h:186:65: warning: 'kServiceInstanceAlreadyOffered' is deprecated: Value has never been used. Calls to OfferService shall be idempotent. [-Wdeprecated-declarations]
2026-10-07T14:45:01.5174961Z   186 |             case static_cast<score::result::ErrorCode>(ComErrc::kServiceInstanceAlreadyOffered):
2026-10-07T14:45:01.5176261Z       |                                                                 ^
2026-10-07T14:45:01.5177417Z ./score/mw/com/impl/com_error.h:58:11: note: 'kServiceInstanceAlreadyOffered' has been explicitly marked deprecated here
2026-10-07T14:45:01.5178648Z    58 |         [[deprecated("Value has never been used. Calls to OfferService shall be idempotent.")]],
2026-10-07T14:45:01.5179296Z       |           ^
2026-10-07T14:45:01.5179698Z 1 warning generated.
2026-10-07T14:45:04.4465947Z [7,218 / 13,897] 39 / 514 tests; Compiling Rust rlib syn v2.0.119 (97 files) [for tool]; 17s disk-cache, linux-sandbox ... (4 actions, 3 running)
2026-10-07T14:45:15.0334275Z [7,244 / 13,897] 39 / 514 tests; Compiling Rust rlib syn v2.0.119 (97 files) [for tool]; 28s disk-cache, linux-sandbox ... (4 actions, 3 running)
2026-10-07T14:45:18.1843487Z INFO: From Compiling score/mw/com/test/methods/non_trivial_constructors/main_provider.cpp:
2026-10-07T14:45:18.1844865Z In file included from score/mw/com/test/methods/non_trivial_constructors/main_provider.cpp:13:
2026-10-07T14:45:18.1893237Z In file included from ./score/mw/com/runtime.h:24:
2026-10-07T14:45:18.1902805Z In file included from ./score/mw/com/mocking/i_runtime.h:17:
2026-10-07T14:45:18.1992777Z In file included from ./score/mw/com/types.h:24:
2026-10-07T14:45:18.1993536Z In file included from ./score/mw/com/impl/generic_proxy.h:18:
2026-10-07T14:45:18.2053212Z In file included from ./score/mw/com/impl/generic_proxy_event.h:18:
2026-10-07T14:45:18.2082760Z In file included from ./score/mw/com/impl/proxy_base.h:18:
2026-10-07T14:45:18.2123775Z In file included from ./score/mw/com/impl/handle_type.h:18:
2026-10-07T14:45:18.2152897Z In file included from ./score/mw/com/impl/instance_identifier.h:16:
2026-10-07T14:45:18.2203858Z ./score/mw/com/impl/com_error.h:186:65: warning: 'kServiceInstanceAlreadyOffered' is deprecated: Value has never been used. Calls to OfferService shall be idempotent. [-Wdeprecated-declarations]
2026-10-07T14:45:18.2205641Z   186 |             case static_cast<score::result::ErrorCode>(ComErrc::kServiceInstanceAlreadyOffered):
2026-10-07T14:45:18.2292884Z       |                                                                 ^
2026-10-07T14:45:18.2313317Z ./score/mw/com/impl/com_error.h:58:11: note: 'kServiceInstanceAlreadyOffered' has been explicitly marked deprecated here
2026-10-07T14:45:18.2363193Z    58 |         [[deprecated("Value has never been used. Calls to OfferService shall be idempotent.")]],
2026-10-07T14:45:18.2392521Z       |           ^
2026-10-07T14:45:18.2424412Z 1 warning generated.
2026-10-07T14:45:21.7161256Z INFO: From Compiling score/mw/com/test/methods/non_trivial_constructors/provider.cpp:
2026-10-07T14:45:21.7185131Z In file included from score/mw/com/test/methods/non_trivial_constructors/provider.cpp:13:
2026-10-07T14:45:21.7213149Z In file included from ./score/mw/com/test/methods/non_trivial_constructors/provider.h:16:
2026-10-07T14:45:21.7242945Z In file included from ./score/mw/com/test/methods/non_trivial_constructors/test_method_datatype.h:16:
2026-10-07T14:45:21.7272488Z In file included from ./score/mw/com/types.h:24:
2026-10-07T14:45:21.7273378Z In file included from ./score/mw/com/impl/generic_proxy.h:18:
2026-10-07T14:45:21.7302719Z In file included from ./score/mw/com/impl/generic_proxy_event.h:18:
2026-10-07T14:45:21.7330581Z In file included from ./score/mw/com/impl/proxy_base.h:18:
2026-10-07T14:45:21.7352819Z In file included from ./score/mw/com/impl/handle_type.h:18:
2026-10-07T14:45:21.7382603Z In file included from ./score/mw/com/impl/instance_identifier.h:16:
2026-10-07T14:45:21.7385031Z ./score/mw/com/impl/com_error.h:186:65: warning: 'kServiceInstanceAlreadyOffered' is deprecated: Value has never been used. Calls to OfferService shall be idempotent. [-Wdeprecated-declarations]
2026-10-07T14:45:21.7413096Z   186 |             case static_cast<score::result::ErrorCode>(ComErrc::kServiceInstanceAlreadyOffered):
2026-10-07T14:45:21.7442626Z       |                                                                 ^
2026-10-07T14:45:21.7472360Z ./score/mw/com/impl/com_error.h:58:11: note: 'kServiceInstanceAlreadyOffered' has been explicitly marked deprecated here
2026-10-07T14:45:21.7475685Z    58 |         [[deprecated("Value has never been used. Calls to OfferService shall be idempotent.")]],
2026-10-07T14:45:21.7482606Z       |           ^
2026-10-07T14:45:21.7483200Z 1 warning generated.
2026-10-07T14:45:25.4939419Z [7,303 / 13,897] 39 / 514 tests; Compiling Rust proc-macro mockall_derive v0.14.0 (9 files) [for tool]; 6s disk-cache, linux-sandbox ... (4 actions, 3 running)
2026-10-07T14:45:34.3894532Z INFO: From Compiling score/mw/com/test/methods/non_trivial_constructors/test_method_datatype.cpp:
2026-10-07T14:45:34.4023435Z In file included from score/mw/com/test/methods/non_trivial_constructors/test_method_datatype.cpp:13:
2026-10-07T14:45:34.4151341Z In file included from ./score/mw/com/test/methods/non_trivial_constructors/test_method_datatype.h:16:
2026-10-07T14:45:34.4298638Z In file included from ./score/mw/com/types.h:24:
2026-10-07T14:45:34.4383090Z In file included from ./score/mw/com/impl/generic_proxy.h:18:
2026-10-07T14:45:34.4563304Z In file included from ./score/mw/com/impl/generic_proxy_event.h:18:
2026-10-07T14:45:34.4803228Z In file included from ./score/mw/com/impl/proxy_base.h:18:
2026-10-07T14:45:34.5043209Z In file included from ./score/mw/com/impl/handle_type.h:18:
2026-10-07T14:45:34.5174181Z In file included from ./score/mw/com/impl/instance_identifier.h:16:
2026-10-07T14:45:34.5430437Z ./score/mw/com/impl/com_error.h:186:65: warning: 'kServiceInstanceAlreadyOffered' is deprecated: Value has never been used. Calls to OfferService shall be idempotent. [-Wdeprecated-declarations]
2026-10-07T14:45:34.5624034Z   186 |             case static_cast<score::result::ErrorCode>(ComErrc::kServiceInstanceAlreadyOffered):
2026-10-07T14:45:34.5733238Z       |                                                                 ^
2026-10-07T14:45:34.5983792Z ./score/mw/com/impl/com_error.h:58:11: note: 'kServiceInstanceAlreadyOffered' has been explicitly marked deprecated here
2026-10-07T14:45:34.6163481Z    58 |         [[deprecated("Value has never been used. Calls to OfferService shall be idempotent.")]],
2026-10-07T14:45:34.6393516Z       |           ^
2026-10-07T14:45:34.6723134Z 1 warning generated.
2026-10-07T14:45:35.8007184Z [7,327 / 13,897] 39 / 514 tests; Compiling Rust proc-macro mockall_derive v0.14.0 (9 files) [for tool]; 16s disk-cache, linux-sandbox ... (4 actions, 3 running)
2026-10-07T14:45:39.9086447Z INFO: From Compiling score/mw/com/impl/test/methods/semi_dynamic_methods/main_consumer.cpp:
2026-10-07T14:45:39.9103036Z In file included from score/mw/com/impl/test/methods/semi_dynamic_methods/main_consumer.cpp:14:
2026-10-07T14:45:39.9122582Z In file included from ./score/mw/com/runtime.h:24:
2026-10-07T14:45:39.9143056Z In file included from ./score/mw/com/mocking/i_runtime.h:17:
2026-10-07T14:45:39.9172681Z In file included from ./score/mw/com/types.h:24:
2026-10-07T14:45:39.9192831Z In file included from ./score/mw/com/impl/generic_proxy.h:18:
2026-10-07T14:45:39.9218474Z In file included from ./score/mw/com/impl/generic_proxy_event.h:18:
2026-10-07T14:45:39.9232810Z In file included from ./score/mw/com/impl/proxy_base.h:18:
2026-10-07T14:45:39.9263395Z In file included from ./score/mw/com/impl/handle_type.h:18:
2026-10-07T14:45:39.9282870Z In file included from ./score/mw/com/impl/instance_identifier.h:16:
2026-10-07T14:45:39.9294114Z ./score/mw/com/impl/com_error.h:186:65: warning: 'kServiceInstanceAlreadyOffered' is deprecated: Value has never been used. Calls to OfferService shall be idempotent. [-Wdeprecated-declarations]
2026-10-07T14:45:39.9323079Z   186 |             case static_cast<score::result::ErrorCode>(ComErrc::kServiceInstanceAlreadyOffered):
2026-10-07T14:45:39.9352649Z       |                                                                 ^
2026-10-07T14:45:39.9363292Z ./score/mw/com/impl/com_error.h:58:11: note: 'kServiceInstanceAlreadyOffered' has been explicitly marked deprecated here
2026-10-07T14:45:39.9383097Z    58 |         [[deprecated("Value has never been used. Calls to OfferService shall be idempotent.")]],
2026-10-07T14:45:39.9412546Z       |           ^
2026-10-07T14:45:39.9462690Z 1 warning generated.
2026-10-07T14:45:45.1781580Z INFO: From Compiling score/mw/com/impl/test/methods/semi_dynamic_methods/consumer.cpp:
2026-10-07T14:45:45.1787202Z In file included from score/mw/com/impl/test/methods/semi_dynamic_methods/consumer.cpp:16:
2026-10-07T14:45:45.1803839Z In file included from ./score/mw/com/impl/test/methods/semi_dynamic_methods/semi_dynamic_method_datatype.h:16:
2026-10-07T14:45:45.1805011Z In file included from ./score/mw/com/types.h:24:
2026-10-07T14:45:45.1805949Z In file included from ./score/mw/com/impl/generic_proxy.h:18:
2026-10-07T14:45:45.1806960Z In file included from ./score/mw/com/impl/generic_proxy_event.h:18:
2026-10-07T14:45:45.1807800Z In file included from ./score/mw/com/impl/proxy_base.h:18:
2026-10-07T14:45:45.1808516Z In file included from ./score/mw/com/impl/handle_type.h:18:
2026-10-07T14:45:45.1809311Z In file included from ./score/mw/com/impl/instance_identifier.h:16:
2026-10-07T14:45:45.1811226Z ./score/mw/com/impl/com_error.h:186:65: warning: 'kServiceInstanceAlreadyOffered' is deprecated: Value has never been used. Calls to OfferService shall be idempotent. [-Wdeprecated-declarations]
2026-10-07T14:45:45.1813497Z   186 |             case static_cast<score::result::ErrorCode>(ComErrc::kServiceInstanceAlreadyOffered):
2026-10-07T14:45:45.1814591Z       |                                                                 ^
2026-10-07T14:45:45.1815994Z ./score/mw/com/impl/com_error.h:58:11: note: 'kServiceInstanceAlreadyOffered' has been explicitly marked deprecated here
2026-10-07T14:45:45.1817413Z    58 |         [[deprecated("Value has never been used. Calls to OfferService shall be idempotent.")]],
2026-10-07T14:45:45.1818233Z       |           ^
2026-10-07T14:45:45.1818745Z 1 warning generated.
2026-10-07T14:45:45.8475263Z [7,479 / 13,897] 39 / 514 tests; Compiling Rust rlib puml_parser_core (5 files) [for tool]; 3s disk-cache, linux-sandbox ... (4 actions, 3 running)
2026-10-07T14:45:49.0623620Z INFO: From Compiling score/mw/com/impl/test/methods/semi_dynamic_methods/main_provider.cpp:
2026-10-07T14:45:49.0703193Z In file included from score/mw/com/impl/test/methods/semi_dynamic_methods/main_provider.cpp:14:
2026-10-07T14:45:49.0825191Z In file included from ./score/mw/com/runtime.h:24:
2026-10-07T14:45:49.0883021Z In file included from ./score/mw/com/mocking/i_runtime.h:17:
2026-10-07T14:45:49.0912966Z In file included from ./score/mw/com/types.h:24:
2026-10-07T14:45:49.0913741Z In file included from ./score/mw/com/impl/generic_proxy.h:18:
2026-10-07T14:45:49.0914580Z In file included from ./score/mw/com/impl/generic_proxy_event.h:18:
2026-10-07T14:45:49.0915393Z In file included from ./score/mw/com/impl/proxy_base.h:18:
2026-10-07T14:45:49.0921827Z In file included from ./score/mw/com/impl/handle_type.h:18:
2026-10-07T14:45:49.0993976Z In file included from ./score/mw/com/impl/instance_identifier.h:16:
2026-10-07T14:45:49.1083949Z ./score/mw/com/impl/com_error.h:186:65: warning: 'kServiceInstanceAlreadyOffered' is deprecated: Value has never been used. Calls to OfferService shall be idempotent. [-Wdeprecated-declarations]
2026-10-07T14:45:49.1133325Z   186 |             case static_cast<score::result::ErrorCode>(ComErrc::kServiceInstanceAlreadyOffered):
2026-10-07T14:45:49.1189870Z       |                                                                 ^
2026-10-07T14:45:49.1194221Z ./score/mw/com/impl/com_error.h:58:11: note: 'kServiceInstanceAlreadyOffered' has been explicitly marked deprecated here
2026-10-07T14:45:49.1236797Z    58 |         [[deprecated("Value has never been used. Calls to OfferService shall be idempotent.")]],
2026-10-07T14:45:49.1332775Z       |           ^
2026-10-07T14:45:49.1362689Z 1 warning generated.
2026-10-07T14:45:55.8503814Z [7,601 / 13,897] 39 / 514 tests; Compiling Rust rlib puml_parser_core (5 files) [for tool]; 13s disk-cache, linux-sandbox ... (4 actions, 3 running)
2026-10-07T14:45:56.2417976Z INFO: From Compiling score/mw/com/impl/test/methods/semi_dynamic_methods/provider.cpp:
2026-10-07T14:45:56.2428379Z In file included from score/mw/com/impl/test/methods/semi_dynamic_methods/provider.cpp:16:
2026-10-07T14:45:56.2429957Z In file included from ./score/mw/com/impl/test/methods/semi_dynamic_methods/semi_dynamic_method_datatype.h:16:
2026-10-07T14:45:56.2431028Z In file included from ./score/mw/com/types.h:24:
2026-10-07T14:45:56.2431870Z In file included from ./score/mw/com/impl/generic_proxy.h:18:
2026-10-07T14:45:56.2433335Z In file included from ./score/mw/com/impl/generic_proxy_event.h:18:
2026-10-07T14:45:56.2434226Z In file included from ./score/mw/com/impl/proxy_base.h:18:
2026-10-07T14:45:56.2435075Z In file included from ./score/mw/com/impl/handle_type.h:18:
2026-10-07T14:45:56.2435833Z In file included from ./score/mw/com/impl/instance_identifier.h:16:
2026-10-07T14:45:56.2437471Z ./score/mw/com/impl/com_error.h:186:65: warning: 'kServiceInstanceAlreadyOffered' is deprecated: Value has never been used. Calls to OfferService shall be idempotent. [-Wdeprecated-declarations]
2026-10-07T14:45:56.2439045Z   186 |             case static_cast<score::result::ErrorCode>(ComErrc::kServiceInstanceAlreadyOffered):
2026-10-07T14:45:56.2439927Z       |                                                                 ^
2026-10-07T14:45:56.2441406Z ./score/mw/com/impl/com_error.h:58:11: note: 'kServiceInstanceAlreadyOffered' has been explicitly marked deprecated here
2026-10-07T14:45:56.2443213Z    58 |         [[deprecated("Value has never been used. Calls to OfferService shall be idempotent.")]],
2026-10-07T14:45:56.2443881Z       |           ^
2026-10-07T14:45:56.2444260Z 1 warning generated.
2026-10-07T14:45:59.2983866Z INFO: From Compiling score/mw/com/impl/test/methods/semi_dynamic_methods/semi_dynamic_method_datatype.cpp:
2026-10-07T14:45:59.3084881Z In file included from score/mw/com/impl/test/methods/semi_dynamic_methods/semi_dynamic_method_datatype.cpp:13:
2026-10-07T14:45:59.3113346Z In file included from ./score/mw/com/impl/test/methods/semi_dynamic_methods/semi_dynamic_method_datatype.h:16:
2026-10-07T14:45:59.3183172Z In file included from ./score/mw/com/types.h:24:
2026-10-07T14:45:59.3262849Z In file included from ./score/mw/com/impl/generic_proxy.h:18:
2026-10-07T14:45:59.3292949Z In file included from ./score/mw/com/impl/generic_proxy_event.h:18:
2026-10-07T14:45:59.3311289Z In file included from ./score/mw/com/impl/proxy_base.h:18:
2026-10-07T14:45:59.3392842Z In file included from ./score/mw/com/impl/handle_type.h:18:
2026-10-07T14:45:59.3492899Z In file included from ./score/mw/com/impl/instance_identifier.h:16:
2026-10-07T14:45:59.3553911Z ./score/mw/com/impl/com_error.h:186:65: warning: 'kServiceInstanceAlreadyOffered' is deprecated: Value has never been used. Calls to OfferService shall be idempotent. [-Wdeprecated-declarations]
2026-10-07T14:45:59.3636781Z   186 |             case static_cast<score::result::ErrorCode>(ComErrc::kServiceInstanceAlreadyOffered):
2026-10-07T14:45:59.3688878Z       |                                                                 ^
2026-10-07T14:45:59.3747693Z ./score/mw/com/impl/com_error.h:58:11: note: 'kServiceInstanceAlreadyOffered' has been explicitly marked deprecated here
2026-10-07T14:45:59.3756444Z    58 |         [[deprecated("Value has never been used. Calls to OfferService shall be idempotent.")]],
2026-10-07T14:45:59.3757127Z       |           ^
2026-10-07T14:45:59.3757642Z 1 warning generated.
2026-10-07T14:46:04.5840609Z INFO: From Compiling score/mw/com/test/methods/stop_offer_during_call/main_stop_offer_during_call.cpp:
2026-10-07T14:46:04.5863907Z In file included from score/mw/com/test/methods/stop_offer_during_call/main_stop_offer_during_call.cpp:17:
2026-10-07T14:46:04.5892702Z In file included from ./score/mw/com/runtime.h:24:
2026-10-07T14:46:04.5912872Z In file included from ./score/mw/com/mocking/i_runtime.h:17:
2026-10-07T14:46:04.5922718Z In file included from ./score/mw/com/types.h:24:
2026-10-07T14:46:04.5952836Z In file included from ./score/mw/com/impl/generic_proxy.h:18:
2026-10-07T14:46:04.5982928Z In file included from ./score/mw/com/impl/generic_proxy_event.h:18:
2026-10-07T14:46:04.6002852Z In file included from ./score/mw/com/impl/proxy_base.h:18:
2026-10-07T14:46:04.6012867Z In file included from ./score/mw/com/impl/handle_type.h:18:
2026-10-07T14:46:04.6033130Z In file included from ./score/mw/com/impl/instance_identifier.h:16:
2026-10-07T14:46:04.6034875Z ./score/mw/com/impl/com_error.h:186:65: warning: 'kServiceInstanceAlreadyOffered' is deprecated: Value has never been used. Calls to OfferService shall be idempotent. [-Wdeprecated-declarations]
2026-10-07T14:46:04.6036483Z   186 |             case static_cast<score::result::ErrorCode>(ComErrc::kServiceInstanceAlreadyOffered):
2026-10-07T14:46:04.6037303Z       |                                                                 ^
2026-10-07T14:46:04.6038410Z ./score/mw/com/impl/com_error.h:58:11: note: 'kServiceInstanceAlreadyOffered' has been explicitly marked deprecated here
2026-10-07T14:46:04.6039695Z    58 |         [[deprecated("Value has never been used. Calls to OfferService shall be idempotent.")]],
2026-10-07T14:46:04.6040327Z       |           ^
2026-10-07T14:46:04.6040661Z 1 warning generated.
2026-10-07T14:46:05.8784372Z [7,818 / 13,897] 39 / 514 tests; Compiling Rust rlib puml_parser_core (5 files) [for tool]; 23s disk-cache, linux-sandbox ... (4 actions, 3 running)
2026-10-07T14:46:08.8989891Z INFO: From Compiling score/mw/com/test/methods/stop_offer_during_call/consumer_and_provider.cpp:
2026-10-07T14:46:08.8999030Z In file included from score/mw/com/test/methods/stop_offer_during_call/consumer_and_provider.cpp:16:
2026-10-07T14:46:08.9000321Z In file included from ./score/mw/com/test/methods/stop_offer_during_call/test_method_datatype.h:16:
2026-10-07T14:46:08.9001187Z In file included from ./score/mw/com/types.h:24:
2026-10-07T14:46:08.9001924Z In file included from ./score/mw/com/impl/generic_proxy.h:18:
2026-10-07T14:46:08.9003096Z In file included from ./score/mw/com/impl/generic_proxy_event.h:18:
2026-10-07T14:46:08.9004089Z In file included from ./score/mw/com/impl/proxy_base.h:18:
2026-10-07T14:46:08.9005017Z In file included from ./score/mw/com/impl/handle_type.h:18:
2026-10-07T14:46:08.9005872Z In file included from ./score/mw/com/impl/instance_identifier.h:16:
2026-10-07T14:46:08.9007732Z ./score/mw/com/impl/com_error.h:186:65: warning: 'kServiceInstanceAlreadyOffered' is deprecated: Value has never been used. Calls to OfferService shall be idempotent. [-Wdeprecated-declarations]
2026-10-07T14:46:08.9038571Z   186 |             case static_cast<score::result::ErrorCode>(ComErrc::kServiceInstanceAlreadyOffered):
2026-10-07T14:46:08.9039701Z       |                                                                 ^
2026-10-07T14:46:08.9040952Z ./score/mw/com/impl/com_error.h:58:11: note: 'kServiceInstanceAlreadyOffered' has been explicitly marked deprecated here
2026-10-07T14:46:08.9042482Z    58 |         [[deprecated("Value has never been used. Calls to OfferService shall be idempotent.")]],
2026-10-07T14:46:08.9043245Z       |           ^
2026-10-07T14:46:08.9043730Z 1 warning generated.
2026-10-07T14:46:11.7010844Z INFO: From Compiling score/mw/com/test/methods/stop_offer_during_call/test_method_datatype.cpp:
2026-10-07T14:46:11.7033554Z In file included from score/mw/com/test/methods/stop_offer_during_call/test_method_datatype.cpp:13:
2026-10-07T14:46:11.7063125Z In file included from ./score/mw/com/test/methods/stop_offer_during_call/test_method_datatype.h:16:
2026-10-07T14:46:11.7085861Z In file included from ./score/mw/com/types.h:24:
2026-10-07T14:46:11.7086723Z In file included from ./score/mw/com/impl/generic_proxy.h:18:
2026-10-07T14:46:11.7087636Z In file included from ./score/mw/com/impl/generic_proxy_event.h:18:
2026-10-07T14:46:11.7112916Z In file included from ./score/mw/com/impl/proxy_base.h:18:
2026-10-07T14:46:11.7119742Z In file included from ./score/mw/com/impl/handle_type.h:18:
2026-10-07T14:46:11.7120652Z In file included from ./score/mw/com/impl/instance_identifier.h:16:
2026-10-07T14:46:11.7122784Z ./score/mw/com/impl/com_error.h:186:65: warning: 'kServiceInstanceAlreadyOffered' is deprecated: Value has never been used. Calls to OfferService shall be idempotent. [-Wdeprecated-declarations]
2026-10-07T14:46:11.7124673Z   186 |             case static_cast<score::result::ErrorCode>(ComErrc::kServiceInstanceAlreadyOffered):
2026-10-07T14:46:11.7125678Z       |                                                                 ^
2026-10-07T14:46:11.7126983Z ./score/mw/com/impl/com_error.h:58:11: note: 'kServiceInstanceAlreadyOffered' has been explicitly marked deprecated here
2026-10-07T14:46:11.7128378Z    58 |         [[deprecated("Value has never been used. Calls to OfferService shall be idempotent.")]],
2026-10-07T14:46:11.7129121Z       |           ^
2026-10-07T14:46:11.7129543Z 1 warning generated.
2026-10-07T14:46:13.1662681Z INFO: From Compiling Rust rlib sample_allocatee_ptr_rs (1 file):
2026-10-07T14:46:13.1683420Z warning: struct `SomeIpSampleAllocateePtrBinding` is never constructed
2026-10-07T14:46:13.1724900Z   --> score/mw/com/impl/plumbing/rust/sample_allocatee_ptr.rs:64:8
2026-10-07T14:46:13.1725647Z    |
2026-10-07T14:46:13.1756086Z 64 | struct SomeIpSampleAllocateePtrBinding<T> {
2026-10-07T14:46:13.1785138Z    |        ^^^^^^^^^^^^^^^^^^^^^^^^^^^^^^^
2026-10-07T14:46:13.1785890Z    |
2026-10-07T14:46:13.1786498Z    = note: `#[warn(dead_code)]` (part of `#[warn(unused)]`) on by default
2026-10-07T14:46:13.1786849Z 
2026-10-07T14:46:13.1787277Z warning: union `SomeIpSampleAllocateePtrVariant` is never used
2026-10-07T14:46:13.1788034Z   --> score/mw/com/impl/plumbing/rust/sample_allocatee_ptr.rs:71:7
2026-10-07T14:46:13.1788496Z    |
2026-10-07T14:46:13.1788956Z 71 | union SomeIpSampleAllocateePtrVariant<T> {
2026-10-07T14:46:13.1789478Z    |       ^^^^^^^^^^^^^^^^^^^^^^^^^^^^^^^
2026-10-07T14:46:13.1789686Z 
2026-10-07T14:46:13.1789921Z warning: 2 warnings emitted
2026-10-07T14:46:13.1790104Z 
2026-10-07T14:46:15.1360757Z INFO: From Compiling score/mw/com/test/generic_skeleton/generic_generic_interaction_app.cpp:
2026-10-07T14:46:15.1383926Z In file included from score/mw/com/test/generic_skeleton/generic_generic_interaction_app.cpp:1:
2026-10-07T14:46:15.1412805Z In file included from ./score/mw/com/runtime.h:24:
2026-10-07T14:46:15.1433002Z In file included from ./score/mw/com/mocking/i_runtime.h:17:
2026-10-07T14:46:15.1433865Z In file included from ./score/mw/com/types.h:24:
2026-10-07T14:46:15.1434780Z In file included from ./score/mw/com/impl/generic_proxy.h:18:
2026-10-07T14:46:15.1435700Z In file included from ./score/mw/com/impl/generic_proxy_event.h:18:
2026-10-07T14:46:15.1436609Z In file included from ./score/mw/com/impl/proxy_base.h:18:
2026-10-07T14:46:15.1437445Z In file included from ./score/mw/com/impl/handle_type.h:18:
2026-10-07T14:46:15.1438340Z In file included from ./score/mw/com/impl/instance_identifier.h:16:
2026-10-07T14:46:15.1440234Z ./score/mw/com/impl/com_error.h:186:65: warning: 'kServiceInstanceAlreadyOffered' is deprecated: Value has never been used. Calls to OfferService shall be idempotent. [-Wdeprecated-declarations]
2026-10-07T14:46:15.1442143Z   186 |             case static_cast<score::result::ErrorCode>(ComErrc::kServiceInstanceAlreadyOffered):
2026-10-07T14:46:15.1443154Z       |                                                                 ^
2026-10-07T14:46:15.1444423Z ./score/mw/com/impl/com_error.h:58:11: note: 'kServiceInstanceAlreadyOffered' has been explicitly marked deprecated here
2026-10-07T14:46:15.1446154Z    58 |         [[deprecated("Value has never been used. Calls to OfferService shall be idempotent.")]],
2026-10-07T14:46:15.1446911Z       |           ^
2026-10-07T14:46:15.1447370Z 1 warning generated.
2026-10-07T14:46:15.8998078Z [8,042 / 13,897] 39 / 514 tests; Compiling Rust rlib puml_parser_core (5 files) [for tool]; 33s disk-cache, linux-sandbox ... (4 actions, 3 running)
2026-10-07T14:46:18.8373689Z INFO: From Compiling score/mw/com/test/generic_skeleton/generic_generic_interaction_app.cpp:
2026-10-07T14:46:18.8375044Z In file included from score/mw/com/test/generic_skeleton/generic_generic_interaction_app.cpp:1:
2026-10-07T14:46:18.8425192Z In file included from ./score/mw/com/runtime.h:24:
2026-10-07T14:46:18.8434411Z In file included from ./score/mw/com/mocking/i_runtime.h:17:
2026-10-07T14:46:18.8452569Z In file included from ./score/mw/com/types.h:24:
2026-10-07T14:46:18.8482617Z In file included from ./score/mw/com/impl/generic_proxy.h:18:
2026-10-07T14:46:18.8512724Z In file included from ./score/mw/com/impl/generic_proxy_event.h:18:
2026-10-07T14:46:18.8542764Z In file included from ./score/mw/com/impl/proxy_base.h:18:
2026-10-07T14:46:18.8572839Z In file included from ./score/mw/com/impl/handle_type.h:18:
2026-10-07T14:46:18.8573859Z In file included from ./score/mw/com/impl/instance_identifier.h:16:
2026-10-07T14:46:18.8577802Z ./score/mw/com/impl/com_error.h:186:65: warning: 'kServiceInstanceAlreadyOffered' is deprecated: Value has never been used. Calls to OfferService shall be idempotent. [-Wdeprecated-declarations]
2026-10-07T14:46:18.8579596Z   186 |             case static_cast<score::result::ErrorCode>(ComErrc::kServiceInstanceAlreadyOffered):
2026-10-07T14:46:18.8580694Z       |                                                                 ^
2026-10-07T14:46:18.8582340Z ./score/mw/com/impl/com_error.h:58:11: note: 'kServiceInstanceAlreadyOffered' has been explicitly marked deprecated here
2026-10-07T14:46:18.8583781Z    58 |         [[deprecated("Value has never been used. Calls to OfferService shall be idempotent.")]],
2026-10-07T14:46:18.8584550Z       |           ^
2026-10-07T14:46:18.8585059Z 1 warning generated.
2026-10-07T14:46:23.4913642Z INFO: From Compiling score/mw/com/test/generic_skeleton/generic_generic_interaction_app.cpp:
2026-10-07T14:46:23.4937406Z In file included from score/mw/com/test/generic_skeleton/generic_generic_interaction_app.cpp:1:
2026-10-07T14:46:23.4943329Z In file included from ./score/mw/com/runtime.h:24:
2026-10-07T14:46:23.4944206Z In file included from ./score/mw/com/mocking/i_runtime.h:17:
2026-10-07T14:46:23.4945044Z In file included from ./score/mw/com/types.h:24:
2026-10-07T14:46:23.4945907Z In file included from ./score/mw/com/impl/generic_proxy.h:18:
2026-10-07T14:46:23.4963045Z In file included from ./score/mw/com/impl/generic_proxy_event.h:18:
2026-10-07T14:46:23.4974006Z In file included from ./score/mw/com/impl/proxy_base.h:18:
2026-10-07T14:46:23.4974968Z In file included from ./score/mw/com/impl/handle_type.h:18:
2026-10-07T14:46:23.4979747Z In file included from ./score/mw/com/impl/instance_identifier.h:16:
2026-10-07T14:46:23.4986378Z ./score/mw/com/impl/com_error.h:186:65: warning: 'kServiceInstanceAlreadyOffered' is deprecated: Value has never been used. Calls to OfferService shall be idempotent. [-Wdeprecated-declarations]
2026-10-07T14:46:23.5019718Z   186 |             case static_cast<score::result::ErrorCode>(ComErrc::kServiceInstanceAlreadyOffered):
2026-10-07T14:46:23.5023237Z       |                                                                 ^
2026-10-07T14:46:23.5024702Z ./score/mw/com/impl/com_error.h:58:11: note: 'kServiceInstanceAlreadyOffered' has been explicitly marked deprecated here
2026-10-07T14:46:23.5027098Z    58 |         [[deprecated("Value has never been used. Calls to OfferService shall be idempotent.")]],
2026-10-07T14:46:23.5027931Z       |           ^
2026-10-07T14:46:23.5028397Z 1 warning generated.
2026-10-07T14:46:25.9234115Z [8,224 / 13,898] 39 / 514 tests; Compiling score/mw/com/test/generic_skeleton/generic_generic_interaction_app.cpp; 2s disk-cache, linux-sandbox ... (4 actions, 3 running)
2026-10-07T14:46:28.5435718Z INFO: From Compiling score/mw/com/test/generic_skeleton/generic_generic_interaction_app.cpp:
2026-10-07T14:46:28.5437050Z In file included from score/mw/com/test/generic_skeleton/generic_generic_interaction_app.cpp:1:
2026-10-07T14:46:28.5492774Z In file included from ./score/mw/com/runtime.h:24:
2026-10-07T14:46:28.5512989Z In file included from ./score/mw/com/mocking/i_runtime.h:17:
2026-10-07T14:46:28.5532736Z In file included from ./score/mw/com/types.h:24:
2026-10-07T14:46:28.5556939Z In file included from ./score/mw/com/impl/generic_proxy.h:18:
2026-10-07T14:46:28.5557922Z In file included from ./score/mw/com/impl/generic_proxy_event.h:18:
2026-10-07T14:46:28.5558807Z In file included from ./score/mw/com/impl/proxy_base.h:18:
2026-10-07T14:46:28.5559573Z In file included from ./score/mw/com/impl/handle_type.h:18:
2026-10-07T14:46:28.5560419Z In file included from ./score/mw/com/impl/instance_identifier.h:16:
2026-10-07T14:46:28.5562508Z ./score/mw/com/impl/com_error.h:186:65: warning: 'kServiceInstanceAlreadyOffered' is deprecated: Value has never been used. Calls to OfferService shall be idempotent. [-Wdeprecated-declarations]
2026-10-07T14:46:28.5564241Z   186 |             case static_cast<score::result::ErrorCode>(ComErrc::kServiceInstanceAlreadyOffered):
2026-10-07T14:46:28.5565175Z       |                                                                 ^
2026-10-07T14:46:28.5566396Z ./score/mw/com/impl/com_error.h:58:11: note: 'kServiceInstanceAlreadyOffered' has been explicitly marked deprecated here
2026-10-07T14:46:28.5567735Z    58 |         [[deprecated("Value has never been used. Calls to OfferService shall be idempotent.")]],
2026-10-07T14:46:28.5568444Z       |           ^
2026-10-07T14:46:28.5569195Z 1 warning generated.
2026-10-07T14:46:36.0523902Z [8,346 / 13,898] 39 / 514 tests; Compiling Rust rlib validation (38 files) [for tool]; 10s disk-cache, linux-sandbox ... (4 actions, 3 running)
2026-10-07T14:46:38.5263820Z INFO: From Compiling score/mw/com/impl/test/check_values_created_from_config/check_values_created_from_config_application.cpp:
2026-10-07T14:46:38.5283704Z In file included from score/mw/com/impl/test/check_values_created_from_config/check_values_created_from_config_application.cpp:16:
2026-10-07T14:46:38.5352953Z In file included from ./score/mw/com/com_error_domain.h:16:
2026-10-07T14:46:38.5383772Z ./score/mw/com/impl/com_error.h:186:65: warning: 'kServiceInstanceAlreadyOffered' is deprecated: Value has never been used. Calls to OfferService shall be idempotent. [-Wdeprecated-declarations]
2026-10-07T14:46:38.5413209Z   186 |             case static_cast<score::result::ErrorCode>(ComErrc::kServiceInstanceAlreadyOffered):
2026-10-07T14:46:38.5472951Z       |                                                                 ^
2026-10-07T14:46:38.5503259Z ./score/mw/com/impl/com_error.h:58:11: note: 'kServiceInstanceAlreadyOffered' has been explicitly marked deprecated here
2026-10-07T14:46:38.5532312Z    58 |         [[deprecated("Value has never been used. Calls to OfferService shall be idempotent.")]],
2026-10-07T14:46:38.5564878Z       |           ^
2026-10-07T14:46:38.5616960Z 1 warning generated.
2026-10-07T14:46:43.6843585Z INFO: From Compiling score/mw/com/test/find_any_semantics/client.cpp:
2026-10-07T14:46:43.6873027Z In file included from score/mw/com/test/find_any_semantics/client.cpp:15:
2026-10-07T14:46:43.6902979Z In file included from ./score/mw/com/test/find_any_semantics/test_datatype.h:17:
2026-10-07T14:46:43.6912957Z In file included from ./score/mw/com/types.h:24:
2026-10-07T14:46:43.6932639Z In file included from ./score/mw/com/impl/generic_proxy.h:18:
2026-10-07T14:46:43.6959227Z In file included from ./score/mw/com/impl/generic_proxy_event.h:18:
2026-10-07T14:46:43.6973026Z In file included from ./score/mw/com/impl/proxy_base.h:18:
2026-10-07T14:46:43.7003082Z In file included from ./score/mw/com/impl/handle_type.h:18:
2026-10-07T14:46:43.7039484Z In file included from ./score/mw/com/impl/instance_identifier.h:16:
2026-10-07T14:46:43.7061300Z ./score/mw/com/impl/com_error.h:186:65: warning: 'kServiceInstanceAlreadyOffered' is deprecated: Value has never been used. Calls to OfferService shall be idempotent. [-Wdeprecated-declarations]
2026-10-07T14:46:43.7063317Z   186 |             case static_cast<score::result::ErrorCode>(ComErrc::kServiceInstanceAlreadyOffered):
2026-10-07T14:46:43.7064322Z       |                                                                 ^
2026-10-07T14:46:43.7065559Z ./score/mw/com/impl/com_error.h:58:11: note: 'kServiceInstanceAlreadyOffered' has been explicitly marked deprecated here
2026-10-07T14:46:43.7066936Z    58 |         [[deprecated("Value has never been used. Calls to OfferService shall be idempotent.")]],
2026-10-07T14:46:43.7067722Z       |           ^
2026-10-07T14:46:43.7068179Z 1 warning generated.
2026-10-07T14:46:46.0478231Z [8,494 / 13,898] 39 / 514 tests; Generating needs.json for: futurecpp_doc_needs; 4s disk-cache, linux-sandbox ... (4 actions, 3 running)
2026-10-07T14:46:49.3609443Z INFO: From Compiling score/mw/com/test/find_any_semantics/service.cpp:
2026-10-07T14:46:49.3632922Z In file included from score/mw/com/test/find_any_semantics/service.cpp:15:
2026-10-07T14:46:49.3663477Z In file included from ./score/mw/com/test/find_any_semantics/test_datatype.h:17:
2026-10-07T14:46:49.3694597Z In file included from ./score/mw/com/types.h:24:
2026-10-07T14:46:49.3746154Z In file included from ./score/mw/com/impl/generic_proxy.h:18:
2026-10-07T14:46:49.3753243Z In file included from ./score/mw/com/impl/generic_proxy_event.h:18:
2026-10-07T14:46:49.3753975Z In file included from ./score/mw/com/impl/proxy_base.h:18:
2026-10-07T14:46:49.3754599Z In file included from ./score/mw/com/impl/handle_type.h:18:
2026-10-07T14:46:49.3755572Z In file included from ./score/mw/com/impl/instance_identifier.h:16:
2026-10-07T14:46:49.3757405Z ./score/mw/com/impl/com_error.h:186:65: warning: 'kServiceInstanceAlreadyOffered' is deprecated: Value has never been used. Calls to OfferService shall be idempotent. [-Wdeprecated-declarations]
2026-10-07T14:46:49.3783472Z   186 |             case static_cast<score::result::ErrorCode>(ComErrc::kServiceInstanceAlreadyOffered):
2026-10-07T14:46:49.3784367Z       |                                                                 ^
2026-10-07T14:46:49.3785517Z ./score/mw/com/impl/com_error.h:58:11: note: 'kServiceInstanceAlreadyOffered' has been explicitly marked deprecated here
2026-10-07T14:46:49.3786774Z    58 |         [[deprecated("Value has never been used. Calls to OfferService shall be idempotent.")]],
2026-10-07T14:46:49.3787385Z       |           ^
2026-10-07T14:46:49.3787707Z 1 warning generated.
2026-10-07T14:46:53.9423752Z INFO: From Compiling score/mw/com/test/find_any_semantics/test_datatype.cpp:
2026-10-07T14:46:53.9463033Z In file included from score/mw/com/test/find_any_semantics/test_datatype.cpp:14:
2026-10-07T14:46:53.9492928Z In file included from ./score/mw/com/test/find_any_semantics/test_datatype.h:17:
2026-10-07T14:46:53.9493678Z In file included from ./score/mw/com/types.h:24:
2026-10-07T14:46:53.9494346Z In file included from ./score/mw/com/impl/generic_proxy.h:18:
2026-10-07T14:46:53.9495153Z In file included from ./score/mw/com/impl/generic_proxy_event.h:18:
2026-10-07T14:46:53.9495900Z In file included from ./score/mw/com/impl/proxy_base.h:18:
2026-10-07T14:46:53.9496615Z In file included from ./score/mw/com/impl/handle_type.h:18:
2026-10-07T14:46:53.9497382Z In file included from ./score/mw/com/impl/instance_identifier.h:16:
2026-10-07T14:46:53.9499181Z ./score/mw/com/impl/com_error.h:186:65: warning: 'kServiceInstanceAlreadyOffered' is deprecated: Value has never been used. Calls to OfferService shall be idempotent. [-Wdeprecated-declarations]
2026-10-07T14:46:53.9500980Z   186 |             case static_cast<score::result::ErrorCode>(ComErrc::kServiceInstanceAlreadyOffered):
2026-10-07T14:46:53.9501861Z       |                                                                 ^
2026-10-07T14:46:53.9533139Z ./score/mw/com/impl/com_error.h:58:11: note: 'kServiceInstanceAlreadyOffered' has been explicitly marked deprecated here
2026-10-07T14:46:53.9562977Z    58 |         [[deprecated("Value has never been used. Calls to OfferService shall be idempotent.")]],
2026-10-07T14:46:53.9592415Z       |           ^
2026-10-07T14:46:53.9622394Z 1 warning generated.
2026-10-07T14:46:56.0761609Z [8,611 / 13,898] 39 / 514 tests; Building HTML: futurecpp_doc; 7s disk-cache, linux-sandbox ... (4 actions, 3 running)
2026-10-07T14:47:01.1128960Z INFO: From Compiling score/mw/com/test/receive_handler_usage/receive_handler_usage_application.cpp:
2026-10-07T14:47:01.1164030Z In file included from score/mw/com/test/receive_handler_usage/receive_handler_usage_application.cpp:17:
2026-10-07T14:47:01.1213212Z In file included from ./score/mw/com/com_error_domain.h:16:
2026-10-07T14:47:01.1253789Z ./score/mw/com/impl/com_error.h:186:65: warning: 'kServiceInstanceAlreadyOffered' is deprecated: Value has never been used. Calls to OfferService shall be idempotent. [-Wdeprecated-declarations]
2026-10-07T14:47:01.1283101Z   186 |             case static_cast<score::result::ErrorCode>(ComErrc::kServiceInstanceAlreadyOffered):
2026-10-07T14:47:01.1316873Z       |                                                                 ^
2026-10-07T14:47:01.1326142Z ./score/mw/com/impl/com_error.h:58:11: note: 'kServiceInstanceAlreadyOffered' has been explicitly marked deprecated here
2026-10-07T14:47:01.1347300Z    58 |         [[deprecated("Value has never been used. Calls to OfferService shall be idempotent.")]],
2026-10-07T14:47:01.1363367Z       |           ^
2026-10-07T14:47:01.1383070Z 1 warning generated.
2026-10-07T14:47:02.0511201Z INFO: From Running dependable-element validation: mw_com_index:
2026-10-07T14:47:02.0535693Z [2026-10-07T14:47:02Z WARN  validation_cli::report] Verification FAILED (29 error(s)):
2026-10-07T14:47:02.0559057Z     
2026-10-07T14:47:02.0560276Z       [1] [Naming] Component "binding_independent" from the PlantUML component diagram not found in Bazel.
2026-10-07T14:47:02.0561248Z       Alias                 : "binding_independent"
2026-10-07T14:47:02.0561899Z       Parent                : (top-level)
2026-10-07T14:47:02.0564049Z       Component source file : "score/mw/com/dependability/software_architectural_design/static_design/binding_independent.puml"
2026-10-07T14:47:02.0565018Z       Component source line : 16
2026-10-07T14:47:02.0566576Z       Fix                   : Add the corresponding Bazel component definition for "binding_independent", or remove it from the PlantUML component diagram.
2026-10-07T14:47:02.0567460Z     
2026-10-07T14:47:02.0568444Z       [2] [Naming] Component "binding_independent" from the PlantUML component diagram not found in Bazel.
2026-10-07T14:47:02.0569418Z       Alias                 : "binding_independent"
2026-10-07T14:47:02.0570037Z       Parent                : mw_com
2026-10-07T14:47:02.0571172Z       Component source file : "score/mw/com/dependability/software_architectural_design/static_design/overall.puml"
2026-10-07T14:47:02.0572232Z       Component source line : 21
2026-10-07T14:47:02.0573543Z       Fix                   : Add the corresponding Bazel component definition for "binding_independent", or remove it from the PlantUML component diagram.
2026-10-07T14:47:02.0577029Z     
2026-10-07T14:47:02.0577986Z       [3] [Naming] Component "lola_binding" from the PlantUML component diagram not found in Bazel.
2026-10-07T14:47:02.0578883Z       Alias                 : "lola_binding"
2026-10-07T14:47:02.0579540Z       Parent                : (top-level)
2026-10-07T14:47:02.0580735Z       Component source file : "score/mw/com/dependability/software_architectural_design/static_design/lola_binding.puml"
2026-10-07T14:47:02.0581709Z       Component source line : 16
2026-10-07T14:47:02.0583558Z       Fix                   : Add the corresponding Bazel component definition for "lola_binding", or remove it from the PlantUML component diagram.
2026-10-07T14:47:02.0584933Z     
2026-10-07T14:47:02.0585922Z       [4] [Naming] Component "lola_binding" from the PlantUML component diagram not found in Bazel.
2026-10-07T14:47:02.0587056Z       Alias                 : "lola_binding"
2026-10-07T14:47:02.0587760Z       Parent                : mw_com
2026-10-07T14:47:02.0595535Z       Component source file : "score/mw/com/dependability/software_architectural_design/static_design/overall.puml"
2026-10-07T14:47:02.0596709Z       Component source line : 22
2026-10-07T14:47:02.0598221Z       Fix                   : Add the corresponding Bazel component definition for "lola_binding", or remove it from the PlantUML component diagram.
2026-10-07T14:47:02.0599059Z     
2026-10-07T14:47:02.0600000Z       [5] [Naming] Component "mock_binding" from the PlantUML component diagram not found in Bazel.
2026-10-07T14:47:02.0601007Z       Alias                 : "mock_binding"
2026-10-07T14:47:02.0601778Z       Parent                : (top-level)
2026-10-07T14:47:02.0603470Z       Component source file : "score/mw/com/dependability/software_architectural_design/static_design/mock_binding.puml"
2026-10-07T14:47:02.0604648Z       Component source line : 16
2026-10-07T14:47:02.0606062Z       Fix                   : Add the corresponding Bazel component definition for "mock_binding", or remove it from the PlantUML component diagram.
2026-10-07T14:47:02.0607145Z     
2026-10-07T14:47:02.0608165Z       [6] [Naming] Component "mock_binding" from the PlantUML component diagram not found in Bazel.
2026-10-07T14:47:02.0609106Z       Alias                 : "mock_binding"
2026-10-07T14:47:02.0609815Z       Parent                : mw_com
2026-10-07T14:47:02.0611256Z       Component source file : "score/mw/com/dependability/software_architectural_design/static_design/overall.puml"
2026-10-07T14:47:02.0612603Z       Component source line : 23
2026-10-07T14:47:02.0614170Z       Fix                   : Add the corresponding Bazel component definition for "mock_binding", or remove it from the PlantUML component diagram.
2026-10-07T14:47:02.0615316Z     
2026-10-07T14:47:02.0616726Z       [7] [Naming] Unit "binding_independent_generic_proxy_and_service_elements" from the PlantUML component diagram not found in Bazel.
2026-10-07T14:47:02.0618394Z       Alias                 : "binding_independent_generic_proxy_and_service_elements"
2026-10-07T14:47:02.0622425Z       Parent                : binding_independent
2026-10-07T14:47:02.0623987Z       Component source file : "score/mw/com/dependability/software_architectural_design/static_design/binding_independent.puml"
2026-10-07T14:47:02.0625303Z       Component source line : 27
2026-10-07T14:47:02.0627168Z       Fix                   : Add the corresponding Bazel unit definition for "binding_independent_generic_proxy_and_service_elements", or remove it from the PlantUML component diagram.
2026-10-07T14:47:02.0628457Z     
2026-10-07T14:47:02.0629987Z       [8] [Naming] Unit "binding_independent_generic_skeleton_and_service_elements" from the PlantUML component diagram not found in Bazel.
2026-10-07T14:47:02.0631625Z       Alias                 : "binding_independent_generic_skeleton_and_service_elements"
2026-10-07T14:47:02.0636913Z       Parent                : binding_independent
2026-10-07T14:47:02.0638835Z       Component source file : "score/mw/com/dependability/software_architectural_design/static_design/binding_independent.puml"
2026-10-07T14:47:02.0639597Z       Component source line : 25
2026-10-07T14:47:02.0640845Z       Fix                   : Add the corresponding Bazel unit definition for "binding_independent_generic_skeleton_and_service_elements", or remove it from the PlantUML component diagram.
2026-10-07T14:47:02.0641921Z     
2026-10-07T14:47:02.0643190Z       [9] [Naming] Unit "binding_independent_mocks" from the PlantUML component diagram not found in Bazel.
2026-10-07T14:47:02.0644449Z       Alias                 : "binding_independent_mocks"
2026-10-07T14:47:02.0645314Z       Parent                : binding_independent
2026-10-07T14:47:02.0646806Z       Component source file : "score/mw/com/dependability/software_architectural_design/static_design/binding_independent.puml"
2026-10-07T14:47:02.0647828Z       Component source line : 18
2026-10-07T14:47:02.0649388Z       Fix                   : Add the corresponding Bazel unit definition for "binding_independent_mocks", or remove it from the PlantUML component diagram.
2026-10-07T14:47:02.0650527Z     
2026-10-07T14:47:02.0651646Z       [10] [Naming] Unit "binding_independent_proxy_and_service_elements" from the PlantUML component diagram not found in Bazel.
2026-10-07T14:47:02.0654025Z       Alias                 : "binding_independent_proxy_and_service_elements"
2026-10-07T14:47:02.0654797Z       Parent                : binding_independent
2026-10-07T14:47:02.0656498Z       Component source file : "score/mw/com/dependability/software_architectural_design/static_design/binding_independent.puml"
2026-10-07T14:47:02.0657174Z       Component source line : 23
2026-10-07T14:47:02.0658136Z       Fix                   : Add the corresponding Bazel unit definition for "binding_independent_proxy_and_service_elements", or remove it from the PlantUML component diagram.
2026-10-07T14:47:02.0658828Z     
2026-10-07T14:47:02.0659480Z       [11] [Naming] Unit "binding_independent_runtime" from the PlantUML component diagram not found in Bazel.
2026-10-07T14:47:02.0660245Z       Alias                 : "binding_independent_runtime"
2026-10-07T14:47:02.0660967Z       Parent                : binding_independent
2026-10-07T14:47:02.0662515Z       Component source file : "score/mw/com/dependability/software_architectural_design/static_design/binding_independent.puml"
2026-10-07T14:47:02.0663316Z       Component source line : 19
2026-10-07T14:47:02.0664352Z       Fix                   : Add the corresponding Bazel unit definition for "binding_independent_runtime", or remove it from the PlantUML component diagram.
2026-10-07T14:47:02.0664931Z     
2026-10-07T14:47:02.0665605Z       [12] [Naming] Unit "binding_independent_service_discovery" from the PlantUML component diagram not found in Bazel.
2026-10-07T14:47:02.0666292Z       Alias                 : "binding_independent_service_discovery"
2026-10-07T14:47:02.0666773Z       Parent                : binding_independent
2026-10-07T14:47:02.0667582Z       Component source file : "score/mw/com/dependability/software_architectural_design/static_design/binding_independent.puml"
2026-10-07T14:47:02.0668189Z       Component source line : 17
2026-10-07T14:47:02.0669229Z       Fix                   : Add the corresponding Bazel unit definition for "binding_independent_service_discovery", or remove it from the PlantUML component diagram.
2026-10-07T14:47:02.0669828Z     
2026-10-07T14:47:02.0670547Z       [13] [Naming] Unit "binding_independent_skeleton_and_service_elements" from the PlantUML component diagram not found in Bazel.
2026-10-07T14:47:02.0671301Z       Alias                 : "binding_independent_skeleton_and_service_elements"
2026-10-07T14:47:02.0671802Z       Parent                : binding_independent
2026-10-07T14:47:02.0673071Z       Component source file : "score/mw/com/dependability/software_architectural_design/static_design/binding_independent.puml"
2026-10-07T14:47:02.0673921Z       Component source line : 21
2026-10-07T14:47:02.0675041Z       Fix                   : Add the corresponding Bazel unit definition for "binding_independent_skeleton_and_service_elements", or remove it from the PlantUML component diagram.
2026-10-07T14:47:02.0675595Z     
2026-10-07T14:47:02.0676243Z       [14] [Naming] Unit "lola_event_data_control" from the PlantUML component diagram not found in Bazel.
2026-10-07T14:47:02.0677059Z       Alias                 : "lola_event_data_control"
2026-10-07T14:47:02.0677593Z       Parent                : lola_binding
2026-10-07T14:47:02.0678829Z       Component source file : "score/mw/com/dependability/software_architectural_design/static_design/lola_binding.puml"
2026-10-07T14:47:02.0679625Z       Component source line : 21
2026-10-07T14:47:02.0681031Z       Fix                   : Add the corresponding Bazel unit definition for "lola_event_data_control", or remove it from the PlantUML component diagram.
2026-10-07T14:47:02.0681794Z     
2026-10-07T14:47:02.0686169Z       [15] [Naming] Unit "lola_message_passing_service" from the PlantUML component diagram not found in Bazel.
2026-10-07T14:47:02.0686970Z       Alias                 : "lola_message_passing_service"
2026-10-07T14:47:02.0687456Z       Parent                : lola_binding
2026-10-07T14:47:02.0688455Z       Component source file : "score/mw/com/dependability/software_architectural_design/static_design/lola_binding.puml"
2026-10-07T14:47:02.0689215Z       Component source line : 22
2026-10-07T14:47:02.0690616Z       Fix                   : Add the corresponding Bazel unit definition for "lola_message_passing_service", or remove it from the PlantUML component diagram.
2026-10-07T14:47:02.0691344Z     
2026-10-07T14:47:02.0691858Z       [16] [Naming] Unit "lola_method_data_control" from the PlantUML component diagram not found in Bazel.
2026-10-07T14:47:02.0692777Z       Alias                 : "lola_method_data_control"
2026-10-07T14:47:02.0693308Z       Parent                : lola_binding
2026-10-07T14:47:02.0693997Z       Component source file : "score/mw/com/dependability/software_architectural_design/static_design/lola_binding.puml"
2026-10-07T14:47:02.0694493Z       Component source line : 20
2026-10-07T14:47:02.0695730Z       Fix                   : Add the corresponding Bazel unit definition for "lola_method_data_control", or remove it from the PlantUML component diagram.
2026-10-07T14:47:02.0696208Z     
2026-10-07T14:47:02.0696913Z       [17] [Naming] Unit "lola_partial_restart" from the PlantUML component diagram not found in Bazel.
2026-10-07T14:47:02.0697917Z       Alias                 : "lola_partial_restart"
2026-10-07T14:47:02.0702697Z       Parent                : lola_binding
2026-10-07T14:47:02.0704014Z       Component source file : "score/mw/com/dependability/software_architectural_design/static_design/lola_binding.puml"
2026-10-07T14:47:02.0704864Z       Component source line : 19
2026-10-07T14:47:02.0706091Z       Fix                   : Add the corresponding Bazel unit definition for "lola_partial_restart", or remove it from the PlantUML component diagram.
2026-10-07T14:47:02.0706827Z     
2026-10-07T14:47:02.0707712Z       [18] [Naming] Unit "lola_proxy_and_service_elements" from the PlantUML component diagram not found in Bazel.
2026-10-07T14:47:02.0708607Z       Alias                 : "lola_proxy_and_service_elements"
2026-10-07T14:47:02.0709160Z       Parent                : lola_binding
2026-10-07T14:47:02.0710294Z       Component source file : "score/mw/com/dependability/software_architectural_design/static_design/lola_binding.puml"
2026-10-07T14:47:02.0711114Z       Component source line : 26
2026-10-07T14:47:02.0712585Z       Fix                   : Add the corresponding Bazel unit definition for "lola_proxy_and_service_elements", or remove it from the PlantUML component diagram.
2026-10-07T14:47:02.0713391Z     
2026-10-07T14:47:02.0714259Z       [19] [Naming] Unit "lola_runtime" from the PlantUML component diagram not found in Bazel.
2026-10-07T14:47:02.0714990Z       Alias                 : "lola_runtime"
2026-10-07T14:47:02.0715477Z       Parent                : lola_binding
2026-10-07T14:47:02.0716582Z       Component source file : "score/mw/com/dependability/software_architectural_design/static_design/lola_binding.puml"
2026-10-07T14:47:02.0717368Z       Component source line : 18
2026-10-07T14:47:02.0718550Z       Fix                   : Add the corresponding Bazel unit definition for "lola_runtime", or remove it from the PlantUML component diagram.
2026-10-07T14:47:02.0719275Z     
2026-10-07T14:47:02.0735926Z       [20] [Naming] Unit "lola_service_discovery" from the PlantUML component diagram not found in Bazel.
2026-10-07T14:47:02.0736582Z       Alias                 : "lola_service_discovery"
2026-10-07T14:47:02.0736948Z       Parent                : lola_binding
2026-10-07T14:47:02.0738155Z       Component source file : "score/mw/com/dependability/software_architectural_design/static_design/lola_binding.puml"
2026-10-07T14:47:02.0738856Z       Component source line : 17
2026-10-07T14:47:02.0740141Z       Fix                   : Add the corresponding Bazel unit definition for "lola_service_discovery", or remove it from the PlantUML component diagram.
2026-10-07T14:47:02.0740934Z     
2026-10-07T14:47:02.0741851Z       [21] [Naming] Unit "lola_skeleton_and_service_elements" from the PlantUML component diagram not found in Bazel.
2026-10-07T14:47:02.0742929Z       Alias                 : "lola_skeleton_and_service_elements"
2026-10-07T14:47:02.0743506Z       Parent                : lola_binding
2026-10-07T14:47:02.0744647Z       Component source file : "score/mw/com/dependability/software_architectural_design/static_design/lola_binding.puml"
2026-10-07T14:47:02.0745495Z       Component source line : 24
2026-10-07T14:47:02.0746818Z       Fix                   : Add the corresponding Bazel unit definition for "lola_skeleton_and_service_elements", or remove it from the PlantUML component diagram.
2026-10-07T14:47:02.0747671Z     
2026-10-07T14:47:02.0748677Z       [22] [Naming] Unit "mock_binding_generic_proxy_and_service_elements" from the PlantUML component diagram not found in Bazel.
2026-10-07T14:47:02.0749725Z       Alias                 : "mock_binding_generic_proxy_and_service_elements"
2026-10-07T14:47:02.0750326Z       Parent                : mock_binding
2026-10-07T14:47:02.0751431Z       Component source file : "score/mw/com/dependability/software_architectural_design/static_design/mock_binding.puml"
2026-10-07T14:47:02.0752650Z       Component source line : 23
2026-10-07T14:47:02.0754278Z       Fix                   : Add the corresponding Bazel unit definition for "mock_binding_generic_proxy_and_service_elements", or remove it from the PlantUML component diagram.
2026-10-07T14:47:02.0755180Z     
2026-10-07T14:47:02.0756271Z       [23] [Naming] Unit "mock_binding_generic_skeleton_and_service_elements" from the PlantUML component diagram not found in Bazel.
2026-10-07T14:47:02.0757532Z       Alias                 : "mock_binding_generic_skeleton_and_service_elements"
2026-10-07T14:47:02.0758164Z       Parent                : mock_binding
2026-10-07T14:47:02.0759248Z       Component source file : "score/mw/com/dependability/software_architectural_design/static_design/mock_binding.puml"
2026-10-07T14:47:02.0760085Z       Component source line : 21
2026-10-07T14:47:02.0761572Z       Fix                   : Add the corresponding Bazel unit definition for "mock_binding_generic_skeleton_and_service_elements", or remove it from the PlantUML component diagram.
2026-10-07T14:47:02.0762622Z     
2026-10-07T14:47:02.0763610Z       [24] [Naming] Unit "mock_binding_proxy_and_service_elements" from the PlantUML component diagram not found in Bazel.
2026-10-07T14:47:02.0764614Z       Alias                 : "mock_binding_proxy_and_service_elements"
2026-10-07T14:47:02.0765220Z       Parent                : mock_binding
2026-10-07T14:47:02.0766386Z       Component source file : "score/mw/com/dependability/software_architectural_design/static_design/mock_binding.puml"
2026-10-07T14:47:02.0767298Z       Component source line : 19
2026-10-07T14:47:02.0768640Z       Fix                   : Add the corresponding Bazel unit definition for "mock_binding_proxy_and_service_elements", or remove it from the PlantUML component diagram.
2026-10-07T14:47:02.0769459Z     
2026-10-07T14:47:02.0770463Z       [25] [Naming] Unit "mock_binding_skeleton_and_service_elements" from the PlantUML component diagram not found in Bazel.
2026-10-07T14:47:02.0771521Z       Alias                 : "mock_binding_skeleton_and_service_elements"
2026-10-07T14:47:02.0772237Z       Parent                : mock_binding
2026-10-07T14:47:02.0773367Z       Component source file : "score/mw/com/dependability/software_architectural_design/static_design/mock_binding.puml"
2026-10-07T14:47:02.0774380Z       Component source line : 17
2026-10-07T14:47:02.0775921Z       Fix                   : Add the corresponding Bazel unit definition for "mock_binding_skeleton_and_service_elements", or remove it from the PlantUML component diagram.
2026-10-07T14:47:02.0776820Z     
2026-10-07T14:47:02.0777652Z       [26] [Naming] Unit "mw_com_binding_factories" from the PlantUML component diagram not found in Bazel.
2026-10-07T14:47:02.0778475Z       Alias                 : "mw_com_binding_factories"
2026-10-07T14:47:02.0778988Z       Parent                : mw_com
2026-10-07T14:47:02.0780019Z       Component source file : "score/mw/com/dependability/software_architectural_design/static_design/overall.puml"
2026-10-07T14:47:02.0780831Z       Component source line : 18
2026-10-07T14:47:02.0782316Z       Fix                   : Add the corresponding Bazel unit definition for "mw_com_binding_factories", or remove it from the PlantUML component diagram.
2026-10-07T14:47:02.0783087Z     
2026-10-07T14:47:02.0784001Z       [27] [Naming] Unit "mw_com_configuration" from the PlantUML component diagram not found in Bazel.
2026-10-07T14:47:02.0784781Z       Alias                 : "mw_com_configuration"
2026-10-07T14:47:02.0785274Z       Parent                : mw_com
2026-10-07T14:47:02.0786310Z       Component source file : "score/mw/com/dependability/software_architectural_design/static_design/overall.puml"
2026-10-07T14:47:02.0787138Z       Component source line : 17
2026-10-07T14:47:02.0788388Z       Fix                   : Add the corresponding Bazel unit definition for "mw_com_configuration", or remove it from the PlantUML component diagram.
2026-10-07T14:47:02.0789110Z     
2026-10-07T14:47:02.0789899Z       [28] [Naming] Unit "mw_com_tracing" from the PlantUML component diagram not found in Bazel.
2026-10-07T14:47:02.0790633Z       Alias                 : "mw_com_tracing"
2026-10-07T14:47:02.0791398Z       Parent                : mw_com
2026-10-07T14:47:02.0792624Z       Component source file : "score/mw/com/dependability/software_architectural_design/static_design/overall.puml"
2026-10-07T14:47:02.0793396Z       Component source line : 19
2026-10-07T14:47:02.0794586Z       Fix                   : Add the corresponding Bazel unit definition for "mw_com_tracing", or remove it from the PlantUML component diagram.
2026-10-07T14:47:02.0795297Z     
2026-10-07T14:47:02.0795779Z       [29] Empty dependable element in Bazel build graph:
2026-10-07T14:47:02.0796273Z     Alias          : "mw_com"
2026-10-07T14:47:02.0796655Z     Bazel label    : mw_com
2026-10-07T14:47:02.0797856Z     Required       : A dependable element must decompose into at least one nested unit or component; add one or remove the empty dependable element
2026-10-07T14:47:02.0993787Z INFO: From Processing root cause FTA diagrams for mw_com_safety_analysis:
2026-10-07T14:47:02.0999474Z [2026-10-07T14:47:02Z WARN  puml_fta] FTA map_containing_nonexistent_events_fta.puml: failure mode(s) ["Communication.MapContainingNonexistentEvents"] have no root cause; they stay uncovered in the traceability report
2026-10-07T14:47:02.1014544Z [2026-10-07T14:47:02Z WARN  puml_fta] FTA sends_to_wrong_consumer_fta.puml: failure mode(s) ["Communication.SendingEventSendsToWrongConsumer"] have no root cause; they stay uncovered in the traceability report
2026-10-07T14:47:04.9912503Z INFO: From lobster-trlc bazel-out/k8-fastbuild-asan_ubsan_lsan/bin/score/mw/com/dependability/safety_analysis/mw_com_safety_analysis/safetymeasures.lobster:
2026-10-07T14:47:04.9914625Z lobster-trlc: wrote 37 items to bazel-out/k8-fastbuild-asan_ubsan_lsan/bin/score/mw/com/dependability/safety_analysis/mw_com_safety_analysis/safetymeasures.lobster
2026-10-07T14:47:05.6322429Z lobster-trlc: wrote 143 items to bazel-out/k8-fastbuild-asan_ubsan_lsan/bin/score/mw/com/dependability/safety_analysis/mw_com_safety_analysis/fta_root_causes.lobster
2026-10-07T14:47:05.6333052Z INFO: From lobster-trlc bazel-out/k8-fastbuild-asan_ubsan_lsan/bin/score/mw/com/dependability/safety_analysis/mw_com_safety_analysis/fta_root_causes.lobster:
2026-10-07T14:47:05.7557474Z INFO: From Compiling score/mw/com/impl/test/shared_memory_storage/shared_memory_storage_application.cpp:
2026-10-07T14:47:05.7559121Z In file included from score/mw/com/impl/test/shared_memory_storage/shared_memory_storage_application.cpp:16:
2026-10-07T14:47:05.7560488Z In file included from ./score/mw/com/test/common_test_resources/big_datatype.h:20:
2026-10-07T14:47:05.7561418Z In file included from ./score/mw/com/types.h:24:
2026-10-07T14:47:05.7562432Z In file included from ./score/mw/com/impl/generic_proxy.h:18:
2026-10-07T14:47:05.7563398Z In file included from ./score/mw/com/impl/generic_proxy_event.h:18:
2026-10-07T14:47:05.7564287Z In file included from ./score/mw/com/impl/proxy_base.h:18:
2026-10-07T14:47:05.7565137Z In file included from ./score/mw/com/impl/handle_type.h:18:
2026-10-07T14:47:05.7566096Z In file included from ./score/mw/com/impl/instance_identifier.h:16:
2026-10-07T14:47:05.7568077Z ./score/mw/com/impl/com_error.h:186:65: warning: 'kServiceInstanceAlreadyOffered' is deprecated: Value has never been used. Calls to OfferService shall be idempotent. [-Wdeprecated-declarations]
2026-10-07T14:47:05.7569953Z   186 |             case static_cast<score::result::ErrorCode>(ComErrc::kServiceInstanceAlreadyOffered):
2026-10-07T14:47:05.7570986Z       |                                                                 ^
2026-10-07T14:47:05.7572604Z ./score/mw/com/impl/com_error.h:58:11: note: 'kServiceInstanceAlreadyOffered' has been explicitly marked deprecated here
2026-10-07T14:47:05.7574237Z    58 |         [[deprecated("Value has never been used. Calls to OfferService shall be idempotent.")]],
2026-10-07T14:47:05.7575052Z       |           ^
2026-10-07T14:47:05.7575542Z 1 warning generated.
2026-10-07T14:47:06.1836406Z [8,779 / 13,899] 39 / 514 tests; Building HTML: bitmanipulation_doc; 3s disk-cache, linux-sandbox ... (4 actions, 3 running)
2026-10-07T14:47:06.3155993Z INFO: From lobster-rst-report (pages) mw_com_index:
2026-10-07T14:47:06.3163503Z LOBSTER RST report written to bazel-out/k8-fastbuild-asan_ubsan_lsan/bin/score/mw/com/dependability/mw_com_index/traceability_report/ (5 files)
2026-10-07T14:47:06.7798013Z INFO: From lobster-html-report bazel-out/k8-fastbuild-asan_ubsan_lsan/bin/score/mw/com/dependability/safety_analysis/mw_com_dependability_analysis_report.html:
2026-10-07T14:47:06.7799324Z warning: dot utility not found, report will not include the tracing policy visualisation
2026-10-07T14:47:06.7834081Z > please install Graphviz (https://graphviz.org)
2026-10-07T14:47:06.7846538Z LOBSTER HTML report written to bazel-out/k8-fastbuild-asan_ubsan_lsan/bin/score/mw/com/dependability/safety_analysis/mw_com_dependability_analysis_report.html
2026-10-07T14:47:08.6104179Z INFO: From Compiling score/mw/com/test/shared_memory_storage/test_resources.cpp:
2026-10-07T14:47:08.6123711Z In file included from score/mw/com/test/shared_memory_storage/test_resources.cpp:14:
2026-10-07T14:47:08.6143194Z In file included from ./score/mw/com/test/shared_memory_storage/test_resources.h:18:
2026-10-07T14:47:08.6144264Z In file included from ./score/mw/com/test/common_test_resources/big_datatype.h:20:
2026-10-07T14:47:08.6145046Z In file included from ./score/mw/com/types.h:24:
2026-10-07T14:47:08.6145732Z In file included from ./score/mw/com/impl/generic_proxy.h:18:
2026-10-07T14:47:08.6146521Z In file included from ./score/mw/com/impl/generic_proxy_event.h:18:
2026-10-07T14:47:08.6147251Z In file included from ./score/mw/com/impl/proxy_base.h:18:
2026-10-07T14:47:08.6147938Z In file included from ./score/mw/com/impl/handle_type.h:18:
2026-10-07T14:47:08.6148689Z In file included from ./score/mw/com/impl/instance_identifier.h:16:
2026-10-07T14:47:08.6150477Z ./score/mw/com/impl/com_error.h:186:65: warning: 'kServiceInstanceAlreadyOffered' is deprecated: Value has never been used. Calls to OfferService shall be idempotent. [-Wdeprecated-declarations]
2026-10-07T14:47:08.6152302Z   186 |             case static_cast<score::result::ErrorCode>(ComErrc::kServiceInstanceAlreadyOffered):
2026-10-07T14:47:08.6153442Z       |                                                                 ^
2026-10-07T14:47:08.6154612Z ./score/mw/com/impl/com_error.h:58:11: note: 'kServiceInstanceAlreadyOffered' has been explicitly marked deprecated here
2026-10-07T14:47:08.6155914Z    58 |         [[deprecated("Value has never been used. Calls to OfferService shall be idempotent.")]],
2026-10-07T14:47:08.6156561Z       |           ^
2026-10-07T14:47:08.6156894Z 1 warning generated.
2026-10-07T14:47:15.4554763Z INFO: From Compiling score/mw/com/test/generic_proxy/generic_proxy_application.cpp:
2026-10-07T14:47:15.4563743Z In file included from score/mw/com/test/generic_proxy/generic_proxy_application.cpp:16:
2026-10-07T14:47:15.4565105Z In file included from ./score/mw/com/test/common_test_resources/sample_sender_receiver.h:18:
2026-10-07T14:47:15.4566138Z In file included from ./score/mw/com/runtime.h:24:
2026-10-07T14:47:15.4567014Z In file included from ./score/mw/com/mocking/i_runtime.h:17:
2026-10-07T14:47:15.4567827Z In file included from ./score/mw/com/types.h:24:
2026-10-07T14:47:15.4568677Z In file included from ./score/mw/com/impl/generic_proxy.h:18:
2026-10-07T14:47:15.4569611Z In file included from ./score/mw/com/impl/generic_proxy_event.h:18:
2026-10-07T14:47:15.4570524Z In file included from ./score/mw/com/impl/proxy_base.h:18:
2026-10-07T14:47:15.4571455Z In file included from ./score/mw/com/impl/handle_type.h:18:
2026-10-07T14:47:15.4572536Z In file included from ./score/mw/com/impl/instance_identifier.h:16:
2026-10-07T14:47:15.4575034Z ./score/mw/com/impl/com_error.h:186:65: warning: 'kServiceInstanceAlreadyOffered' is deprecated: Value has never been used. Calls to OfferService shall be idempotent. [-Wdeprecated-declarations]
2026-10-07T14:47:15.4603305Z   186 |             case static_cast<score::result::ErrorCode>(ComErrc::kServiceInstanceAlreadyOffered):
2026-10-07T14:47:15.4629179Z       |                                                                 ^
2026-10-07T14:47:15.4631107Z ./score/mw/com/impl/com_error.h:58:11: note: 'kServiceInstanceAlreadyOffered' has been explicitly marked deprecated here
2026-10-07T14:47:15.4633088Z    58 |         [[deprecated("Value has never been used. Calls to OfferService shall be idempotent.")]],
2026-10-07T14:47:15.4633862Z       |           ^
2026-10-07T14:47:15.4634337Z 1 warning generated.
2026-10-07T14:47:16.3819236Z [8,953 / 13,902] 39 / 514 tests; Building HTML: containers_doc; 3s disk-cache, linux-sandbox ... (4 actions, 3 running)
2026-10-07T14:47:19.1351758Z INFO: From Compiling score/mw/com/test/subscribe_handler/subscribe_handler_application.cpp:
2026-10-07T14:47:19.1363890Z In file included from score/mw/com/test/subscribe_handler/subscribe_handler_application.cpp:16:
2026-10-07T14:47:19.1365321Z In file included from ./score/mw/com/test/common_test_resources/sample_sender_receiver.h:18:
2026-10-07T14:47:19.1368031Z In file included from ./score/mw/com/runtime.h:24:
2026-10-07T14:47:19.1404160Z In file included from ./score/mw/com/mocking/i_runtime.h:17:
2026-10-07T14:47:19.1413102Z In file included from ./score/mw/com/types.h:24:
2026-10-07T14:47:19.1414109Z In file included from ./score/mw/com/impl/generic_proxy.h:18:
2026-10-07T14:47:19.1415050Z In file included from ./score/mw/com/impl/generic_proxy_event.h:18:
2026-10-07T14:47:19.1416075Z In file included from ./score/mw/com/impl/proxy_base.h:18:
2026-10-07T14:47:19.1416941Z In file included from ./score/mw/com/impl/handle_type.h:18:
2026-10-07T14:47:19.1417835Z In file included from ./score/mw/com/impl/instance_identifier.h:16:
2026-10-07T14:47:19.1419762Z ./score/mw/com/impl/com_error.h:186:65: warning: 'kServiceInstanceAlreadyOffered' is deprecated: Value has never been used. Calls to OfferService shall be idempotent. [-Wdeprecated-declarations]
2026-10-07T14:47:19.1421688Z   186 |             case static_cast<score::result::ErrorCode>(ComErrc::kServiceInstanceAlreadyOffered):
2026-10-07T14:47:19.1422861Z       |                                                                 ^
2026-10-07T14:47:19.1424357Z ./score/mw/com/impl/com_error.h:58:11: note: 'kServiceInstanceAlreadyOffered' has been explicitly marked deprecated here
2026-10-07T14:47:19.1425720Z    58 |         [[deprecated("Value has never been used. Calls to OfferService shall be idempotent.")]],
2026-10-07T14:47:19.1426498Z       |           ^
2026-10-07T14:47:19.1426968Z 1 warning generated.
2026-10-07T14:47:23.0230141Z INFO: From Compiling score/mw/com/test/methods/basic_acceptance_test/main_consumer.cpp:
2026-10-07T14:47:23.0264843Z In file included from score/mw/com/test/methods/basic_acceptance_test/main_consumer.cpp:13:
2026-10-07T14:47:23.0283251Z In file included from ./score/mw/com/runtime.h:24:
2026-10-07T14:47:23.0284173Z In file included from ./score/mw/com/mocking/i_runtime.h:17:
2026-10-07T14:47:23.0285111Z In file included from ./score/mw/com/types.h:24:
2026-10-07T14:47:23.0286287Z In file included from ./score/mw/com/impl/generic_proxy.h:18:
2026-10-07T14:47:23.0287291Z In file included from ./score/mw/com/impl/generic_proxy_event.h:18:
2026-10-07T14:47:23.0288219Z In file included from ./score/mw/com/impl/proxy_base.h:18:
2026-10-07T14:47:23.0289171Z In file included from ./score/mw/com/impl/handle_type.h:18:
2026-10-07T14:47:23.0290355Z In file included from ./score/mw/com/impl/instance_identifier.h:16:
2026-10-07T14:47:23.0293441Z ./score/mw/com/impl/com_error.h:186:65: warning: 'kServiceInstanceAlreadyOffered' is deprecated: Value has never been used. Calls to OfferService shall be idempotent. [-Wdeprecated-declarations]
2026-10-07T14:47:23.0295455Z   186 |             case static_cast<score::result::ErrorCode>(ComErrc::kServiceInstanceAlreadyOffered):
2026-10-07T14:47:23.0296498Z       |                                                                 ^
2026-10-07T14:47:23.0298369Z ./score/mw/com/impl/com_error.h:58:11: note: 'kServiceInstanceAlreadyOffered' has been explicitly marked deprecated here
2026-10-07T14:47:23.0299959Z    58 |         [[deprecated("Value has never been used. Calls to OfferService shall be idempotent.")]],
2026-10-07T14:47:23.0300772Z       |           ^
2026-10-07T14:47:23.0301247Z 1 warning generated.
2026-10-07T14:47:26.3964241Z [9,149 / 13,904] 39 / 514 tests; Building HTML: mw_com_doc; 11s disk-cache, linux-sandbox ... (4 actions, 3 running)
2026-10-07T14:47:27.7424090Z INFO: From Compiling score/mw/com/test/methods/basic_acceptance_test/main_provider.cpp:
2026-10-07T14:47:27.7464833Z In file included from score/mw/com/test/methods/basic_acceptance_test/main_provider.cpp:13:
2026-10-07T14:47:27.7543137Z In file included from ./score/mw/com/runtime.h:24:
2026-10-07T14:47:27.7570031Z In file included from ./score/mw/com/mocking/i_runtime.h:17:
2026-10-07T14:47:27.7712920Z In file included from ./score/mw/com/types.h:24:
2026-10-07T14:47:27.7755514Z In file included from ./score/mw/com/impl/generic_proxy.h:18:
2026-10-07T14:47:27.7785578Z In file included from ./score/mw/com/impl/generic_proxy_event.h:18:
2026-10-07T14:47:27.7893345Z In file included from ./score/mw/com/impl/proxy_base.h:18:
2026-10-07T14:47:27.7965529Z In file included from ./score/mw/com/impl/handle_type.h:18:
2026-10-07T14:47:27.8045857Z In file included from ./score/mw/com/impl/instance_identifier.h:16:
2026-10-07T14:47:27.8133237Z ./score/mw/com/impl/com_error.h:186:65: warning: 'kServiceInstanceAlreadyOffered' is deprecated: Value has never been used. Calls to OfferService shall be idempotent. [-Wdeprecated-declarations]
2026-10-07T14:47:27.8193147Z   186 |             case static_cast<score::result::ErrorCode>(ComErrc::kServiceInstanceAlreadyOffered):
2026-10-07T14:47:27.8249728Z       |                                                                 ^
2026-10-07T14:47:27.8251146Z ./score/mw/com/impl/com_error.h:58:11: note: 'kServiceInstanceAlreadyOffered' has been explicitly marked deprecated here
2026-10-07T14:47:27.8252845Z    58 |         [[deprecated("Value has never been used. Calls to OfferService shall be idempotent.")]],
2026-10-07T14:47:27.8253608Z       |           ^
2026-10-07T14:47:27.8254062Z 1 warning generated.
2026-10-07T14:47:33.4443431Z INFO: From Compiling score/mw/com/test/unsubscribe_deadlock/unsubscribe_deadlock_application.cpp:
2026-10-07T14:47:33.4474358Z In file included from score/mw/com/test/unsubscribe_deadlock/unsubscribe_deadlock_application.cpp:17:
2026-10-07T14:47:33.4483386Z In file included from ./score/mw/com/com_error_domain.h:16:
2026-10-07T14:47:33.4544917Z ./score/mw/com/impl/com_error.h:186:65: warning: 'kServiceInstanceAlreadyOffered' is deprecated: Value has never been used. Calls to OfferService shall be idempotent. [-Wdeprecated-declarations]
2026-10-07T14:47:33.4547004Z   186 |             case static_cast<score::result::ErrorCode>(ComErrc::kServiceInstanceAlreadyOffered):
2026-10-07T14:47:33.4572884Z       |                                                                 ^
2026-10-07T14:47:33.4590019Z ./score/mw/com/impl/com_error.h:58:11: note: 'kServiceInstanceAlreadyOffered' has been explicitly marked deprecated here
2026-10-07T14:47:33.4592275Z    58 |         [[deprecated("Value has never been used. Calls to OfferService shall be idempotent.")]],
2026-10-07T14:47:33.4593835Z       |           ^
2026-10-07T14:47:33.4595063Z 1 warning generated.
2026-10-07T14:47:36.4149127Z [9,313 / 13,904] 39 / 514 tests; Building HTML: mw_com_doc; 22s disk-cache, linux-sandbox ... (4 actions, 3 running)
2026-10-07T14:47:37.8014298Z INFO: From Compiling score/mw/com/test/methods/basic_acceptance_test/main_consumer_and_provider.cpp:
2026-10-07T14:47:37.8053734Z In file included from score/mw/com/test/methods/basic_acceptance_test/main_consumer_and_provider.cpp:13:
2026-10-07T14:47:37.8143208Z In file included from ./score/mw/com/runtime.h:24:
2026-10-07T14:47:37.8144204Z In file included from ./score/mw/com/mocking/i_runtime.h:17:
2026-10-07T14:47:37.8145039Z In file included from ./score/mw/com/types.h:24:
2026-10-07T14:47:37.8146269Z In file included from ./score/mw/com/impl/generic_proxy.h:18:
2026-10-07T14:47:37.8147271Z In file included from ./score/mw/com/impl/generic_proxy_event.h:18:
2026-10-07T14:47:37.8148214Z In file included from ./score/mw/com/impl/proxy_base.h:18:
2026-10-07T14:47:37.8149079Z In file included from ./score/mw/com/impl/handle_type.h:18:
2026-10-07T14:47:37.8150023Z In file included from ./score/mw/com/impl/instance_identifier.h:16:
2026-10-07T14:47:37.8152169Z ./score/mw/com/impl/com_error.h:186:65: warning: 'kServiceInstanceAlreadyOffered' is deprecated: Value has never been used. Calls to OfferService shall be idempotent. [-Wdeprecated-declarations]
2026-10-07T14:47:37.8183080Z   186 |             case static_cast<score::result::ErrorCode>(ComErrc::kServiceInstanceAlreadyOffered):
2026-10-07T14:47:37.8200452Z       |                                                                 ^
2026-10-07T14:47:37.8207361Z ./score/mw/com/impl/com_error.h:58:11: note: 'kServiceInstanceAlreadyOffered' has been explicitly marked deprecated here
2026-10-07T14:47:37.8208970Z    58 |         [[deprecated("Value has never been used. Calls to OfferService shall be idempotent.")]],
2026-10-07T14:47:37.8209800Z       |           ^
2026-10-07T14:47:37.8210281Z 1 warning generated.
2026-10-07T14:47:41.9396589Z INFO: From Compiling score/mw/com/test/methods/basic_acceptance_test/consumer.cpp:
2026-10-07T14:47:41.9442461Z In file included from score/mw/com/test/methods/basic_acceptance_test/consumer.cpp:17:
2026-10-07T14:47:41.9491015Z In file included from ./score/mw/com/test/common_test_resources/proxy_container.h:17:
2026-10-07T14:47:41.9512855Z In file included from ./score/mw/com/types.h:24:
2026-10-07T14:47:41.9542697Z In file included from ./score/mw/com/impl/generic_proxy.h:18:
2026-10-07T14:47:41.9565971Z In file included from ./score/mw/com/impl/generic_proxy_event.h:18:
2026-10-07T14:47:41.9592719Z In file included from ./score/mw/com/impl/proxy_base.h:18:
2026-10-07T14:47:41.9593518Z In file included from ./score/mw/com/impl/handle_type.h:18:
2026-10-07T14:47:41.9594331Z In file included from ./score/mw/com/impl/instance_identifier.h:16:
2026-10-07T14:47:41.9596146Z ./score/mw/com/impl/com_error.h:186:65: warning: 'kServiceInstanceAlreadyOffered' is deprecated: Value has never been used. Calls to OfferService shall be idempotent. [-Wdeprecated-declarations]
2026-10-07T14:47:41.9598241Z   186 |             case static_cast<score::result::ErrorCode>(ComErrc::kServiceInstanceAlreadyOffered):
2026-10-07T14:47:41.9599051Z       |                                                                 ^
2026-10-07T14:47:41.9600237Z ./score/mw/com/impl/com_error.h:58:11: note: 'kServiceInstanceAlreadyOffered' has been explicitly marked deprecated here
2026-10-07T14:47:41.9601572Z    58 |         [[deprecated("Value has never been used. Calls to OfferService shall be idempotent.")]],
2026-10-07T14:47:41.9610620Z       |           ^
2026-10-07T14:47:41.9610969Z 1 warning generated.
2026-10-07T14:47:45.5340494Z INFO: From Compiling score/mw/com/test/methods/basic_acceptance_test/provider.cpp:
2026-10-07T14:47:45.5373537Z In file included from score/mw/com/test/methods/basic_acceptance_test/provider.cpp:17:
2026-10-07T14:47:45.5391772Z In file included from ./score/mw/com/test/common_test_resources/skeleton_container.h:17:
2026-10-07T14:47:45.5418102Z In file included from ./score/mw/com/types.h:24:
2026-10-07T14:47:45.5423264Z In file included from ./score/mw/com/impl/generic_proxy.h:18:
2026-10-07T14:47:45.5424346Z In file included from ./score/mw/com/impl/generic_proxy_event.h:18:
2026-10-07T14:47:45.5425337Z In file included from ./score/mw/com/impl/proxy_base.h:18:
2026-10-07T14:47:45.5426200Z In file included from ./score/mw/com/impl/handle_type.h:18:
2026-10-07T14:47:45.5427179Z In file included from ./score/mw/com/impl/instance_identifier.h:16:
2026-10-07T14:47:45.5429686Z ./score/mw/com/impl/com_error.h:186:65: warning: 'kServiceInstanceAlreadyOffered' is deprecated: Value has never been used. Calls to OfferService shall be idempotent. [-Wdeprecated-declarations]
2026-10-07T14:47:45.5463345Z   186 |             case static_cast<score::result::ErrorCode>(ComErrc::kServiceInstanceAlreadyOffered):
2026-10-07T14:47:45.5465961Z       |                                                                 ^
2026-10-07T14:47:45.5513748Z ./score/mw/com/impl/com_error.h:58:11: note: 'kServiceInstanceAlreadyOffered' has been explicitly marked deprecated here
2026-10-07T14:47:45.5515190Z    58 |         [[deprecated("Value has never been used. Calls to OfferService shall be idempotent.")]],
2026-10-07T14:47:45.5515835Z       |           ^
2026-10-07T14:47:45.5516171Z 1 warning generated.
2026-10-07T14:47:46.4631721Z [9,428 / 13,904] 39 / 514 tests; Building HTML: mw_com_doc; 32s disk-cache, linux-sandbox ... (4 actions, 3 running)
2026-10-07T14:47:48.7475988Z INFO: From Compiling score/mw/com/test/methods/basic_acceptance_test/test_method_datatype.cpp:
2026-10-07T14:47:48.7493370Z In file included from score/mw/com/test/methods/basic_acceptance_test/test_method_datatype.cpp:13:
2026-10-07T14:47:48.7518990Z In file included from ./score/mw/com/test/methods/basic_acceptance_test/test_method_datatype.h:16:
2026-10-07T14:47:48.7547603Z In file included from ./score/mw/com/types.h:24:
2026-10-07T14:47:48.7552696Z In file included from ./score/mw/com/impl/generic_proxy.h:18:
2026-10-07T14:47:48.7558011Z In file included from ./score/mw/com/impl/generic_proxy_event.h:18:
2026-10-07T14:47:48.7558927Z In file included from ./score/mw/com/impl/proxy_base.h:18:
2026-10-07T14:47:48.7559861Z In file included from ./score/mw/com/impl/handle_type.h:18:
2026-10-07T14:47:48.7560827Z In file included from ./score/mw/com/impl/instance_identifier.h:16:
2026-10-07T14:47:48.7563110Z ./score/mw/com/impl/com_error.h:186:65: warning: 'kServiceInstanceAlreadyOffered' is deprecated: Value has never been used. Calls to OfferService shall be idempotent. [-Wdeprecated-declarations]
2026-10-07T14:47:48.7565053Z   186 |             case static_cast<score::result::ErrorCode>(ComErrc::kServiceInstanceAlreadyOffered):
2026-10-07T14:47:48.7566082Z       |                                                                 ^
2026-10-07T14:47:48.7567584Z ./score/mw/com/impl/com_error.h:58:11: note: 'kServiceInstanceAlreadyOffered' has been explicitly marked deprecated here
2026-10-07T14:47:48.7569594Z    58 |         [[deprecated("Value has never been used. Calls to OfferService shall be idempotent.")]],
2026-10-07T14:47:48.7570443Z       |           ^
2026-10-07T14:47:48.7571022Z 1 warning generated.
2026-10-07T14:47:56.4653850Z [9,629 / 13,904] 39 / 514 tests; Building HTML: mw_com_doc; 42s disk-cache, linux-sandbox ... (4 actions, 3 running)
2026-10-07T14:47:59.1084185Z INFO: From Compiling score/mw/com/test/partial_restart/consumer_restart/consumer.cpp:
2026-10-07T14:47:59.1113318Z In file included from score/mw/com/test/partial_restart/consumer_restart/consumer.cpp:15:
2026-10-07T14:47:59.1139524Z In file included from ./score/mw/com/runtime.h:24:
2026-10-07T14:47:59.1162622Z In file included from ./score/mw/com/mocking/i_runtime.h:17:
2026-10-07T14:47:59.1186515Z In file included from ./score/mw/com/types.h:24:
2026-10-07T14:47:59.1222727Z In file included from ./score/mw/com/impl/generic_proxy.h:18:
2026-10-07T14:47:59.1223728Z In file included from ./score/mw/com/impl/generic_proxy_event.h:18:
2026-10-07T14:47:59.1252656Z In file included from ./score/mw/com/impl/proxy_base.h:18:
2026-10-07T14:47:59.1282720Z In file included from ./score/mw/com/impl/handle_type.h:18:
2026-10-07T14:47:59.1312637Z In file included from ./score/mw/com/impl/instance_identifier.h:16:
2026-10-07T14:47:59.1321571Z ./score/mw/com/impl/com_error.h:186:65: warning: 'kServiceInstanceAlreadyOffered' is deprecated: Value has never been used. Calls to OfferService shall be idempotent. [-Wdeprecated-declarations]
2026-10-07T14:47:59.1353193Z   186 |             case static_cast<score::result::ErrorCode>(ComErrc::kServiceInstanceAlreadyOffered):
2026-10-07T14:47:59.1380549Z       |                                                                 ^
2026-10-07T14:47:59.1413625Z ./score/mw/com/impl/com_error.h:58:11: note: 'kServiceInstanceAlreadyOffered' has been explicitly marked deprecated here
2026-10-07T14:47:59.1415195Z    58 |         [[deprecated("Value has never been used. Calls to OfferService shall be idempotent.")]],
2026-10-07T14:47:59.1442497Z       |           ^
2026-10-07T14:47:59.1466083Z 1 warning generated.
2026-10-07T14:48:03.1908120Z INFO: From Compiling score/mw/com/test/partial_restart/consumer_restart/provider.cpp:
2026-10-07T14:48:03.1914563Z In file included from score/mw/com/test/partial_restart/consumer_restart/provider.cpp:18:
2026-10-07T14:48:03.1916190Z In file included from ./score/mw/com/test/common_test_resources/provider_resources.h:17:
2026-10-07T14:48:03.1922757Z In file included from ./score/mw/com/com_error_domain.h:16:
2026-10-07T14:48:03.1944904Z ./score/mw/com/impl/com_error.h:186:65: warning: 'kServiceInstanceAlreadyOffered' is deprecated: Value has never been used. Calls to OfferService shall be idempotent. [-Wdeprecated-declarations]
2026-10-07T14:48:03.1946564Z   186 |             case static_cast<score::result::ErrorCode>(ComErrc::kServiceInstanceAlreadyOffered):
2026-10-07T14:48:03.1947459Z       |                                                                 ^
2026-10-07T14:48:03.1948748Z ./score/mw/com/impl/com_error.h:58:11: note: 'kServiceInstanceAlreadyOffered' has been explicitly marked deprecated here
2026-10-07T14:48:03.1950116Z    58 |         [[deprecated("Value has never been used. Calls to OfferService shall be idempotent.")]],
2026-10-07T14:48:03.1950918Z       |           ^
2026-10-07T14:48:03.1951403Z 1 warning generated.
2026-10-07T14:48:06.4823786Z [9,882 / 13,904] 39 / 514 tests; Building HTML: mw_com_doc; 52s disk-cache, linux-sandbox ... (4 actions, 3 running)
2026-10-07T14:48:08.6461612Z INFO: From Compiling score/mw/com/test/api_idempotency/main_api_idempotency.cpp:
2026-10-07T14:48:08.6473461Z In file included from score/mw/com/test/api_idempotency/main_api_idempotency.cpp:13:
2026-10-07T14:48:08.6501155Z In file included from ./score/mw/com/test/api_idempotency/api_idempotency_datatype.h:16:
2026-10-07T14:48:08.6505226Z In file included from ./score/mw/com/types.h:24:
2026-10-07T14:48:08.6510397Z In file included from ./score/mw/com/impl/generic_proxy.h:18:
2026-10-07T14:48:08.6511391Z In file included from ./score/mw/com/impl/generic_proxy_event.h:18:
2026-10-07T14:48:08.6512484Z In file included from ./score/mw/com/impl/proxy_base.h:18:
2026-10-07T14:48:08.6513347Z In file included from ./score/mw/com/impl/handle_type.h:18:
2026-10-07T14:48:08.6514273Z In file included from ./score/mw/com/impl/instance_identifier.h:16:
2026-10-07T14:48:08.6516184Z ./score/mw/com/impl/com_error.h:186:65: warning: 'kServiceInstanceAlreadyOffered' is deprecated: Value has never been used. Calls to OfferService shall be idempotent. [-Wdeprecated-declarations]
2026-10-07T14:48:08.6517881Z   186 |             case static_cast<score::result::ErrorCode>(ComErrc::kServiceInstanceAlreadyOffered):
2026-10-07T14:48:08.6518804Z       |                                                                 ^
2026-10-07T14:48:08.6519982Z ./score/mw/com/impl/com_error.h:58:11: note: 'kServiceInstanceAlreadyOffered' has been explicitly marked deprecated here
2026-10-07T14:48:08.6521279Z    58 |         [[deprecated("Value has never been used. Calls to OfferService shall be idempotent.")]],
2026-10-07T14:48:08.6522133Z       |           ^
2026-10-07T14:48:08.6522556Z 1 warning generated.
2026-10-07T14:48:11.8413088Z INFO: From Compiling score/mw/com/test/api_idempotency/api_idempotency_datatype.cpp:
2026-10-07T14:48:11.8414590Z In file included from score/mw/com/test/api_idempotency/api_idempotency_datatype.cpp:13:
2026-10-07T14:48:11.8415889Z In file included from ./score/mw/com/test/api_idempotency/api_idempotency_datatype.h:16:
2026-10-07T14:48:11.8416796Z In file included from ./score/mw/com/types.h:24:
2026-10-07T14:48:11.8417668Z In file included from ./score/mw/com/impl/generic_proxy.h:18:
2026-10-07T14:48:11.8418909Z In file included from ./score/mw/com/impl/generic_proxy_event.h:18:
2026-10-07T14:48:11.8419806Z In file included from ./score/mw/com/impl/proxy_base.h:18:
2026-10-07T14:48:11.8420656Z In file included from ./score/mw/com/impl/handle_type.h:18:
2026-10-07T14:48:11.8421583Z In file included from ./score/mw/com/impl/instance_identifier.h:16:
2026-10-07T14:48:11.8423690Z ./score/mw/com/impl/com_error.h:186:65: warning: 'kServiceInstanceAlreadyOffered' is deprecated: Value has never been used. Calls to OfferService shall be idempotent. [-Wdeprecated-declarations]
2026-10-07T14:48:11.8425499Z   186 |             case static_cast<score::result::ErrorCode>(ComErrc::kServiceInstanceAlreadyOffered):
2026-10-07T14:48:11.8426496Z       |                                                                 ^
2026-10-07T14:48:11.8427774Z ./score/mw/com/impl/com_error.h:58:11: note: 'kServiceInstanceAlreadyOffered' has been explicitly marked deprecated here
2026-10-07T14:48:11.8429223Z    58 |         [[deprecated("Value has never been used. Calls to OfferService shall be idempotent.")]],
2026-10-07T14:48:11.8465079Z       |           ^
2026-10-07T14:48:11.8476403Z 1 warning generated.
2026-10-07T14:48:16.4871650Z [10,147 / 13,905] 39 / 514 tests; Compiling score/mw/service/backend/mw_com/single_instantiation_strategy_test.cpp; 4s disk-cache, linux-sandbox ... (4 actions, 3 running)
2026-10-07T14:48:16.9895107Z INFO: From Compiling score/mw/service/backend/mw_com/single_instantiation_strategy_test.cpp:
2026-10-07T14:48:16.9896049Z In file included from score/mw/service/backend/mw_com/single_instantiation_strategy_test.cpp:14:
2026-10-07T14:48:16.9896827Z In file included from ./score/mw/service/backend/mw_com/single_instantiation_strategy.h:19:
2026-10-07T14:48:16.9897763Z In file included from ./score/mw/service/backend/mw_com/proxy_holder.h:19:
2026-10-07T14:48:16.9898475Z In file included from ./score/mw/com/types.h:24:
2026-10-07T14:48:16.9899190Z In file included from ./score/mw/com/impl/generic_proxy.h:18:
2026-10-07T14:48:16.9899981Z In file included from ./score/mw/com/impl/generic_proxy_event.h:18:
2026-10-07T14:48:16.9900590Z In file included from ./score/mw/com/impl/proxy_base.h:18:
2026-10-07T14:48:16.9901307Z In file included from ./score/mw/com/impl/handle_type.h:18:
2026-10-07T14:48:16.9901798Z In file included from ./score/mw/com/impl/instance_identifier.h:16:
2026-10-07T14:48:16.9903568Z ./score/mw/com/impl/com_error.h:186:65: warning: 'kServiceInstanceAlreadyOffered' is deprecated: Value has never been used. Calls to OfferService shall be idempotent. [-Wdeprecated-declarations]
2026-10-07T14:48:16.9905234Z   186 |             case static_cast<score::result::ErrorCode>(ComErrc::kServiceInstanceAlreadyOffered):
2026-10-07T14:48:16.9906064Z       |                                                                 ^
2026-10-07T14:48:16.9907158Z ./score/mw/com/impl/com_error.h:58:11: note: 'kServiceInstanceAlreadyOffered' has been explicitly marked deprecated here
2026-10-07T14:48:16.9908448Z    58 |         [[deprecated("Value has never been used. Calls to OfferService shall be idempotent.")]],
2026-10-07T14:48:16.9909077Z       |           ^
2026-10-07T14:48:16.9911744Z score/mw/service/backend/mw_com/single_instantiation_strategy_test.cpp:43:68: warning: 'Create<const char *const &>' is deprecated: Please use Create(std::string&&) instead for better performanceThe API will be removed from November 2025. A ticket is already created to track the removal: Ticket-214582 [-Wdeprecated-declarations]
2026-10-07T14:48:16.9914914Z    43 | const auto kInstanceSpecifier = score::mw::com::InstanceSpecifier::Create(kPortIdentifierString).value();
2026-10-07T14:48:16.9915893Z       |                                                                    ^
2026-10-07T14:48:16.9917083Z ./score/mw/com/impl/instance_specifier.h:61:7: note: 'Create<const char *const &>' has been explicitly marked deprecated here
2026-10-07T14:48:16.9917867Z    61 |     [[deprecated(
2026-10-07T14:48:16.9918198Z       |       ^
2026-10-07T14:48:16.9918535Z 2 warnings generated.
2026-10-07T14:48:26.4904434Z [10,356 / 13,905] 96 / 514 tests; Compiling score/mw/com/impl/mocking/proxy_wrapper_class_test_view_test.cpp; 2s disk-cache, linux-sandbox ... (4 actions, 3 running)
2026-10-07T14:48:31.5763461Z INFO: From Compiling score/mw/com/impl/mocking/proxy_wrapper_class_test_view_test.cpp:
2026-10-07T14:48:31.5793028Z In file included from score/mw/com/impl/mocking/proxy_wrapper_class_test_view_test.cpp:13:
2026-10-07T14:48:31.5823048Z In file included from ./score/mw/com/impl/mocking/proxy_wrapper_class_test_view.h:17:
2026-10-07T14:48:31.5852708Z In file included from ./score/mw/com/impl/traits.h:16:
2026-10-07T14:48:31.5884212Z ./score/mw/com/impl/com_error.h:186:65: warning: 'kServiceInstanceAlreadyOffered' is deprecated: Value has never been used. Calls to OfferService shall be idempotent. [-Wdeprecated-declarations]
2026-10-07T14:48:31.5919147Z   186 |             case static_cast<score::result::ErrorCode>(ComErrc::kServiceInstanceAlreadyOffered):
2026-10-07T14:48:31.5942872Z       |                                                                 ^
2026-10-07T14:48:31.6003233Z ./score/mw/com/impl/com_error.h:58:11: note: 'kServiceInstanceAlreadyOffered' has been explicitly marked deprecated here
2026-10-07T14:48:31.6033061Z    58 |         [[deprecated("Value has never been used. Calls to OfferService shall be idempotent.")]],
2026-10-07T14:48:31.6042832Z       |           ^
2026-10-07T14:48:31.6043482Z 1 warning generated.
2026-10-07T14:48:36.6772338Z [10,464 / 13,905] 96 / 514 tests; Compiling score/mw/com/impl/mocking/skeleton_wrapper_class_test_view_test.cpp; 5s disk-cache, linux-sandbox ... (4 actions, 3 running)
2026-10-07T14:48:38.9295463Z INFO: From Compiling score/mw/com/impl/mocking/skeleton_wrapper_class_test_view_test.cpp:
2026-10-07T14:48:38.9323334Z In file included from score/mw/com/impl/mocking/skeleton_wrapper_class_test_view_test.cpp:13:
2026-10-07T14:48:38.9353255Z In file included from ./score/mw/com/impl/mocking/skeleton_wrapper_class_test_view.h:17:
2026-10-07T14:48:38.9372902Z In file included from ./score/mw/com/impl/instance_identifier.h:16:
2026-10-07T14:48:38.9383772Z ./score/mw/com/impl/com_error.h:186:65: warning: 'kServiceInstanceAlreadyOffered' is deprecated: Value has never been used. Calls to OfferService shall be idempotent. [-Wdeprecated-declarations]
2026-10-07T14:48:38.9413224Z   186 |             case static_cast<score::result::ErrorCode>(ComErrc::kServiceInstanceAlreadyOffered):
2026-10-07T14:48:38.9442763Z       |                                                                 ^
2026-10-07T14:48:38.9478005Z ./score/mw/com/impl/com_error.h:58:11: note: 'kServiceInstanceAlreadyOffered' has been explicitly marked deprecated here
2026-10-07T14:48:38.9503007Z    58 |         [[deprecated("Value has never been used. Calls to OfferService shall be idempotent.")]],
2026-10-07T14:48:38.9503933Z       |           ^
2026-10-07T14:48:38.9532745Z 1 warning generated.
2026-10-07T14:48:46.6915125Z [10,615 / 13,905] 96 / 514 tests; Compiling score/mw/com/impl/plumbing/proxy_event_field_binding_factory_test.cpp; 7s disk-cache, linux-sandbox ... (4 actions, 2 running)
2026-10-07T14:48:49.1613555Z INFO: From Compiling score/mw/com/impl/com_error.cpp:
2026-10-07T14:48:49.1661351Z In file included from score/mw/com/impl/com_error.cpp:13:
2026-10-07T14:48:49.1664137Z ./score/mw/com/impl/com_error.h:186:65: warning: 'kServiceInstanceAlreadyOffered' is deprecated: Value has never been used. Calls to OfferService shall be idempotent. [-Wdeprecated-declarations]
2026-10-07T14:48:49.1693448Z   186 |             case static_cast<score::result::ErrorCode>(ComErrc::kServiceInstanceAlreadyOffered):
2026-10-07T14:48:49.1713233Z       |                                                                 ^
2026-10-07T14:48:49.1723318Z ./score/mw/com/impl/com_error.h:58:11: note: 'kServiceInstanceAlreadyOffered' has been explicitly marked deprecated here
2026-10-07T14:48:49.1754908Z    58 |         [[deprecated("Value has never been used. Calls to OfferService shall be idempotent.")]],
2026-10-07T14:48:49.1761115Z       |           ^
2026-10-07T14:48:49.1761637Z 1 warning generated.
2026-10-07T14:48:49.9643720Z INFO: From Compiling score/mw/com/impl/plumbing/proxy_event_field_binding_factory_test.cpp:
2026-10-07T14:48:49.9676124Z In file included from score/mw/com/impl/plumbing/proxy_event_field_binding_factory_test.cpp:14:
2026-10-07T14:48:49.9733024Z In file included from ./score/mw/com/impl/bindings/lola/proxy.h:24:
2026-10-07T14:48:49.9734143Z In file included from ./score/mw/com/impl/bindings/lola/proxy_method.h:17:
2026-10-07T14:48:49.9763058Z In file included from ./score/mw/com/impl/bindings/lola/i_runtime.h:20:
2026-10-07T14:48:49.9784392Z In file included from ./score/mw/com/impl/i_binding_runtime.h:17:
2026-10-07T14:48:49.9812930Z In file included from ./score/mw/com/impl/i_service_discovery_client.h:16:
2026-10-07T14:48:49.9822769Z In file included from ./score/mw/com/impl/enriched_instance_identifier.h:17:
2026-10-07T14:48:49.9852674Z In file included from ./score/mw/com/impl/handle_type.h:18:
2026-10-07T14:48:49.9882746Z In file included from ./score/mw/com/impl/instance_identifier.h:16:
2026-10-07T14:48:49.9913668Z ./score/mw/com/impl/com_error.h:186:65: warning: 'kServiceInstanceAlreadyOffered' is deprecated: Value has never been used. Calls to OfferService shall be idempotent. [-Wdeprecated-declarations]
2026-10-07T14:48:49.9942909Z   186 |             case static_cast<score::result::ErrorCode>(ComErrc::kServiceInstanceAlreadyOffered):
2026-10-07T14:48:49.9947313Z       |                                                                 ^
2026-10-07T14:48:49.9973126Z ./score/mw/com/impl/com_error.h:58:11: note: 'kServiceInstanceAlreadyOffered' has been explicitly marked deprecated here
2026-10-07T14:48:49.9996190Z    58 |         [[deprecated("Value has never been used. Calls to OfferService shall be idempotent.")]],
2026-10-07T14:48:50.0017046Z       |           ^
2026-10-07T14:48:50.0042728Z 1 warning generated.
2026-10-07T14:48:50.0657483Z INFO: From Compiling score/mw/com/impl/instance_specifier.cpp:
2026-10-07T14:48:50.0683052Z In file included from score/mw/com/impl/instance_specifier.cpp:15:
2026-10-07T14:48:50.0713811Z ./score/mw/com/impl/com_error.h:186:65: warning: 'kServiceInstanceAlreadyOffered' is deprecated: Value has never been used. Calls to OfferService shall be idempotent. [-Wdeprecated-declarations]
2026-10-07T14:48:50.0733107Z   186 |             case static_cast<score::result::ErrorCode>(ComErrc::kServiceInstanceAlreadyOffered):
2026-10-07T14:48:50.0742606Z       |                                                                 ^
2026-10-07T14:48:50.0758676Z ./score/mw/com/impl/com_error.h:58:11: note: 'kServiceInstanceAlreadyOffered' has been explicitly marked deprecated here
2026-10-07T14:48:50.0777752Z    58 |         [[deprecated("Value has never been used. Calls to OfferService shall be idempotent.")]],
2026-10-07T14:48:50.0778840Z       |           ^
2026-10-07T14:48:50.0779320Z 1 warning generated.
2026-10-07T14:48:54.5653332Z INFO: From Compiling score/mw/com/mocking/runtime_mock_test.cpp:
2026-10-07T14:48:54.5663060Z In file included from score/mw/com/mocking/runtime_mock_test.cpp:13:
2026-10-07T14:48:54.5682924Z In file included from ./score/mw/com/mocking/runtime_mock.h:16:
2026-10-07T14:48:54.5712696Z In file included from ./score/mw/com/mocking/i_runtime.h:17:
2026-10-07T14:48:54.5722718Z In file included from ./score/mw/com/types.h:24:
2026-10-07T14:48:54.5752799Z In file included from ./score/mw/com/impl/generic_proxy.h:18:
2026-10-07T14:48:54.5803744Z In file included from ./score/mw/com/impl/generic_proxy_event.h:18:
2026-10-07T14:48:54.5812701Z In file included from ./score/mw/com/impl/proxy_base.h:18:
2026-10-07T14:48:54.5842859Z In file included from ./score/mw/com/impl/handle_type.h:18:
2026-10-07T14:48:54.5863013Z In file included from ./score/mw/com/impl/instance_identifier.h:16:
2026-10-07T14:48:54.5874239Z ./score/mw/com/impl/com_error.h:186:65: warning: 'kServiceInstanceAlreadyOffered' is deprecated: Value has never been used. Calls to OfferService shall be idempotent. [-Wdeprecated-declarations]
2026-10-07T14:48:54.5903096Z   186 |             case static_cast<score::result::ErrorCode>(ComErrc::kServiceInstanceAlreadyOffered):
2026-10-07T14:48:54.5932751Z       |                                                                 ^
2026-10-07T14:48:54.5953167Z ./score/mw/com/impl/com_error.h:58:11: note: 'kServiceInstanceAlreadyOffered' has been explicitly marked deprecated here
2026-10-07T14:48:54.5963168Z    58 |         [[deprecated("Value has never been used. Calls to OfferService shall be idempotent.")]],
2026-10-07T14:48:54.5992566Z       |           ^
2026-10-07T14:48:54.5994717Z score/mw/com/mocking/runtime_mock_test.cpp:104:5: warning: 'InitializeRuntime' is deprecated: Please use InitializeRuntime(cpp::span<safecpp::zstring_view> command_line_arguments) for guaranteed NULL terminated arguments [-Wdeprecated-declarations]
2026-10-07T14:48:54.5996275Z   104 |     InitializeRuntime(argc, argv);
2026-10-07T14:48:54.5996674Z       |     ^
2026-10-07T14:48:54.5997579Z ./score/mw/com/runtime.h:90:3: note: 'InitializeRuntime' has been explicitly marked deprecated here
2026-10-07T14:48:54.5998281Z    90 | [[deprecated(
2026-10-07T14:48:54.5998573Z       |   ^
2026-10-07T14:48:54.5998898Z 2 warnings generated.
2026-10-07T14:48:55.1645582Z INFO: From Compiling score/mw/com/impl/configuration/service_instance_deployment.cpp:
2026-10-07T14:48:55.1667031Z In file included from score/mw/com/impl/configuration/service_instance_deployment.cpp:13:
2026-10-07T14:48:55.1692992Z In file included from ./score/mw/com/impl/configuration/service_instance_deployment.h:17:
2026-10-07T14:48:55.1704138Z ./score/mw/com/impl/com_error.h:186:65: warning: 'kServiceInstanceAlreadyOffered' is deprecated: Value has never been used. Calls to OfferService shall be idempotent. [-Wdeprecated-declarations]
2026-10-07T14:48:55.1742998Z   186 |             case static_cast<score::result::ErrorCode>(ComErrc::kServiceInstanceAlreadyOffered):
2026-10-07T14:48:55.1743943Z       |                                                                 ^
2026-10-07T14:48:55.1767542Z ./score/mw/com/impl/com_error.h:58:11: note: 'kServiceInstanceAlreadyOffered' has been explicitly marked deprecated here
2026-10-07T14:48:55.1785827Z    58 |         [[deprecated("Value has never been used. Calls to OfferService shall be idempotent.")]],
2026-10-07T14:48:55.1786401Z       |           ^
2026-10-07T14:48:55.1786623Z 1 warning generated.
2026-10-07T14:48:56.7064106Z [10,720 / 13,905] 96 / 514 tests; Compiling score/mw/com/mocking/runtime_mock.cpp; 2s disk-cache, linux-sandbox ... (4 actions, 3 running)
2026-10-07T14:48:58.0457033Z INFO: From Compiling score/mw/com/mocking/runtime_mock.cpp:
2026-10-07T14:48:58.0482867Z In file included from score/mw/com/mocking/runtime_mock.cpp:13:
2026-10-07T14:48:58.0512938Z In file included from ./score/mw/com/mocking/runtime_mock.h:16:
2026-10-07T14:48:58.0533000Z In file included from ./score/mw/com/mocking/i_runtime.h:17:
2026-10-07T14:48:58.0562874Z In file included from ./score/mw/com/types.h:24:
2026-10-07T14:48:58.0592911Z In file included from ./score/mw/com/impl/generic_proxy.h:18:
2026-10-07T14:48:58.0622978Z In file included from ./score/mw/com/impl/generic_proxy_event.h:18:
2026-10-07T14:48:58.0652906Z In file included from ./score/mw/com/impl/proxy_base.h:18:
2026-10-07T14:48:58.0682893Z In file included from ./score/mw/com/impl/handle_type.h:18:
2026-10-07T14:48:58.0712999Z In file included from ./score/mw/com/impl/instance_identifier.h:16:
2026-10-07T14:48:58.0744237Z ./score/mw/com/impl/com_error.h:186:65: warning: 'kServiceInstanceAlreadyOffered' is deprecated: Value has never been used. Calls to OfferService shall be idempotent. [-Wdeprecated-declarations]
2026-10-07T14:48:58.0773218Z   186 |             case static_cast<score::result::ErrorCode>(ComErrc::kServiceInstanceAlreadyOffered):
2026-10-07T14:48:58.0829836Z       |                                                                 ^
2026-10-07T14:48:58.0833478Z ./score/mw/com/impl/com_error.h:58:11: note: 'kServiceInstanceAlreadyOffered' has been explicitly marked deprecated here
2026-10-07T14:48:58.0834822Z    58 |         [[deprecated("Value has never been used. Calls to OfferService shall be idempotent.")]],
2026-10-07T14:48:58.0835475Z       |           ^
2026-10-07T14:48:58.0835823Z 1 warning generated.
2026-10-07T14:48:58.5343720Z INFO: From Compiling score/mw/com/impl/configuration/i_configuration_parsing_strategy.cpp:
2026-10-07T14:48:58.5403212Z In file included from score/mw/com/impl/configuration/i_configuration_parsing_strategy.cpp:13:
2026-10-07T14:48:58.5447669Z In file included from ./score/mw/com/impl/configuration/i_configuration_parsing_strategy.h:16:
2026-10-07T14:48:58.5462839Z In file included from ./score/mw/com/impl/configuration/configuration.h:18:
2026-10-07T14:48:58.5493278Z In file included from ./score/mw/com/impl/configuration/service_instance_deployment.h:17:
2026-10-07T14:48:58.5509594Z ./score/mw/com/impl/com_error.h:186:65: warning: 'kServiceInstanceAlreadyOffered' is deprecated: Value has never been used. Calls to OfferService shall be idempotent. [-Wdeprecated-declarations]
2026-10-07T14:48:58.5523212Z   186 |             case static_cast<score::result::ErrorCode>(ComErrc::kServiceInstanceAlreadyOffered):
2026-10-07T14:48:58.5552869Z       |                                                                 ^
2026-10-07T14:48:58.5555058Z ./score/mw/com/impl/com_error.h:58:11: note: 'kServiceInstanceAlreadyOffered' has been explicitly marked deprecated here
2026-10-07T14:48:58.5603042Z    58 |         [[deprecated("Value has never been used. Calls to OfferService shall be idempotent.")]],
2026-10-07T14:48:58.5612549Z       |           ^
2026-10-07T14:48:58.5642521Z 1 warning generated.
2026-10-07T14:48:58.6103676Z INFO: From Compiling score/mw/com/impl/configuration/config_validate.cpp:
2026-10-07T14:48:58.6104752Z In file included from score/mw/com/impl/configuration/config_validate.cpp:13:
2026-10-07T14:48:58.6133097Z In file included from ./score/mw/com/impl/configuration/config_validate.h:17:
2026-10-07T14:48:58.6163006Z In file included from ./score/mw/com/impl/configuration/configuration.h:18:
2026-10-07T14:48:58.6177429Z In file included from ./score/mw/com/impl/configuration/service_instance_deployment.h:17:
2026-10-07T14:48:58.6193779Z ./score/mw/com/impl/com_error.h:186:65: warning: 'kServiceInstanceAlreadyOffered' is deprecated: Value has never been used. Calls to OfferService shall be idempotent. [-Wdeprecated-declarations]
2026-10-07T14:48:58.6223272Z   186 |             case static_cast<score::result::ErrorCode>(ComErrc::kServiceInstanceAlreadyOffered):
2026-10-07T14:48:58.6252738Z       |                                                                 ^
2026-10-07T14:48:58.6269883Z ./score/mw/com/impl/com_error.h:58:11: note: 'kServiceInstanceAlreadyOffered' has been explicitly marked deprecated here
2026-10-07T14:48:58.6303150Z    58 |         [[deprecated("Value has never been used. Calls to OfferService shall be idempotent.")]],
2026-10-07T14:48:58.6312488Z       |           ^
2026-10-07T14:48:58.6332611Z 1 warning generated.
2026-10-07T14:48:59.4603543Z INFO: From Compiling score/mw/com/impl/configuration/configuration.cpp:
2026-10-07T14:48:59.4633040Z In file included from score/mw/com/impl/configuration/configuration.cpp:13:
2026-10-07T14:48:59.4662920Z In file included from ./score/mw/com/impl/configuration/configuration.h:18:
2026-10-07T14:48:59.4692919Z In file included from ./score/mw/com/impl/configuration/service_instance_deployment.h:17:
2026-10-07T14:48:59.4723842Z ./score/mw/com/impl/com_error.h:186:65: warning: 'kServiceInstanceAlreadyOffered' is deprecated: Value has never been used. Calls to OfferService shall be idempotent. [-Wdeprecated-declarations]
2026-10-07T14:48:59.4753057Z   186 |             case static_cast<score::result::ErrorCode>(ComErrc::kServiceInstanceAlreadyOffered):
2026-10-07T14:48:59.4782697Z       |                                                                 ^
2026-10-07T14:48:59.4813595Z ./score/mw/com/impl/com_error.h:58:11: note: 'kServiceInstanceAlreadyOffered' has been explicitly marked deprecated here
2026-10-07T14:48:59.4843037Z    58 |         [[deprecated("Value has never been used. Calls to OfferService shall be idempotent.")]],
2026-10-07T14:48:59.4872479Z       |           ^
2026-10-07T14:48:59.4872855Z 1 warning generated.
2026-10-07T14:49:00.2132485Z INFO: From Compiling score/mw/com/impl/configuration/config_parser.cpp:
2026-10-07T14:49:00.2163029Z In file included from score/mw/com/impl/configuration/config_parser.cpp:13:
2026-10-07T14:49:00.2192920Z In file included from ./score/mw/com/impl/configuration/config_parser.h:17:
2026-10-07T14:49:00.2202829Z In file included from ./score/mw/com/impl/configuration/configuration.h:18:
2026-10-07T14:49:00.2223056Z In file included from ./score/mw/com/impl/configuration/service_instance_deployment.h:17:
2026-10-07T14:49:00.2248365Z ./score/mw/com/impl/com_error.h:186:65: warning: 'kServiceInstanceAlreadyOffered' is deprecated: Value has never been used. Calls to OfferService shall be idempotent. [-Wdeprecated-declarations]
2026-10-07T14:49:00.2260422Z   186 |             case static_cast<score::result::ErrorCode>(ComErrc::kServiceInstanceAlreadyOffered):
2026-10-07T14:49:00.2277616Z       |                                                                 ^
2026-10-07T14:49:00.2278984Z ./score/mw/com/impl/com_error.h:58:11: note: 'kServiceInstanceAlreadyOffered' has been explicitly marked deprecated here
2026-10-07T14:49:00.2280450Z    58 |         [[deprecated("Value has never been used. Calls to OfferService shall be idempotent.")]],
2026-10-07T14:49:00.2281245Z       |           ^
2026-10-07T14:49:00.2281714Z 1 warning generated.
2026-10-07T14:49:01.6012572Z INFO: From Compiling score/mw/com/impl/configuration/configuration_json_parsing_strategy.cpp:
2026-10-07T14:49:01.6030001Z In file included from score/mw/com/impl/configuration/configuration_json_parsing_strategy.cpp:13:
2026-10-07T14:49:01.6031528Z In file included from ./score/mw/com/impl/configuration/configuration_json_parsing_strategy.h:16:
2026-10-07T14:49:01.6033126Z In file included from ./score/mw/com/impl/configuration/i_configuration_parsing_strategy.h:16:
2026-10-07T14:49:01.6034629Z In file included from ./score/mw/com/impl/configuration/configuration.h:18:
2026-10-07T14:49:01.6035816Z In file included from ./score/mw/com/impl/configuration/service_instance_deployment.h:17:
2026-10-07T14:49:01.6037860Z ./score/mw/com/impl/com_error.h:186:65: warning: 'kServiceInstanceAlreadyOffered' is deprecated: Value has never been used. Calls to OfferService shall be idempotent. [-Wdeprecated-declarations]
2026-10-07T14:49:01.6039688Z   186 |             case static_cast<score::result::ErrorCode>(ComErrc::kServiceInstanceAlreadyOffered):
2026-10-07T14:49:01.6040702Z       |                                                                 ^
2026-10-07T14:49:01.6042331Z ./score/mw/com/impl/com_error.h:58:11: note: 'kServiceInstanceAlreadyOffered' has been explicitly marked deprecated here
2026-10-07T14:49:01.6043820Z    58 |         [[deprecated("Value has never been used. Calls to OfferService shall be idempotent.")]],
2026-10-07T14:49:01.6044595Z       |           ^
2026-10-07T14:49:01.6045049Z 1 warning generated.
2026-10-07T14:49:02.3263506Z INFO: From Compiling score/mw/com/impl/configuration/test/configuration_test_resources.cpp:
2026-10-07T14:49:02.3293441Z In file included from score/mw/com/impl/configuration/test/configuration_test_resources.cpp:13:
2026-10-07T14:49:02.3323004Z In file included from ./score/mw/com/impl/configuration/test/configuration_test_resources.h:26:
2026-10-07T14:49:02.3352792Z In file included from ./score/mw/com/impl/configuration/service_instance_deployment.h:17:
2026-10-07T14:49:02.3354805Z ./score/mw/com/impl/com_error.h:186:65: warning: 'kServiceInstanceAlreadyOffered' is deprecated: Value has never been used. Calls to OfferService shall be idempotent. [-Wdeprecated-declarations]
2026-10-07T14:49:02.3378445Z   186 |             case static_cast<score::result::ErrorCode>(ComErrc::kServiceInstanceAlreadyOffered):
2026-10-07T14:49:02.3403164Z       |                                                                 ^
2026-10-07T14:49:02.3433201Z ./score/mw/com/impl/com_error.h:58:11: note: 'kServiceInstanceAlreadyOffered' has been explicitly marked deprecated here
2026-10-07T14:49:02.3462992Z    58 |         [[deprecated("Value has never been used. Calls to OfferService shall be idempotent.")]],
2026-10-07T14:49:02.3463812Z       |           ^
2026-10-07T14:49:02.3492469Z 1 warning generated.
2026-10-07T14:49:04.2588947Z INFO: From Compiling score/mw/com/impl/configuration/service_identifier_type_test.cpp:
2026-10-07T14:49:04.2603260Z In file included from score/mw/com/impl/configuration/service_identifier_type_test.cpp:15:
2026-10-07T14:49:04.2633130Z In file included from ./score/mw/com/impl/configuration/test/configuration_test_resources.h:26:
2026-10-07T14:49:04.2663049Z In file included from ./score/mw/com/impl/configuration/service_instance_deployment.h:17:
2026-10-07T14:49:04.2693809Z ./score/mw/com/impl/com_error.h:186:65: warning: 'kServiceInstanceAlreadyOffered' is deprecated: Value has never been used. Calls to OfferService shall be idempotent. [-Wdeprecated-declarations]
2026-10-07T14:49:04.2723267Z   186 |             case static_cast<score::result::ErrorCode>(ComErrc::kServiceInstanceAlreadyOffered):
2026-10-07T14:49:04.2783649Z       |                                                                 ^
2026-10-07T14:49:04.2831602Z ./score/mw/com/impl/com_error.h:58:11: note: 'kServiceInstanceAlreadyOffered' has been explicitly marked deprecated here
2026-10-07T14:49:04.2873075Z    58 |         [[deprecated("Value has never been used. Calls to OfferService shall be idempotent.")]],
2026-10-07T14:49:04.2884069Z       |           ^
2026-10-07T14:49:04.2912577Z 1 warning generated.
2026-10-07T14:49:06.7324160Z [10,820 / 13,916] 96 / 514 tests; Compiling score/mw/com/impl/plumbing/proxy_method_binding_factory_test.cpp; 8s disk-cache, linux-sandbox ... (4 actions, 3 running)
2026-10-07T14:49:10.1320063Z INFO: From Compiling score/mw/com/impl/plumbing/proxy_method_binding_factory_test.cpp:
2026-10-07T14:49:10.1393496Z In file included from score/mw/com/impl/plumbing/proxy_method_binding_factory_test.cpp:13:
2026-10-07T14:49:10.1443306Z In file included from ./score/mw/com/impl/plumbing/proxy_method_binding_factory.h:17:
2026-10-07T14:49:10.1473312Z In file included from ./score/mw/com/impl/plumbing/i_proxy_method_binding_factory.h:16:
2026-10-07T14:49:10.1492716Z In file included from ./score/mw/com/impl/handle_type.h:18:
2026-10-07T14:49:10.1522779Z In file included from ./score/mw/com/impl/instance_identifier.h:16:
2026-10-07T14:49:10.1524762Z ./score/mw/com/impl/com_error.h:186:65: warning: 'kServiceInstanceAlreadyOffered' is deprecated: Value has never been used. Calls to OfferService shall be idempotent. [-Wdeprecated-declarations]
2026-10-07T14:49:10.1553191Z   186 |             case static_cast<score::result::ErrorCode>(ComErrc::kServiceInstanceAlreadyOffered):
2026-10-07T14:49:10.1582733Z       |                                                                 ^
2026-10-07T14:49:10.1610503Z ./score/mw/com/impl/com_error.h:58:11: note: 'kServiceInstanceAlreadyOffered' has been explicitly marked deprecated here
2026-10-07T14:49:10.1642353Z    58 |         [[deprecated("Value has never been used. Calls to OfferService shall be idempotent.")]],
2026-10-07T14:49:10.1643058Z       |           ^
2026-10-07T14:49:10.1643408Z 1 warning generated.
2026-10-07T14:49:14.6644058Z INFO: From Compiling score/mw/com/impl/instance_identifier.cpp:
2026-10-07T14:49:14.6653081Z In file included from score/mw/com/impl/instance_identifier.cpp:13:
2026-10-07T14:49:14.6682931Z In file included from ./score/mw/com/impl/instance_identifier.h:16:
2026-10-07T14:49:14.6693720Z ./score/mw/com/impl/com_error.h:186:65: warning: 'kServiceInstanceAlreadyOffered' is deprecated: Value has never been used. Calls to OfferService shall be idempotent. [-Wdeprecated-declarations]
2026-10-07T14:49:14.6713396Z   186 |             case static_cast<score::result::ErrorCode>(ComErrc::kServiceInstanceAlreadyOffered):
2026-10-07T14:49:14.6742644Z       |                                                                 ^
2026-10-07T14:49:14.6773031Z ./score/mw/com/impl/com_error.h:58:11: note: 'kServiceInstanceAlreadyOffered' has been explicitly marked deprecated here
2026-10-07T14:49:14.6813027Z    58 |         [[deprecated("Value has never been used. Calls to OfferService shall be idempotent.")]],
2026-10-07T14:49:14.6832802Z       |           ^
2026-10-07T14:49:14.6852417Z 1 warning generated.
2026-10-07T14:49:14.8996566Z INFO: From Compiling score/mw/com/impl/handle_type.cpp:
2026-10-07T14:49:14.9032812Z In file included from score/mw/com/impl/handle_type.cpp:13:
2026-10-07T14:49:14.9062800Z In file included from ./score/mw/com/impl/handle_type.h:18:
2026-10-07T14:49:14.9122825Z In file included from ./score/mw/com/impl/instance_identifier.h:16:
2026-10-07T14:49:14.9124707Z ./score/mw/com/impl/com_error.h:186:65: warning: 'kServiceInstanceAlreadyOffered' is deprecated: Value has never been used. Calls to OfferService shall be idempotent. [-Wdeprecated-declarations]
2026-10-07T14:49:14.9151804Z   186 |             case static_cast<score::result::ErrorCode>(ComErrc::kServiceInstanceAlreadyOffered):
2026-10-07T14:49:14.9182782Z       |                                                                 ^
2026-10-07T14:49:14.9193793Z ./score/mw/com/impl/com_error.h:58:11: note: 'kServiceInstanceAlreadyOffered' has been explicitly marked deprecated here
2026-10-07T14:49:14.9235288Z    58 |         [[deprecated("Value has never been used. Calls to OfferService shall be idempotent.")]],
2026-10-07T14:49:14.9282448Z       |           ^
2026-10-07T14:49:14.9312488Z 1 warning generated.
2026-10-07T14:49:15.1182198Z INFO: From Compiling score/mw/com/impl/configuration/service_type_deployment_test.cpp:
2026-10-07T14:49:15.1213107Z In file included from score/mw/com/impl/configuration/service_type_deployment_test.cpp:16:
2026-10-07T14:49:15.1214557Z In file included from ./score/mw/com/impl/configuration/test/configuration_test_resources.h:26:
2026-10-07T14:49:15.1243356Z In file included from ./score/mw/com/impl/configuration/service_instance_deployment.h:17:
2026-10-07T14:49:15.1273779Z ./score/mw/com/impl/com_error.h:186:65: warning: 'kServiceInstanceAlreadyOffered' is deprecated: Value has never been used. Calls to OfferService shall be idempotent. [-Wdeprecated-declarations]
2026-10-07T14:49:15.1288243Z   186 |             case static_cast<score::result::ErrorCode>(ComErrc::kServiceInstanceAlreadyOffered):
2026-10-07T14:49:15.1332739Z       |                                                                 ^
2026-10-07T14:49:15.1334290Z ./score/mw/com/impl/com_error.h:58:11: note: 'kServiceInstanceAlreadyOffered' has been explicitly marked deprecated here
2026-10-07T14:49:15.1355326Z    58 |         [[deprecated("Value has never been used. Calls to OfferService shall be idempotent.")]],
2026-10-07T14:49:15.1383002Z       |           ^
2026-10-07T14:49:15.1392637Z 1 warning generated.
2026-10-07T14:49:15.5922256Z INFO: From Compiling score/mw/com/impl/generic_proxy_event_test.cpp:
2026-10-07T14:49:15.5923516Z In file included from score/mw/com/impl/generic_proxy_event_test.cpp:22:
2026-10-07T14:49:15.5924506Z In file included from ./score/mw/com/impl/generic_proxy_event.h:18:
2026-10-07T14:49:15.5925326Z In file included from ./score/mw/com/impl/proxy_base.h:18:
2026-10-07T14:49:15.5926163Z In file included from ./score/mw/com/impl/handle_type.h:18:
2026-10-07T14:49:15.5927074Z In file included from ./score/mw/com/impl/instance_identifier.h:16:
2026-10-07T14:49:15.5928923Z ./score/mw/com/impl/com_error.h:186:65: warning: 'kServiceInstanceAlreadyOffered' is deprecated: Value has never been used. Calls to OfferService shall be idempotent. [-Wdeprecated-declarations]
2026-10-07T14:49:15.5930594Z   186 |             case static_cast<score::result::ErrorCode>(ComErrc::kServiceInstanceAlreadyOffered):
2026-10-07T14:49:15.5931617Z       |                                                                 ^
2026-10-07T14:49:15.5933244Z ./score/mw/com/impl/com_error.h:58:11: note: 'kServiceInstanceAlreadyOffered' has been explicitly marked deprecated here
2026-10-07T14:49:15.5934637Z    58 |         [[deprecated("Value has never been used. Calls to OfferService shall be idempotent.")]],
2026-10-07T14:49:15.5935320Z       |           ^
2026-10-07T14:49:15.5936969Z score/mw/com/impl/generic_proxy_event_test.cpp:160:42: warning: 'GetSampleSize' is deprecated: Use GetEventDataTypeSizeInfo() for size and alignment information, issue #975 [-Wdeprecated-declarations]
2026-10-07T14:49:15.5938325Z   160 |     const auto sample_size = proxy_event.GetSampleSize();
2026-10-07T14:49:15.5939025Z       |                                          ^
2026-10-07T14:49:15.5940085Z ./score/mw/com/impl/generic_proxy_event.h:80:7: note: 'GetSampleSize' has been explicitly marked deprecated here
2026-10-07T14:49:15.5941470Z    80 |     [[deprecated("Use GetEventDataTypeSizeInfo() for size and alignment information, issue #975")]]
2026-10-07T14:49:15.5942478Z       |       ^
2026-10-07T14:49:15.5942945Z 2 warnings generated.
2026-10-07T14:49:16.8378422Z [10,906 / 13,918] 96 / 514 tests; Compiling score/mw/com/impl/handle_type_test.cpp; 1s disk-cache, linux-sandbox ... (4 actions, 3 running)
2026-10-07T14:49:17.6810478Z INFO: From Compiling score/mw/com/impl/handle_type_test.cpp:
2026-10-07T14:49:17.6826546Z In file included from score/mw/com/impl/handle_type_test.cpp:13:
2026-10-07T14:49:17.6873504Z In file included from ./score/mw/com/impl/handle_type.h:18:
2026-10-07T14:49:17.6882888Z In file included from ./score/mw/com/impl/instance_identifier.h:16:
2026-10-07T14:49:17.6903727Z ./score/mw/com/impl/com_error.h:186:65: warning: 'kServiceInstanceAlreadyOffered' is deprecated: Value has never been used. Calls to OfferService shall be idempotent. [-Wdeprecated-declarations]
2026-10-07T14:49:17.6913199Z   186 |             case static_cast<score::result::ErrorCode>(ComErrc::kServiceInstanceAlreadyOffered):
2026-10-07T14:49:17.6942788Z       |                                                                 ^
2026-10-07T14:49:17.6973234Z ./score/mw/com/impl/com_error.h:58:11: note: 'kServiceInstanceAlreadyOffered' has been explicitly marked deprecated here
2026-10-07T14:49:17.6983124Z    58 |         [[deprecated("Value has never been used. Calls to OfferService shall be idempotent.")]],
2026-10-07T14:49:17.7002551Z       |           ^
2026-10-07T14:49:17.7032500Z 1 warning generated.
2026-10-07T14:49:19.6473427Z INFO: From Compiling score/mw/com/test/methods/edge_cases_test/disabled_method_test.cpp:
2026-10-07T14:49:19.6511638Z In file included from score/mw/com/test/methods/edge_cases_test/disabled_method_test.cpp:13:
2026-10-07T14:49:19.6517053Z In file included from ./score/mw/com/com_error_domain.h:16:
2026-10-07T14:49:19.6527970Z ./score/mw/com/impl/com_error.h:186:65: warning: 'kServiceInstanceAlreadyOffered' is deprecated: Value has never been used. Calls to OfferService shall be idempotent. [-Wdeprecated-declarations]
2026-10-07T14:49:19.6532804Z   186 |             case static_cast<score::result::ErrorCode>(ComErrc::kServiceInstanceAlreadyOffered):
2026-10-07T14:49:19.6533921Z       |                                                                 ^
2026-10-07T14:49:19.6535294Z ./score/mw/com/impl/com_error.h:58:11: note: 'kServiceInstanceAlreadyOffered' has been explicitly marked deprecated here
2026-10-07T14:49:19.6536796Z    58 |         [[deprecated("Value has never been used. Calls to OfferService shall be idempotent.")]],
2026-10-07T14:49:19.6537581Z       |           ^
2026-10-07T14:49:19.6538046Z 1 warning generated.
2026-10-07T14:49:20.1878088Z INFO: From Compiling score/mw/com/impl/configuration/lola_service_instance_deployment_test.cpp:
2026-10-07T14:49:20.1890763Z In file included from score/mw/com/impl/configuration/lola_service_instance_deployment_test.cpp:16:
2026-10-07T14:49:20.1911319Z In file included from ./score/mw/com/impl/configuration/test/configuration_test_resources.h:26:
2026-10-07T14:49:20.1938344Z In file included from ./score/mw/com/impl/configuration/service_instance_deployment.h:17:
2026-10-07T14:49:20.1960064Z ./score/mw/com/impl/com_error.h:186:65: warning: 'kServiceInstanceAlreadyOffered' is deprecated: Value has never been used. Calls to OfferService shall be idempotent. [-Wdeprecated-declarations]
2026-10-07T14:49:20.1965453Z   186 |             case static_cast<score::result::ErrorCode>(ComErrc::kServiceInstanceAlreadyOffered):
2026-10-07T14:49:20.1966506Z       |                                                                 ^
2026-10-07T14:49:20.1967915Z ./score/mw/com/impl/com_error.h:58:11: note: 'kServiceInstanceAlreadyOffered' has been explicitly marked deprecated here
2026-10-07T14:49:20.1977693Z    58 |         [[deprecated("Value has never been used. Calls to OfferService shall be idempotent.")]],
2026-10-07T14:49:20.1978539Z       |           ^
2026-10-07T14:49:20.1979018Z 1 warning generated.
2026-10-07T14:49:23.0210847Z INFO: From Compiling score/mw/com/test/methods/edge_cases_test/incomplete_handlers_test.cpp:
2026-10-07T14:49:23.0213517Z In file included from score/mw/com/test/methods/edge_cases_test/incomplete_handlers_test.cpp:16:
2026-10-07T14:49:23.0215383Z In file included from ./score/mw/com/test/methods/methods_test_resources/all_signatures_datatype/all_signatures_method_provider.h:16:
2026-10-07T14:49:23.0216862Z In file included from ./score/mw/com/test/common_test_resources/skeleton_container.h:17:
2026-10-07T14:49:23.0217809Z In file included from ./score/mw/com/types.h:24:
2026-10-07T14:49:23.0218667Z In file included from ./score/mw/com/impl/generic_proxy.h:18:
2026-10-07T14:49:23.0219622Z In file included from ./score/mw/com/impl/generic_proxy_event.h:18:
2026-10-07T14:49:23.0220524Z In file included from ./score/mw/com/impl/proxy_base.h:18:
2026-10-07T14:49:23.0221382Z In file included from ./score/mw/com/impl/handle_type.h:18:
2026-10-07T14:49:23.0222427Z In file included from ./score/mw/com/impl/instance_identifier.h:16:
2026-10-07T14:49:23.0224379Z ./score/mw/com/impl/com_error.h:186:65: warning: 'kServiceInstanceAlreadyOffered' is deprecated: Value has never been used. Calls to OfferService shall be idempotent. [-Wdeprecated-declarations]
2026-10-07T14:49:23.0226647Z   186 |             case static_cast<score::result::ErrorCode>(ComErrc::kServiceInstanceAlreadyOffered):
2026-10-07T14:49:23.0230455Z       |                                                                 ^
2026-10-07T14:49:23.0231831Z ./score/mw/com/impl/com_error.h:58:11: note: 'kServiceInstanceAlreadyOffered' has been explicitly marked deprecated here
2026-10-07T14:49:23.0233579Z    58 |         [[deprecated("Value has never been used. Calls to OfferService shall be idempotent.")]],
2026-10-07T14:49:23.0234414Z       |           ^
2026-10-07T14:49:23.0234901Z 1 warning generated.
2026-10-07T14:49:26.7013994Z INFO: From Compiling score/mw/com/test/methods/edge_cases_test/proxy_recreation_test.cpp:
2026-10-07T14:49:26.7023001Z In file included from score/mw/com/test/methods/edge_cases_test/proxy_recreation_test.cpp:15:
2026-10-07T14:49:26.7043335Z In file included from ./score/mw/com/test/methods/methods_test_resources/all_signatures_datatype/all_signatures_method_consumer.h:16:
2026-10-07T14:49:26.7044613Z In file included from ./score/mw/com/test/common_test_resources/proxy_container.h:17:
2026-10-07T14:49:26.7045366Z In file included from ./score/mw/com/types.h:24:
2026-10-07T14:49:26.7046039Z In file included from ./score/mw/com/impl/generic_proxy.h:18:
2026-10-07T14:49:26.7046811Z In file included from ./score/mw/com/impl/generic_proxy_event.h:18:
2026-10-07T14:49:26.7047546Z In file included from ./score/mw/com/impl/proxy_base.h:18:
2026-10-07T14:49:26.7048233Z In file included from ./score/mw/com/impl/handle_type.h:18:
2026-10-07T14:49:26.7048998Z In file included from ./score/mw/com/impl/instance_identifier.h:16:
2026-10-07T14:49:26.7051096Z ./score/mw/com/impl/com_error.h:186:65: warning: 'kServiceInstanceAlreadyOffered' is deprecated: Value has never been used. Calls to OfferService shall be idempotent. [-Wdeprecated-declarations]
2026-10-07T14:49:26.7052950Z   186 |             case static_cast<score::result::ErrorCode>(ComErrc::kServiceInstanceAlreadyOffered):
2026-10-07T14:49:26.7053819Z       |                                                                 ^
2026-10-07T14:49:26.7054968Z ./score/mw/com/impl/com_error.h:58:11: note: 'kServiceInstanceAlreadyOffered' has been explicitly marked deprecated here
2026-10-07T14:49:26.7056220Z    58 |         [[deprecated("Value has never been used. Calls to OfferService shall be idempotent.")]],
2026-10-07T14:49:26.7056835Z       |           ^
2026-10-07T14:49:26.7057166Z 1 warning generated.
2026-10-07T14:49:27.1713923Z [10,968 / 13,921] 96 / 514 tests; Compiling score/filesystem/file_utils/file_utils_fake.cpp; 1s disk-cache, linux-sandbox ... (4 actions, 3 running)
2026-10-07T14:49:29.9583138Z INFO: From Compiling score/mw/com/test/methods/edge_cases_test/skeleton_recreation_test.cpp:
2026-10-07T14:49:29.9633213Z In file included from score/mw/com/test/methods/edge_cases_test/skeleton_recreation_test.cpp:16:
2026-10-07T14:49:29.9653569Z In file included from ./score/mw/com/test/methods/methods_test_resources/all_signatures_datatype/all_signatures_datatype.h:16:
2026-10-07T14:49:29.9678504Z In file included from ./score/mw/com/types.h:24:
2026-10-07T14:49:29.9712903Z In file included from ./score/mw/com/impl/generic_proxy.h:18:
2026-10-07T14:49:29.9713890Z In file included from ./score/mw/com/impl/generic_proxy_event.h:18:
2026-10-07T14:49:29.9714772Z In file included from ./score/mw/com/impl/proxy_base.h:18:
2026-10-07T14:49:29.9715804Z In file included from ./score/mw/com/impl/handle_type.h:18:
2026-10-07T14:49:29.9716853Z In file included from ./score/mw/com/impl/instance_identifier.h:16:
2026-10-07T14:49:29.9718806Z ./score/mw/com/impl/com_error.h:186:65: warning: 'kServiceInstanceAlreadyOffered' is deprecated: Value has never been used. Calls to OfferService shall be idempotent. [-Wdeprecated-declarations]
2026-10-07T14:49:29.9720789Z   186 |             case static_cast<score::result::ErrorCode>(ComErrc::kServiceInstanceAlreadyOffered):
2026-10-07T14:49:29.9721872Z       |                                                                 ^
2026-10-07T14:49:29.9723774Z ./score/mw/com/impl/com_error.h:58:11: note: 'kServiceInstanceAlreadyOffered' has been explicitly marked deprecated here
2026-10-07T14:49:29.9725297Z    58 |         [[deprecated("Value has never been used. Calls to OfferService shall be idempotent.")]],
2026-10-07T14:49:29.9726171Z       |           ^
2026-10-07T14:49:29.9726685Z 1 warning generated.
2026-10-07T14:49:34.1802220Z INFO: From Compiling score/mw/com/test/methods/methods_test_resources/all_signatures_datatype/all_signatures_method_consumer.cpp:
2026-10-07T14:49:34.1833984Z In file included from score/mw/com/test/methods/methods_test_resources/all_signatures_datatype/all_signatures_method_consumer.cpp:13:
2026-10-07T14:49:34.1863320Z In file included from ./score/mw/com/test/methods/methods_test_resources/all_signatures_datatype/all_signatures_method_consumer.h:16:
2026-10-07T14:49:34.1893188Z In file included from ./score/mw/com/test/common_test_resources/proxy_container.h:17:
2026-10-07T14:49:34.1922719Z In file included from ./score/mw/com/types.h:24:
2026-10-07T14:49:34.1952722Z In file included from ./score/mw/com/impl/generic_proxy.h:18:
2026-10-07T14:49:34.1972904Z In file included from ./score/mw/com/impl/generic_proxy_event.h:18:
2026-10-07T14:49:34.2012757Z In file included from ./score/mw/com/impl/proxy_base.h:18:
2026-10-07T14:49:34.2032822Z In file included from ./score/mw/com/impl/handle_type.h:18:
2026-10-07T14:49:34.2042905Z In file included from ./score/mw/com/impl/instance_identifier.h:16:
2026-10-07T14:49:34.2073790Z ./score/mw/com/impl/com_error.h:186:65: warning: 'kServiceInstanceAlreadyOffered' is deprecated: Value has never been used. Calls to OfferService shall be idempotent. [-Wdeprecated-declarations]
2026-10-07T14:49:34.2103388Z   186 |             case static_cast<score::result::ErrorCode>(ComErrc::kServiceInstanceAlreadyOffered):
2026-10-07T14:49:34.2132669Z       |                                                                 ^
2026-10-07T14:49:34.2153253Z ./score/mw/com/impl/com_error.h:58:11: note: 'kServiceInstanceAlreadyOffered' has been explicitly marked deprecated here
2026-10-07T14:49:34.2192970Z    58 |         [[deprecated("Value has never been used. Calls to OfferService shall be idempotent.")]],
2026-10-07T14:49:34.2222477Z       |           ^
2026-10-07T14:49:34.2252441Z 1 warning generated.
2026-10-07T14:49:34.5266717Z INFO: From Compiling score/mw/com/impl/enriched_instance_identifier.cpp:
2026-10-07T14:49:34.5282993Z In file included from score/mw/com/impl/enriched_instance_identifier.cpp:13:
2026-10-07T14:49:34.5323085Z In file included from ./score/mw/com/impl/enriched_instance_identifier.h:17:
2026-10-07T14:49:34.5326449Z In file included from ./score/mw/com/impl/handle_type.h:18:
2026-10-07T14:49:34.5373288Z In file included from ./score/mw/com/impl/instance_identifier.h:16:
2026-10-07T14:49:34.5403977Z ./score/mw/com/impl/com_error.h:186:65: warning: 'kServiceInstanceAlreadyOffered' is deprecated: Value has never been used. Calls to OfferService shall be idempotent. [-Wdeprecated-declarations]
2026-10-07T14:49:34.5433074Z   186 |             case static_cast<score::result::ErrorCode>(ComErrc::kServiceInstanceAlreadyOffered):
2026-10-07T14:49:34.5462861Z       |                                                                 ^
2026-10-07T14:49:34.5493420Z ./score/mw/com/impl/com_error.h:58:11: note: 'kServiceInstanceAlreadyOffered' has been explicitly marked deprecated here
2026-10-07T14:49:34.5506804Z    58 |         [[deprecated("Value has never been used. Calls to OfferService shall be idempotent.")]],
2026-10-07T14:49:34.5542527Z       |           ^
2026-10-07T14:49:34.5572826Z 1 warning generated.
2026-10-07T14:49:36.3937575Z INFO: From Compiling score/mw/com/impl/configuration/test/configuration_store.cpp:
2026-10-07T14:49:36.3963431Z In file included from score/mw/com/impl/configuration/test/configuration_store.cpp:13:
2026-10-07T14:49:36.3966355Z In file included from ./score/mw/com/impl/configuration/test/configuration_store.h:22:
2026-10-07T14:49:36.3967863Z In file included from ./score/mw/com/impl/configuration/service_instance_deployment.h:17:
2026-10-07T14:49:36.3969801Z ./score/mw/com/impl/com_error.h:186:65: warning: 'kServiceInstanceAlreadyOffered' is deprecated: Value has never been used. Calls to OfferService shall be idempotent. [-Wdeprecated-declarations]
2026-10-07T14:49:36.3971488Z   186 |             case static_cast<score::result::ErrorCode>(ComErrc::kServiceInstanceAlreadyOffered):
2026-10-07T14:49:36.3972608Z       |                                                                 ^
2026-10-07T14:49:36.3973904Z ./score/mw/com/impl/com_error.h:58:11: note: 'kServiceInstanceAlreadyOffered' has been explicitly marked deprecated here
2026-10-07T14:49:36.3975273Z    58 |         [[deprecated("Value has never been used. Calls to OfferService shall be idempotent.")]],
2026-10-07T14:49:36.3976009Z       |           ^
2026-10-07T14:49:36.3976464Z 1 warning generated.
2026-10-07T14:49:37.7394400Z INFO: From Compiling score/mw/com/test/methods/methods_test_resources/all_signatures_datatype/all_signatures_method_provider.cpp:
2026-10-07T14:49:37.7423502Z In file included from score/mw/com/test/methods/methods_test_resources/all_signatures_datatype/all_signatures_method_provider.cpp:13:
2026-10-07T14:49:37.7443492Z In file included from ./score/mw/com/test/methods/methods_test_resources/all_signatures_datatype/all_signatures_method_provider.h:16:
2026-10-07T14:49:37.7474864Z In file included from ./score/mw/com/test/common_test_resources/skeleton_container.h:17:
2026-10-07T14:49:37.7502778Z In file included from ./score/mw/com/types.h:24:
2026-10-07T14:49:37.7503913Z In file included from ./score/mw/com/impl/generic_proxy.h:18:
2026-10-07T14:49:37.7532905Z In file included from ./score/mw/com/impl/generic_proxy_event.h:18:
2026-10-07T14:49:37.7563243Z In file included from ./score/mw/com/impl/proxy_base.h:18:
2026-10-07T14:49:37.7592763Z In file included from ./score/mw/com/impl/handle_type.h:18:
2026-10-07T14:49:37.7622766Z In file included from ./score/mw/com/impl/instance_identifier.h:16:
2026-10-07T14:49:37.7624860Z ./score/mw/com/impl/com_error.h:186:65: warning: 'kServiceInstanceAlreadyOffered' is deprecated: Value has never been used. Calls to OfferService shall be idempotent. [-Wdeprecated-declarations]
2026-10-07T14:49:37.7653260Z   186 |             case static_cast<score::result::ErrorCode>(ComErrc::kServiceInstanceAlreadyOffered):
2026-10-07T14:49:37.7682759Z       |                                                                 ^
2026-10-07T14:49:37.7713041Z ./score/mw/com/impl/com_error.h:58:11: note: 'kServiceInstanceAlreadyOffered' has been explicitly marked deprecated here
2026-10-07T14:49:37.7714460Z    58 |         [[deprecated("Value has never been used. Calls to OfferService shall be idempotent.")]],
2026-10-07T14:49:37.7742578Z       |           ^
2026-10-07T14:49:37.7772555Z 1 warning generated.
2026-10-07T14:49:37.7774548Z [11,021 / 13,921] 96 / 514 tests; Compiling score/mw/com/impl/bindings/lola/service_discovery/test/service_discovery_client_test_resources.cpp; 1s disk-cache, linux-sandbox ... (4 actions, 3 running)
2026-10-07T14:49:38.7383970Z INFO: From Compiling score/mw/com/impl/bindings/lola/service_discovery/test/service_discovery_client_test_resources.cpp:
2026-10-07T14:49:38.7413325Z In file included from score/mw/com/impl/bindings/lola/service_discovery/test/service_discovery_client_test_resources.cpp:13:
2026-10-07T14:49:38.7414942Z In file included from ./score/mw/com/impl/bindings/lola/service_discovery/test/service_discovery_client_test_resources.h:21:
2026-10-07T14:49:38.7442784Z In file included from ./score/mw/com/impl/handle_type.h:18:
2026-10-07T14:49:38.7468661Z In file included from ./score/mw/com/impl/instance_identifier.h:16:
2026-10-07T14:49:38.7493949Z ./score/mw/com/impl/com_error.h:186:65: warning: 'kServiceInstanceAlreadyOffered' is deprecated: Value has never been used. Calls to OfferService shall be idempotent. [-Wdeprecated-declarations]
2026-10-07T14:49:38.7533019Z   186 |             case static_cast<score::result::ErrorCode>(ComErrc::kServiceInstanceAlreadyOffered):
2026-10-07T14:49:38.7552622Z       |                                                                 ^
2026-10-07T14:49:38.7583114Z ./score/mw/com/impl/com_error.h:58:11: note: 'kServiceInstanceAlreadyOffered' has been explicitly marked deprecated here
2026-10-07T14:49:38.7612908Z    58 |         [[deprecated("Value has never been used. Calls to OfferService shall be idempotent.")]],
2026-10-07T14:49:38.7642458Z       |           ^
2026-10-07T14:49:38.7672493Z 1 warning generated.
2026-10-07T14:49:38.8540653Z INFO: From Compiling score/mw/com/impl/bindings/lola/service_discovery/known_instances_container.cpp:
2026-10-07T14:49:38.8552880Z In file included from score/mw/com/impl/bindings/lola/service_discovery/known_instances_container.cpp:13:
2026-10-07T14:49:38.8573473Z In file included from ./score/mw/com/impl/bindings/lola/service_discovery/known_instances_container.h:16:
2026-10-07T14:49:38.8602942Z In file included from ./score/mw/com/impl/enriched_instance_identifier.h:17:
2026-10-07T14:49:38.8632810Z In file included from ./score/mw/com/impl/handle_type.h:18:
2026-10-07T14:49:38.8645369Z In file included from ./score/mw/com/impl/instance_identifier.h:16:
2026-10-07T14:49:38.8650842Z ./score/mw/com/impl/com_error.h:186:65: warning: 'kServiceInstanceAlreadyOffered' is deprecated: Value has never been used. Calls to OfferService shall be idempotent. [-Wdeprecated-declarations]
2026-10-07T14:49:38.8671904Z   186 |             case static_cast<score::result::ErrorCode>(ComErrc::kServiceInstanceAlreadyOffered):
2026-10-07T14:49:38.8673374Z       |                                                                 ^
2026-10-07T14:49:38.8674862Z ./score/mw/com/impl/com_error.h:58:11: note: 'kServiceInstanceAlreadyOffered' has been explicitly marked deprecated here
2026-10-07T14:49:38.8676628Z    58 |         [[deprecated("Value has never been used. Calls to OfferService shall be idempotent.")]],
2026-10-07T14:49:38.8677470Z       |           ^
2026-10-07T14:49:38.8677899Z 1 warning generated.
2026-10-07T14:49:38.9660833Z INFO: From Compiling score/mw/com/impl/bindings/lola/service_discovery/flag_file.cpp:
2026-10-07T14:49:38.9676404Z In file included from score/mw/com/impl/bindings/lola/service_discovery/flag_file.cpp:13:
2026-10-07T14:49:38.9691482Z In file included from ./score/mw/com/impl/bindings/lola/service_discovery/flag_file.h:16:
2026-10-07T14:49:38.9714517Z In file included from ./score/mw/com/impl/enriched_instance_identifier.h:17:
2026-10-07T14:49:38.9743041Z In file included from ./score/mw/com/impl/handle_type.h:18:
2026-10-07T14:49:38.9776925Z In file included from ./score/mw/com/impl/instance_identifier.h:16:
2026-10-07T14:49:38.9808606Z ./score/mw/com/impl/com_error.h:186:65: warning: 'kServiceInstanceAlreadyOffered' is deprecated: Value has never been used. Calls to OfferService shall be idempotent. [-Wdeprecated-declarations]
2026-10-07T14:49:38.9824231Z   186 |             case static_cast<score::result::ErrorCode>(ComErrc::kServiceInstanceAlreadyOffered):
2026-10-07T14:49:38.9843365Z       |                                                                 ^
2026-10-07T14:49:38.9844761Z ./score/mw/com/impl/com_error.h:58:11: note: 'kServiceInstanceAlreadyOffered' has been explicitly marked deprecated here
2026-10-07T14:49:38.9846226Z    58 |         [[deprecated("Value has never been used. Calls to OfferService shall be idempotent.")]],
2026-10-07T14:49:38.9846979Z       |           ^
2026-10-07T14:49:38.9847441Z 1 warning generated.
2026-10-07T14:49:40.5284087Z INFO: From Compiling score/mw/com/test/methods/methods_test_resources/all_signatures_datatype/all_signatures_datatype.cpp:
2026-10-07T14:49:40.5343317Z In file included from score/mw/com/test/methods/methods_test_resources/all_signatures_datatype/all_signatures_datatype.cpp:13:
2026-10-07T14:49:40.5383332Z In file included from ./score/mw/com/test/methods/methods_test_resources/all_signatures_datatype/all_signatures_datatype.h:16:
2026-10-07T14:49:40.5402695Z In file included from ./score/mw/com/types.h:24:
2026-10-07T14:49:40.5403833Z In file included from ./score/mw/com/impl/generic_proxy.h:18:
2026-10-07T14:49:40.5404633Z In file included from ./score/mw/com/impl/generic_proxy_event.h:18:
2026-10-07T14:49:40.5405361Z In file included from ./score/mw/com/impl/proxy_base.h:18:
2026-10-07T14:49:40.5406049Z In file included from ./score/mw/com/impl/handle_type.h:18:
2026-10-07T14:49:40.5406753Z In file included from ./score/mw/com/impl/instance_identifier.h:16:
2026-10-07T14:49:40.5408468Z ./score/mw/com/impl/com_error.h:186:65: warning: 'kServiceInstanceAlreadyOffered' is deprecated: Value has never been used. Calls to OfferService shall be idempotent. [-Wdeprecated-declarations]
2026-10-07T14:49:40.5410127Z   186 |             case static_cast<score::result::ErrorCode>(ComErrc::kServiceInstanceAlreadyOffered):
2026-10-07T14:49:40.5411002Z       |                                                                 ^
2026-10-07T14:49:40.5412297Z ./score/mw/com/impl/com_error.h:58:11: note: 'kServiceInstanceAlreadyOffered' has been explicitly marked deprecated here
2026-10-07T14:49:40.5413440Z    58 |         [[deprecated("Value has never been used. Calls to OfferService shall be idempotent.")]],
2026-10-07T14:49:40.5413995Z       |           ^
2026-10-07T14:49:40.5414268Z 1 warning generated.
2026-10-07T14:49:40.9829562Z INFO: From Compiling score/mw/com/impl/bindings/lola/service_discovery/flag_file_crawler.cpp:
2026-10-07T14:49:40.9865519Z In file included from score/mw/com/impl/bindings/lola/service_discovery/flag_file_crawler.cpp:13:
2026-10-07T14:49:40.9893249Z In file included from ./score/mw/com/impl/bindings/lola/service_discovery/flag_file_crawler.h:16:
2026-10-07T14:49:40.9923611Z In file included from ./score/mw/com/impl/bindings/lola/service_discovery/known_instances_container.h:16:
2026-10-07T14:49:40.9925332Z In file included from ./score/mw/com/impl/enriched_instance_identifier.h:17:
2026-10-07T14:49:40.9952823Z In file included from ./score/mw/com/impl/handle_type.h:18:
2026-10-07T14:49:40.9983355Z In file included from ./score/mw/com/impl/instance_identifier.h:16:
2026-10-07T14:49:40.9987517Z ./score/mw/com/impl/com_error.h:186:65: warning: 'kServiceInstanceAlreadyOffered' is deprecated: Value has never been used. Calls to OfferService shall be idempotent. [-Wdeprecated-declarations]
2026-10-07T14:49:40.9989710Z   186 |             case static_cast<score::result::ErrorCode>(ComErrc::kServiceInstanceAlreadyOffered):
2026-10-07T14:49:40.9990775Z       |                                                                 ^
2026-10-07T14:49:40.9992254Z ./score/mw/com/impl/com_error.h:58:11: note: 'kServiceInstanceAlreadyOffered' has been explicitly marked deprecated here
2026-10-07T14:49:40.9993757Z    58 |         [[deprecated("Value has never been used. Calls to OfferService shall be idempotent.")]],
2026-10-07T14:49:40.9994553Z       |           ^
2026-10-07T14:49:40.9995042Z 1 warning generated.
2026-10-07T14:49:43.9624703Z INFO: From Compiling score/mw/com/gateway/transport_layer/sample/messages/serialization_test.cpp:
2026-10-07T14:49:43.9654199Z In file included from score/mw/com/gateway/transport_layer/sample/messages/serialization_test.cpp:15:
2026-10-07T14:49:43.9682950Z In file included from ./score/mw/com/gateway/transport_layer/transport.h:17:
2026-10-07T14:49:43.9692719Z In file included from ./score/mw/com/types.h:24:
2026-10-07T14:49:43.9712892Z In file included from ./score/mw/com/impl/generic_proxy.h:18:
2026-10-07T14:49:43.9742886Z In file included from ./score/mw/com/impl/generic_proxy_event.h:18:
2026-10-07T14:49:43.9772813Z In file included from ./score/mw/com/impl/proxy_base.h:18:
2026-10-07T14:49:43.9782133Z In file included from ./score/mw/com/impl/handle_type.h:18:
2026-10-07T14:49:43.9802953Z In file included from ./score/mw/com/impl/instance_identifier.h:16:
2026-10-07T14:49:43.9833876Z ./score/mw/com/impl/com_error.h:186:65: warning: 'kServiceInstanceAlreadyOffered' is deprecated: Value has never been used. Calls to OfferService shall be idempotent. [-Wdeprecated-declarations]
2026-10-07T14:49:43.9863164Z   186 |             case static_cast<score::result::ErrorCode>(ComErrc::kServiceInstanceAlreadyOffered):
2026-10-07T14:49:43.9864125Z       |                                                                 ^
2026-10-07T14:49:43.9893449Z ./score/mw/com/impl/com_error.h:58:11: note: 'kServiceInstanceAlreadyOffered' has been explicitly marked deprecated here
2026-10-07T14:49:43.9923251Z    58 |         [[deprecated("Value has never been used. Calls to OfferService shall be idempotent.")]],
2026-10-07T14:49:43.9952635Z       |           ^
2026-10-07T14:49:43.9972453Z 1 warning generated.
2026-10-07T14:49:46.6814075Z INFO: From Compiling score/mw/com/impl/bindings/lola/service_discovery/flag_file_crawler_test.cpp:
2026-10-07T14:49:46.6838875Z In file included from score/mw/com/impl/bindings/lola/service_discovery/flag_file_crawler_test.cpp:13:
2026-10-07T14:49:46.6853113Z In file included from ./score/mw/com/impl/bindings/lola/service_discovery/flag_file_crawler.h:16:
2026-10-07T14:49:46.6883106Z In file included from ./score/mw/com/impl/bindings/lola/service_discovery/known_instances_container.h:16:
2026-10-07T14:49:46.6884180Z In file included from ./score/mw/com/impl/enriched_instance_identifier.h:17:
2026-10-07T14:49:46.6885001Z In file included from ./score/mw/com/impl/handle_type.h:18:
2026-10-07T14:49:46.6885765Z In file included from ./score/mw/com/impl/instance_identifier.h:16:
2026-10-07T14:49:46.6887561Z ./score/mw/com/impl/com_error.h:186:65: warning: 'kServiceInstanceAlreadyOffered' is deprecated: Value has never been used. Calls to OfferService shall be idempotent. [-Wdeprecated-declarations]
2026-10-07T14:49:46.6889062Z   186 |             case static_cast<score::result::ErrorCode>(ComErrc::kServiceInstanceAlreadyOffered):
2026-10-07T14:49:46.6890134Z       |                                                                 ^
2026-10-07T14:49:46.6891304Z ./score/mw/com/impl/com_error.h:58:11: note: 'kServiceInstanceAlreadyOffered' has been explicitly marked deprecated here
2026-10-07T14:49:46.6892901Z    58 |         [[deprecated("Value has never been used. Calls to OfferService shall be idempotent.")]],
2026-10-07T14:49:46.6893562Z       |           ^
2026-10-07T14:49:46.6893889Z 1 warning generated.
2026-10-07T14:49:48.0906348Z [11,099 / 13,923] 96 / 514 tests; Compiling score/mw/com/impl/traits_test.cpp; 4s disk-cache, linux-sandbox ... (4 actions, 3 running)
2026-10-07T14:49:58.6293557Z INFO: From Compiling score/mw/com/impl/traits_test.cpp:
2026-10-07T14:49:58.6322765Z In file included from score/mw/com/impl/traits_test.cpp:13:
2026-10-07T14:49:58.6342697Z In file included from ./score/mw/com/impl/traits.h:16:
2026-10-07T14:49:58.6344437Z ./score/mw/com/impl/com_error.h:186:65: warning: 'kServiceInstanceAlreadyOffered' is deprecated: Value has never been used. Calls to OfferService shall be idempotent. [-Wdeprecated-declarations]
2026-10-07T14:49:58.6346056Z   186 |             case static_cast<score::result::ErrorCode>(ComErrc::kServiceInstanceAlreadyOffered):
2026-10-07T14:49:58.6346908Z       |                                                                 ^
2026-10-07T14:49:58.6348018Z ./score/mw/com/impl/com_error.h:58:11: note: 'kServiceInstanceAlreadyOffered' has been explicitly marked deprecated here
2026-10-07T14:49:58.6349257Z    58 |         [[deprecated("Value has never been used. Calls to OfferService shall be idempotent.")]],
2026-10-07T14:49:58.6349903Z       |           ^
2026-10-07T14:49:58.6392508Z 1 warning generated.
2026-10-07T14:49:58.6773961Z [11,144 / 13,926] 96 / 514 tests; Compiling score/memory/shared/shared_memory_test_resources.cpp; 5s disk-cache, linux-sandbox ... (4 actions, 3 running)
2026-10-07T14:50:08.8538066Z [11,235 / 13,928] 96 / 514 tests; Compiling score/mw/com/impl/tracing/test/proxy_event_tracing_test.cpp; 10s disk-cache, linux-sandbox ... (4 actions, 3 running)
2026-10-07T14:50:12.4004558Z INFO: From Compiling score/mw/com/impl/tracing/configuration/i_tracing_filter_config.cpp:
2026-10-07T14:50:12.4028077Z In file included from score/mw/com/impl/tracing/configuration/i_tracing_filter_config.cpp:13:
2026-10-07T14:50:12.4052978Z In file included from ./score/mw/com/impl/tracing/configuration/i_tracing_filter_config.h:16:
2026-10-07T14:50:12.4082819Z In file included from ./score/mw/com/impl/configuration/configuration.h:18:
2026-10-07T14:50:12.4110182Z In file included from ./score/mw/com/impl/configuration/service_instance_deployment.h:17:
2026-10-07T14:50:12.4129788Z ./score/mw/com/impl/com_error.h:186:65: warning: 'kServiceInstanceAlreadyOffered' is deprecated: Value has never been used. Calls to OfferService shall be idempotent. [-Wdeprecated-declarations]
2026-10-07T14:50:12.4132093Z   186 |             case static_cast<score::result::ErrorCode>(ComErrc::kServiceInstanceAlreadyOffered):
2026-10-07T14:50:12.4133196Z       |                                                                 ^
2026-10-07T14:50:12.4134638Z ./score/mw/com/impl/com_error.h:58:11: note: 'kServiceInstanceAlreadyOffered' has been explicitly marked deprecated here
2026-10-07T14:50:12.4136194Z    58 |         [[deprecated("Value has never been used. Calls to OfferService shall be idempotent.")]],
2026-10-07T14:50:12.4136965Z       |           ^
2026-10-07T14:50:12.4137301Z 1 warning generated.
2026-10-07T14:50:12.5213791Z INFO: From Compiling score/mw/com/impl/tracing/test/proxy_event_tracing_test.cpp:
2026-10-07T14:50:12.5214934Z In file included from score/mw/com/impl/tracing/test/proxy_event_tracing_test.cpp:15:
2026-10-07T14:50:12.5215787Z In file included from ./score/mw/com/impl/proxy_event.h:16:
2026-10-07T14:50:12.5216560Z In file included from ./score/mw/com/impl/instance_identifier.h:16:
2026-10-07T14:50:12.5218648Z ./score/mw/com/impl/com_error.h:186:65: warning: 'kServiceInstanceAlreadyOffered' is deprecated: Value has never been used. Calls to OfferService shall be idempotent. [-Wdeprecated-declarations]
2026-10-07T14:50:12.5220317Z   186 |             case static_cast<score::result::ErrorCode>(ComErrc::kServiceInstanceAlreadyOffered):
2026-10-07T14:50:12.5242965Z       |                                                                 ^
2026-10-07T14:50:12.5244123Z ./score/mw/com/impl/com_error.h:58:11: note: 'kServiceInstanceAlreadyOffered' has been explicitly marked deprecated here
2026-10-07T14:50:12.5245395Z    58 |         [[deprecated("Value has never been used. Calls to OfferService shall be idempotent.")]],
2026-10-07T14:50:12.5246028Z       |           ^
2026-10-07T14:50:12.5246356Z 1 warning generated.
2026-10-07T14:50:12.8123656Z INFO: From Compiling score/mw/com/impl/tracing/configuration/tracing_filter_config.cpp:
2026-10-07T14:50:12.8143291Z In file included from score/mw/com/impl/tracing/configuration/tracing_filter_config.cpp:13:
2026-10-07T14:50:12.8163429Z In file included from ./score/mw/com/impl/tracing/configuration/tracing_filter_config.h:16:
2026-10-07T14:50:12.8202853Z In file included from ./score/mw/com/impl/configuration/configuration.h:18:
2026-10-07T14:50:12.8219009Z In file included from ./score/mw/com/impl/configuration/service_instance_deployment.h:17:
2026-10-07T14:50:12.8239569Z ./score/mw/com/impl/com_error.h:186:65: warning: 'kServiceInstanceAlreadyOffered' is deprecated: Value has never been used. Calls to OfferService shall be idempotent. [-Wdeprecated-declarations]
2026-10-07T14:50:12.8241932Z   186 |             case static_cast<score::result::ErrorCode>(ComErrc::kServiceInstanceAlreadyOffered):
2026-10-07T14:50:12.8243246Z       |                                                                 ^
2026-10-07T14:50:12.8244508Z ./score/mw/com/impl/com_error.h:58:11: note: 'kServiceInstanceAlreadyOffered' has been explicitly marked deprecated here
2026-10-07T14:50:12.8246755Z    58 |         [[deprecated("Value has never been used. Calls to OfferService shall be idempotent.")]],
2026-10-07T14:50:12.8247712Z       |           ^
2026-10-07T14:50:12.8248154Z 1 warning generated.
2026-10-07T14:50:15.5964492Z INFO: From Compiling score/mw/com/impl/tracing/configuration/tracing_filter_config_test.cpp:
2026-10-07T14:50:15.5993103Z In file included from score/mw/com/impl/tracing/configuration/tracing_filter_config_test.cpp:13:
2026-10-07T14:50:15.6053057Z In file included from ./score/mw/com/impl/tracing/configuration/tracing_filter_config.h:16:
2026-10-07T14:50:15.6082755Z In file included from ./score/mw/com/impl/configuration/configuration.h:18:
2026-10-07T14:50:15.6112929Z In file included from ./score/mw/com/impl/configuration/service_instance_deployment.h:17:
2026-10-07T14:50:15.6143737Z ./score/mw/com/impl/com_error.h:186:65: warning: 'kServiceInstanceAlreadyOffered' is deprecated: Value has never been used. Calls to OfferService shall be idempotent. [-Wdeprecated-declarations]
2026-10-07T14:50:15.6173050Z   186 |             case static_cast<score::result::ErrorCode>(ComErrc::kServiceInstanceAlreadyOffered):
2026-10-07T14:50:15.6190442Z       |                                                                 ^
2026-10-07T14:50:15.6223635Z ./score/mw/com/impl/com_error.h:58:11: note: 'kServiceInstanceAlreadyOffered' has been explicitly marked deprecated here
2026-10-07T14:50:15.6253181Z    58 |         [[deprecated("Value has never been used. Calls to OfferService shall be idempotent.")]],
2026-10-07T14:50:15.6282523Z       |           ^
2026-10-07T14:50:15.6292445Z 1 warning generated.
2026-10-07T14:50:18.9714175Z [11,313 / 13,930] 96 / 514 tests; Compiling score/mw/com/impl/proxy_base_test.cpp; 6s disk-cache, linux-sandbox ... (4 actions, 3 running)
2026-10-07T14:50:20.4503484Z INFO: From Compiling score/mw/com/impl/proxy_base_test.cpp:
2026-10-07T14:50:20.4553079Z In file included from score/mw/com/impl/proxy_base_test.cpp:13:
2026-10-07T14:50:20.4553846Z In file included from ./score/mw/com/impl/proxy_base.h:18:
2026-10-07T14:50:20.4554515Z In file included from ./score/mw/com/impl/handle_type.h:18:
2026-10-07T14:50:20.4555569Z In file included from ./score/mw/com/impl/instance_identifier.h:16:
2026-10-07T14:50:20.4557421Z ./score/mw/com/impl/com_error.h:186:65: warning: 'kServiceInstanceAlreadyOffered' is deprecated: Value has never been used. Calls to OfferService shall be idempotent. [-Wdeprecated-declarations]
2026-10-07T14:50:20.4559087Z   186 |             case static_cast<score::result::ErrorCode>(ComErrc::kServiceInstanceAlreadyOffered):
2026-10-07T14:50:20.4582793Z       |                                                                 ^
2026-10-07T14:50:20.4608161Z ./score/mw/com/impl/com_error.h:58:11: note: 'kServiceInstanceAlreadyOffered' has been explicitly marked deprecated here
2026-10-07T14:50:20.4623703Z    58 |         [[deprecated("Value has never been used. Calls to OfferService shall be idempotent.")]],
2026-10-07T14:50:20.4624838Z       |           ^
2026-10-07T14:50:20.4625405Z 1 warning generated.
2026-10-07T14:50:29.1411297Z [11,391 / 13,931] 96 / 514 tests; Compiling score/mw/com/impl/skeleton_base_test.cpp; 8s disk-cache, linux-sandbox ... (4 actions, 3 running)
2026-10-07T14:50:30.2605776Z INFO: From Compiling score/mw/com/impl/skeleton_base_test.cpp:
2026-10-07T14:50:30.2663258Z In file included from score/mw/com/impl/skeleton_base_test.cpp:13:
2026-10-07T14:50:30.2692712Z In file included from ./score/mw/com/impl/skeleton_base.h:17:
2026-10-07T14:50:30.2723112Z In file included from ./score/mw/com/impl/instance_identifier.h:16:
2026-10-07T14:50:30.2736290Z ./score/mw/com/impl/com_error.h:186:65: warning: 'kServiceInstanceAlreadyOffered' is deprecated: Value has never been used. Calls to OfferService shall be idempotent. [-Wdeprecated-declarations]
2026-10-07T14:50:30.2801328Z   186 |             case static_cast<score::result::ErrorCode>(ComErrc::kServiceInstanceAlreadyOffered):
2026-10-07T14:50:30.2802613Z       |                                                                 ^
2026-10-07T14:50:30.2835644Z ./score/mw/com/impl/com_error.h:58:11: note: 'kServiceInstanceAlreadyOffered' has been explicitly marked deprecated here
2026-10-07T14:50:30.2855044Z    58 |         [[deprecated("Value has never been used. Calls to OfferService shall be idempotent.")]],
2026-10-07T14:50:30.2894914Z       |           ^
2026-10-07T14:50:30.2912620Z 1 warning generated.
2026-10-07T14:50:30.9015908Z INFO: From Compiling score/mw/com/impl/error_serializer.cpp:
2026-10-07T14:50:30.9019540Z In file included from score/mw/com/impl/error_serializer.cpp:16:
2026-10-07T14:50:30.9024953Z ./score/mw/com/impl/com_error.h:186:65: warning: 'kServiceInstanceAlreadyOffered' is deprecated: Value has never been used. Calls to OfferService shall be idempotent. [-Wdeprecated-declarations]
2026-10-07T14:50:30.9026827Z   186 |             case static_cast<score::result::ErrorCode>(ComErrc::kServiceInstanceAlreadyOffered):
2026-10-07T14:50:30.9027923Z       |                                                                 ^
2026-10-07T14:50:30.9029245Z ./score/mw/com/impl/com_error.h:58:11: note: 'kServiceInstanceAlreadyOffered' has been explicitly marked deprecated here
2026-10-07T14:50:30.9030719Z    58 |         [[deprecated("Value has never been used. Calls to OfferService shall be idempotent.")]],
2026-10-07T14:50:30.9031519Z       |           ^
2026-10-07T14:50:30.9032178Z 1 warning generated.
2026-10-07T14:50:34.3414927Z INFO: From Compiling score/mw/com/impl/bindings/lola/messaging/message_passing_service_instance.cpp:
2026-10-07T14:50:34.3442707Z In file included from score/mw/com/impl/bindings/lola/messaging/message_passing_service_instance.cpp:21:
2026-10-07T14:50:34.3474483Z ./score/mw/com/impl/com_error.h:186:65: warning: 'kServiceInstanceAlreadyOffered' is deprecated: Value has never been used. Calls to OfferService shall be idempotent. [-Wdeprecated-declarations]
2026-10-07T14:50:34.3502993Z   186 |             case static_cast<score::result::ErrorCode>(ComErrc::kServiceInstanceAlreadyOffered):
2026-10-07T14:50:34.3520548Z       |                                                                 ^
2026-10-07T14:50:34.3543624Z ./score/mw/com/impl/com_error.h:58:11: note: 'kServiceInstanceAlreadyOffered' has been explicitly marked deprecated here
2026-10-07T14:50:34.3556300Z    58 |         [[deprecated("Value has never been used. Calls to OfferService shall be idempotent.")]],
2026-10-07T14:50:34.3574119Z       |           ^
2026-10-07T14:50:34.3574634Z 1 warning generated.
2026-10-07T14:50:35.5776383Z INFO: From Compiling score/mw/com/impl/proxy_field_test.cpp:
2026-10-07T14:50:35.5814025Z In file included from score/mw/com/impl/proxy_field_test.cpp:20:
2026-10-07T14:50:35.5822733Z In file included from ./score/mw/com/impl/proxy_field.h:19:
2026-10-07T14:50:35.5823691Z In file included from ./score/mw/com/impl/methods/proxy_method_with_in_args_and_return.h:18:
2026-10-07T14:50:35.5824585Z In file included from ./score/mw/com/impl/methods/proxy_method.h:16:
2026-10-07T14:50:35.5825356Z In file included from ./score/mw/com/impl/bindings/lola/proxy.h:24:
2026-10-07T14:50:35.5826149Z In file included from ./score/mw/com/impl/bindings/lola/proxy_method.h:17:
2026-10-07T14:50:35.5827005Z In file included from ./score/mw/com/impl/bindings/lola/i_runtime.h:20:
2026-10-07T14:50:35.5827777Z In file included from ./score/mw/com/impl/i_binding_runtime.h:17:
2026-10-07T14:50:35.5828581Z In file included from ./score/mw/com/impl/i_service_discovery_client.h:16:
2026-10-07T14:50:35.5829431Z In file included from ./score/mw/com/impl/enriched_instance_identifier.h:17:
2026-10-07T14:50:35.5830167Z In file included from ./score/mw/com/impl/handle_type.h:18:
2026-10-07T14:50:35.5830888Z In file included from ./score/mw/com/impl/instance_identifier.h:16:
2026-10-07T14:50:35.5863038Z ./score/mw/com/impl/com_error.h:186:65: warning: 'kServiceInstanceAlreadyOffered' is deprecated: Value has never been used. Calls to OfferService shall be idempotent. [-Wdeprecated-declarations]
2026-10-07T14:50:35.5864824Z   186 |             case static_cast<score::result::ErrorCode>(ComErrc::kServiceInstanceAlreadyOffered):
2026-10-07T14:50:35.5865730Z       |                                                                 ^
2026-10-07T14:50:35.5866931Z ./score/mw/com/impl/com_error.h:58:11: note: 'kServiceInstanceAlreadyOffered' has been explicitly marked deprecated here
2026-10-07T14:50:35.5868543Z    58 |         [[deprecated("Value has never been used. Calls to OfferService shall be idempotent.")]],
2026-10-07T14:50:35.5869181Z       |           ^
2026-10-07T14:50:35.5870905Z score/mw/com/impl/proxy_field_test.cpp:327:35: warning: 'DefaultField' is deprecated: Implicit deduction  of field semantics is deprecated. Choose at least WithNotifier or WithGetter [-Wdeprecated-declarations]
2026-10-07T14:50:35.5872414Z   327 |     static_assert(has_unsubscribe<DefaultField>::value);
2026-10-07T14:50:35.5872966Z       |                                   ^
2026-10-07T14:50:35.5874027Z ./score/mw/com/impl/proxy_field.h:482:9: note: 'ProxyField<unsigned char>' has been explicitly marked deprecated here
2026-10-07T14:50:35.5875502Z   482 | class [[deprecated("Implicit deduction  of field semantics is deprecated. Choose at least WithNotifier or WithGetter")]]
2026-10-07T14:50:35.5876304Z       |         ^
2026-10-07T14:50:35.5877999Z score/mw/com/impl/proxy_field_test.cpp:328:61: warning: 'DefaultField' is deprecated: Implicit deduction  of field semantics is deprecated. Choose at least WithNotifier or WithGetter [-Wdeprecated-declarations]
2026-10-07T14:50:35.5879606Z   328 |     static_assert(has_set_subscription_state_change_handler<DefaultField>::value);
2026-10-07T14:50:35.5880385Z       |                                                             ^
2026-10-07T14:50:35.5881472Z ./score/mw/com/impl/proxy_field.h:482:9: note: 'ProxyField<unsigned char>' has been explicitly marked deprecated here
2026-10-07T14:50:35.5883178Z   482 | class [[deprecated("Implicit deduction  of field semantics is deprecated. Choose at least WithNotifier or WithGetter")]]
2026-10-07T14:50:35.5883928Z       |         ^
2026-10-07T14:50:35.5885767Z score/mw/com/impl/proxy_field_test.cpp:329:63: warning: 'DefaultField' is deprecated: Implicit deduction  of field semantics is deprecated. Choose at least WithNotifier or WithGetter [-Wdeprecated-declarations]
2026-10-07T14:50:35.5887345Z   329 |     static_assert(has_unset_subscription_state_change_handler<DefaultField>::value);
2026-10-07T14:50:35.5888148Z       |                                                               ^
2026-10-07T14:50:35.5889210Z ./score/mw/com/impl/proxy_field.h:482:9: note: 'ProxyField<unsigned char>' has been explicitly marked deprecated here
2026-10-07T14:50:35.5890638Z   482 | class [[deprecated("Implicit deduction  of field semantics is deprecated. Choose at least WithNotifier or WithGetter")]]
2026-10-07T14:50:35.5891383Z       |         ^
2026-10-07T14:50:35.5893159Z score/mw/com/impl/proxy_field_test.cpp:330:46: warning: 'DefaultField' is deprecated: Implicit deduction  of field semantics is deprecated. Choose at least WithNotifier or WithGetter [-Wdeprecated-declarations]
2026-10-07T14:50:35.5894607Z   330 |     static_assert(has_get_subscription_state<DefaultField>::value);
2026-10-07T14:50:35.5895259Z       |                                              ^
2026-10-07T14:50:35.5896294Z ./score/mw/com/impl/proxy_field.h:482:9: note: 'ProxyField<unsigned char>' has been explicitly marked deprecated here
2026-10-07T14:50:35.5897717Z   482 | class [[deprecated("Implicit deduction  of field semantics is deprecated. Choose at least WithNotifier or WithGetter")]]
2026-10-07T14:50:35.5898459Z       |         ^
2026-10-07T14:50:35.5900104Z score/mw/com/impl/proxy_field_test.cpp:331:45: warning: 'DefaultField' is deprecated: Implicit deduction  of field semantics is deprecated. Choose at least WithNotifier or WithGetter [-Wdeprecated-declarations]
2026-10-07T14:50:35.5901555Z   331 |     static_assert(has_get_free_sample_count<DefaultField>::value);
2026-10-07T14:50:35.5932507Z       |                                             ^
2026-10-07T14:50:35.5933436Z ./score/mw/com/impl/proxy_field.h:482:9: note: 'ProxyField<unsigned char>' has been explicitly marked deprecated here
2026-10-07T14:50:35.5934679Z   482 | class [[deprecated("Implicit deduction  of field semantics is deprecated. Choose at least WithNotifier or WithGetter")]]
2026-10-07T14:50:35.5935566Z       |         ^
2026-10-07T14:50:35.5937053Z score/mw/com/impl/proxy_field_test.cpp:332:53: warning: 'DefaultField' is deprecated: Implicit deduction  of field semantics is deprecated. Choose at least WithNotifier or WithGetter [-Wdeprecated-declarations]
2026-10-07T14:50:35.5938576Z   332 |     static_assert(has_get_num_new_samples_available<DefaultField>::value);
2026-10-07T14:50:35.5939324Z       |                                                     ^
2026-10-07T14:50:35.5940421Z ./score/mw/com/impl/proxy_field.h:482:9: note: 'ProxyField<unsigned char>' has been explicitly marked deprecated here
2026-10-07T14:50:35.5941871Z   482 | class [[deprecated("Implicit deduction  of field semantics is deprecated. Choose at least WithNotifier or WithGetter")]]
2026-10-07T14:50:35.5942673Z       |         ^
2026-10-07T14:50:35.5944153Z score/mw/com/impl/proxy_field_test.cpp:333:43: warning: 'DefaultField' is deprecated: Implicit deduction  of field semantics is deprecated. Choose at least WithNotifier or WithGetter [-Wdeprecated-declarations]
2026-10-07T14:50:35.5945389Z   333 |     static_assert(has_set_receive_handler<DefaultField>::value);
2026-10-07T14:50:35.5945934Z       |                                           ^
2026-10-07T14:50:35.5946841Z ./score/mw/com/impl/proxy_field.h:482:9: note: 'ProxyField<unsigned char>' has been explicitly marked deprecated here
2026-10-07T14:50:35.5948280Z   482 | class [[deprecated("Implicit deduction  of field semantics is deprecated. Choose at least WithNotifier or WithGetter")]]
2026-10-07T14:50:35.5949067Z       |         ^
2026-10-07T14:50:35.5950565Z score/mw/com/impl/proxy_field_test.cpp:334:45: warning: 'DefaultField' is deprecated: Implicit deduction  of field semantics is deprecated. Choose at least WithNotifier or WithGetter [-Wdeprecated-declarations]
2026-10-07T14:50:35.5951939Z   334 |     static_assert(has_unset_receive_handler<DefaultField>::value);
2026-10-07T14:50:35.5982842Z       |                                             ^
2026-10-07T14:50:35.5983780Z ./score/mw/com/impl/proxy_field.h:482:9: note: 'ProxyField<unsigned char>' has been explicitly marked deprecated here
2026-10-07T14:50:35.5985019Z   482 | class [[deprecated("Implicit deduction  of field semantics is deprecated. Choose at least WithNotifier or WithGetter")]]
2026-10-07T14:50:35.5985658Z       |         ^
2026-10-07T14:50:35.5987062Z score/mw/com/impl/proxy_field_test.cpp:335:39: warning: 'DefaultField' is deprecated: Implicit deduction  of field semantics is deprecated. Choose at least WithNotifier or WithGetter [-Wdeprecated-declarations]
2026-10-07T14:50:35.5988249Z   335 |     static_assert(has_get_new_samples<DefaultField>::value);
2026-10-07T14:50:35.5988751Z       |                                       ^
2026-10-07T14:50:35.5989628Z ./score/mw/com/impl/proxy_field.h:482:9: note: 'ProxyField<unsigned char>' has been explicitly marked deprecated here
2026-10-07T14:50:35.5990834Z   482 | class [[deprecated("Implicit deduction  of field semantics is deprecated. Choose at least WithNotifier or WithGetter")]]
2026-10-07T14:50:35.5991488Z       |         ^
2026-10-07T14:50:35.5993027Z score/mw/com/impl/proxy_field_test.cpp:336:35: warning: 'DefaultField' is deprecated: Implicit deduction  of field semantics is deprecated. Choose at least WithNotifier or WithGetter [-Wdeprecated-declarations]
2026-10-07T14:50:35.5994206Z   336 |     static_assert(has_inject_mock<DefaultField>::value);
2026-10-07T14:50:35.5994676Z       |                                   ^
2026-10-07T14:50:35.5995539Z ./score/mw/com/impl/proxy_field.h:482:9: note: 'ProxyField<unsigned char>' has been explicitly marked deprecated here
2026-10-07T14:50:35.5996758Z   482 | class [[deprecated("Implicit deduction  of field semantics is deprecated. Choose at least WithNotifier or WithGetter")]]
2026-10-07T14:50:35.5997393Z       |         ^
2026-10-07T14:50:35.5998814Z score/mw/com/impl/proxy_field_test.cpp:337:28: warning: 'DefaultField' is deprecated: Implicit deduction  of field semantics is deprecated. Choose at least WithNotifier or WithGetter [-Wdeprecated-declarations]
2026-10-07T14:50:35.6000134Z   337 |     static_assert(!has_get<DefaultField>::value);
2026-10-07T14:50:35.6000556Z       |                            ^
2026-10-07T14:50:35.6001393Z ./score/mw/com/impl/proxy_field.h:482:9: note: 'ProxyField<unsigned char>' has been explicitly marked deprecated here
2026-10-07T14:50:35.6002782Z   482 | class [[deprecated("Implicit deduction  of field semantics is deprecated. Choose at least WithNotifier or WithGetter")]]
2026-10-07T14:50:35.6003428Z       |         ^
2026-10-07T14:50:35.6004812Z score/mw/com/impl/proxy_field_test.cpp:338:28: warning: 'DefaultField' is deprecated: Implicit deduction  of field semantics is deprecated. Choose at least WithNotifier or WithGetter [-Wdeprecated-declarations]
2026-10-07T14:50:35.6006012Z   338 |     static_assert(!has_set<DefaultField>::value);
2026-10-07T14:50:35.6006497Z       |                            ^
2026-10-07T14:50:35.6007484Z ./score/mw/com/impl/proxy_field.h:482:9: note: 'ProxyField<unsigned char>' has been explicitly marked deprecated here
2026-10-07T14:50:35.6008950Z   482 | class [[deprecated("Implicit deduction  of field semantics is deprecated. Choose at least WithNotifier or WithGetter")]]
2026-10-07T14:50:35.6009716Z       |         ^
2026-10-07T14:50:35.6010035Z 13 warnings generated.
2026-10-07T14:50:38.9173628Z INFO: From Compiling score/mw/com/impl/bindings/lola/messaging/message_passing_service_test.cpp:
2026-10-07T14:50:38.9233692Z In file included from score/mw/com/impl/bindings/lola/messaging/message_passing_service_test.cpp:17:
2026-10-07T14:50:38.9284135Z ./score/mw/com/impl/com_error.h:186:65: warning: 'kServiceInstanceAlreadyOffered' is deprecated: Value has never been used. Calls to OfferService shall be idempotent. [-Wdeprecated-declarations]
2026-10-07T14:50:38.9313550Z   186 |             case static_cast<score::result::ErrorCode>(ComErrc::kServiceInstanceAlreadyOffered):
2026-10-07T14:50:38.9322821Z       |                                                                 ^
2026-10-07T14:50:38.9324186Z ./score/mw/com/impl/com_error.h:58:11: note: 'kServiceInstanceAlreadyOffered' has been explicitly marked deprecated here
2026-10-07T14:50:38.9325619Z    58 |         [[deprecated("Value has never been used. Calls to OfferService shall be idempotent.")]],
2026-10-07T14:50:38.9326386Z       |           ^
2026-10-07T14:50:38.9326842Z 1 warning generated.
2026-10-07T14:50:39.1945118Z [11,472 / 13,932] 96 / 514 tests; Compiling score/mw/com/test/move_semantics/skeleton_method/main_consumer_and_provider.cpp; 3s disk-cache, linux-sandbox ... (4 actions, 3 running)
2026-10-07T14:50:39.1996656Z INFO: From Compiling score/mw/com/test/move_semantics/skeleton_method/main_consumer_and_provider.cpp:
2026-10-07T14:50:39.2023106Z In file included from score/mw/com/test/move_semantics/skeleton_method/main_consumer_and_provider.cpp:13:
2026-10-07T14:50:39.2024090Z In file included from ./score/mw/com/runtime.h:24:
2026-10-07T14:50:39.2052736Z In file included from ./score/mw/com/mocking/i_runtime.h:17:
2026-10-07T14:50:39.2082680Z In file included from ./score/mw/com/types.h:24:
2026-10-07T14:50:39.2112762Z In file included from ./score/mw/com/impl/generic_proxy.h:18:
2026-10-07T14:50:39.2113585Z In file included from ./score/mw/com/impl/generic_proxy_event.h:18:
2026-10-07T14:50:39.2114332Z In file included from ./score/mw/com/impl/proxy_base.h:18:
2026-10-07T14:50:39.2115015Z In file included from ./score/mw/com/impl/handle_type.h:18:
2026-10-07T14:50:39.2115779Z In file included from ./score/mw/com/impl/instance_identifier.h:16:
2026-10-07T14:50:39.2117558Z ./score/mw/com/impl/com_error.h:186:65: warning: 'kServiceInstanceAlreadyOffered' is deprecated: Value has never been used. Calls to OfferService shall be idempotent. [-Wdeprecated-declarations]
2026-10-07T14:50:39.2119251Z   186 |             case static_cast<score::result::ErrorCode>(ComErrc::kServiceInstanceAlreadyOffered):
2026-10-07T14:50:39.2120104Z       |                                                                 ^
2026-10-07T14:50:39.2121649Z ./score/mw/com/impl/com_error.h:58:11: note: 'kServiceInstanceAlreadyOffered' has been explicitly marked deprecated here
2026-10-07T14:50:39.2153317Z    58 |         [[deprecated("Value has never been used. Calls to OfferService shall be idempotent.")]],
2026-10-07T14:50:39.2153974Z       |           ^
2026-10-07T14:50:39.2154305Z 1 warning generated.
2026-10-07T14:50:41.1803643Z INFO: From Compiling score/mw/com/impl/bindings/lola/transaction_log_local_view.cpp:
2026-10-07T14:50:41.1833105Z In file included from score/mw/com/impl/bindings/lola/transaction_log_local_view.cpp:20:
2026-10-07T14:50:41.1894095Z ./score/mw/com/impl/com_error.h:186:65: warning: 'kServiceInstanceAlreadyOffered' is deprecated: Value has never been used. Calls to OfferService shall be idempotent. [-Wdeprecated-declarations]
2026-10-07T14:50:41.1896232Z   186 |             case static_cast<score::result::ErrorCode>(ComErrc::kServiceInstanceAlreadyOffered):
2026-10-07T14:50:41.1912991Z       |                                                                 ^
2026-10-07T14:50:41.1914415Z ./score/mw/com/impl/com_error.h:58:11: note: 'kServiceInstanceAlreadyOffered' has been explicitly marked deprecated here
2026-10-07T14:50:41.1915636Z    58 |         [[deprecated("Value has never been used. Calls to OfferService shall be idempotent.")]],
2026-10-07T14:50:41.1916128Z       |           ^
2026-10-07T14:50:41.1916341Z 1 warning generated.
2026-10-07T14:50:45.7756096Z INFO: From Compiling score/mw/com/impl/service_discovery_test.cpp:
2026-10-07T14:50:45.7833793Z In file included from score/mw/com/impl/service_discovery_test.cpp:13:
2026-10-07T14:50:45.7862989Z In file included from ./score/mw/com/impl/service_discovery.h:16:
2026-10-07T14:50:45.7916435Z In file included from ./score/mw/com/impl/enriched_instance_identifier.h:17:
2026-10-07T14:50:45.7982730Z In file included from ./score/mw/com/impl/handle_type.h:18:
2026-10-07T14:50:45.8022390Z In file included from ./score/mw/com/impl/instance_identifier.h:16:
2026-10-07T14:50:45.8024483Z ./score/mw/com/impl/com_error.h:186:65: warning: 'kServiceInstanceAlreadyOffered' is deprecated: Value has never been used. Calls to OfferService shall be idempotent. [-Wdeprecated-declarations]
2026-10-07T14:50:45.8053163Z   186 |             case static_cast<score::result::ErrorCode>(ComErrc::kServiceInstanceAlreadyOffered):
2026-10-07T14:50:45.8078057Z       |                                                                 ^
2026-10-07T14:50:45.8103335Z ./score/mw/com/impl/com_error.h:58:11: note: 'kServiceInstanceAlreadyOffered' has been explicitly marked deprecated here
2026-10-07T14:50:45.8128858Z    58 |         [[deprecated("Value has never been used. Calls to OfferService shall be idempotent.")]],
2026-10-07T14:50:45.8142665Z       |           ^
2026-10-07T14:50:45.8182503Z 1 warning generated.
2026-10-07T14:50:46.0675013Z INFO: From Compiling score/mw/com/impl/bindings/lola/transaction_log_set.cpp:
2026-10-07T14:50:46.0703273Z In file included from score/mw/com/impl/bindings/lola/transaction_log_set.cpp:17:
2026-10-07T14:50:46.0733373Z ./score/mw/com/impl/com_error.h:186:65: warning: 'kServiceInstanceAlreadyOffered' is deprecated: Value has never been used. Calls to OfferService shall be idempotent. [-Wdeprecated-declarations]
2026-10-07T14:50:46.0735096Z   186 |             case static_cast<score::result::ErrorCode>(ComErrc::kServiceInstanceAlreadyOffered):
2026-10-07T14:50:46.0752859Z       |                                                                 ^
2026-10-07T14:50:46.0779615Z ./score/mw/com/impl/com_error.h:58:11: note: 'kServiceInstanceAlreadyOffered' has been explicitly marked deprecated here
2026-10-07T14:50:46.0792201Z    58 |         [[deprecated("Value has never been used. Calls to OfferService shall be idempotent.")]],
2026-10-07T14:50:46.0793193Z       |           ^
2026-10-07T14:50:46.0793629Z 1 warning generated.
2026-10-07T14:50:49.2034282Z [11,650 / 13,935] 96 / 514 tests; Compiling score/mw/com/impl/methods/skeleton_method_test.cpp; 3s disk-cache, linux-sandbox ... (4 actions, 3 running)
2026-10-07T14:50:55.3665566Z INFO: From Compiling score/mw/com/impl/methods/skeleton_method_test.cpp:
2026-10-07T14:50:55.3690027Z In file included from score/mw/com/impl/methods/skeleton_method_test.cpp:13:
2026-10-07T14:50:55.3723565Z In file included from ./score/mw/com/impl/methods/skeleton_method.h:21:
2026-10-07T14:50:55.3753485Z In file included from ./score/mw/com/impl/plumbing/skeleton_method_binding_factory.h:16:
2026-10-07T14:50:55.3773510Z In file included from ./score/mw/com/impl/instance_identifier.h:16:
2026-10-07T14:50:55.3807093Z ./score/mw/com/impl/com_error.h:186:65: warning: 'kServiceInstanceAlreadyOffered' is deprecated: Value has never been used. Calls to OfferService shall be idempotent. [-Wdeprecated-declarations]
2026-10-07T14:50:55.3821857Z   186 |             case static_cast<score::result::ErrorCode>(ComErrc::kServiceInstanceAlreadyOffered):
2026-10-07T14:50:55.3823317Z       |                                                                 ^
2026-10-07T14:50:55.3824732Z ./score/mw/com/impl/com_error.h:58:11: note: 'kServiceInstanceAlreadyOffered' has been explicitly marked deprecated here
2026-10-07T14:50:55.3826243Z    58 |         [[deprecated("Value has never been used. Calls to OfferService shall be idempotent.")]],
2026-10-07T14:50:55.3827084Z       |           ^
2026-10-07T14:50:55.3827613Z 1 warning generated.
2026-10-07T14:50:55.4797664Z INFO: From Compiling score/mw/com/impl/bindings/lola/tracing/tracing_runtime.cpp:
2026-10-07T14:50:55.4822994Z In file included from score/mw/com/impl/bindings/lola/tracing/tracing_runtime.cpp:13:
2026-10-07T14:50:55.4852991Z In file included from ./score/mw/com/impl/bindings/lola/tracing/tracing_runtime.h:16:
2026-10-07T14:50:55.4882747Z In file included from ./score/mw/com/impl/configuration/configuration.h:18:
2026-10-07T14:50:55.4884146Z In file included from ./score/mw/com/impl/configuration/service_instance_deployment.h:17:
2026-10-07T14:50:55.4903686Z ./score/mw/com/impl/com_error.h:186:65: warning: 'kServiceInstanceAlreadyOffered' is deprecated: Value has never been used. Calls to OfferService shall be idempotent. [-Wdeprecated-declarations]
2026-10-07T14:50:55.4913038Z   186 |             case static_cast<score::result::ErrorCode>(ComErrc::kServiceInstanceAlreadyOffered):
2026-10-07T14:50:55.4913926Z       |                                                                 ^
2026-10-07T14:50:55.4915126Z ./score/mw/com/impl/com_error.h:58:11: note: 'kServiceInstanceAlreadyOffered' has been explicitly marked deprecated here
2026-10-07T14:50:55.4916431Z    58 |         [[deprecated("Value has never been used. Calls to OfferService shall be idempotent.")]],
2026-10-07T14:50:55.4917054Z       |           ^
2026-10-07T14:50:55.4917388Z 1 warning generated.
2026-10-07T14:50:59.2904088Z INFO: From Compiling score/mw/com/impl/bindings/lola/service_discovery/lola_service_instance_identifier.cpp:
2026-10-07T14:50:59.2933434Z In file included from score/mw/com/impl/bindings/lola/service_discovery/lola_service_instance_identifier.cpp:13:
2026-10-07T14:50:59.2943129Z In file included from ./score/mw/com/impl/bindings/lola/service_discovery/lola_service_instance_identifier.h:18:
2026-10-07T14:50:59.2972889Z In file included from ./score/mw/com/impl/enriched_instance_identifier.h:17:
2026-10-07T14:50:59.2991316Z In file included from ./score/mw/com/impl/handle_type.h:18:
2026-10-07T14:50:59.3012837Z In file included from ./score/mw/com/impl/instance_identifier.h:16:
2026-10-07T14:50:59.3026625Z ./score/mw/com/impl/com_error.h:186:65: warning: 'kServiceInstanceAlreadyOffered' is deprecated: Value has never been used. Calls to OfferService shall be idempotent. [-Wdeprecated-declarations]
2026-10-07T14:50:59.3028557Z   186 |             case static_cast<score::result::ErrorCode>(ComErrc::kServiceInstanceAlreadyOffered):
2026-10-07T14:50:59.3029466Z       |                                                                 ^
2026-10-07T14:50:59.3031198Z ./score/mw/com/impl/com_error.h:58:11: note: 'kServiceInstanceAlreadyOffered' has been explicitly marked deprecated here
2026-10-07T14:50:59.3033014Z    58 |         [[deprecated("Value has never been used. Calls to OfferService shall be idempotent.")]],
2026-10-07T14:50:59.3033747Z       |           ^
2026-10-07T14:50:59.3034191Z 1 warning generated.
2026-10-07T14:50:59.3035608Z [11,704 / 13,936] 96 / 514 tests; Compiling score/mw/com/impl/tracing/tracing_runtime_trace_test.cpp; 7s disk-cache, linux-sandbox ... (4 actions, 3 running)
2026-10-07T14:50:59.7143275Z INFO: From Compiling score/mw/com/impl/i_service_discovery.cpp:
2026-10-07T14:50:59.7173221Z In file included from score/mw/com/impl/i_service_discovery.cpp:13:
2026-10-07T14:50:59.7182998Z In file included from ./score/mw/com/impl/i_service_discovery.h:16:
2026-10-07T14:50:59.7232814Z In file included from ./score/mw/com/impl/enriched_instance_identifier.h:17:
2026-10-07T14:50:59.7262737Z In file included from ./score/mw/com/impl/handle_type.h:18:
2026-10-07T14:50:59.7292759Z In file included from ./score/mw/com/impl/instance_identifier.h:16:
2026-10-07T14:50:59.7323798Z ./score/mw/com/impl/com_error.h:186:65: warning: 'kServiceInstanceAlreadyOffered' is deprecated: Value has never been used. Calls to OfferService shall be idempotent. [-Wdeprecated-declarations]
2026-10-07T14:50:59.7340215Z   186 |             case static_cast<score::result::ErrorCode>(ComErrc::kServiceInstanceAlreadyOffered):
2026-10-07T14:50:59.7352651Z       |                                                                 ^
2026-10-07T14:50:59.7383242Z ./score/mw/com/impl/com_error.h:58:11: note: 'kServiceInstanceAlreadyOffered' has been explicitly marked deprecated here
2026-10-07T14:50:59.7384573Z    58 |         [[deprecated("Value has never been used. Calls to OfferService shall be idempotent.")]],
2026-10-07T14:50:59.7385221Z       |           ^
2026-10-07T14:50:59.7385569Z 1 warning generated.
2026-10-07T14:51:00.8617657Z INFO: From Compiling score/mw/com/impl/i_service_discovery_client.cpp:
2026-10-07T14:51:00.8663193Z In file included from score/mw/com/impl/i_service_discovery_client.cpp:13:
2026-10-07T14:51:00.8682846Z In file included from ./score/mw/com/impl/i_service_discovery_client.h:16:
2026-10-07T14:51:00.8703161Z In file included from ./score/mw/com/impl/enriched_instance_identifier.h:17:
2026-10-07T14:51:00.8740542Z In file included from ./score/mw/com/impl/handle_type.h:18:
2026-10-07T14:51:00.8757530Z In file included from ./score/mw/com/impl/instance_identifier.h:16:
2026-10-07T14:51:00.8763617Z ./score/mw/com/impl/com_error.h:186:65: warning: 'kServiceInstanceAlreadyOffered' is deprecated: Value has never been used. Calls to OfferService shall be idempotent. [-Wdeprecated-declarations]
2026-10-07T14:51:00.8765394Z   186 |             case static_cast<score::result::ErrorCode>(ComErrc::kServiceInstanceAlreadyOffered):
2026-10-07T14:51:00.8766248Z       |                                                                 ^
2026-10-07T14:51:00.8767352Z ./score/mw/com/impl/com_error.h:58:11: note: 'kServiceInstanceAlreadyOffered' has been explicitly marked deprecated here
2026-10-07T14:51:00.8768625Z    58 |         [[deprecated("Value has never been used. Calls to OfferService shall be idempotent.")]],
2026-10-07T14:51:00.8769226Z       |           ^
2026-10-07T14:51:00.8769545Z 1 warning generated.
2026-10-07T14:51:03.0200667Z INFO: From Compiling score/mw/com/impl/i_runtime.cpp:
2026-10-07T14:51:03.0223601Z In file included from score/mw/com/impl/i_runtime.cpp:13:
2026-10-07T14:51:03.0253008Z In file included from ./score/mw/com/impl/i_runtime.h:16:
2026-10-07T14:51:03.0282849Z In file included from ./score/mw/com/impl/i_binding_runtime.h:17:
2026-10-07T14:51:03.0304458Z In file included from ./score/mw/com/impl/i_service_discovery_client.h:16:
2026-10-07T14:51:03.0312901Z In file included from ./score/mw/com/impl/enriched_instance_identifier.h:17:
2026-10-07T14:51:03.0342837Z In file included from ./score/mw/com/impl/handle_type.h:18:
2026-10-07T14:51:03.0362979Z In file included from ./score/mw/com/impl/instance_identifier.h:16:
2026-10-07T14:51:03.0403847Z ./score/mw/com/impl/com_error.h:186:65: warning: 'kServiceInstanceAlreadyOffered' is deprecated: Value has never been used. Calls to OfferService shall be idempotent. [-Wdeprecated-declarations]
2026-10-07T14:51:03.0405823Z   186 |             case static_cast<score::result::ErrorCode>(ComErrc::kServiceInstanceAlreadyOffered):
2026-10-07T14:51:03.0432875Z       |                                                                 ^
2026-10-07T14:51:03.0463306Z ./score/mw/com/impl/com_error.h:58:11: note: 'kServiceInstanceAlreadyOffered' has been explicitly marked deprecated here
2026-10-07T14:51:03.0492991Z    58 |         [[deprecated("Value has never been used. Calls to OfferService shall be idempotent.")]],
2026-10-07T14:51:03.0493913Z       |           ^
2026-10-07T14:51:03.0522652Z 1 warning generated.
2026-10-07T14:51:03.1053661Z INFO: From Compiling score/mw/com/impl/bindings/lola/service_discovery/client/service_discovery_client.cpp:
2026-10-07T14:51:03.1083190Z In file included from score/mw/com/impl/bindings/lola/service_discovery/client/service_discovery_client.cpp:13:
2026-10-07T14:51:03.1093529Z In file included from ./score/mw/com/impl/bindings/lola/service_discovery/client/service_discovery_client.h:16:
2026-10-07T14:51:03.1112834Z In file included from ./score/mw/com/impl/i_service_discovery_client.h:16:
2026-10-07T14:51:03.1142834Z In file included from ./score/mw/com/impl/enriched_instance_identifier.h:17:
2026-10-07T14:51:03.1172707Z In file included from ./score/mw/com/impl/handle_type.h:18:
2026-10-07T14:51:03.1183492Z In file included from ./score/mw/com/impl/instance_identifier.h:16:
2026-10-07T14:51:03.1203742Z ./score/mw/com/impl/com_error.h:186:65: warning: 'kServiceInstanceAlreadyOffered' is deprecated: Value has never been used. Calls to OfferService shall be idempotent. [-Wdeprecated-declarations]
2026-10-07T14:51:03.1213356Z   186 |             case static_cast<score::result::ErrorCode>(ComErrc::kServiceInstanceAlreadyOffered):
2026-10-07T14:51:03.1222826Z       |                                                                 ^
2026-10-07T14:51:03.1240488Z ./score/mw/com/impl/com_error.h:58:11: note: 'kServiceInstanceAlreadyOffered' has been explicitly marked deprecated here
2026-10-07T14:51:03.1242170Z    58 |         [[deprecated("Value has never been used. Calls to OfferService shall be idempotent.")]],
2026-10-07T14:51:03.1242961Z       |           ^
2026-10-07T14:51:03.1243702Z 1 warning generated.
2026-10-07T14:51:04.4368813Z INFO: From Compiling score/mw/com/impl/i_binding_runtime.cpp:
2026-10-07T14:51:04.4383208Z In file included from score/mw/com/impl/i_binding_runtime.cpp:13:
2026-10-07T14:51:04.4412678Z In file included from ./score/mw/com/impl/i_binding_runtime.h:17:
2026-10-07T14:51:04.4442828Z In file included from ./score/mw/com/impl/i_service_discovery_client.h:16:
2026-10-07T14:51:04.4453224Z In file included from ./score/mw/com/impl/enriched_instance_identifier.h:17:
2026-10-07T14:51:04.4496044Z In file included from ./score/mw/com/impl/handle_type.h:18:
2026-10-07T14:51:04.4513050Z In file included from ./score/mw/com/impl/instance_identifier.h:16:
2026-10-07T14:51:04.4543990Z ./score/mw/com/impl/com_error.h:186:65: warning: 'kServiceInstanceAlreadyOffered' is deprecated: Value has never been used. Calls to OfferService shall be idempotent. [-Wdeprecated-declarations]
2026-10-07T14:51:04.4573148Z   186 |             case static_cast<score::result::ErrorCode>(ComErrc::kServiceInstanceAlreadyOffered):
2026-10-07T14:51:04.4593969Z       |                                                                 ^
2026-10-07T14:51:04.4598213Z ./score/mw/com/impl/com_error.h:58:11: note: 'kServiceInstanceAlreadyOffered' has been explicitly marked deprecated here
2026-10-07T14:51:04.4623122Z    58 |         [[deprecated("Value has never been used. Calls to OfferService shall be idempotent.")]],
2026-10-07T14:51:04.4652458Z       |           ^
2026-10-07T14:51:04.4674651Z 1 warning generated.
2026-10-07T14:51:05.0725223Z INFO: From Compiling score/mw/com/impl/bindings/lola/i_runtime.cpp:
2026-10-07T14:51:05.0752887Z In file included from score/mw/com/impl/bindings/lola/i_runtime.cpp:13:
2026-10-07T14:51:05.0772865Z In file included from ./score/mw/com/impl/bindings/lola/i_runtime.h:20:
2026-10-07T14:51:05.0802955Z In file included from ./score/mw/com/impl/i_binding_runtime.h:17:
2026-10-07T14:51:05.0812816Z In file included from ./score/mw/com/impl/i_service_discovery_client.h:16:
2026-10-07T14:51:05.0831517Z In file included from ./score/mw/com/impl/enriched_instance_identifier.h:17:
2026-10-07T14:51:05.0860789Z In file included from ./score/mw/com/impl/handle_type.h:18:
2026-10-07T14:51:05.0861701Z In file included from ./score/mw/com/impl/instance_identifier.h:16:
2026-10-07T14:51:05.0864091Z ./score/mw/com/impl/com_error.h:186:65: warning: 'kServiceInstanceAlreadyOffered' is deprecated: Value has never been used. Calls to OfferService shall be idempotent. [-Wdeprecated-declarations]
2026-10-07T14:51:05.0865831Z   186 |             case static_cast<score::result::ErrorCode>(ComErrc::kServiceInstanceAlreadyOffered):
2026-10-07T14:51:05.0866787Z       |                                                                 ^
2026-10-07T14:51:05.0868083Z ./score/mw/com/impl/com_error.h:58:11: note: 'kServiceInstanceAlreadyOffered' has been explicitly marked deprecated here
2026-10-07T14:51:05.0869524Z    58 |         [[deprecated("Value has never been used. Calls to OfferService shall be idempotent.")]],
2026-10-07T14:51:05.0870288Z       |           ^
2026-10-07T14:51:05.0870734Z 1 warning generated.
2026-10-07T14:51:06.3992855Z INFO: From Compiling score/mw/com/impl/bindings/lola/runtime.cpp:
2026-10-07T14:51:06.4003240Z In file included from score/mw/com/impl/bindings/lola/runtime.cpp:13:
2026-10-07T14:51:06.4052841Z In file included from ./score/mw/com/impl/bindings/lola/runtime.h:16:
2026-10-07T14:51:06.4054336Z In file included from ./score/mw/com/impl/bindings/lola/i_runtime.h:20:
2026-10-07T14:51:06.4082847Z In file included from ./score/mw/com/impl/i_binding_runtime.h:17:
2026-10-07T14:51:06.4105698Z In file included from ./score/mw/com/impl/i_service_discovery_client.h:16:
2026-10-07T14:51:06.4115933Z In file included from ./score/mw/com/impl/enriched_instance_identifier.h:17:
2026-10-07T14:51:06.4135530Z In file included from ./score/mw/com/impl/handle_type.h:18:
2026-10-07T14:51:06.4136542Z In file included from ./score/mw/com/impl/instance_identifier.h:16:
2026-10-07T14:51:06.4138560Z ./score/mw/com/impl/com_error.h:186:65: warning: 'kServiceInstanceAlreadyOffered' is deprecated: Value has never been used. Calls to OfferService shall be idempotent. [-Wdeprecated-declarations]
2026-10-07T14:51:06.4140421Z   186 |             case static_cast<score::result::ErrorCode>(ComErrc::kServiceInstanceAlreadyOffered):
2026-10-07T14:51:06.4141496Z       |                                                                 ^
2026-10-07T14:51:06.4143021Z ./score/mw/com/impl/com_error.h:58:11: note: 'kServiceInstanceAlreadyOffered' has been explicitly marked deprecated here
2026-10-07T14:51:06.4144586Z    58 |         [[deprecated("Value has never been used. Calls to OfferService shall be idempotent.")]],
2026-10-07T14:51:06.4145834Z       |           ^
2026-10-07T14:51:06.4146331Z 1 warning generated.
2026-10-07T14:51:07.5117559Z INFO: From Compiling score/mw/com/impl/runtime_mock.cpp:
2026-10-07T14:51:07.5162961Z In file included from score/mw/com/impl/runtime_mock.cpp:14:
2026-10-07T14:51:07.5164148Z In file included from ./score/mw/com/impl/runtime_mock.h:16:
2026-10-07T14:51:07.5192925Z In file included from ./score/mw/com/impl/i_binding_runtime.h:17:
2026-10-07T14:51:07.5222199Z In file included from ./score/mw/com/impl/i_service_discovery_client.h:16:
2026-10-07T14:51:07.5252947Z In file included from ./score/mw/com/impl/enriched_instance_identifier.h:17:
2026-10-07T14:51:07.5254038Z In file included from ./score/mw/com/impl/handle_type.h:18:
2026-10-07T14:51:07.5282843Z In file included from ./score/mw/com/impl/instance_identifier.h:16:
2026-10-07T14:51:07.5313772Z ./score/mw/com/impl/com_error.h:186:65: warning: 'kServiceInstanceAlreadyOffered' is deprecated: Value has never been used. Calls to OfferService shall be idempotent. [-Wdeprecated-declarations]
2026-10-07T14:51:07.5343039Z   186 |             case static_cast<score::result::ErrorCode>(ComErrc::kServiceInstanceAlreadyOffered):
2026-10-07T14:51:07.5344218Z       |                                                                 ^
2026-10-07T14:51:07.5373382Z ./score/mw/com/impl/com_error.h:58:11: note: 'kServiceInstanceAlreadyOffered' has been explicitly marked deprecated here
2026-10-07T14:51:07.5403100Z    58 |         [[deprecated("Value has never been used. Calls to OfferService shall be idempotent.")]],
2026-10-07T14:51:07.5414979Z       |           ^
2026-10-07T14:51:07.5415550Z 1 warning generated.
2026-10-07T14:51:08.2276948Z INFO: From Compiling score/mw/com/impl/bindings/lola/proxy_test.cpp:
2026-10-07T14:51:08.2303197Z In file included from score/mw/com/impl/bindings/lola/proxy_test.cpp:13:
2026-10-07T14:51:08.2304326Z In file included from ./score/mw/com/impl/bindings/lola/proxy.h:24:
2026-10-07T14:51:08.2332237Z In file included from ./score/mw/com/impl/bindings/lola/proxy_method.h:17:
2026-10-07T14:51:08.2364029Z In file included from ./score/mw/com/impl/bindings/lola/i_runtime.h:20:
2026-10-07T14:51:08.2422952Z In file included from ./score/mw/com/impl/i_binding_runtime.h:17:
2026-10-07T14:51:08.2463027Z In file included from ./score/mw/com/impl/i_service_discovery_client.h:16:
2026-10-07T14:51:08.2464234Z In file included from ./score/mw/com/impl/enriched_instance_identifier.h:17:
2026-10-07T14:51:08.2492882Z In file included from ./score/mw/com/impl/handle_type.h:18:
2026-10-07T14:51:08.2522798Z In file included from ./score/mw/com/impl/instance_identifier.h:16:
2026-10-07T14:51:08.2545353Z ./score/mw/com/impl/com_error.h:186:65: warning: 'kServiceInstanceAlreadyOffered' is deprecated: Value has never been used. Calls to OfferService shall be idempotent. [-Wdeprecated-declarations]
2026-10-07T14:51:08.2573052Z   186 |             case static_cast<score::result::ErrorCode>(ComErrc::kServiceInstanceAlreadyOffered):
2026-10-07T14:51:08.2582824Z       |                                                                 ^
2026-10-07T14:51:08.2613666Z ./score/mw/com/impl/com_error.h:58:11: note: 'kServiceInstanceAlreadyOffered' has been explicitly marked deprecated here
2026-10-07T14:51:08.2615142Z    58 |         [[deprecated("Value has never been used. Calls to OfferService shall be idempotent.")]],
2026-10-07T14:51:08.2615997Z       |           ^
2026-10-07T14:51:08.2616519Z 1 warning generated.
2026-10-07T14:51:08.4173743Z INFO: From Compiling score/mw/com/impl/tracing/configuration/tracing_filter_config_parser.cpp:
2026-10-07T14:51:08.4203411Z In file included from score/mw/com/impl/tracing/configuration/tracing_filter_config_parser.cpp:13:
2026-10-07T14:51:08.4215987Z In file included from ./score/mw/com/impl/tracing/configuration/tracing_filter_config_parser.h:17:
2026-10-07T14:51:08.4223099Z In file included from ./score/mw/com/impl/configuration/configuration.h:18:
2026-10-07T14:51:08.4224432Z In file included from ./score/mw/com/impl/configuration/service_instance_deployment.h:17:
2026-10-07T14:51:08.4227029Z ./score/mw/com/impl/com_error.h:186:65: warning: 'kServiceInstanceAlreadyOffered' is deprecated: Value has never been used. Calls to OfferService shall be idempotent. [-Wdeprecated-declarations]
2026-10-07T14:51:08.4229082Z   186 |             case static_cast<score::result::ErrorCode>(ComErrc::kServiceInstanceAlreadyOffered):
2026-10-07T14:51:08.4230067Z       |                                                                 ^
2026-10-07T14:51:08.4231390Z ./score/mw/com/impl/com_error.h:58:11: note: 'kServiceInstanceAlreadyOffered' has been explicitly marked deprecated here
2026-10-07T14:51:08.4234094Z    58 |         [[deprecated("Value has never been used. Calls to OfferService shall be idempotent.")]],
2026-10-07T14:51:08.4234961Z       |           ^
2026-10-07T14:51:08.4235468Z 1 warning generated.
2026-10-07T14:51:09.6449745Z [11,766 / 13,937] 96 / 514 tests; Compiling score/mw/com/impl/bindings/lola/runtime_application_id_test.cpp; 5s disk-cache, linux-sandbox ... (4 actions running)
2026-10-07T14:51:09.6808780Z INFO: From Compiling score/mw/com/impl/bindings/lola/runtime_application_id_test.cpp:
2026-10-07T14:51:09.6829890Z In file included from score/mw/com/impl/bindings/lola/runtime_application_id_test.cpp:13:
2026-10-07T14:51:09.6867120Z In file included from ./score/mw/com/impl/bindings/lola/runtime.h:16:
2026-10-07T14:51:09.6892869Z In file included from ./score/mw/com/impl/bindings/lola/i_runtime.h:20:
2026-10-07T14:51:09.6922740Z In file included from ./score/mw/com/impl/i_binding_runtime.h:17:
2026-10-07T14:51:09.6952850Z In file included from ./score/mw/com/impl/i_service_discovery_client.h:16:
2026-10-07T14:51:09.6983090Z In file included from ./score/mw/com/impl/enriched_instance_identifier.h:17:
2026-10-07T14:51:09.7012739Z In file included from ./score/mw/com/impl/handle_type.h:18:
2026-10-07T14:51:09.7042794Z In file included from ./score/mw/com/impl/instance_identifier.h:16:
2026-10-07T14:51:09.7073718Z ./score/mw/com/impl/com_error.h:186:65: warning: 'kServiceInstanceAlreadyOffered' is deprecated: Value has never been used. Calls to OfferService shall be idempotent. [-Wdeprecated-declarations]
2026-10-07T14:51:09.7103022Z   186 |             case static_cast<score::result::ErrorCode>(ComErrc::kServiceInstanceAlreadyOffered):
2026-10-07T14:51:09.7132664Z       |                                                                 ^
2026-10-07T14:51:09.7163156Z ./score/mw/com/impl/com_error.h:58:11: note: 'kServiceInstanceAlreadyOffered' has been explicitly marked deprecated here
2026-10-07T14:51:09.7189386Z    58 |         [[deprecated("Value has never been used. Calls to OfferService shall be idempotent.")]],
2026-10-07T14:51:09.7212539Z       |           ^
2026-10-07T14:51:09.7256076Z 1 warning generated.
2026-10-07T14:51:10.0416480Z INFO: From Compiling score/mw/com/impl/bindings/someip/service_discovery_client.cpp:
2026-10-07T14:51:10.0417940Z In file included from score/mw/com/impl/bindings/someip/service_discovery_client.cpp:13:
2026-10-07T14:51:10.0443152Z In file included from ./score/mw/com/impl/bindings/someip/service_discovery_client.h:17:
2026-10-07T14:51:10.0472815Z In file included from ./score/mw/com/impl/handle_type.h:18:
2026-10-07T14:51:10.0502858Z In file included from ./score/mw/com/impl/instance_identifier.h:16:
2026-10-07T14:51:10.0504995Z ./score/mw/com/impl/com_error.h:186:65: warning: 'kServiceInstanceAlreadyOffered' is deprecated: Value has never been used. Calls to OfferService shall be idempotent. [-Wdeprecated-declarations]
2026-10-07T14:51:10.0533131Z   186 |             case static_cast<score::result::ErrorCode>(ComErrc::kServiceInstanceAlreadyOffered):
2026-10-07T14:51:10.0562837Z       |                                                                 ^
2026-10-07T14:51:10.0593307Z ./score/mw/com/impl/com_error.h:58:11: note: 'kServiceInstanceAlreadyOffered' has been explicitly marked deprecated here
2026-10-07T14:51:10.0594743Z    58 |         [[deprecated("Value has never been used. Calls to OfferService shall be idempotent.")]],
2026-10-07T14:51:10.0622753Z       |           ^
2026-10-07T14:51:10.0653517Z 1 warning generated.
2026-10-07T14:51:11.4206647Z INFO: From Compiling score/mw/com/impl/plumbing/binding_runtime_factory.cpp:
2026-10-07T14:51:11.4252990Z In file included from score/mw/com/impl/plumbing/binding_runtime_factory.cpp:13:
2026-10-07T14:51:11.4282849Z In file included from ./score/mw/com/impl/plumbing/binding_runtime_factory.h:16:
2026-10-07T14:51:11.4292935Z In file included from ./score/mw/com/impl/configuration/configuration.h:18:
2026-10-07T14:51:11.4322921Z In file included from ./score/mw/com/impl/configuration/service_instance_deployment.h:17:
2026-10-07T14:51:11.4343820Z ./score/mw/com/impl/com_error.h:186:65: warning: 'kServiceInstanceAlreadyOffered' is deprecated: Value has never been used. Calls to OfferService shall be idempotent. [-Wdeprecated-declarations]
2026-10-07T14:51:11.4372986Z   186 |             case static_cast<score::result::ErrorCode>(ComErrc::kServiceInstanceAlreadyOffered):
2026-10-07T14:51:11.4376475Z       |                                                                 ^
2026-10-07T14:51:11.4377599Z ./score/mw/com/impl/com_error.h:58:11: note: 'kServiceInstanceAlreadyOffered' has been explicitly marked deprecated here
2026-10-07T14:51:11.4378913Z    58 |         [[deprecated("Value has never been used. Calls to OfferService shall be idempotent.")]],
2026-10-07T14:51:11.4379575Z       |           ^
2026-10-07T14:51:11.4379918Z 1 warning generated.
2026-10-07T14:51:13.1246019Z INFO: From Compiling score/mw/com/impl/service_discovery.cpp:
2026-10-07T14:51:13.1272941Z In file included from score/mw/com/impl/service_discovery.cpp:13:
2026-10-07T14:51:13.1302833Z In file included from ./score/mw/com/impl/service_discovery.h:16:
2026-10-07T14:51:13.1333010Z In file included from ./score/mw/com/impl/enriched_instance_identifier.h:17:
2026-10-07T14:51:13.1352774Z In file included from ./score/mw/com/impl/handle_type.h:18:
2026-10-07T14:51:13.1362804Z In file included from ./score/mw/com/impl/instance_identifier.h:16:
2026-10-07T14:51:13.1403481Z ./score/mw/com/impl/com_error.h:186:65: warning: 'kServiceInstanceAlreadyOffered' is deprecated: Value has never been used. Calls to OfferService shall be idempotent. [-Wdeprecated-declarations]
2026-10-07T14:51:13.1411417Z   186 |             case static_cast<score::result::ErrorCode>(ComErrc::kServiceInstanceAlreadyOffered):
2026-10-07T14:51:13.1412886Z       |                                                                 ^
2026-10-07T14:51:13.1414185Z ./score/mw/com/impl/com_error.h:58:11: note: 'kServiceInstanceAlreadyOffered' has been explicitly marked deprecated here
2026-10-07T14:51:13.1416331Z    58 |         [[deprecated("Value has never been used. Calls to OfferService shall be idempotent.")]],
2026-10-07T14:51:13.1417128Z       |           ^
2026-10-07T14:51:13.1417619Z 1 warning generated.
2026-10-07T14:51:13.4203498Z INFO: From Compiling score/mw/com/impl/skeleton_event_base_test.cpp:
2026-10-07T14:51:13.4223038Z In file included from score/mw/com/impl/skeleton_event_base_test.cpp:16:
2026-10-07T14:51:13.4253722Z ./score/mw/com/impl/com_error.h:186:65: warning: 'kServiceInstanceAlreadyOffered' is deprecated: Value has never been used. Calls to OfferService shall be idempotent. [-Wdeprecated-declarations]
2026-10-07T14:51:13.4283015Z   186 |             case static_cast<score::result::ErrorCode>(ComErrc::kServiceInstanceAlreadyOffered):
2026-10-07T14:51:13.4312822Z       |                                                                 ^
2026-10-07T14:51:13.4363347Z ./score/mw/com/impl/com_error.h:58:11: note: 'kServiceInstanceAlreadyOffered' has been explicitly marked deprecated here
2026-10-07T14:51:13.4364928Z    58 |         [[deprecated("Value has never been used. Calls to OfferService shall be idempotent.")]],
2026-10-07T14:51:13.4384616Z       |           ^
2026-10-07T14:51:13.4385191Z 1 warning generated.
2026-10-07T14:51:14.3223348Z INFO: From Compiling score/mw/com/impl/runtime.cpp:
2026-10-07T14:51:14.3242908Z In file included from score/mw/com/impl/runtime.cpp:13:
2026-10-07T14:51:14.3243672Z In file included from ./score/mw/com/impl/runtime.h:18:
2026-10-07T14:51:14.3262925Z In file included from ./score/mw/com/impl/configuration/configuration.h:18:
2026-10-07T14:51:14.3282942Z In file included from ./score/mw/com/impl/configuration/service_instance_deployment.h:17:
2026-10-07T14:51:14.3313765Z ./score/mw/com/impl/com_error.h:186:65: warning: 'kServiceInstanceAlreadyOffered' is deprecated: Value has never been used. Calls to OfferService shall be idempotent. [-Wdeprecated-declarations]
2026-10-07T14:51:14.3315454Z   186 |             case static_cast<score::result::ErrorCode>(ComErrc::kServiceInstanceAlreadyOffered):
2026-10-07T14:51:14.3316338Z       |                                                                 ^
2026-10-07T14:51:14.3317486Z ./score/mw/com/impl/com_error.h:58:11: note: 'kServiceInstanceAlreadyOffered' has been explicitly marked deprecated here
2026-10-07T14:51:14.3319065Z    58 |         [[deprecated("Value has never been used. Calls to OfferService shall be idempotent.")]],
2026-10-07T14:51:14.3319696Z       |           ^
2026-10-07T14:51:14.3320017Z 1 warning generated.
2026-10-07T14:51:14.6358697Z INFO: From Compiling score/mw/com/impl/test/runtime_mock_guard.cpp:
2026-10-07T14:51:14.6383518Z In file included from score/mw/com/impl/test/runtime_mock_guard.cpp:13:
2026-10-07T14:51:14.6412890Z In file included from ./score/mw/com/impl/test/runtime_mock_guard.h:16:
2026-10-07T14:51:14.6423141Z In file included from ./score/mw/com/impl/runtime.h:18:
2026-10-07T14:51:14.6424460Z In file included from ./score/mw/com/impl/configuration/configuration.h:18:
2026-10-07T14:51:14.6427325Z In file included from ./score/mw/com/impl/configuration/service_instance_deployment.h:17:
2026-10-07T14:51:14.6429986Z ./score/mw/com/impl/com_error.h:186:65: warning: 'kServiceInstanceAlreadyOffered' is deprecated: Value has never been used. Calls to OfferService shall be idempotent. [-Wdeprecated-declarations]
2026-10-07T14:51:14.6432533Z   186 |             case static_cast<score::result::ErrorCode>(ComErrc::kServiceInstanceAlreadyOffered):
2026-10-07T14:51:14.6433689Z       |                                                                 ^
2026-10-07T14:51:14.6435315Z ./score/mw/com/impl/com_error.h:58:11: note: 'kServiceInstanceAlreadyOffered' has been explicitly marked deprecated here
2026-10-07T14:51:14.6436976Z    58 |         [[deprecated("Value has never been used. Calls to OfferService shall be idempotent.")]],
2026-10-07T14:51:14.6438096Z       |           ^
2026-10-07T14:51:14.6438600Z 1 warning generated.
2026-10-07T14:51:15.4351568Z INFO: From Compiling score/mw/com/impl/tracing/configuration/tracing_filter_config_mock.cpp:
2026-10-07T14:51:15.4373579Z In file included from score/mw/com/impl/tracing/configuration/tracing_filter_config_mock.cpp:13:
2026-10-07T14:51:15.4393065Z In file included from ./score/mw/com/impl/tracing/configuration/tracing_filter_config_mock.h:16:
2026-10-07T14:51:15.4394180Z In file included from ./score/mw/com/impl/tracing/configuration/i_tracing_filter_config.h:16:
2026-10-07T14:51:15.4395144Z In file included from ./score/mw/com/impl/configuration/configuration.h:18:
2026-10-07T14:51:15.4396082Z In file included from ./score/mw/com/impl/configuration/service_instance_deployment.h:17:
2026-10-07T14:51:15.4398074Z ./score/mw/com/impl/com_error.h:186:65: warning: 'kServiceInstanceAlreadyOffered' is deprecated: Value has never been used. Calls to OfferService shall be idempotent. [-Wdeprecated-declarations]
2026-10-07T14:51:15.4399669Z   186 |             case static_cast<score::result::ErrorCode>(ComErrc::kServiceInstanceAlreadyOffered):
2026-10-07T14:51:15.4400494Z       |                                                                 ^
2026-10-07T14:51:15.4401637Z ./score/mw/com/impl/com_error.h:58:11: note: 'kServiceInstanceAlreadyOffered' has been explicitly marked deprecated here
2026-10-07T14:51:15.4403233Z    58 |         [[deprecated("Value has never been used. Calls to OfferService shall be idempotent.")]],
2026-10-07T14:51:15.4403855Z       |           ^
2026-10-07T14:51:15.4404189Z 1 warning generated.
2026-10-07T14:51:17.1713642Z INFO: From Compiling score/mw/com/impl/bindings/lola/subscription_subscription_pending_states.cpp:
2026-10-07T14:51:17.1743294Z In file included from score/mw/com/impl/bindings/lola/subscription_subscription_pending_states.cpp:17:
2026-10-07T14:51:17.1745400Z ./score/mw/com/impl/com_error.h:186:65: warning: 'kServiceInstanceAlreadyOffered' is deprecated: Value has never been used. Calls to OfferService shall be idempotent. [-Wdeprecated-declarations]
2026-10-07T14:51:17.1773086Z   186 |             case static_cast<score::result::ErrorCode>(ComErrc::kServiceInstanceAlreadyOffered):
2026-10-07T14:51:17.1802729Z       |                                                                 ^
2026-10-07T14:51:17.1812972Z ./score/mw/com/impl/com_error.h:58:11: note: 'kServiceInstanceAlreadyOffered' has been explicitly marked deprecated here
2026-10-07T14:51:17.1832983Z    58 |         [[deprecated("Value has never been used. Calls to OfferService shall be idempotent.")]],
2026-10-07T14:51:17.1859249Z       |           ^
2026-10-07T14:51:17.1882554Z 1 warning generated.
2026-10-07T14:51:17.6473793Z INFO: From Compiling score/mw/com/test/service_discovery_offer_and_search/client.cpp:
2026-10-07T14:51:17.6492997Z In file included from score/mw/com/test/service_discovery_offer_and_search/client.cpp:15:
2026-10-07T14:51:17.6522993Z In file included from ./score/mw/com/test/common_test_resources/proxy_observer.h:15:
2026-10-07T14:51:17.6552658Z In file included from ./score/mw/com/com_error_domain.h:16:
2026-10-07T14:51:17.6583879Z ./score/mw/com/impl/com_error.h:186:65: warning: 'kServiceInstanceAlreadyOffered' is deprecated: Value has never been used. Calls to OfferService shall be idempotent. [-Wdeprecated-declarations]
2026-10-07T14:51:17.6613007Z   186 |             case static_cast<score::result::ErrorCode>(ComErrc::kServiceInstanceAlreadyOffered):
2026-10-07T14:51:17.6642714Z       |                                                                 ^
2026-10-07T14:51:17.6673161Z ./score/mw/com/impl/com_error.h:58:11: note: 'kServiceInstanceAlreadyOffered' has been explicitly marked deprecated here
2026-10-07T14:51:17.6702977Z    58 |         [[deprecated("Value has never been used. Calls to OfferService shall be idempotent.")]],
2026-10-07T14:51:17.6732446Z       |           ^
2026-10-07T14:51:17.6762504Z 1 warning generated.
2026-10-07T14:51:18.0923980Z INFO: From Compiling score/mw/com/impl/bindings/lola/subscription_subscribed_states.cpp:
2026-10-07T14:51:18.0943362Z In file included from score/mw/com/impl/bindings/lola/subscription_subscribed_states.cpp:18:
2026-10-07T14:51:18.0974287Z ./score/mw/com/impl/com_error.h:186:65: warning: 'kServiceInstanceAlreadyOffered' is deprecated: Value has never been used. Calls to OfferService shall be idempotent. [-Wdeprecated-declarations]
2026-10-07T14:51:18.0983188Z   186 |             case static_cast<score::result::ErrorCode>(ComErrc::kServiceInstanceAlreadyOffered):
2026-10-07T14:51:18.1022950Z       |                                                                 ^
2026-10-07T14:51:18.1033365Z ./score/mw/com/impl/com_error.h:58:11: note: 'kServiceInstanceAlreadyOffered' has been explicitly marked deprecated here
2026-10-07T14:51:18.1063236Z    58 |         [[deprecated("Value has never been used. Calls to OfferService shall be idempotent.")]],
2026-10-07T14:51:18.1072252Z       |           ^
2026-10-07T14:51:18.1092588Z 1 warning generated.
2026-10-07T14:51:19.6475487Z [11,839 / 13,938] 96 / 514 tests; Compiling score/mw/com/impl/tracing/configuration/tracing_filter_config_parser_test.cpp; 5s disk-cache, linux-sandbox ... (4 actions running)
2026-10-07T14:51:19.6761348Z INFO: From Compiling score/mw/com/impl/tracing/configuration/tracing_filter_config_parser_test.cpp:
2026-10-07T14:51:19.6804955Z In file included from score/mw/com/impl/tracing/configuration/tracing_filter_config_parser_test.cpp:13:
2026-10-07T14:51:19.6833522Z In file included from ./score/mw/com/impl/tracing/configuration/tracing_filter_config_parser.h:17:
2026-10-07T14:51:19.6852823Z In file included from ./score/mw/com/impl/configuration/configuration.h:18:
2026-10-07T14:51:19.6872939Z In file included from ./score/mw/com/impl/configuration/service_instance_deployment.h:17:
2026-10-07T14:51:19.6893765Z ./score/mw/com/impl/com_error.h:186:65: warning: 'kServiceInstanceAlreadyOffered' is deprecated: Value has never been used. Calls to OfferService shall be idempotent. [-Wdeprecated-declarations]
2026-10-07T14:51:19.6923108Z   186 |             case static_cast<score::result::ErrorCode>(ComErrc::kServiceInstanceAlreadyOffered):
2026-10-07T14:51:19.6932831Z       |                                                                 ^
2026-10-07T14:51:19.6953354Z ./score/mw/com/impl/com_error.h:58:11: note: 'kServiceInstanceAlreadyOffered' has been explicitly marked deprecated here
2026-10-07T14:51:19.6983468Z    58 |         [[deprecated("Value has never been used. Calls to OfferService shall be idempotent.")]],
2026-10-07T14:51:19.7012563Z       |           ^
2026-10-07T14:51:19.7022571Z 1 warning generated.
2026-10-07T14:51:20.4139855Z INFO: From Compiling score/mw/com/test/common_test_resources/proxy_observer.cpp:
2026-10-07T14:51:20.4183106Z In file included from score/mw/com/test/common_test_resources/proxy_observer.cpp:14:
2026-10-07T14:51:20.4184395Z In file included from ./score/mw/com/test/common_test_resources/proxy_observer.h:15:
2026-10-07T14:51:20.4212818Z In file included from ./score/mw/com/com_error_domain.h:16:
2026-10-07T14:51:20.4244095Z ./score/mw/com/impl/com_error.h:186:65: warning: 'kServiceInstanceAlreadyOffered' is deprecated: Value has never been used. Calls to OfferService shall be idempotent. [-Wdeprecated-declarations]
2026-10-07T14:51:20.4256903Z   186 |             case static_cast<score::result::ErrorCode>(ComErrc::kServiceInstanceAlreadyOffered):
2026-10-07T14:51:20.4272738Z       |                                                                 ^
2026-10-07T14:51:20.4303324Z ./score/mw/com/impl/com_error.h:58:11: note: 'kServiceInstanceAlreadyOffered' has been explicitly marked deprecated here
2026-10-07T14:51:20.4333093Z    58 |         [[deprecated("Value has never been used. Calls to OfferService shall be idempotent.")]],
2026-10-07T14:51:20.4333769Z       |           ^
2026-10-07T14:51:20.4362739Z 1 warning generated.
2026-10-07T14:51:20.4672412Z INFO: From Compiling score/mw/com/impl/bindings/lola/subscription_not_subscribed_states.cpp:
2026-10-07T14:51:20.4689307Z In file included from score/mw/com/impl/bindings/lola/subscription_not_subscribed_states.cpp:20:
2026-10-07T14:51:20.4714391Z ./score/mw/com/impl/com_error.h:186:65: warning: 'kServiceInstanceAlreadyOffered' is deprecated: Value has never been used. Calls to OfferService shall be idempotent. [-Wdeprecated-declarations]
2026-10-07T14:51:20.4716232Z   186 |             case static_cast<score::result::ErrorCode>(ComErrc::kServiceInstanceAlreadyOffered):
2026-10-07T14:51:20.4760328Z       |                                                                 ^
2026-10-07T14:51:20.4772961Z ./score/mw/com/impl/com_error.h:58:11: note: 'kServiceInstanceAlreadyOffered' has been explicitly marked deprecated here
2026-10-07T14:51:20.4774059Z    58 |         [[deprecated("Value has never been used. Calls to OfferService shall be idempotent.")]],
2026-10-07T14:51:20.4774593Z       |           ^
2026-10-07T14:51:20.4774861Z 1 warning generated.
2026-10-07T14:51:21.4930171Z INFO: From Compiling score/mw/com/impl/bindings/lola/subscription_helpers.cpp:
2026-10-07T14:51:21.4933471Z In file included from score/mw/com/impl/bindings/lola/subscription_helpers.cpp:15:
2026-10-07T14:51:21.4934766Z In file included from ./score/mw/com/impl/bindings/lola/i_runtime.h:20:
2026-10-07T14:51:21.4935859Z In file included from ./score/mw/com/impl/i_binding_runtime.h:17:
2026-10-07T14:51:21.4936968Z In file included from ./score/mw/com/impl/i_service_discovery_client.h:16:
2026-10-07T14:51:21.4938085Z In file included from ./score/mw/com/impl/enriched_instance_identifier.h:17:
2026-10-07T14:51:21.4939311Z In file included from ./score/mw/com/impl/handle_type.h:18:
2026-10-07T14:51:21.4940311Z In file included from ./score/mw/com/impl/instance_identifier.h:16:
2026-10-07T14:51:21.4942475Z ./score/mw/com/impl/com_error.h:186:65: warning: 'kServiceInstanceAlreadyOffered' is deprecated: Value has never been used. Calls to OfferService shall be idempotent. [-Wdeprecated-declarations]
2026-10-07T14:51:21.4944420Z   186 |             case static_cast<score::result::ErrorCode>(ComErrc::kServiceInstanceAlreadyOffered):
2026-10-07T14:51:21.4945512Z       |                                                                 ^
2026-10-07T14:51:21.4946829Z ./score/mw/com/impl/com_error.h:58:11: note: 'kServiceInstanceAlreadyOffered' has been explicitly marked deprecated here
2026-10-07T14:51:21.4948334Z    58 |         [[deprecated("Value has never been used. Calls to OfferService shall be idempotent.")]],
2026-10-07T14:51:21.4949523Z       |           ^
2026-10-07T14:51:21.4950020Z 1 warning generated.
2026-10-07T14:51:22.8343528Z INFO: From Compiling score/mw/com/impl/bindings/lola/runtime_mock.cpp:
2026-10-07T14:51:22.8352972Z In file included from score/mw/com/impl/bindings/lola/runtime_mock.cpp:14:
2026-10-07T14:51:22.8362775Z In file included from ./score/mw/com/impl/bindings/lola/runtime_mock.h:16:
2026-10-07T14:51:22.8392998Z In file included from ./score/mw/com/impl/bindings/lola/i_runtime.h:20:
2026-10-07T14:51:22.8402753Z In file included from ./score/mw/com/impl/i_binding_runtime.h:17:
2026-10-07T14:51:22.8432828Z In file included from ./score/mw/com/impl/i_service_discovery_client.h:16:
2026-10-07T14:51:22.8452414Z In file included from ./score/mw/com/impl/enriched_instance_identifier.h:17:
2026-10-07T14:51:22.8474079Z In file included from ./score/mw/com/impl/handle_type.h:18:
2026-10-07T14:51:22.8512956Z In file included from ./score/mw/com/impl/instance_identifier.h:16:
2026-10-07T14:51:22.8523709Z ./score/mw/com/impl/com_error.h:186:65: warning: 'kServiceInstanceAlreadyOffered' is deprecated: Value has never been used. Calls to OfferService shall be idempotent. [-Wdeprecated-declarations]
2026-10-07T14:51:22.8553020Z   186 |             case static_cast<score::result::ErrorCode>(ComErrc::kServiceInstanceAlreadyOffered):
2026-10-07T14:51:22.8572762Z       |                                                                 ^
2026-10-07T14:51:22.8603270Z ./score/mw/com/impl/com_error.h:58:11: note: 'kServiceInstanceAlreadyOffered' has been explicitly marked deprecated here
2026-10-07T14:51:22.8612948Z    58 |         [[deprecated("Value has never been used. Calls to OfferService shall be idempotent.")]],
2026-10-07T14:51:22.8632518Z       |           ^
2026-10-07T14:51:22.8652812Z 1 warning generated.
2026-10-07T14:51:24.4843650Z INFO: From Compiling score/mw/com/test/service_discovery_offer_and_search/service.cpp:
2026-10-07T14:51:24.4873301Z In file included from score/mw/com/test/service_discovery_offer_and_search/service.cpp:16:
2026-10-07T14:51:24.4882867Z In file included from ./score/mw/com/com_error_domain.h:16:
2026-10-07T14:51:24.4913695Z ./score/mw/com/impl/com_error.h:186:65: warning: 'kServiceInstanceAlreadyOffered' is deprecated: Value has never been used. Calls to OfferService shall be idempotent. [-Wdeprecated-declarations]
2026-10-07T14:51:24.4942938Z   186 |             case static_cast<score::result::ErrorCode>(ComErrc::kServiceInstanceAlreadyOffered):
2026-10-07T14:51:24.4943819Z       |                                                                 ^
2026-10-07T14:51:24.4973116Z ./score/mw/com/impl/com_error.h:58:11: note: 'kServiceInstanceAlreadyOffered' has been explicitly marked deprecated here
2026-10-07T14:51:24.4996738Z    58 |         [[deprecated("Value has never been used. Calls to OfferService shall be idempotent.")]],
2026-10-07T14:51:24.5006606Z       |           ^
2026-10-07T14:51:24.5030294Z 1 warning generated.
2026-10-07T14:51:25.0803558Z INFO: From Compiling score/mw/com/impl/tracing/common_event_tracing.cpp:
2026-10-07T14:51:25.0833044Z In file included from score/mw/com/impl/tracing/common_event_tracing.cpp:13:
2026-10-07T14:51:25.0843019Z In file included from ./score/mw/com/impl/tracing/common_event_tracing.h:16:
2026-10-07T14:51:25.0872867Z In file included from ./score/mw/com/impl/instance_identifier.h:16:
2026-10-07T14:51:25.0903835Z ./score/mw/com/impl/com_error.h:186:65: warning: 'kServiceInstanceAlreadyOffered' is deprecated: Value has never been used. Calls to OfferService shall be idempotent. [-Wdeprecated-declarations]
2026-10-07T14:51:25.0923222Z   186 |             case static_cast<score::result::ErrorCode>(ComErrc::kServiceInstanceAlreadyOffered):
2026-10-07T14:51:25.0952803Z       |                                                                 ^
2026-10-07T14:51:25.0954199Z ./score/mw/com/impl/com_error.h:58:11: note: 'kServiceInstanceAlreadyOffered' has been explicitly marked deprecated here
2026-10-07T14:51:25.0956027Z    58 |         [[deprecated("Value has never been used. Calls to OfferService shall be idempotent.")]],
2026-10-07T14:51:25.0956706Z       |           ^
2026-10-07T14:51:25.0957049Z 1 warning generated.
2026-10-07T14:51:26.9623459Z INFO: From Compiling score/mw/com/impl/runtime_test.cpp:
2026-10-07T14:51:26.9683080Z In file included from score/mw/com/impl/runtime_test.cpp:13:
2026-10-07T14:51:26.9702342Z In file included from ./score/mw/com/impl/runtime.h:18:
2026-10-07T14:51:26.9723503Z In file included from ./score/mw/com/impl/configuration/configuration.h:18:
2026-10-07T14:51:26.9742937Z In file included from ./score/mw/com/impl/configuration/service_instance_deployment.h:17:
2026-10-07T14:51:26.9763947Z ./score/mw/com/impl/com_error.h:186:65: warning: 'kServiceInstanceAlreadyOffered' is deprecated: Value has never been used. Calls to OfferService shall be idempotent. [-Wdeprecated-declarations]
2026-10-07T14:51:26.9783031Z   186 |             case static_cast<score::result::ErrorCode>(ComErrc::kServiceInstanceAlreadyOffered):
2026-10-07T14:51:26.9810176Z       |                                                                 ^
2026-10-07T14:51:26.9833211Z ./score/mw/com/impl/com_error.h:58:11: note: 'kServiceInstanceAlreadyOffered' has been explicitly marked deprecated here
2026-10-07T14:51:26.9863052Z    58 |         [[deprecated("Value has never been used. Calls to OfferService shall be idempotent.")]],
2026-10-07T14:51:26.9882744Z       |           ^
2026-10-07T14:51:26.9892623Z 1 warning generated.
2026-10-07T14:51:27.2835444Z INFO: From Compiling score/mw/com/test/service_discovery_offer_and_search/test_datatype.cpp:
2026-10-07T14:51:27.2853095Z In file included from score/mw/com/test/service_discovery_offer_and_search/test_datatype.cpp:14:
2026-10-07T14:51:27.2883961Z In file included from ./score/mw/com/test/service_discovery_offer_and_search/test_datatype.h:17:
2026-10-07T14:51:27.2892840Z In file included from ./score/mw/com/test/common_test_resources/test_interface.h:17:
2026-10-07T14:51:27.2922666Z In file included from ./score/mw/com/types.h:24:
2026-10-07T14:51:27.2942771Z In file included from ./score/mw/com/impl/generic_proxy.h:18:
2026-10-07T14:51:27.2952805Z In file included from ./score/mw/com/impl/generic_proxy_event.h:18:
2026-10-07T14:51:27.2982699Z In file included from ./score/mw/com/impl/proxy_base.h:18:
2026-10-07T14:51:27.2983468Z In file included from ./score/mw/com/impl/handle_type.h:18:
2026-10-07T14:51:27.2984265Z In file included from ./score/mw/com/impl/instance_identifier.h:16:
2026-10-07T14:51:27.2986039Z ./score/mw/com/impl/com_error.h:186:65: warning: 'kServiceInstanceAlreadyOffered' is deprecated: Value has never been used. Calls to OfferService shall be idempotent. [-Wdeprecated-declarations]
2026-10-07T14:51:27.2987722Z   186 |             case static_cast<score::result::ErrorCode>(ComErrc::kServiceInstanceAlreadyOffered):
2026-10-07T14:51:27.2988590Z       |                                                                 ^
2026-10-07T14:51:27.2989774Z ./score/mw/com/impl/com_error.h:58:11: note: 'kServiceInstanceAlreadyOffered' has been explicitly marked deprecated here
2026-10-07T14:51:27.2991035Z    58 |         [[deprecated("Value has never been used. Calls to OfferService shall be idempotent.")]],
2026-10-07T14:51:27.2991663Z       |           ^
2026-10-07T14:51:27.2992215Z 1 warning generated.
2026-10-07T14:51:28.9503684Z INFO: From Compiling score/mw/com/impl/bindings/lola/service_data_storage.cpp:
2026-10-07T14:51:28.9563637Z In file included from score/mw/com/impl/bindings/lola/service_data_storage.cpp:13:
2026-10-07T14:51:28.9594360Z In file included from ./score/mw/com/impl/bindings/lola/service_data_storage.h:20:
2026-10-07T14:51:28.9602943Z In file included from ./score/mw/com/impl/bindings/lola/i_runtime.h:20:
2026-10-07T14:51:28.9643074Z In file included from ./score/mw/com/impl/i_binding_runtime.h:17:
2026-10-07T14:51:28.9653177Z In file included from ./score/mw/com/impl/i_service_discovery_client.h:16:
2026-10-07T14:51:28.9660032Z In file included from ./score/mw/com/impl/enriched_instance_identifier.h:17:
2026-10-07T14:51:28.9661480Z In file included from ./score/mw/com/impl/handle_type.h:18:
2026-10-07T14:51:28.9662515Z In file included from ./score/mw/com/impl/instance_identifier.h:16:
2026-10-07T14:51:28.9700073Z ./score/mw/com/impl/com_error.h:186:65: warning: 'kServiceInstanceAlreadyOffered' is deprecated: Value has never been used. Calls to OfferService shall be idempotent. [-Wdeprecated-declarations]
2026-10-07T14:51:28.9701919Z   186 |             case static_cast<score::result::ErrorCode>(ComErrc::kServiceInstanceAlreadyOffered):
2026-10-07T14:51:28.9703220Z       |                                                                 ^
2026-10-07T14:51:28.9704470Z ./score/mw/com/impl/com_error.h:58:11: note: 'kServiceInstanceAlreadyOffered' has been explicitly marked deprecated here
2026-10-07T14:51:28.9705916Z    58 |         [[deprecated("Value has never been used. Calls to OfferService shall be idempotent.")]],
2026-10-07T14:51:28.9706651Z       |           ^
2026-10-07T14:51:28.9707094Z 1 warning generated.
2026-10-07T14:51:29.5253597Z INFO: From Compiling score/mw/com/impl/tracing/common_event_tracing_test.cpp:
2026-10-07T14:51:29.5292989Z In file included from score/mw/com/impl/tracing/common_event_tracing_test.cpp:13:
2026-10-07T14:51:29.5322977Z In file included from ./score/mw/com/impl/tracing/common_event_tracing.h:16:
2026-10-07T14:51:29.5352740Z In file included from ./score/mw/com/impl/instance_identifier.h:16:
2026-10-07T14:51:29.5383723Z ./score/mw/com/impl/com_error.h:186:65: warning: 'kServiceInstanceAlreadyOffered' is deprecated: Value has never been used. Calls to OfferService shall be idempotent. [-Wdeprecated-declarations]
2026-10-07T14:51:29.5403611Z   186 |             case static_cast<score::result::ErrorCode>(ComErrc::kServiceInstanceAlreadyOffered):
2026-10-07T14:51:29.5426413Z       |                                                                 ^
2026-10-07T14:51:29.5463716Z ./score/mw/com/impl/com_error.h:58:11: note: 'kServiceInstanceAlreadyOffered' has been explicitly marked deprecated here
2026-10-07T14:51:29.5503165Z    58 |         [[deprecated("Value has never been used. Calls to OfferService shall be idempotent.")]],
2026-10-07T14:51:29.5532466Z       |           ^
2026-10-07T14:51:29.5562588Z 1 warning generated.
2026-10-07T14:51:30.0373636Z INFO: From Compiling score/mw/com/test/common_test_resources/test_interface.cpp:
2026-10-07T14:51:30.0393300Z In file included from score/mw/com/test/common_test_resources/test_interface.cpp:14:
2026-10-07T14:51:30.0422994Z In file included from ./score/mw/com/test/common_test_resources/test_interface.h:17:
2026-10-07T14:51:30.0452711Z In file included from ./score/mw/com/types.h:24:
2026-10-07T14:51:30.0453608Z In file included from ./score/mw/com/impl/generic_proxy.h:18:
2026-10-07T14:51:30.0482961Z In file included from ./score/mw/com/impl/generic_proxy_event.h:18:
2026-10-07T14:51:30.0512812Z In file included from ./score/mw/com/impl/proxy_base.h:18:
2026-10-07T14:51:30.0542761Z In file included from ./score/mw/com/impl/handle_type.h:18:
2026-10-07T14:51:30.0543766Z In file included from ./score/mw/com/impl/instance_identifier.h:16:
2026-10-07T14:51:30.0573816Z ./score/mw/com/impl/com_error.h:186:65: warning: 'kServiceInstanceAlreadyOffered' is deprecated: Value has never been used. Calls to OfferService shall be idempotent. [-Wdeprecated-declarations]
2026-10-07T14:51:30.0603093Z   186 |             case static_cast<score::result::ErrorCode>(ComErrc::kServiceInstanceAlreadyOffered):
2026-10-07T14:51:30.0632650Z       |                                                                 ^
2026-10-07T14:51:30.0634038Z ./score/mw/com/impl/com_error.h:58:11: note: 'kServiceInstanceAlreadyOffered' has been explicitly marked deprecated here
2026-10-07T14:51:30.0663159Z    58 |         [[deprecated("Value has never been used. Calls to OfferService shall be idempotent.")]],
2026-10-07T14:51:30.0692546Z       |           ^
2026-10-07T14:51:30.0722477Z 1 warning generated.
2026-10-07T14:51:30.0724431Z [11,881 / 13,941] 96 / 514 tests; Compiling score/mw/com/impl/bindings/lola/service_data_storage_test.cpp; 2s disk-cache, linux-sandbox ... (4 actions, 3 running)
2026-10-07T14:51:33.2203610Z INFO: From Compiling score/mw/com/test/common_test_resources/common_service.cpp:
2026-10-07T14:51:33.2253059Z In file included from score/mw/com/test/common_test_resources/common_service.cpp:14:
2026-10-07T14:51:33.2263060Z In file included from ./score/mw/com/test/common_test_resources/common_service.h:18:
2026-10-07T14:51:33.2297182Z In file included from ./score/mw/com/types.h:24:
2026-10-07T14:51:33.2342266Z In file included from ./score/mw/com/impl/generic_proxy.h:18:
2026-10-07T14:51:33.2372916Z In file included from ./score/mw/com/impl/generic_proxy_event.h:18:
2026-10-07T14:51:33.2394827Z In file included from ./score/mw/com/impl/proxy_base.h:18:
2026-10-07T14:51:33.2432755Z In file included from ./score/mw/com/impl/handle_type.h:18:
2026-10-07T14:51:33.2462812Z In file included from ./score/mw/com/impl/instance_identifier.h:16:
2026-10-07T14:51:33.2497942Z ./score/mw/com/impl/com_error.h:186:65: warning: 'kServiceInstanceAlreadyOffered' is deprecated: Value has never been used. Calls to OfferService shall be idempotent. [-Wdeprecated-declarations]
2026-10-07T14:51:33.2514986Z   186 |             case static_cast<score::result::ErrorCode>(ComErrc::kServiceInstanceAlreadyOffered):
2026-10-07T14:51:33.2532900Z       |                                                                 ^
2026-10-07T14:51:33.2563294Z ./score/mw/com/impl/com_error.h:58:11: note: 'kServiceInstanceAlreadyOffered' has been explicitly marked deprecated here
2026-10-07T14:51:33.2564591Z    58 |         [[deprecated("Value has never been used. Calls to OfferService shall be idempotent.")]],
2026-10-07T14:51:33.2565205Z       |           ^
2026-10-07T14:51:33.2565867Z 1 warning generated.
2026-10-07T14:51:33.5784422Z INFO: From Compiling score/mw/com/impl/bindings/lola/service_data_storage_test.cpp:
2026-10-07T14:51:33.5813302Z In file included from score/mw/com/impl/bindings/lola/service_data_storage_test.cpp:13:
2026-10-07T14:51:33.5843270Z In file included from ./score/mw/com/impl/bindings/lola/service_data_storage.h:20:
2026-10-07T14:51:33.5896598Z In file included from ./score/mw/com/impl/bindings/lola/i_runtime.h:20:
2026-10-07T14:51:33.5897500Z In file included from ./score/mw/com/impl/i_binding_runtime.h:17:
2026-10-07T14:51:33.5922907Z In file included from ./score/mw/com/impl/i_service_discovery_client.h:16:
2026-10-07T14:51:33.5923856Z In file included from ./score/mw/com/impl/enriched_instance_identifier.h:17:
2026-10-07T14:51:33.5924662Z In file included from ./score/mw/com/impl/handle_type.h:18:
2026-10-07T14:51:33.5925428Z In file included from ./score/mw/com/impl/instance_identifier.h:16:
2026-10-07T14:51:33.5927281Z ./score/mw/com/impl/com_error.h:186:65: warning: 'kServiceInstanceAlreadyOffered' is deprecated: Value has never been used. Calls to OfferService shall be idempotent. [-Wdeprecated-declarations]
2026-10-07T14:51:33.5928996Z   186 |             case static_cast<score::result::ErrorCode>(ComErrc::kServiceInstanceAlreadyOffered):
2026-10-07T14:51:33.5929849Z       |                                                                 ^
2026-10-07T14:51:33.5930978Z ./score/mw/com/impl/com_error.h:58:11: note: 'kServiceInstanceAlreadyOffered' has been explicitly marked deprecated here
2026-10-07T14:51:33.5932368Z    58 |         [[deprecated("Value has never been used. Calls to OfferService shall be idempotent.")]],
2026-10-07T14:51:33.5932978Z       |           ^
2026-10-07T14:51:33.5933297Z 1 warning generated.
2026-10-07T14:51:34.0763593Z INFO: From Compiling score/mw/com/impl/tracing/skeleton_event_tracing.cpp:
2026-10-07T14:51:34.0793049Z In file included from score/mw/com/impl/tracing/skeleton_event_tracing.cpp:13:
2026-10-07T14:51:34.0853064Z In file included from ./score/mw/com/impl/tracing/skeleton_event_tracing.h:22:
2026-10-07T14:51:34.0903077Z In file included from ./score/mw/com/impl/instance_identifier.h:16:
2026-10-07T14:51:34.0929449Z ./score/mw/com/impl/com_error.h:186:65: warning: 'kServiceInstanceAlreadyOffered' is deprecated: Value has never been used. Calls to OfferService shall be idempotent. [-Wdeprecated-declarations]
2026-10-07T14:51:34.0964015Z   186 |             case static_cast<score::result::ErrorCode>(ComErrc::kServiceInstanceAlreadyOffered):
2026-10-07T14:51:34.0987830Z       |                                                                 ^
2026-10-07T14:51:34.1013541Z ./score/mw/com/impl/com_error.h:58:11: note: 'kServiceInstanceAlreadyOffered' has been explicitly marked deprecated here
2026-10-07T14:51:34.1042372Z    58 |         [[deprecated("Value has never been used. Calls to OfferService shall be idempotent.")]],
2026-10-07T14:51:34.1044778Z       |           ^
2026-10-07T14:51:34.1045230Z 1 warning generated.
2026-10-07T14:51:35.6603634Z INFO: From Compiling score/mw/com/impl/data_type_meta_info.cpp:
2026-10-07T14:51:35.6638014Z In file included from score/mw/com/impl/data_type_meta_info.cpp:15:
2026-10-07T14:51:35.6656794Z ./score/mw/com/impl/com_error.h:186:65: warning: 'kServiceInstanceAlreadyOffered' is deprecated: Value has never been used. Calls to OfferService shall be idempotent. [-Wdeprecated-declarations]
2026-10-07T14:51:35.6663092Z   186 |             case static_cast<score::result::ErrorCode>(ComErrc::kServiceInstanceAlreadyOffered):
2026-10-07T14:51:35.6702920Z       |                                                                 ^
2026-10-07T14:51:35.6753126Z ./score/mw/com/impl/com_error.h:58:11: note: 'kServiceInstanceAlreadyOffered' has been explicitly marked deprecated here
2026-10-07T14:51:35.6754410Z    58 |         [[deprecated("Value has never been used. Calls to OfferService shall be idempotent.")]],
2026-10-07T14:51:35.6782483Z       |           ^
2026-10-07T14:51:35.6812565Z 1 warning generated.
2026-10-07T14:51:38.9886369Z INFO: From Compiling score/mw/com/impl/bindings/lola/type_erased_sample_ptrs_guard.cpp:
2026-10-07T14:51:38.9912978Z In file included from score/mw/com/impl/bindings/lola/type_erased_sample_ptrs_guard.cpp:16:
2026-10-07T14:51:38.9913944Z In file included from ./score/mw/com/impl/runtime.h:18:
2026-10-07T14:51:38.9934383Z In file included from ./score/mw/com/impl/configuration/configuration.h:18:
2026-10-07T14:51:38.9972995Z In file included from ./score/mw/com/impl/configuration/service_instance_deployment.h:17:
2026-10-07T14:51:39.0003747Z ./score/mw/com/impl/com_error.h:186:65: warning: 'kServiceInstanceAlreadyOffered' is deprecated: Value has never been used. Calls to OfferService shall be idempotent. [-Wdeprecated-declarations]
2026-10-07T14:51:39.0033174Z   186 |             case static_cast<score::result::ErrorCode>(ComErrc::kServiceInstanceAlreadyOffered):
2026-10-07T14:51:39.0062215Z       |                                                                 ^
2026-10-07T14:51:39.0093213Z ./score/mw/com/impl/com_error.h:58:11: note: 'kServiceInstanceAlreadyOffered' has been explicitly marked deprecated here
2026-10-07T14:51:39.0123027Z    58 |         [[deprecated("Value has never been used. Calls to OfferService shall be idempotent.")]],
2026-10-07T14:51:39.0134326Z       |           ^
2026-10-07T14:51:39.0182530Z 1 warning generated.
2026-10-07T14:51:39.5393644Z INFO: From Compiling score/mw/com/impl/skeleton_field_base_test.cpp:
2026-10-07T14:51:39.5453243Z In file included from score/mw/com/impl/skeleton_field_base_test.cpp:13:
2026-10-07T14:51:39.5472741Z In file included from ./score/mw/com/impl/skeleton_field_base.h:16:
2026-10-07T14:51:39.5503794Z ./score/mw/com/impl/com_error.h:186:65: warning: 'kServiceInstanceAlreadyOffered' is deprecated: Value has never been used. Calls to OfferService shall be idempotent. [-Wdeprecated-declarations]
2026-10-07T14:51:39.5513015Z   186 |             case static_cast<score::result::ErrorCode>(ComErrc::kServiceInstanceAlreadyOffered):
2026-10-07T14:51:39.5532793Z       |                                                                 ^
2026-10-07T14:51:39.5563189Z ./score/mw/com/impl/com_error.h:58:11: note: 'kServiceInstanceAlreadyOffered' has been explicitly marked deprecated here
2026-10-07T14:51:39.5593302Z    58 |         [[deprecated("Value has never been used. Calls to OfferService shall be idempotent.")]],
2026-10-07T14:51:39.5602431Z       |           ^
2026-10-07T14:51:39.5632459Z 1 warning generated.
2026-10-07T14:51:40.0959000Z [11,970 / 13,945] 96 / 514 tests; Compiling score/mw/com/impl/bindings/lola/skeleton_method.cpp; 1s disk-cache, linux-sandbox ... (4 actions, 3 running)
2026-10-07T14:51:41.2037409Z INFO: From Compiling score/mw/com/impl/bindings/lola/skeleton_method.cpp:
2026-10-07T14:51:41.2083764Z In file included from score/mw/com/impl/bindings/lola/skeleton_method.cpp:17:
2026-10-07T14:51:41.2085117Z In file included from ./score/mw/com/impl/bindings/lola/i_runtime.h:20:
2026-10-07T14:51:41.2113015Z In file included from ./score/mw/com/impl/i_binding_runtime.h:17:
2026-10-07T14:51:41.2142898Z In file included from ./score/mw/com/impl/i_service_discovery_client.h:16:
2026-10-07T14:51:41.2155786Z In file included from ./score/mw/com/impl/enriched_instance_identifier.h:17:
2026-10-07T14:51:41.2202747Z In file included from ./score/mw/com/impl/handle_type.h:18:
2026-10-07T14:51:41.2203817Z In file included from ./score/mw/com/impl/instance_identifier.h:16:
2026-10-07T14:51:41.2233813Z ./score/mw/com/impl/com_error.h:186:65: warning: 'kServiceInstanceAlreadyOffered' is deprecated: Value has never been used. Calls to OfferService shall be idempotent. [-Wdeprecated-declarations]
2026-10-07T14:51:41.2263083Z   186 |             case static_cast<score::result::ErrorCode>(ComErrc::kServiceInstanceAlreadyOffered):
2026-10-07T14:51:41.2264204Z       |                                                                 ^
2026-10-07T14:51:41.2293755Z ./score/mw/com/impl/com_error.h:58:11: note: 'kServiceInstanceAlreadyOffered' has been explicitly marked deprecated here
2026-10-07T14:51:41.2323062Z    58 |         [[deprecated("Value has never been used. Calls to OfferService shall be idempotent.")]],
2026-10-07T14:51:41.2352497Z       |           ^
2026-10-07T14:51:41.2382492Z 1 warning generated.
2026-10-07T14:51:42.2041852Z INFO: From Compiling score/mw/com/impl/bindings/lola/skeleton_memory_manager.cpp:
2026-10-07T14:51:42.2054486Z In file included from score/mw/com/impl/bindings/lola/skeleton_memory_manager.cpp:13:
2026-10-07T14:51:42.2083440Z In file included from ./score/mw/com/impl/bindings/lola/skeleton_memory_manager.h:20:
2026-10-07T14:51:42.2112925Z In file included from ./score/mw/com/impl/bindings/lola/service_data_storage.h:20:
2026-10-07T14:51:42.2123253Z In file included from ./score/mw/com/impl/bindings/lola/i_runtime.h:20:
2026-10-07T14:51:42.2143043Z In file included from ./score/mw/com/impl/i_binding_runtime.h:17:
2026-10-07T14:51:42.2172919Z In file included from ./score/mw/com/impl/i_service_discovery_client.h:16:
2026-10-07T14:51:42.2203004Z In file included from ./score/mw/com/impl/enriched_instance_identifier.h:17:
2026-10-07T14:51:42.2204009Z In file included from ./score/mw/com/impl/handle_type.h:18:
2026-10-07T14:51:42.2232899Z In file included from ./score/mw/com/impl/instance_identifier.h:16:
2026-10-07T14:51:42.2260300Z ./score/mw/com/impl/com_error.h:186:65: warning: 'kServiceInstanceAlreadyOffered' is deprecated: Value has never been used. Calls to OfferService shall be idempotent. [-Wdeprecated-declarations]
2026-10-07T14:51:42.2293157Z   186 |             case static_cast<score::result::ErrorCode>(ComErrc::kServiceInstanceAlreadyOffered):
2026-10-07T14:51:42.2312658Z       |                                                                 ^
2026-10-07T14:51:42.2323319Z ./score/mw/com/impl/com_error.h:58:11: note: 'kServiceInstanceAlreadyOffered' has been explicitly marked deprecated here
2026-10-07T14:51:42.2353060Z    58 |         [[deprecated("Value has never been used. Calls to OfferService shall be idempotent.")]],
2026-10-07T14:51:42.2372493Z       |           ^
2026-10-07T14:51:42.2402488Z 1 warning generated.
2026-10-07T14:51:42.6158718Z INFO: From Compiling score/mw/com/impl/bindings/lola/skeleton_event.cpp:
2026-10-07T14:51:42.6182942Z In file included from score/mw/com/impl/bindings/lola/skeleton_event.cpp:13:
2026-10-07T14:51:42.6183895Z In file included from ./score/mw/com/impl/bindings/lola/skeleton_event.h:21:
2026-10-07T14:51:42.6212835Z In file included from ./score/mw/com/impl/bindings/lola/skeleton.h:32:
2026-10-07T14:51:42.6213818Z In file included from ./score/mw/com/impl/bindings/lola/skeleton_memory_manager.h:20:
2026-10-07T14:51:42.6214758Z In file included from ./score/mw/com/impl/bindings/lola/service_data_storage.h:20:
2026-10-07T14:51:42.6215697Z In file included from ./score/mw/com/impl/bindings/lola/i_runtime.h:20:
2026-10-07T14:51:42.6216508Z In file included from ./score/mw/com/impl/i_binding_runtime.h:17:
2026-10-07T14:51:42.6217377Z In file included from ./score/mw/com/impl/i_service_discovery_client.h:16:
2026-10-07T14:51:42.6218247Z In file included from ./score/mw/com/impl/enriched_instance_identifier.h:17:
2026-10-07T14:51:42.6219025Z In file included from ./score/mw/com/impl/handle_type.h:18:
2026-10-07T14:51:42.6219780Z In file included from ./score/mw/com/impl/instance_identifier.h:16:
2026-10-07T14:51:42.6221512Z ./score/mw/com/impl/com_error.h:186:65: warning: 'kServiceInstanceAlreadyOffered' is deprecated: Value has never been used. Calls to OfferService shall be idempotent. [-Wdeprecated-declarations]
2026-10-07T14:51:42.6223426Z   186 |             case static_cast<score::result::ErrorCode>(ComErrc::kServiceInstanceAlreadyOffered):
2026-10-07T14:51:42.6224263Z       |                                                                 ^
2026-10-07T14:51:42.6225420Z ./score/mw/com/impl/com_error.h:58:11: note: 'kServiceInstanceAlreadyOffered' has been explicitly marked deprecated here
2026-10-07T14:51:42.6227011Z    58 |         [[deprecated("Value has never been used. Calls to OfferService shall be idempotent.")]],
2026-10-07T14:51:42.6227636Z       |           ^
2026-10-07T14:51:42.6227956Z 1 warning generated.
2026-10-07T14:51:44.3403526Z INFO: From Compiling score/mw/com/impl/bindings/lola/skeleton.cpp:
2026-10-07T14:51:44.3433200Z In file included from score/mw/com/impl/bindings/lola/skeleton.cpp:13:
2026-10-07T14:51:44.3492960Z In file included from ./score/mw/com/impl/bindings/lola/skeleton.h:32:
2026-10-07T14:51:44.3493980Z In file included from ./score/mw/com/impl/bindings/lola/skeleton_memory_manager.h:20:
2026-10-07T14:51:44.3512552Z In file included from ./score/mw/com/impl/bindings/lola/service_data_storage.h:20:
2026-10-07T14:51:44.3522776Z In file included from ./score/mw/com/impl/bindings/lola/i_runtime.h:20:
2026-10-07T14:51:44.3534418Z In file included from ./score/mw/com/impl/i_binding_runtime.h:17:
2026-10-07T14:51:44.3535650Z In file included from ./score/mw/com/impl/i_service_discovery_client.h:16:
2026-10-07T14:51:44.3544305Z In file included from ./score/mw/com/impl/enriched_instance_identifier.h:17:
2026-10-07T14:51:44.3545621Z In file included from ./score/mw/com/impl/handle_type.h:18:
2026-10-07T14:51:44.3546846Z In file included from ./score/mw/com/impl/instance_identifier.h:16:
2026-10-07T14:51:44.3549047Z ./score/mw/com/impl/com_error.h:186:65: warning: 'kServiceInstanceAlreadyOffered' is deprecated: Value has never been used. Calls to OfferService shall be idempotent. [-Wdeprecated-declarations]
2026-10-07T14:51:44.3551209Z   186 |             case static_cast<score::result::ErrorCode>(ComErrc::kServiceInstanceAlreadyOffered):
2026-10-07T14:51:44.3552590Z       |                                                                 ^
2026-10-07T14:51:44.3554283Z ./score/mw/com/impl/com_error.h:58:11: note: 'kServiceInstanceAlreadyOffered' has been explicitly marked deprecated here
2026-10-07T14:51:44.3555914Z    58 |         [[deprecated("Value has never been used. Calls to OfferService shall be idempotent.")]],
2026-10-07T14:51:44.3557032Z       |           ^
2026-10-07T14:51:44.3557723Z 1 warning generated.
2026-10-07T14:51:45.9053487Z INFO: From Compiling score/mw/com/impl/bindings/lola/test_doubles/fake_service_data.cpp:
2026-10-07T14:51:45.9083037Z In file included from score/mw/com/impl/bindings/lola/test_doubles/fake_service_data.cpp:13:
2026-10-07T14:51:45.9103081Z In file included from ./score/mw/com/impl/bindings/lola/test_doubles/fake_service_data.h:20:
2026-10-07T14:51:45.9132981Z In file included from ./score/mw/com/impl/bindings/lola/service_data_storage.h:20:
2026-10-07T14:51:45.9142908Z In file included from ./score/mw/com/impl/bindings/lola/i_runtime.h:20:
2026-10-07T14:51:45.9172658Z In file included from ./score/mw/com/impl/i_binding_runtime.h:17:
2026-10-07T14:51:45.9202891Z In file included from ./score/mw/com/impl/i_service_discovery_client.h:16:
2026-10-07T14:51:45.9212860Z In file included from ./score/mw/com/impl/enriched_instance_identifier.h:17:
2026-10-07T14:51:45.9238077Z In file included from ./score/mw/com/impl/handle_type.h:18:
2026-10-07T14:51:45.9263176Z In file included from ./score/mw/com/impl/instance_identifier.h:16:
2026-10-07T14:51:45.9273700Z ./score/mw/com/impl/com_error.h:186:65: warning: 'kServiceInstanceAlreadyOffered' is deprecated: Value has never been used. Calls to OfferService shall be idempotent. [-Wdeprecated-declarations]
2026-10-07T14:51:45.9303016Z   186 |             case static_cast<score::result::ErrorCode>(ComErrc::kServiceInstanceAlreadyOffered):
2026-10-07T14:51:45.9322743Z       |                                                                 ^
2026-10-07T14:51:45.9323938Z ./score/mw/com/impl/com_error.h:58:11: note: 'kServiceInstanceAlreadyOffered' has been explicitly marked deprecated here
2026-10-07T14:51:45.9325250Z    58 |         [[deprecated("Value has never been used. Calls to OfferService shall be idempotent.")]],
2026-10-07T14:51:45.9325893Z       |           ^
2026-10-07T14:51:45.9326214Z 1 warning generated.
2026-10-07T14:51:47.1613972Z INFO: From Compiling score/mw/com/impl/bindings/lola/test_doubles/fake_mocked_service_data.cpp:
2026-10-07T14:51:47.1643249Z In file included from score/mw/com/impl/bindings/lola/test_doubles/fake_mocked_service_data.cpp:13:
2026-10-07T14:51:47.1673139Z In file included from ./score/mw/com/impl/bindings/lola/test_doubles/fake_mocked_service_data.h:20:
2026-10-07T14:51:47.1702892Z In file included from ./score/mw/com/impl/bindings/lola/service_data_storage.h:20:
2026-10-07T14:51:47.1732837Z In file included from ./score/mw/com/impl/bindings/lola/i_runtime.h:20:
2026-10-07T14:51:47.1762841Z In file included from ./score/mw/com/impl/i_binding_runtime.h:17:
2026-10-07T14:51:47.1782884Z In file included from ./score/mw/com/impl/i_service_discovery_client.h:16:
2026-10-07T14:51:47.1812907Z In file included from ./score/mw/com/impl/enriched_instance_identifier.h:17:
2026-10-07T14:51:47.1822763Z In file included from ./score/mw/com/impl/handle_type.h:18:
2026-10-07T14:51:47.1843055Z In file included from ./score/mw/com/impl/instance_identifier.h:16:
2026-10-07T14:51:47.1873786Z ./score/mw/com/impl/com_error.h:186:65: warning: 'kServiceInstanceAlreadyOffered' is deprecated: Value has never been used. Calls to OfferService shall be idempotent. [-Wdeprecated-declarations]
2026-10-07T14:51:47.1883098Z   186 |             case static_cast<score::result::ErrorCode>(ComErrc::kServiceInstanceAlreadyOffered):
2026-10-07T14:51:47.1912710Z       |                                                                 ^
2026-10-07T14:51:47.1933329Z ./score/mw/com/impl/com_error.h:58:11: note: 'kServiceInstanceAlreadyOffered' has been explicitly marked deprecated here
2026-10-07T14:51:47.1963150Z    58 |         [[deprecated("Value has never been used. Calls to OfferService shall be idempotent.")]],
2026-10-07T14:51:47.1972440Z       |           ^
2026-10-07T14:51:47.2002481Z 1 warning generated.
2026-10-07T14:51:50.8563588Z INFO: From Compiling score/mw/com/impl/bindings/lola/skeleton_event_test.cpp:
2026-10-07T14:51:50.8593016Z In file included from score/mw/com/impl/bindings/lola/skeleton_event_test.cpp:13:
2026-10-07T14:51:50.8600795Z In file included from ./score/mw/com/impl/bindings/lola/skeleton_event.h:21:
2026-10-07T14:51:50.8622912Z In file included from ./score/mw/com/impl/bindings/lola/skeleton.h:32:
2026-10-07T14:51:50.8652993Z In file included from ./score/mw/com/impl/bindings/lola/skeleton_memory_manager.h:20:
2026-10-07T14:51:50.8673085Z In file included from ./score/mw/com/impl/bindings/lola/service_data_storage.h:20:
2026-10-07T14:51:50.8682938Z In file included from ./score/mw/com/impl/bindings/lola/i_runtime.h:20:
2026-10-07T14:51:50.8712845Z In file included from ./score/mw/com/impl/i_binding_runtime.h:17:
2026-10-07T14:51:50.8732886Z In file included from ./score/mw/com/impl/i_service_discovery_client.h:16:
2026-10-07T14:51:50.8742805Z In file included from ./score/mw/com/impl/enriched_instance_identifier.h:17:
2026-10-07T14:51:50.8772695Z In file included from ./score/mw/com/impl/handle_type.h:18:
2026-10-07T14:51:50.8792929Z In file included from ./score/mw/com/impl/instance_identifier.h:16:
2026-10-07T14:51:50.8823881Z ./score/mw/com/impl/com_error.h:186:65: warning: 'kServiceInstanceAlreadyOffered' is deprecated: Value has never been used. Calls to OfferService shall be idempotent. [-Wdeprecated-declarations]
2026-10-07T14:51:50.8833013Z   186 |             case static_cast<score::result::ErrorCode>(ComErrc::kServiceInstanceAlreadyOffered):
2026-10-07T14:51:50.8862586Z       |                                                                 ^
2026-10-07T14:51:50.8893213Z ./score/mw/com/impl/com_error.h:58:11: note: 'kServiceInstanceAlreadyOffered' has been explicitly marked deprecated here
2026-10-07T14:51:50.8903113Z    58 |         [[deprecated("Value has never been used. Calls to OfferService shall be idempotent.")]],
2026-10-07T14:51:50.8932568Z       |           ^
2026-10-07T14:51:50.8949537Z 1 warning generated.
2026-10-07T14:51:50.9006538Z [12,019 / 13,947] 96 / 514 tests; Compiling score/mw/com/impl/bindings/mock_binding/skeleton_event.cpp; 1s disk-cache, linux-sandbox ... (4 actions, 3 running)
2026-10-07T14:51:54.0353476Z INFO: From Compiling score/mw/com/impl/runtime_single_exec_test.cpp:
2026-10-07T14:51:54.0372931Z In file included from score/mw/com/impl/runtime_single_exec_test.cpp:13:
2026-10-07T14:51:54.0402757Z In file included from ./score/mw/com/impl/runtime.h:18:
2026-10-07T14:51:54.0432843Z In file included from ./score/mw/com/impl/configuration/configuration.h:18:
2026-10-07T14:51:54.0462889Z In file included from ./score/mw/com/impl/configuration/service_instance_deployment.h:17:
2026-10-07T14:51:54.0493705Z ./score/mw/com/impl/com_error.h:186:65: warning: 'kServiceInstanceAlreadyOffered' is deprecated: Value has never been used. Calls to OfferService shall be idempotent. [-Wdeprecated-declarations]
2026-10-07T14:51:54.0523095Z   186 |             case static_cast<score::result::ErrorCode>(ComErrc::kServiceInstanceAlreadyOffered):
2026-10-07T14:51:54.0552688Z       |                                                                 ^
2026-10-07T14:51:54.0583165Z ./score/mw/com/impl/com_error.h:58:11: note: 'kServiceInstanceAlreadyOffered' has been explicitly marked deprecated here
2026-10-07T14:51:54.0613023Z    58 |         [[deprecated("Value has never been used. Calls to OfferService shall be idempotent.")]],
2026-10-07T14:51:54.0642440Z       |           ^
2026-10-07T14:51:54.0672430Z 1 warning generated.
2026-10-07T14:51:57.4410668Z INFO: From Compiling score/mw/com/impl/skeleton_field_base.cpp:
2026-10-07T14:51:57.4427790Z In file included from score/mw/com/impl/skeleton_field_base.cpp:13:
2026-10-07T14:51:57.4435177Z In file included from ./score/mw/com/impl/skeleton_field_base.h:16:
2026-10-07T14:51:57.4437112Z ./score/mw/com/impl/com_error.h:186:65: warning: 'kServiceInstanceAlreadyOffered' is deprecated: Value has never been used. Calls to OfferService shall be idempotent. [-Wdeprecated-declarations]
2026-10-07T14:51:57.4438890Z   186 |             case static_cast<score::result::ErrorCode>(ComErrc::kServiceInstanceAlreadyOffered):
2026-10-07T14:51:57.4439934Z       |                                                                 ^
2026-10-07T14:51:57.4441246Z ./score/mw/com/impl/com_error.h:58:11: note: 'kServiceInstanceAlreadyOffered' has been explicitly marked deprecated here
2026-10-07T14:51:57.4443386Z    58 |         [[deprecated("Value has never been used. Calls to OfferService shall be idempotent.")]],
2026-10-07T14:51:57.4444157Z       |           ^
2026-10-07T14:51:57.4444615Z 1 warning generated.
2026-10-07T14:51:58.5469742Z INFO: From Compiling score/mw/com/impl/tracing/skeleton_tracing.cpp:
2026-10-07T14:51:58.5502846Z In file included from score/mw/com/impl/tracing/skeleton_tracing.cpp:17:
2026-10-07T14:51:58.5504073Z In file included from ./score/mw/com/impl/tracing/skeleton_tracing.h:21:
2026-10-07T14:51:58.5533011Z In file included from ./score/mw/com/impl/instance_identifier.h:16:
2026-10-07T14:51:58.5563929Z ./score/mw/com/impl/com_error.h:186:65: warning: 'kServiceInstanceAlreadyOffered' is deprecated: Value has never been used. Calls to OfferService shall be idempotent. [-Wdeprecated-declarations]
2026-10-07T14:51:58.5575615Z   186 |             case static_cast<score::result::ErrorCode>(ComErrc::kServiceInstanceAlreadyOffered):
2026-10-07T14:51:58.5595494Z       |                                                                 ^
2026-10-07T14:51:58.5599800Z ./score/mw/com/impl/com_error.h:58:11: note: 'kServiceInstanceAlreadyOffered' has been explicitly marked deprecated here
2026-10-07T14:51:58.5601299Z    58 |         [[deprecated("Value has never been used. Calls to OfferService shall be idempotent.")]],
2026-10-07T14:51:58.5602266Z       |           ^
2026-10-07T14:51:58.5602740Z 1 warning generated.
2026-10-07T14:51:58.9483565Z INFO: From Compiling score/mw/com/test/move_semantics/skeleton_event/main_consumer.cpp:
2026-10-07T14:51:58.9503164Z In file included from score/mw/com/test/move_semantics/skeleton_event/main_consumer.cpp:13:
2026-10-07T14:51:58.9532663Z In file included from ./score/mw/com/runtime.h:24:
2026-10-07T14:51:58.9563225Z In file included from ./score/mw/com/mocking/i_runtime.h:17:
2026-10-07T14:51:58.9592722Z In file included from ./score/mw/com/types.h:24:
2026-10-07T14:51:58.9622725Z In file included from ./score/mw/com/impl/generic_proxy.h:18:
2026-10-07T14:51:58.9632799Z In file included from ./score/mw/com/impl/generic_proxy_event.h:18:
2026-10-07T14:51:58.9633593Z In file included from ./score/mw/com/impl/proxy_base.h:18:
2026-10-07T14:51:58.9634307Z In file included from ./score/mw/com/impl/handle_type.h:18:
2026-10-07T14:51:58.9635084Z In file included from ./score/mw/com/impl/instance_identifier.h:16:
2026-10-07T14:51:58.9636880Z ./score/mw/com/impl/com_error.h:186:65: warning: 'kServiceInstanceAlreadyOffered' is deprecated: Value has never been used. Calls to OfferService shall be idempotent. [-Wdeprecated-declarations]
2026-10-07T14:51:58.9638580Z   186 |             case static_cast<score::result::ErrorCode>(ComErrc::kServiceInstanceAlreadyOffered):
2026-10-07T14:51:58.9639508Z       |                                                                 ^
2026-10-07T14:51:58.9640673Z ./score/mw/com/impl/com_error.h:58:11: note: 'kServiceInstanceAlreadyOffered' has been explicitly marked deprecated here
2026-10-07T14:51:58.9642149Z    58 |         [[deprecated("Value has never been used. Calls to OfferService shall be idempotent.")]],
2026-10-07T14:51:58.9642808Z       |           ^
2026-10-07T14:51:58.9643143Z 1 warning generated.
2026-10-07T14:51:59.2778156Z INFO: From Compiling score/mw/com/impl/bindings/someip/skeleton.cpp:
2026-10-07T14:51:59.2813092Z In file included from score/mw/com/impl/bindings/someip/skeleton.cpp:13:
2026-10-07T14:51:59.2842872Z In file included from ./score/mw/com/impl/bindings/someip/skeleton.h:21:
2026-10-07T14:51:59.2862718Z In file included from ./score/mw/com/impl/instance_identifier.h:16:
2026-10-07T14:51:59.2889675Z ./score/mw/com/impl/com_error.h:186:65: warning: 'kServiceInstanceAlreadyOffered' is deprecated: Value has never been used. Calls to OfferService shall be idempotent. [-Wdeprecated-declarations]
2026-10-07T14:51:59.2904633Z   186 |             case static_cast<score::result::ErrorCode>(ComErrc::kServiceInstanceAlreadyOffered):
2026-10-07T14:51:59.2922634Z       |                                                                 ^
2026-10-07T14:51:59.2923764Z ./score/mw/com/impl/com_error.h:58:11: note: 'kServiceInstanceAlreadyOffered' has been explicitly marked deprecated here
2026-10-07T14:51:59.2924901Z    58 |         [[deprecated("Value has never been used. Calls to OfferService shall be idempotent.")]],
2026-10-07T14:51:59.2925503Z       |           ^
2026-10-07T14:51:59.2925852Z 1 warning generated.
2026-10-07T14:52:00.0113478Z INFO: From Compiling score/mw/com/impl/bindings/someip/skeleton_event.cpp:
2026-10-07T14:52:00.0132864Z In file included from score/mw/com/impl/bindings/someip/skeleton_event.cpp:13:
2026-10-07T14:52:00.0162916Z In file included from ./score/mw/com/impl/bindings/someip/skeleton_event.h:19:
2026-10-07T14:52:00.0192845Z In file included from ./score/mw/com/impl/bindings/someip/skeleton.h:21:
2026-10-07T14:52:00.0222742Z In file included from ./score/mw/com/impl/instance_identifier.h:16:
2026-10-07T14:52:00.0241683Z ./score/mw/com/impl/com_error.h:186:65: warning: 'kServiceInstanceAlreadyOffered' is deprecated: Value has never been used. Calls to OfferService shall be idempotent. [-Wdeprecated-declarations]
2026-10-07T14:52:00.0243681Z   186 |             case static_cast<score::result::ErrorCode>(ComErrc::kServiceInstanceAlreadyOffered):
2026-10-07T14:52:00.0244762Z       |                                                                 ^
2026-10-07T14:52:00.0246043Z ./score/mw/com/impl/com_error.h:58:11: note: 'kServiceInstanceAlreadyOffered' has been explicitly marked deprecated here
2026-10-07T14:52:00.0274103Z    58 |         [[deprecated("Value has never been used. Calls to OfferService shall be idempotent.")]],
2026-10-07T14:52:00.0282342Z       |           ^
2026-10-07T14:52:00.0282838Z 1 warning generated.
2026-10-07T14:52:01.1617656Z [12,148 / 13,949] 120 / 514 tests; Compiling score/mw/com/test/move_semantics/skeleton_event/main_provider.cpp; 2s disk-cache, linux-sandbox ... (4 actions, 3 running)
2026-10-07T14:52:02.0939701Z INFO: From Compiling score/mw/com/test/move_semantics/skeleton_event/main_provider.cpp:
2026-10-07T14:52:02.0966752Z In file included from score/mw/com/test/move_semantics/skeleton_event/main_provider.cpp:13:
2026-10-07T14:52:02.0995355Z In file included from ./score/mw/com/runtime.h:24:
2026-10-07T14:52:02.1022903Z In file included from ./score/mw/com/mocking/i_runtime.h:17:
2026-10-07T14:52:02.1052707Z In file included from ./score/mw/com/types.h:24:
2026-10-07T14:52:02.1053714Z In file included from ./score/mw/com/impl/generic_proxy.h:18:
2026-10-07T14:52:02.1082951Z In file included from ./score/mw/com/impl/generic_proxy_event.h:18:
2026-10-07T14:52:02.1112820Z In file included from ./score/mw/com/impl/proxy_base.h:18:
2026-10-07T14:52:02.1142832Z In file included from ./score/mw/com/impl/handle_type.h:18:
2026-10-07T14:52:02.1143901Z In file included from ./score/mw/com/impl/instance_identifier.h:16:
2026-10-07T14:52:02.1173851Z ./score/mw/com/impl/com_error.h:186:65: warning: 'kServiceInstanceAlreadyOffered' is deprecated: Value has never been used. Calls to OfferService shall be idempotent. [-Wdeprecated-declarations]
2026-10-07T14:52:02.1203146Z   186 |             case static_cast<score::result::ErrorCode>(ComErrc::kServiceInstanceAlreadyOffered):
2026-10-07T14:52:02.1232775Z       |                                                                 ^
2026-10-07T14:52:02.1234263Z ./score/mw/com/impl/com_error.h:58:11: note: 'kServiceInstanceAlreadyOffered' has been explicitly marked deprecated here
2026-10-07T14:52:02.1263383Z    58 |         [[deprecated("Value has never been used. Calls to OfferService shall be idempotent.")]],
2026-10-07T14:52:02.1292565Z       |           ^
2026-10-07T14:52:02.1322571Z 1 warning generated.
2026-10-07T14:52:05.4625722Z INFO: From Compiling score/mw/com/impl/bindings/lola/transaction_log_rollback_executor.cpp:
2026-10-07T14:52:05.4663234Z In file included from score/mw/com/impl/bindings/lola/transaction_log_rollback_executor.cpp:13:
2026-10-07T14:52:05.4683081Z In file included from ./score/mw/com/impl/bindings/lola/transaction_log_rollback_executor.h:16:
2026-10-07T14:52:05.4712889Z In file included from ./score/mw/com/impl/bindings/lola/i_runtime.h:20:
2026-10-07T14:52:05.4729538Z In file included from ./score/mw/com/impl/i_binding_runtime.h:17:
2026-10-07T14:52:05.4749576Z In file included from ./score/mw/com/impl/i_service_discovery_client.h:16:
2026-10-07T14:52:05.4767154Z In file included from ./score/mw/com/impl/enriched_instance_identifier.h:17:
2026-10-07T14:52:05.4792665Z In file included from ./score/mw/com/impl/handle_type.h:18:
2026-10-07T14:52:05.4822948Z In file included from ./score/mw/com/impl/instance_identifier.h:16:
2026-10-07T14:52:05.4824587Z ./score/mw/com/impl/com_error.h:186:65: warning: 'kServiceInstanceAlreadyOffered' is deprecated: Value has never been used. Calls to OfferService shall be idempotent. [-Wdeprecated-declarations]
2026-10-07T14:52:05.4825589Z   186 |             case static_cast<score::result::ErrorCode>(ComErrc::kServiceInstanceAlreadyOffered):
2026-10-07T14:52:05.4826110Z       |                                                                 ^
2026-10-07T14:52:05.4826783Z ./score/mw/com/impl/com_error.h:58:11: note: 'kServiceInstanceAlreadyOffered' has been explicitly marked deprecated here
2026-10-07T14:52:05.4827512Z    58 |         [[deprecated("Value has never been used. Calls to OfferService shall be idempotent.")]],
2026-10-07T14:52:05.4827890Z       |           ^
2026-10-07T14:52:05.4828095Z 1 warning generated.
2026-10-07T14:52:07.5604851Z INFO: From Compiling score/mw/com/impl/bindings/lola/proxy_method.cpp:
2026-10-07T14:52:07.5633179Z In file included from score/mw/com/impl/bindings/lola/proxy_method.cpp:13:
2026-10-07T14:52:07.5634014Z In file included from ./score/mw/com/impl/bindings/lola/proxy_method.h:17:
2026-10-07T14:52:07.5663168Z In file included from ./score/mw/com/impl/bindings/lola/i_runtime.h:20:
2026-10-07T14:52:07.5682967Z In file included from ./score/mw/com/impl/i_binding_runtime.h:17:
2026-10-07T14:52:07.5710732Z In file included from ./score/mw/com/impl/i_service_discovery_client.h:16:
2026-10-07T14:52:07.5742902Z In file included from ./score/mw/com/impl/enriched_instance_identifier.h:17:
2026-10-07T14:52:07.5743942Z In file included from ./score/mw/com/impl/handle_type.h:18:
2026-10-07T14:52:07.5772973Z In file included from ./score/mw/com/impl/instance_identifier.h:16:
2026-10-07T14:52:07.5803756Z ./score/mw/com/impl/com_error.h:186:65: warning: 'kServiceInstanceAlreadyOffered' is deprecated: Value has never been used. Calls to OfferService shall be idempotent. [-Wdeprecated-declarations]
2026-10-07T14:52:07.5813001Z   186 |             case static_cast<score::result::ErrorCode>(ComErrc::kServiceInstanceAlreadyOffered):
2026-10-07T14:52:07.5832775Z       |                                                                 ^
2026-10-07T14:52:07.5863342Z ./score/mw/com/impl/com_error.h:58:11: note: 'kServiceInstanceAlreadyOffered' has been explicitly marked deprecated here
2026-10-07T14:52:07.5893106Z    58 |         [[deprecated("Value has never been used. Calls to OfferService shall be idempotent.")]],
2026-10-07T14:52:07.5902597Z       |           ^
2026-10-07T14:52:07.5920469Z 1 warning generated.
2026-10-07T14:52:07.9313272Z INFO: From Compiling score/mw/com/impl/bindings/lola/proxy_event.cpp:
2026-10-07T14:52:07.9314294Z In file included from score/mw/com/impl/bindings/lola/proxy_event.cpp:13:
2026-10-07T14:52:07.9352873Z In file included from ./score/mw/com/impl/bindings/lola/proxy_event.h:18:
2026-10-07T14:52:07.9372960Z In file included from ./score/mw/com/impl/bindings/lola/proxy.h:24:
2026-10-07T14:52:07.9402873Z In file included from ./score/mw/com/impl/bindings/lola/proxy_method.h:17:
2026-10-07T14:52:07.9403791Z In file included from ./score/mw/com/impl/bindings/lola/i_runtime.h:20:
2026-10-07T14:52:07.9404669Z In file included from ./score/mw/com/impl/i_binding_runtime.h:17:
2026-10-07T14:52:07.9405512Z In file included from ./score/mw/com/impl/i_service_discovery_client.h:16:
2026-10-07T14:52:07.9406784Z In file included from ./score/mw/com/impl/enriched_instance_identifier.h:17:
2026-10-07T14:52:07.9407585Z In file included from ./score/mw/com/impl/handle_type.h:18:
2026-10-07T14:52:07.9408359Z In file included from ./score/mw/com/impl/instance_identifier.h:16:
2026-10-07T14:52:07.9410146Z ./score/mw/com/impl/com_error.h:186:65: warning: 'kServiceInstanceAlreadyOffered' is deprecated: Value has never been used. Calls to OfferService shall be idempotent. [-Wdeprecated-declarations]
2026-10-07T14:52:07.9411788Z   186 |             case static_cast<score::result::ErrorCode>(ComErrc::kServiceInstanceAlreadyOffered):
2026-10-07T14:52:07.9443052Z       |                                                                 ^
2026-10-07T14:52:07.9444246Z ./score/mw/com/impl/com_error.h:58:11: note: 'kServiceInstanceAlreadyOffered' has been explicitly marked deprecated here
2026-10-07T14:52:07.9445565Z    58 |         [[deprecated("Value has never been used. Calls to OfferService shall be idempotent.")]],
2026-10-07T14:52:07.9446212Z       |           ^
2026-10-07T14:52:07.9446536Z 1 warning generated.
2026-10-07T14:52:08.9933536Z INFO: From Compiling score/mw/com/impl/plumbing/i_skeleton_binding_factory.cpp:
2026-10-07T14:52:08.9963028Z In file included from score/mw/com/impl/plumbing/i_skeleton_binding_factory.cpp:13:
2026-10-07T14:52:08.9973210Z In file included from ./score/mw/com/impl/plumbing/i_skeleton_binding_factory.h:16:
2026-10-07T14:52:09.0002783Z In file included from ./score/mw/com/impl/instance_identifier.h:16:
2026-10-07T14:52:09.0033695Z ./score/mw/com/impl/com_error.h:186:65: warning: 'kServiceInstanceAlreadyOffered' is deprecated: Value has never been used. Calls to OfferService shall be idempotent. [-Wdeprecated-declarations]
2026-10-07T14:52:09.0063403Z   186 |             case static_cast<score::result::ErrorCode>(ComErrc::kServiceInstanceAlreadyOffered):
2026-10-07T14:52:09.0092703Z       |                                                                 ^
2026-10-07T14:52:09.0103405Z ./score/mw/com/impl/com_error.h:58:11: note: 'kServiceInstanceAlreadyOffered' has been explicitly marked deprecated here
2026-10-07T14:52:09.0105037Z    58 |         [[deprecated("Value has never been used. Calls to OfferService shall be idempotent.")]],
2026-10-07T14:52:09.0105951Z       |           ^
2026-10-07T14:52:09.0106450Z 1 warning generated.
2026-10-07T14:52:09.3143677Z INFO: From Compiling score/mw/com/impl/bindings/lola/proxy.cpp:
2026-10-07T14:52:09.3172937Z In file included from score/mw/com/impl/bindings/lola/proxy.cpp:13:
2026-10-07T14:52:09.3193233Z In file included from ./score/mw/com/impl/bindings/lola/proxy.h:24:
2026-10-07T14:52:09.3222909Z In file included from ./score/mw/com/impl/bindings/lola/proxy_method.h:17:
2026-10-07T14:52:09.3252791Z In file included from ./score/mw/com/impl/bindings/lola/i_runtime.h:20:
2026-10-07T14:52:09.3254147Z In file included from ./score/mw/com/impl/i_binding_runtime.h:17:
2026-10-07T14:52:09.3277215Z In file included from ./score/mw/com/impl/i_service_discovery_client.h:16:
2026-10-07T14:52:09.3300798Z In file included from ./score/mw/com/impl/enriched_instance_identifier.h:17:
2026-10-07T14:52:09.3302205Z In file included from ./score/mw/com/impl/handle_type.h:18:
2026-10-07T14:52:09.3303103Z In file included from ./score/mw/com/impl/instance_identifier.h:16:
2026-10-07T14:52:09.3304989Z ./score/mw/com/impl/com_error.h:186:65: warning: 'kServiceInstanceAlreadyOffered' is deprecated: Value has never been used. Calls to OfferService shall be idempotent. [-Wdeprecated-declarations]
2026-10-07T14:52:09.3306776Z   186 |             case static_cast<score::result::ErrorCode>(ComErrc::kServiceInstanceAlreadyOffered):
2026-10-07T14:52:09.3307742Z       |                                                                 ^
2026-10-07T14:52:09.3308981Z ./score/mw/com/impl/com_error.h:58:11: note: 'kServiceInstanceAlreadyOffered' has been explicitly marked deprecated here
2026-10-07T14:52:09.3311305Z    58 |         [[deprecated("Value has never been used. Calls to OfferService shall be idempotent.")]],
2026-10-07T14:52:09.3312445Z       |           ^
2026-10-07T14:52:09.3312907Z 1 warning generated.
2026-10-07T14:52:09.4547396Z INFO: From Compiling score/mw/com/impl/bindings/lola/proxy_event_subscription_test.cpp:
2026-10-07T14:52:09.4573388Z In file included from score/mw/com/impl/bindings/lola/proxy_event_subscription_test.cpp:14:
2026-10-07T14:52:09.4603095Z In file included from ./score/mw/com/impl/bindings/lola/proxy_event.h:18:
2026-10-07T14:52:09.4604280Z In file included from ./score/mw/com/impl/bindings/lola/proxy.h:24:
2026-10-07T14:52:09.4633120Z In file included from ./score/mw/com/impl/bindings/lola/proxy_method.h:17:
2026-10-07T14:52:09.4634183Z In file included from ./score/mw/com/impl/bindings/lola/i_runtime.h:20:
2026-10-07T14:52:09.4635123Z In file included from ./score/mw/com/impl/i_binding_runtime.h:17:
2026-10-07T14:52:09.4636129Z In file included from ./score/mw/com/impl/i_service_discovery_client.h:16:
2026-10-07T14:52:09.4637151Z In file included from ./score/mw/com/impl/enriched_instance_identifier.h:17:
2026-10-07T14:52:09.4638072Z In file included from ./score/mw/com/impl/handle_type.h:18:
2026-10-07T14:52:09.4638954Z In file included from ./score/mw/com/impl/instance_identifier.h:16:
2026-10-07T14:52:09.4640872Z ./score/mw/com/impl/com_error.h:186:65: warning: 'kServiceInstanceAlreadyOffered' is deprecated: Value has never been used. Calls to OfferService shall be idempotent. [-Wdeprecated-declarations]
2026-10-07T14:52:09.4642807Z   186 |             case static_cast<score::result::ErrorCode>(ComErrc::kServiceInstanceAlreadyOffered):
2026-10-07T14:52:09.4643834Z       |                                                                 ^
2026-10-07T14:52:09.4645100Z ./score/mw/com/impl/com_error.h:58:11: note: 'kServiceInstanceAlreadyOffered' has been explicitly marked deprecated here
2026-10-07T14:52:09.4646749Z    58 |         [[deprecated("Value has never been used. Calls to OfferService shall be idempotent.")]],
2026-10-07T14:52:09.4647512Z       |           ^
2026-10-07T14:52:09.4647955Z 1 warning generated.
2026-10-07T14:52:10.2590491Z INFO: From Compiling score/mw/com/impl/plumbing/skeleton_binding_factory_impl.cpp:
2026-10-07T14:52:10.2612929Z In file included from score/mw/com/impl/plumbing/skeleton_binding_factory_impl.cpp:13:
2026-10-07T14:52:10.2642902Z In file included from ./score/mw/com/impl/plumbing/skeleton_binding_factory_impl.h:16:
2026-10-07T14:52:10.2672780Z In file included from ./score/mw/com/impl/instance_identifier.h:16:
2026-10-07T14:52:10.2701533Z ./score/mw/com/impl/com_error.h:186:65: warning: 'kServiceInstanceAlreadyOffered' is deprecated: Value has never been used. Calls to OfferService shall be idempotent. [-Wdeprecated-declarations]
2026-10-07T14:52:10.2703718Z   186 |             case static_cast<score::result::ErrorCode>(ComErrc::kServiceInstanceAlreadyOffered):
2026-10-07T14:52:10.2732926Z       |                                                                 ^
2026-10-07T14:52:10.2743553Z ./score/mw/com/impl/com_error.h:58:11: note: 'kServiceInstanceAlreadyOffered' has been explicitly marked deprecated here
2026-10-07T14:52:10.2745992Z    58 |         [[deprecated("Value has never been used. Calls to OfferService shall be idempotent.")]],
2026-10-07T14:52:10.2746799Z       |           ^
2026-10-07T14:52:10.2747343Z 1 warning generated.
2026-10-07T14:52:10.6016688Z INFO: From Compiling score/mw/com/impl/plumbing/skeleton_binding_factory.cpp:
2026-10-07T14:52:10.6033273Z In file included from score/mw/com/impl/plumbing/skeleton_binding_factory.cpp:13:
2026-10-07T14:52:10.6063111Z In file included from ./score/mw/com/impl/plumbing/skeleton_binding_factory.h:16:
2026-10-07T14:52:10.6092844Z In file included from ./score/mw/com/impl/instance_identifier.h:16:
2026-10-07T14:52:10.6103749Z ./score/mw/com/impl/com_error.h:186:65: warning: 'kServiceInstanceAlreadyOffered' is deprecated: Value has never been used. Calls to OfferService shall be idempotent. [-Wdeprecated-declarations]
2026-10-07T14:52:10.6122137Z   186 |             case static_cast<score::result::ErrorCode>(ComErrc::kServiceInstanceAlreadyOffered):
2026-10-07T14:52:10.6137561Z       |                                                                 ^
2026-10-07T14:52:10.6138913Z ./score/mw/com/impl/com_error.h:58:11: note: 'kServiceInstanceAlreadyOffered' has been explicitly marked deprecated here
2026-10-07T14:52:10.6140365Z    58 |         [[deprecated("Value has never been used. Calls to OfferService shall be idempotent.")]],
2026-10-07T14:52:10.6141118Z       |           ^
2026-10-07T14:52:10.6141587Z 1 warning generated.
2026-10-07T14:52:10.9093509Z INFO: From Compiling score/mw/com/impl/plumbing/i_proxy_binding_factory.cpp:
2026-10-07T14:52:10.9123271Z In file included from score/mw/com/impl/plumbing/i_proxy_binding_factory.cpp:13:
2026-10-07T14:52:10.9143487Z In file included from ./score/mw/com/impl/plumbing/i_proxy_binding_factory.h:16:
2026-10-07T14:52:10.9182725Z In file included from ./score/mw/com/impl/handle_type.h:18:
2026-10-07T14:52:10.9213234Z In file included from ./score/mw/com/impl/instance_identifier.h:16:
2026-10-07T14:52:10.9243868Z ./score/mw/com/impl/com_error.h:186:65: warning: 'kServiceInstanceAlreadyOffered' is deprecated: Value has never been used. Calls to OfferService shall be idempotent. [-Wdeprecated-declarations]
2026-10-07T14:52:10.9265267Z   186 |             case static_cast<score::result::ErrorCode>(ComErrc::kServiceInstanceAlreadyOffered):
2026-10-07T14:52:10.9283230Z       |                                                                 ^
2026-10-07T14:52:10.9293639Z ./score/mw/com/impl/com_error.h:58:11: note: 'kServiceInstanceAlreadyOffered' has been explicitly marked deprecated here
2026-10-07T14:52:10.9295175Z    58 |         [[deprecated("Value has never been used. Calls to OfferService shall be idempotent.")]],
2026-10-07T14:52:10.9296058Z       |           ^
2026-10-07T14:52:10.9296944Z 1 warning generated.
2026-10-07T14:52:11.2984078Z [12,255 / 13,950] 120 / 514 tests; Compiling score/mw/com/impl/bindings/lola/proxy_event_test.cpp; 1s disk-cache, linux-sandbox ... (4 actions, 3 running)
2026-10-07T14:52:12.4903651Z INFO: From Compiling score/mw/com/impl/plumbing/proxy_binding_factory.cpp:
2026-10-07T14:52:12.4923690Z In file included from score/mw/com/impl/plumbing/proxy_binding_factory.cpp:13:
2026-10-07T14:52:12.4957958Z In file included from ./score/mw/com/impl/plumbing/proxy_binding_factory.h:16:
2026-10-07T14:52:12.4992797Z In file included from ./score/mw/com/impl/handle_type.h:18:
2026-10-07T14:52:12.5012814Z In file included from ./score/mw/com/impl/instance_identifier.h:16:
2026-10-07T14:52:12.5035040Z ./score/mw/com/impl/com_error.h:186:65: warning: 'kServiceInstanceAlreadyOffered' is deprecated: Value has never been used. Calls to OfferService shall be idempotent. [-Wdeprecated-declarations]
2026-10-07T14:52:12.5073158Z   186 |             case static_cast<score::result::ErrorCode>(ComErrc::kServiceInstanceAlreadyOffered):
2026-10-07T14:52:12.5102778Z       |                                                                 ^
2026-10-07T14:52:12.5131177Z ./score/mw/com/impl/com_error.h:58:11: note: 'kServiceInstanceAlreadyOffered' has been explicitly marked deprecated here
2026-10-07T14:52:12.5143673Z    58 |         [[deprecated("Value has never been used. Calls to OfferService shall be idempotent.")]],
2026-10-07T14:52:12.5144520Z       |           ^
2026-10-07T14:52:12.5145071Z 1 warning generated.
2026-10-07T14:52:13.0230123Z INFO: From Compiling score/mw/com/impl/plumbing/proxy_binding_factory_impl.cpp:
2026-10-07T14:52:13.0252921Z In file included from score/mw/com/impl/plumbing/proxy_binding_factory_impl.cpp:13:
2026-10-07T14:52:13.0283009Z In file included from ./score/mw/com/impl/plumbing/proxy_binding_factory_impl.h:16:
2026-10-07T14:52:13.0313023Z In file included from ./score/mw/com/impl/plumbing/i_proxy_binding_factory.h:16:
2026-10-07T14:52:13.0313914Z In file included from ./score/mw/com/impl/handle_type.h:18:
2026-10-07T14:52:13.0314717Z In file included from ./score/mw/com/impl/instance_identifier.h:16:
2026-10-07T14:52:13.0316888Z ./score/mw/com/impl/com_error.h:186:65: warning: 'kServiceInstanceAlreadyOffered' is deprecated: Value has never been used. Calls to OfferService shall be idempotent. [-Wdeprecated-declarations]
2026-10-07T14:52:13.0318584Z   186 |             case static_cast<score::result::ErrorCode>(ComErrc::kServiceInstanceAlreadyOffered):
2026-10-07T14:52:13.0319457Z       |                                                                 ^
2026-10-07T14:52:13.0320613Z ./score/mw/com/impl/com_error.h:58:11: note: 'kServiceInstanceAlreadyOffered' has been explicitly marked deprecated here
2026-10-07T14:52:13.0321893Z    58 |         [[deprecated("Value has never been used. Calls to OfferService shall be idempotent.")]],
2026-10-07T14:52:13.0322846Z       |           ^
2026-10-07T14:52:13.0336954Z 1 warning generated.
2026-10-07T14:52:13.6343650Z INFO: From Compiling score/mw/com/impl/plumbing/binding_runtime_factory.cpp:
2026-10-07T14:52:13.6352886Z In file included from score/mw/com/impl/plumbing/binding_runtime_factory.cpp:13:
2026-10-07T14:52:13.6382880Z In file included from ./score/mw/com/impl/plumbing/binding_runtime_factory.h:16:
2026-10-07T14:52:13.6392929Z In file included from ./score/mw/com/impl/configuration/configuration.h:18:
2026-10-07T14:52:13.6393964Z In file included from ./score/mw/com/impl/configuration/service_instance_deployment.h:17:
2026-10-07T14:52:13.6395838Z ./score/mw/com/impl/com_error.h:186:65: warning: 'kServiceInstanceAlreadyOffered' is deprecated: Value has never been used. Calls to OfferService shall be idempotent. [-Wdeprecated-declarations]
2026-10-07T14:52:13.6397473Z   186 |             case static_cast<score::result::ErrorCode>(ComErrc::kServiceInstanceAlreadyOffered):
2026-10-07T14:52:13.6398321Z       |                                                                 ^
2026-10-07T14:52:13.6399733Z ./score/mw/com/impl/com_error.h:58:11: note: 'kServiceInstanceAlreadyOffered' has been explicitly marked deprecated here
2026-10-07T14:52:13.6401013Z    58 |         [[deprecated("Value has never been used. Calls to OfferService shall be idempotent.")]],
2026-10-07T14:52:13.6401643Z       |           ^
2026-10-07T14:52:13.6422182Z 1 warning generated.
2026-10-07T14:52:15.3373403Z INFO: From Compiling score/mw/com/impl/mocking/test_type_utilities.cpp:
2026-10-07T14:52:15.3413193Z In file included from score/mw/com/impl/mocking/test_type_utilities.cpp:13:
2026-10-07T14:52:15.3433008Z In file included from ./score/mw/com/impl/mocking/test_type_utilities.h:17:
2026-10-07T14:52:15.3462705Z In file included from ./score/mw/com/impl/handle_type.h:18:
2026-10-07T14:52:15.3482873Z In file included from ./score/mw/com/impl/instance_identifier.h:16:
2026-10-07T14:52:15.3493734Z ./score/mw/com/impl/com_error.h:186:65: warning: 'kServiceInstanceAlreadyOffered' is deprecated: Value has never been used. Calls to OfferService shall be idempotent. [-Wdeprecated-declarations]
2026-10-07T14:52:15.3523004Z   186 |             case static_cast<score::result::ErrorCode>(ComErrc::kServiceInstanceAlreadyOffered):
2026-10-07T14:52:15.3523981Z       |                                                                 ^
2026-10-07T14:52:15.3576120Z ./score/mw/com/impl/com_error.h:58:11: note: 'kServiceInstanceAlreadyOffered' has been explicitly marked deprecated here
2026-10-07T14:52:15.3582974Z    58 |         [[deprecated("Value has never been used. Calls to OfferService shall be idempotent.")]],
2026-10-07T14:52:15.3612564Z       |           ^
2026-10-07T14:52:15.3642474Z 1 warning generated.
2026-10-07T14:52:15.8473313Z INFO: From Compiling score/mw/com/impl/skeleton_base.cpp:
2026-10-07T14:52:15.8502790Z In file included from score/mw/com/impl/skeleton_base.cpp:13:
2026-10-07T14:52:15.8532859Z In file included from ./score/mw/com/impl/skeleton_base.h:17:
2026-10-07T14:52:15.8578777Z In file included from ./score/mw/com/impl/instance_identifier.h:16:
2026-10-07T14:52:15.8593762Z ./score/mw/com/impl/com_error.h:186:65: warning: 'kServiceInstanceAlreadyOffered' is deprecated: Value has never been used. Calls to OfferService shall be idempotent. [-Wdeprecated-declarations]
2026-10-07T14:52:15.8623111Z   186 |             case static_cast<score::result::ErrorCode>(ComErrc::kServiceInstanceAlreadyOffered):
2026-10-07T14:52:15.8652824Z       |                                                                 ^
2026-10-07T14:52:15.8661642Z ./score/mw/com/impl/com_error.h:58:11: note: 'kServiceInstanceAlreadyOffered' has been explicitly marked deprecated here
2026-10-07T14:52:15.8668012Z    58 |         [[deprecated("Value has never been used. Calls to OfferService shall be idempotent.")]],
2026-10-07T14:52:15.8668850Z       |           ^
2026-10-07T14:52:15.8669305Z 1 warning generated.
2026-10-07T14:52:16.3493806Z INFO: From Compiling score/mw/com/impl/bindings/lola/proxy_event_test.cpp:
2026-10-07T14:52:16.3503587Z In file included from score/mw/com/impl/bindings/lola/proxy_event_test.cpp:14:
2026-10-07T14:52:16.3504775Z In file included from ./score/mw/com/impl/bindings/lola/proxy_event.h:18:
2026-10-07T14:52:16.3505794Z In file included from ./score/mw/com/impl/bindings/lola/proxy.h:24:
2026-10-07T14:52:16.3506826Z In file included from ./score/mw/com/impl/bindings/lola/proxy_method.h:17:
2026-10-07T14:52:16.3507864Z In file included from ./score/mw/com/impl/bindings/lola/i_runtime.h:20:
2026-10-07T14:52:16.3508867Z In file included from ./score/mw/com/impl/i_binding_runtime.h:17:
2026-10-07T14:52:16.3509904Z In file included from ./score/mw/com/impl/i_service_discovery_client.h:16:
2026-10-07T14:52:16.3511035Z In file included from ./score/mw/com/impl/enriched_instance_identifier.h:17:
2026-10-07T14:52:16.3512490Z In file included from ./score/mw/com/impl/handle_type.h:18:
2026-10-07T14:52:16.3513505Z In file included from ./score/mw/com/impl/instance_identifier.h:16:
2026-10-07T14:52:16.3515799Z ./score/mw/com/impl/com_error.h:186:65: warning: 'kServiceInstanceAlreadyOffered' is deprecated: Value has never been used. Calls to OfferService shall be idempotent. [-Wdeprecated-declarations]
2026-10-07T14:52:16.3517731Z   186 |             case static_cast<score::result::ErrorCode>(ComErrc::kServiceInstanceAlreadyOffered):
2026-10-07T14:52:16.3518803Z       |                                                                 ^
2026-10-07T14:52:16.3520115Z ./score/mw/com/impl/com_error.h:58:11: note: 'kServiceInstanceAlreadyOffered' has been explicitly marked deprecated here
2026-10-07T14:52:16.3521565Z    58 |         [[deprecated("Value has never been used. Calls to OfferService shall be idempotent.")]],
2026-10-07T14:52:16.3522533Z       |           ^
2026-10-07T14:52:16.3523026Z 1 warning generated.
2026-10-07T14:52:17.8520354Z INFO: From Compiling score/mw/com/impl/service_discovery_mock.cpp:
2026-10-07T14:52:17.8543225Z In file included from score/mw/com/impl/service_discovery_mock.cpp:13:
2026-10-07T14:52:17.8573312Z In file included from ./score/mw/com/impl/service_discovery_mock.h:16:
2026-10-07T14:52:17.8582934Z In file included from ./score/mw/com/impl/enriched_instance_identifier.h:17:
2026-10-07T14:52:17.8605414Z In file included from ./score/mw/com/impl/handle_type.h:18:
2026-10-07T14:52:17.8632847Z In file included from ./score/mw/com/impl/instance_identifier.h:16:
2026-10-07T14:52:17.8663587Z ./score/mw/com/impl/com_error.h:186:65: warning: 'kServiceInstanceAlreadyOffered' is deprecated: Value has never been used. Calls to OfferService shall be idempotent. [-Wdeprecated-declarations]
2026-10-07T14:52:17.8665159Z   186 |             case static_cast<score::result::ErrorCode>(ComErrc::kServiceInstanceAlreadyOffered):
2026-10-07T14:52:17.8692746Z       |                                                                 ^
2026-10-07T14:52:17.8723094Z ./score/mw/com/impl/com_error.h:58:11: note: 'kServiceInstanceAlreadyOffered' has been explicitly marked deprecated here
2026-10-07T14:52:17.8753026Z    58 |         [[deprecated("Value has never been used. Calls to OfferService shall be idempotent.")]],
2026-10-07T14:52:17.8753726Z       |           ^
2026-10-07T14:52:17.8782492Z 1 warning generated.
2026-10-07T14:52:18.5733589Z INFO: From Compiling score/mw/com/impl/mocking/skeleton_base_mock_test.cpp:
2026-10-07T14:52:18.5763258Z In file included from score/mw/com/impl/mocking/skeleton_base_mock_test.cpp:15:
2026-10-07T14:52:18.5784083Z ./score/mw/com/impl/com_error.h:186:65: warning: 'kServiceInstanceAlreadyOffered' is deprecated: Value has never been used. Calls to OfferService shall be idempotent. [-Wdeprecated-declarations]
2026-10-07T14:52:18.5793138Z   186 |             case static_cast<score::result::ErrorCode>(ComErrc::kServiceInstanceAlreadyOffered):
2026-10-07T14:52:18.5822791Z       |                                                                 ^
2026-10-07T14:52:18.5843095Z ./score/mw/com/impl/com_error.h:58:11: note: 'kServiceInstanceAlreadyOffered' has been explicitly marked deprecated here
2026-10-07T14:52:18.5873036Z    58 |         [[deprecated("Value has never been used. Calls to OfferService shall be idempotent.")]],
2026-10-07T14:52:18.5898217Z       |           ^
2026-10-07T14:52:18.5902542Z 1 warning generated.
2026-10-07T14:52:22.0945665Z INFO: From Compiling score/mw/com/impl/mocking/proxy_event_mock_test.cpp:
2026-10-07T14:52:22.0973265Z In file included from score/mw/com/impl/mocking/proxy_event_mock_test.cpp:15:
2026-10-07T14:52:22.0993953Z ./score/mw/com/impl/com_error.h:186:65: warning: 'kServiceInstanceAlreadyOffered' is deprecated: Value has never been used. Calls to OfferService shall be idempotent. [-Wdeprecated-declarations]
2026-10-07T14:52:22.1002994Z   186 |             case static_cast<score::result::ErrorCode>(ComErrc::kServiceInstanceAlreadyOffered):
2026-10-07T14:52:22.1032704Z       |                                                                 ^
2026-10-07T14:52:22.1063165Z ./score/mw/com/impl/com_error.h:58:11: note: 'kServiceInstanceAlreadyOffered' has been explicitly marked deprecated here
2026-10-07T14:52:22.1093313Z    58 |         [[deprecated("Value has never been used. Calls to OfferService shall be idempotent.")]],
2026-10-07T14:52:22.1093997Z       |           ^
2026-10-07T14:52:22.1112477Z 1 warning generated.
2026-10-07T14:52:22.1164138Z [12,300 / 13,951] 120 / 514 tests; Compiling score/mw/com/impl/bindings/lola/test/skeleton_test_resources.cpp; 2s disk-cache, linux-sandbox ... (4 actions, 3 running)
2026-10-07T14:52:32.2603620Z INFO: From Compiling score/mw/com/impl/bindings/lola/test/skeleton_event_component_test.cpp:
2026-10-07T14:52:32.2663171Z In file included from score/mw/com/impl/bindings/lola/test/skeleton_event_component_test.cpp:17:
2026-10-07T14:52:32.2693102Z In file included from ./score/mw/com/impl/bindings/lola/runtime_mock.h:16:
2026-10-07T14:52:32.2723149Z In file included from ./score/mw/com/impl/bindings/lola/i_runtime.h:20:
2026-10-07T14:52:32.2724112Z In file included from ./score/mw/com/impl/i_binding_runtime.h:17:
2026-10-07T14:52:32.2752854Z In file included from ./score/mw/com/impl/i_service_discovery_client.h:16:
2026-10-07T14:52:32.2753786Z In file included from ./score/mw/com/impl/enriched_instance_identifier.h:17:
2026-10-07T14:52:32.2754609Z In file included from ./score/mw/com/impl/handle_type.h:18:
2026-10-07T14:52:32.2782801Z In file included from ./score/mw/com/impl/instance_identifier.h:16:
2026-10-07T14:52:32.2784612Z ./score/mw/com/impl/com_error.h:186:65: warning: 'kServiceInstanceAlreadyOffered' is deprecated: Value has never been used. Calls to OfferService shall be idempotent. [-Wdeprecated-declarations]
2026-10-07T14:52:32.2786245Z   186 |             case static_cast<score::result::ErrorCode>(ComErrc::kServiceInstanceAlreadyOffered):
2026-10-07T14:52:32.2787097Z       |                                                                 ^
2026-10-07T14:52:32.2788216Z ./score/mw/com/impl/com_error.h:58:11: note: 'kServiceInstanceAlreadyOffered' has been explicitly marked deprecated here
2026-10-07T14:52:32.2789462Z    58 |         [[deprecated("Value has never been used. Calls to OfferService shall be idempotent.")]],
2026-10-07T14:52:32.2790072Z       |           ^
2026-10-07T14:52:32.2790383Z 1 warning generated.
2026-10-07T14:52:32.2902967Z INFO: From Compiling score/mw/com/impl/bindings/lola/skeleton_method_test.cpp:
2026-10-07T14:52:32.2962965Z In file included from score/mw/com/impl/bindings/lola/skeleton_method_test.cpp:25:
2026-10-07T14:52:32.3023050Z In file included from ./score/mw/com/impl/bindings/lola/test/skeleton_test_resources.h:20:
2026-10-07T14:52:32.3031637Z In file included from ./score/mw/com/impl/bindings/lola/runtime_mock.h:16:
2026-10-07T14:52:32.3033177Z In file included from ./score/mw/com/impl/bindings/lola/i_runtime.h:20:
2026-10-07T14:52:32.3034178Z In file included from ./score/mw/com/impl/i_binding_runtime.h:17:
2026-10-07T14:52:32.3035136Z In file included from ./score/mw/com/impl/i_service_discovery_client.h:16:
2026-10-07T14:52:32.3036172Z In file included from ./score/mw/com/impl/enriched_instance_identifier.h:17:
2026-10-07T14:52:32.3037084Z In file included from ./score/mw/com/impl/handle_type.h:18:
2026-10-07T14:52:32.3037995Z In file included from ./score/mw/com/impl/instance_identifier.h:16:
2026-10-07T14:52:32.3039941Z ./score/mw/com/impl/com_error.h:186:65: warning: 'kServiceInstanceAlreadyOffered' is deprecated: Value has never been used. Calls to OfferService shall be idempotent. [-Wdeprecated-declarations]
2026-10-07T14:52:32.3041816Z   186 |             case static_cast<score::result::ErrorCode>(ComErrc::kServiceInstanceAlreadyOffered):
2026-10-07T14:52:32.3042999Z       |                                                                 ^
2026-10-07T14:52:32.3044304Z ./score/mw/com/impl/com_error.h:58:11: note: 'kServiceInstanceAlreadyOffered' has been explicitly marked deprecated here
2026-10-07T14:52:32.3045707Z    58 |         [[deprecated("Value has never been used. Calls to OfferService shall be idempotent.")]],
2026-10-07T14:52:32.3046499Z       |           ^
2026-10-07T14:52:32.3046929Z 1 warning generated.
2026-10-07T14:52:32.3094023Z [12,303 / 13,951] 120 / 514 tests; Compiling score/mw/com/impl/bindings/lola/test/skeleton_test_resources.cpp; 12s disk-cache, linux-sandbox ... (3 actions, 2 running)
2026-10-07T14:52:34.0013555Z INFO: From Compiling score/mw/com/impl/bindings/lola/test/proxy_event_test_resources.cpp:
2026-10-07T14:52:34.0073204Z In file included from score/mw/com/impl/bindings/lola/test/proxy_event_test_resources.cpp:13:
2026-10-07T14:52:34.0133067Z In file included from ./score/mw/com/impl/bindings/lola/test/proxy_event_test_resources.h:18:
2026-10-07T14:52:34.0192952Z In file included from ./score/mw/com/impl/bindings/lola/i_runtime.h:20:
2026-10-07T14:52:34.0252770Z In file included from ./score/mw/com/impl/i_binding_runtime.h:17:
2026-10-07T14:52:34.0312930Z In file included from ./score/mw/com/impl/i_service_discovery_client.h:16:
2026-10-07T14:52:34.0342868Z In file included from ./score/mw/com/impl/enriched_instance_identifier.h:17:
2026-10-07T14:52:34.0432802Z In file included from ./score/mw/com/impl/handle_type.h:18:
2026-10-07T14:52:34.0462820Z In file included from ./score/mw/com/impl/instance_identifier.h:16:
2026-10-07T14:52:34.0493769Z ./score/mw/com/impl/com_error.h:186:65: warning: 'kServiceInstanceAlreadyOffered' is deprecated: Value has never been used. Calls to OfferService shall be idempotent. [-Wdeprecated-declarations]
2026-10-07T14:52:34.0495476Z   186 |             case static_cast<score::result::ErrorCode>(ComErrc::kServiceInstanceAlreadyOffered):
2026-10-07T14:52:34.0496329Z       |                                                                 ^
2026-10-07T14:52:34.0497488Z ./score/mw/com/impl/com_error.h:58:11: note: 'kServiceInstanceAlreadyOffered' has been explicitly marked deprecated here
2026-10-07T14:52:34.0498759Z    58 |         [[deprecated("Value has never been used. Calls to OfferService shall be idempotent.")]],
2026-10-07T14:52:34.0499373Z       |           ^
2026-10-07T14:52:34.0499693Z 1 warning generated.
2026-10-07T14:52:35.2203754Z INFO: From Compiling score/mw/com/impl/bindings/lola/test/skeleton_test_resources.cpp:
2026-10-07T14:52:35.2233150Z In file included from score/mw/com/impl/bindings/lola/test/skeleton_test_resources.cpp:13:
2026-10-07T14:52:35.2234809Z In file included from ./score/mw/com/impl/bindings/lola/test/skeleton_test_resources.h:20:
2026-10-07T14:52:35.2262907Z In file included from ./score/mw/com/impl/bindings/lola/runtime_mock.h:16:
2026-10-07T14:52:35.2292882Z In file included from ./score/mw/com/impl/bindings/lola/i_runtime.h:20:
2026-10-07T14:52:35.2322755Z In file included from ./score/mw/com/impl/i_binding_runtime.h:17:
2026-10-07T14:52:35.2323775Z In file included from ./score/mw/com/impl/i_service_discovery_client.h:16:
2026-10-07T14:52:35.2352949Z In file included from ./score/mw/com/impl/enriched_instance_identifier.h:17:
2026-10-07T14:52:35.2382818Z In file included from ./score/mw/com/impl/handle_type.h:18:
2026-10-07T14:52:35.2402800Z In file included from ./score/mw/com/impl/instance_identifier.h:16:
2026-10-07T14:52:35.2413850Z ./score/mw/com/impl/com_error.h:186:65: warning: 'kServiceInstanceAlreadyOffered' is deprecated: Value has never been used. Calls to OfferService shall be idempotent. [-Wdeprecated-declarations]
2026-10-07T14:52:35.2443220Z   186 |             case static_cast<score::result::ErrorCode>(ComErrc::kServiceInstanceAlreadyOffered):
2026-10-07T14:52:35.2472739Z       |                                                                 ^
2026-10-07T14:52:35.2493699Z ./score/mw/com/impl/com_error.h:58:11: note: 'kServiceInstanceAlreadyOffered' has been explicitly marked deprecated here
2026-10-07T14:52:35.2503087Z    58 |         [[deprecated("Value has never been used. Calls to OfferService shall be idempotent.")]],
2026-10-07T14:52:35.2532592Z       |           ^
2026-10-07T14:52:35.2543481Z 1 warning generated.
2026-10-07T14:52:38.1722546Z INFO: From Compiling score/mw/com/impl/bindings/lola/runtime_test.cpp:
2026-10-07T14:52:38.1748295Z In file included from score/mw/com/impl/bindings/lola/runtime_test.cpp:13:
2026-10-07T14:52:38.1773209Z In file included from ./score/mw/com/impl/bindings/lola/runtime.h:16:
2026-10-07T14:52:38.1802863Z In file included from ./score/mw/com/impl/bindings/lola/i_runtime.h:20:
2026-10-07T14:52:38.1812748Z In file included from ./score/mw/com/impl/i_binding_runtime.h:17:
2026-10-07T14:52:38.1832983Z In file included from ./score/mw/com/impl/i_service_discovery_client.h:16:
2026-10-07T14:52:38.1862949Z In file included from ./score/mw/com/impl/enriched_instance_identifier.h:17:
2026-10-07T14:52:38.1892670Z In file included from ./score/mw/com/impl/handle_type.h:18:
2026-10-07T14:52:38.1917942Z In file included from ./score/mw/com/impl/instance_identifier.h:16:
2026-10-07T14:52:38.1923585Z ./score/mw/com/impl/com_error.h:186:65: warning: 'kServiceInstanceAlreadyOffered' is deprecated: Value has never been used. Calls to OfferService shall be idempotent. [-Wdeprecated-declarations]
2026-10-07T14:52:38.1953132Z   186 |             case static_cast<score::result::ErrorCode>(ComErrc::kServiceInstanceAlreadyOffered):
2026-10-07T14:52:38.1982807Z       |                                                                 ^
2026-10-07T14:52:38.2003211Z ./score/mw/com/impl/com_error.h:58:11: note: 'kServiceInstanceAlreadyOffered' has been explicitly marked deprecated here
2026-10-07T14:52:38.2013121Z    58 |         [[deprecated("Value has never been used. Calls to OfferService shall be idempotent.")]],
2026-10-07T14:52:38.2042538Z       |           ^
2026-10-07T14:52:38.2072499Z 1 warning generated.
2026-10-07T14:52:38.7367616Z INFO: From Compiling score/mw/com/impl/bindings/lola/test/transaction_log_test_resources.cpp:
2026-10-07T14:52:38.7383316Z In file included from score/mw/com/impl/bindings/lola/test/transaction_log_test_resources.cpp:13:
2026-10-07T14:52:38.7413076Z In file included from ./score/mw/com/impl/bindings/lola/test/transaction_log_test_resources.h:16:
2026-10-07T14:52:38.7433000Z In file included from ./score/mw/com/impl/bindings/lola/test/proxy_event_test_resources.h:18:
2026-10-07T14:52:38.7442912Z In file included from ./score/mw/com/impl/bindings/lola/i_runtime.h:20:
2026-10-07T14:52:38.7472783Z In file included from ./score/mw/com/impl/i_binding_runtime.h:17:
2026-10-07T14:52:38.7502903Z In file included from ./score/mw/com/impl/i_service_discovery_client.h:16:
2026-10-07T14:52:38.7532902Z In file included from ./score/mw/com/impl/enriched_instance_identifier.h:17:
2026-10-07T14:52:38.7533856Z In file included from ./score/mw/com/impl/handle_type.h:18:
2026-10-07T14:52:38.7562825Z In file included from ./score/mw/com/impl/instance_identifier.h:16:
2026-10-07T14:52:38.7564625Z ./score/mw/com/impl/com_error.h:186:65: warning: 'kServiceInstanceAlreadyOffered' is deprecated: Value has never been used. Calls to OfferService shall be idempotent. [-Wdeprecated-declarations]
2026-10-07T14:52:38.7566255Z   186 |             case static_cast<score::result::ErrorCode>(ComErrc::kServiceInstanceAlreadyOffered):
2026-10-07T14:52:38.7567087Z       |                                                                 ^
2026-10-07T14:52:38.7568360Z ./score/mw/com/impl/com_error.h:58:11: note: 'kServiceInstanceAlreadyOffered' has been explicitly marked deprecated here
2026-10-07T14:52:38.7569591Z    58 |         [[deprecated("Value has never been used. Calls to OfferService shall be idempotent.")]],
2026-10-07T14:52:38.7570191Z       |           ^
2026-10-07T14:52:38.7570505Z 1 warning generated.
2026-10-07T14:52:44.3603544Z INFO: From Compiling score/mw/com/impl/bindings/lola/transaction_log_set_test.cpp:
2026-10-07T14:52:44.3643209Z In file included from score/mw/com/impl/bindings/lola/transaction_log_set_test.cpp:15:
2026-10-07T14:52:44.3659056Z In file included from ./score/mw/com/impl/bindings/lola/runtime_mock.h:16:
2026-10-07T14:52:44.3672891Z In file included from ./score/mw/com/impl/bindings/lola/i_runtime.h:20:
2026-10-07T14:52:44.3702836Z In file included from ./score/mw/com/impl/i_binding_runtime.h:17:
2026-10-07T14:52:44.3712819Z In file included from ./score/mw/com/impl/i_service_discovery_client.h:16:
2026-10-07T14:52:44.3736218Z In file included from ./score/mw/com/impl/enriched_instance_identifier.h:17:
2026-10-07T14:52:44.3762798Z In file included from ./score/mw/com/impl/handle_type.h:18:
2026-10-07T14:52:44.3792744Z In file included from ./score/mw/com/impl/instance_identifier.h:16:
2026-10-07T14:52:44.3794607Z ./score/mw/com/impl/com_error.h:186:65: warning: 'kServiceInstanceAlreadyOffered' is deprecated: Value has never been used. Calls to OfferService shall be idempotent. [-Wdeprecated-declarations]
2026-10-07T14:52:44.3823760Z   186 |             case static_cast<score::result::ErrorCode>(ComErrc::kServiceInstanceAlreadyOffered):
2026-10-07T14:52:44.3852752Z       |                                                                 ^
2026-10-07T14:52:44.3883206Z ./score/mw/com/impl/com_error.h:58:11: note: 'kServiceInstanceAlreadyOffered' has been explicitly marked deprecated here
2026-10-07T14:52:44.3893064Z    58 |         [[deprecated("Value has never been used. Calls to OfferService shall be idempotent.")]],
2026-10-07T14:52:44.3922490Z       |           ^
2026-10-07T14:52:44.3942660Z 1 warning generated.
2026-10-07T14:52:44.3973725Z [12,322 / 13,957] 120 / 514 tests; Compiling score/mw/com/impl/bindings/lola/transaction_log_rollback_executor_test.cpp; 8s disk-cache, linux-sandbox ... (4 actions, 3 running)
2026-10-07T14:52:44.6125040Z INFO: From Compiling score/mw/com/impl/bindings/lola/transaction_log_rollback_executor_test.cpp:
2026-10-07T14:52:44.6153153Z In file included from score/mw/com/impl/bindings/lola/transaction_log_rollback_executor_test.cpp:13:
2026-10-07T14:52:44.6203175Z In file included from ./score/mw/com/impl/bindings/lola/transaction_log_rollback_executor.h:16:
2026-10-07T14:52:44.6220099Z In file included from ./score/mw/com/impl/bindings/lola/i_runtime.h:20:
2026-10-07T14:52:44.6262797Z In file included from ./score/mw/com/impl/i_binding_runtime.h:17:
2026-10-07T14:52:44.6263673Z In file included from ./score/mw/com/impl/i_service_discovery_client.h:16:
2026-10-07T14:52:44.6283322Z In file included from ./score/mw/com/impl/enriched_instance_identifier.h:17:
2026-10-07T14:52:44.6312857Z In file included from ./score/mw/com/impl/handle_type.h:18:
2026-10-07T14:52:44.6322810Z In file included from ./score/mw/com/impl/instance_identifier.h:16:
2026-10-07T14:52:44.6353764Z ./score/mw/com/impl/com_error.h:186:65: warning: 'kServiceInstanceAlreadyOffered' is deprecated: Value has never been used. Calls to OfferService shall be idempotent. [-Wdeprecated-declarations]
2026-10-07T14:52:44.6373193Z   186 |             case static_cast<score::result::ErrorCode>(ComErrc::kServiceInstanceAlreadyOffered):
2026-10-07T14:52:44.6402730Z       |                                                                 ^
2026-10-07T14:52:44.6413134Z ./score/mw/com/impl/com_error.h:58:11: note: 'kServiceInstanceAlreadyOffered' has been explicitly marked deprecated here
2026-10-07T14:52:44.6442964Z    58 |         [[deprecated("Value has never been used. Calls to OfferService shall be idempotent.")]],
2026-10-07T14:52:44.6462518Z       |           ^
2026-10-07T14:52:44.6472492Z 1 warning generated.
2026-10-07T14:52:46.3473755Z INFO: From Compiling score/mw/com/impl/bindings/lola/transaction_log_registration_guard_test.cpp:
2026-10-07T14:52:46.3523529Z In file included from score/mw/com/impl/bindings/lola/transaction_log_registration_guard_test.cpp:17:
2026-10-07T14:52:46.3563158Z In file included from ./score/mw/com/impl/bindings/lola/test/transaction_log_test_resources.h:16:
2026-10-07T14:52:46.3603084Z In file included from ./score/mw/com/impl/bindings/lola/test/proxy_event_test_resources.h:18:
2026-10-07T14:52:46.3632862Z In file included from ./score/mw/com/impl/bindings/lola/i_runtime.h:20:
2026-10-07T14:52:46.3662780Z In file included from ./score/mw/com/impl/i_binding_runtime.h:17:
2026-10-07T14:52:46.3692822Z In file included from ./score/mw/com/impl/i_service_discovery_client.h:16:
2026-10-07T14:52:46.3712906Z In file included from ./score/mw/com/impl/enriched_instance_identifier.h:17:
2026-10-07T14:52:46.3733129Z In file included from ./score/mw/com/impl/handle_type.h:18:
2026-10-07T14:52:46.3733984Z In file included from ./score/mw/com/impl/instance_identifier.h:16:
2026-10-07T14:52:46.3735829Z ./score/mw/com/impl/com_error.h:186:65: warning: 'kServiceInstanceAlreadyOffered' is deprecated: Value has never been used. Calls to OfferService shall be idempotent. [-Wdeprecated-declarations]
2026-10-07T14:52:46.3737517Z   186 |             case static_cast<score::result::ErrorCode>(ComErrc::kServiceInstanceAlreadyOffered):
2026-10-07T14:52:46.3738353Z       |                                                                 ^
2026-10-07T14:52:46.3739524Z ./score/mw/com/impl/com_error.h:58:11: note: 'kServiceInstanceAlreadyOffered' has been explicitly marked deprecated here
2026-10-07T14:52:46.3740774Z    58 |         [[deprecated("Value has never been used. Calls to OfferService shall be idempotent.")]],
2026-10-07T14:52:46.3741398Z       |           ^
2026-10-07T14:52:46.3741724Z 1 warning generated.
2026-10-07T14:52:48.0303556Z INFO: From Compiling score/mw/com/impl/tracing/proxy_event_tracing.cpp:
2026-10-07T14:52:48.0352963Z In file included from score/mw/com/impl/tracing/proxy_event_tracing.cpp:17:
2026-10-07T14:52:48.0362856Z In file included from ./score/mw/com/impl/tracing/proxy_event_tracing.h:23:
2026-10-07T14:52:48.0382889Z In file included from ./score/mw/com/impl/instance_identifier.h:16:
2026-10-07T14:52:48.0413723Z ./score/mw/com/impl/com_error.h:186:65: warning: 'kServiceInstanceAlreadyOffered' is deprecated: Value has never been used. Calls to OfferService shall be idempotent. [-Wdeprecated-declarations]
2026-10-07T14:52:48.0473196Z   186 |             case static_cast<score::result::ErrorCode>(ComErrc::kServiceInstanceAlreadyOffered):
2026-10-07T14:52:48.0474297Z       |                                                                 ^
2026-10-07T14:52:48.0475569Z ./score/mw/com/impl/com_error.h:58:11: note: 'kServiceInstanceAlreadyOffered' has been explicitly marked deprecated here
2026-10-07T14:52:48.0477020Z    58 |         [[deprecated("Value has never been used. Calls to OfferService shall be idempotent.")]],
2026-10-07T14:52:48.0477868Z       |           ^
2026-10-07T14:52:48.0478622Z 1 warning generated.
2026-10-07T14:52:49.0433481Z INFO: From Compiling score/mw/com/impl/proxy_event_base.cpp:
2026-10-07T14:52:49.0463136Z In file included from score/mw/com/impl/proxy_event_base.cpp:16:
2026-10-07T14:52:49.0493876Z ./score/mw/com/impl/com_error.h:186:65: warning: 'kServiceInstanceAlreadyOffered' is deprecated: Value has never been used. Calls to OfferService shall be idempotent. [-Wdeprecated-declarations]
2026-10-07T14:52:49.0522894Z   186 |             case static_cast<score::result::ErrorCode>(ComErrc::kServiceInstanceAlreadyOffered):
2026-10-07T14:52:49.0551904Z       |                                                                 ^
2026-10-07T14:52:49.0553262Z ./score/mw/com/impl/com_error.h:58:11: note: 'kServiceInstanceAlreadyOffered' has been explicitly marked deprecated here
2026-10-07T14:52:49.0565875Z    58 |         [[deprecated("Value has never been used. Calls to OfferService shall be idempotent.")]],
2026-10-07T14:52:49.0582483Z       |           ^
2026-10-07T14:52:49.0582892Z 1 warning generated.
2026-10-07T14:52:50.2524529Z INFO: From Compiling score/mw/com/impl/plumbing/i_skeleton_event_binding_factory.cpp:
2026-10-07T14:52:50.2553477Z In file included from score/mw/com/impl/plumbing/i_skeleton_event_binding_factory.cpp:13:
2026-10-07T14:52:50.2556579Z In file included from ./score/mw/com/impl/plumbing/i_skeleton_event_binding_factory.h:16:
2026-10-07T14:52:50.2592743Z In file included from ./score/mw/com/impl/instance_identifier.h:16:
2026-10-07T14:52:50.2633217Z ./score/mw/com/impl/com_error.h:186:65: warning: 'kServiceInstanceAlreadyOffered' is deprecated: Value has never been used. Calls to OfferService shall be idempotent. [-Wdeprecated-declarations]
2026-10-07T14:52:50.2637404Z   186 |             case static_cast<score::result::ErrorCode>(ComErrc::kServiceInstanceAlreadyOffered):
2026-10-07T14:52:50.2638558Z       |                                                                 ^
2026-10-07T14:52:50.2639661Z ./score/mw/com/impl/com_error.h:58:11: note: 'kServiceInstanceAlreadyOffered' has been explicitly marked deprecated here
2026-10-07T14:52:50.2640919Z    58 |         [[deprecated("Value has never been used. Calls to OfferService shall be idempotent.")]],
2026-10-07T14:52:50.2641552Z       |           ^
2026-10-07T14:52:50.2641905Z 1 warning generated.
2026-10-07T14:52:50.6183364Z INFO: From Compiling score/mw/com/impl/proxy_base.cpp:
2026-10-07T14:52:50.6220571Z In file included from score/mw/com/impl/proxy_base.cpp:13:
2026-10-07T14:52:50.6242931Z In file included from ./score/mw/com/impl/proxy_base.h:18:
2026-10-07T14:52:50.6243718Z In file included from ./score/mw/com/impl/handle_type.h:18:
2026-10-07T14:52:50.6282225Z In file included from ./score/mw/com/impl/instance_identifier.h:16:
2026-10-07T14:52:50.6301426Z ./score/mw/com/impl/com_error.h:186:65: warning: 'kServiceInstanceAlreadyOffered' is deprecated: Value has never been used. Calls to OfferService shall be idempotent. [-Wdeprecated-declarations]
2026-10-07T14:52:50.6316452Z   186 |             case static_cast<score::result::ErrorCode>(ComErrc::kServiceInstanceAlreadyOffered):
2026-10-07T14:52:50.6317497Z       |                                                                 ^
2026-10-07T14:52:50.6319048Z ./score/mw/com/impl/com_error.h:58:11: note: 'kServiceInstanceAlreadyOffered' has been explicitly marked deprecated here
2026-10-07T14:52:50.6320483Z    58 |         [[deprecated("Value has never been used. Calls to OfferService shall be idempotent.")]],
2026-10-07T14:52:50.6321273Z       |           ^
2026-10-07T14:52:50.6321739Z 1 warning generated.
2026-10-07T14:52:52.6143648Z INFO: From Compiling score/mw/com/impl/plumbing/skeleton_service_element_binding_factory_impl.cpp:
2026-10-07T14:52:52.6147277Z In file included from score/mw/com/impl/plumbing/skeleton_service_element_binding_factory_impl.cpp:13:
2026-10-07T14:52:52.6173356Z In file included from ./score/mw/com/impl/plumbing/skeleton_service_element_binding_factory_impl.h:17:
2026-10-07T14:52:52.6202989Z In file included from ./score/mw/com/impl/bindings/lola/skeleton.h:32:
2026-10-07T14:52:52.6232937Z In file included from ./score/mw/com/impl/bindings/lola/skeleton_memory_manager.h:20:
2026-10-07T14:52:52.6255873Z In file included from ./score/mw/com/impl/bindings/lola/service_data_storage.h:20:
2026-10-07T14:52:52.6256939Z In file included from ./score/mw/com/impl/bindings/lola/i_runtime.h:20:
2026-10-07T14:52:52.6257860Z In file included from ./score/mw/com/impl/i_binding_runtime.h:17:
2026-10-07T14:52:52.6258697Z In file included from ./score/mw/com/impl/i_service_discovery_client.h:16:
2026-10-07T14:52:52.6259572Z In file included from ./score/mw/com/impl/enriched_instance_identifier.h:17:
2026-10-07T14:52:52.6260329Z In file included from ./score/mw/com/impl/handle_type.h:18:
2026-10-07T14:52:52.6261111Z In file included from ./score/mw/com/impl/instance_identifier.h:16:
2026-10-07T14:52:52.6263089Z ./score/mw/com/impl/com_error.h:186:65: warning: 'kServiceInstanceAlreadyOffered' is deprecated: Value has never been used. Calls to OfferService shall be idempotent. [-Wdeprecated-declarations]
2026-10-07T14:52:52.6264750Z   186 |             case static_cast<score::result::ErrorCode>(ComErrc::kServiceInstanceAlreadyOffered):
2026-10-07T14:52:52.6265544Z       |                                                                 ^
2026-10-07T14:52:52.6266704Z ./score/mw/com/impl/com_error.h:58:11: note: 'kServiceInstanceAlreadyOffered' has been explicitly marked deprecated here
2026-10-07T14:52:52.6267956Z    58 |         [[deprecated("Value has never been used. Calls to OfferService shall be idempotent.")]],
2026-10-07T14:52:52.6268589Z       |           ^
2026-10-07T14:52:52.6268921Z 1 warning generated.
2026-10-07T14:52:52.8492245Z INFO: From Compiling score/mw/com/impl/plumbing/skeleton_event_binding_factory_impl.cpp:
2026-10-07T14:52:52.8524211Z In file included from score/mw/com/impl/plumbing/skeleton_event_binding_factory_impl.cpp:13:
2026-10-07T14:52:52.8552922Z In file included from ./score/mw/com/impl/plumbing/skeleton_event_binding_factory_impl.h:16:
2026-10-07T14:52:52.8554150Z In file included from ./score/mw/com/impl/instance_identifier.h:16:
2026-10-07T14:52:52.8583862Z ./score/mw/com/impl/com_error.h:186:65: warning: 'kServiceInstanceAlreadyOffered' is deprecated: Value has never been used. Calls to OfferService shall be idempotent. [-Wdeprecated-declarations]
2026-10-07T14:52:52.8606225Z   186 |             case static_cast<score::result::ErrorCode>(ComErrc::kServiceInstanceAlreadyOffered):
2026-10-07T14:52:52.8636374Z       |                                                                 ^
2026-10-07T14:52:52.8664301Z ./score/mw/com/impl/com_error.h:58:11: note: 'kServiceInstanceAlreadyOffered' has been explicitly marked deprecated here
2026-10-07T14:52:52.8672944Z    58 |         [[deprecated("Value has never been used. Calls to OfferService shall be idempotent.")]],
2026-10-07T14:52:52.8673727Z       |           ^
2026-10-07T14:52:52.8674054Z 1 warning generated.
2026-10-07T14:52:53.0233545Z INFO: From Compiling score/mw/com/impl/plumbing/skeleton_event_binding_factory.cpp:
2026-10-07T14:52:53.0263249Z In file included from score/mw/com/impl/plumbing/skeleton_event_binding_factory.cpp:13:
2026-10-07T14:52:53.0264653Z In file included from ./score/mw/com/impl/plumbing/skeleton_event_binding_factory.h:16:
2026-10-07T14:52:53.0293260Z In file included from ./score/mw/com/impl/bindings/lola/skeleton_event.h:21:
2026-10-07T14:52:53.0314659Z In file included from ./score/mw/com/impl/bindings/lola/skeleton.h:32:
2026-10-07T14:52:53.0315885Z In file included from ./score/mw/com/impl/bindings/lola/skeleton_memory_manager.h:20:
2026-10-07T14:52:53.0317172Z In file included from ./score/mw/com/impl/bindings/lola/service_data_storage.h:20:
2026-10-07T14:52:53.0318260Z In file included from ./score/mw/com/impl/bindings/lola/i_runtime.h:20:
2026-10-07T14:52:53.0319276Z In file included from ./score/mw/com/impl/i_binding_runtime.h:17:
2026-10-07T14:52:53.0320262Z In file included from ./score/mw/com/impl/i_service_discovery_client.h:16:
2026-10-07T14:52:53.0321746Z In file included from ./score/mw/com/impl/enriched_instance_identifier.h:17:
2026-10-07T14:52:53.0323021Z In file included from ./score/mw/com/impl/handle_type.h:18:
2026-10-07T14:52:53.0324156Z In file included from ./score/mw/com/impl/instance_identifier.h:16:
2026-10-07T14:52:53.0326560Z ./score/mw/com/impl/com_error.h:186:65: warning: 'kServiceInstanceAlreadyOffered' is deprecated: Value has never been used. Calls to OfferService shall be idempotent. [-Wdeprecated-declarations]
2026-10-07T14:52:53.0328495Z   186 |             case static_cast<score::result::ErrorCode>(ComErrc::kServiceInstanceAlreadyOffered):
2026-10-07T14:52:53.0329690Z       |                                                                 ^
2026-10-07T14:52:53.0331106Z ./score/mw/com/impl/com_error.h:58:11: note: 'kServiceInstanceAlreadyOffered' has been explicitly marked deprecated here
2026-10-07T14:52:53.0332851Z    58 |         [[deprecated("Value has never been used. Calls to OfferService shall be idempotent.")]],
2026-10-07T14:52:53.0333884Z       |           ^
2026-10-07T14:52:53.0334355Z 1 warning generated.
2026-10-07T14:52:54.4606160Z INFO: From Compiling score/mw/com/impl/plumbing/i_proxy_event_binding_factory.cpp:
2026-10-07T14:52:54.4623549Z In file included from score/mw/com/impl/plumbing/i_proxy_event_binding_factory.cpp:13:
2026-10-07T14:52:54.4652998Z In file included from ./score/mw/com/impl/plumbing/i_proxy_event_binding_factory.h:17:
2026-10-07T14:52:54.4682747Z In file included from ./score/mw/com/impl/handle_type.h:18:
2026-10-07T14:52:54.4683573Z In file included from ./score/mw/com/impl/instance_identifier.h:16:
2026-10-07T14:52:54.4685380Z ./score/mw/com/impl/com_error.h:186:65: warning: 'kServiceInstanceAlreadyOffered' is deprecated: Value has never been used. Calls to OfferService shall be idempotent. [-Wdeprecated-declarations]
2026-10-07T14:52:54.4687403Z   186 |             case static_cast<score::result::ErrorCode>(ComErrc::kServiceInstanceAlreadyOffered):
2026-10-07T14:52:54.4688290Z       |                                                                 ^
2026-10-07T14:52:54.4689460Z ./score/mw/com/impl/com_error.h:58:11: note: 'kServiceInstanceAlreadyOffered' has been explicitly marked deprecated here
2026-10-07T14:52:54.4690753Z    58 |         [[deprecated("Value has never been used. Calls to OfferService shall be idempotent.")]],
2026-10-07T14:52:54.4691399Z       |           ^
2026-10-07T14:52:54.4691748Z 1 warning generated.
2026-10-07T14:52:54.4746256Z [12,386 / 13,963] 120 / 514 tests; Compiling score/mw/com/impl/plumbing/lola_proxy_element_building_blocks.cpp; 1s disk-cache, linux-sandbox ... (4 actions, 3 running)
2026-10-07T14:52:54.5080628Z INFO: From Compiling score/mw/com/impl/plumbing/lola_proxy_element_building_blocks.cpp:
2026-10-07T14:52:54.5113479Z In file included from score/mw/com/impl/plumbing/lola_proxy_element_building_blocks.cpp:13:
2026-10-07T14:52:54.5115009Z In file included from ./score/mw/com/impl/plumbing/lola_proxy_element_building_blocks.h:18:
2026-10-07T14:52:54.5115824Z In file included from ./score/mw/com/impl/handle_type.h:18:
2026-10-07T14:52:54.5116504Z In file included from ./score/mw/com/impl/instance_identifier.h:16:
2026-10-07T14:52:54.5117762Z ./score/mw/com/impl/com_error.h:186:65: warning: 'kServiceInstanceAlreadyOffered' is deprecated: Value has never been used. Calls to OfferService shall be idempotent. [-Wdeprecated-declarations]
2026-10-07T14:52:54.5119052Z   186 |             case static_cast<score::result::ErrorCode>(ComErrc::kServiceInstanceAlreadyOffered):
2026-10-07T14:52:54.5132973Z       |                                                                 ^
2026-10-07T14:52:54.5144151Z ./score/mw/com/impl/com_error.h:58:11: note: 'kServiceInstanceAlreadyOffered' has been explicitly marked deprecated here
2026-10-07T14:52:54.5153240Z    58 |         [[deprecated("Value has never been used. Calls to OfferService shall be idempotent.")]],
2026-10-07T14:52:54.5154019Z       |           ^
2026-10-07T14:52:54.5154515Z 1 warning generated.
2026-10-07T14:52:55.5643636Z INFO: From Compiling score/mw/com/impl/plumbing/proxy_event_binding_factory_impl.cpp:
2026-10-07T14:52:55.5644859Z In file included from score/mw/com/impl/plumbing/proxy_event_binding_factory_impl.cpp:13:
2026-10-07T14:52:55.5663302Z In file included from ./score/mw/com/impl/plumbing/proxy_event_binding_factory_impl.h:16:
2026-10-07T14:52:55.5692873Z In file included from ./score/mw/com/impl/bindings/lola/proxy.h:24:
2026-10-07T14:52:55.5722912Z In file included from ./score/mw/com/impl/bindings/lola/proxy_method.h:17:
2026-10-07T14:52:55.5746373Z In file included from ./score/mw/com/impl/bindings/lola/i_runtime.h:20:
2026-10-07T14:52:55.5755777Z In file included from ./score/mw/com/impl/i_binding_runtime.h:17:
2026-10-07T14:52:55.5766079Z In file included from ./score/mw/com/impl/i_service_discovery_client.h:16:
2026-10-07T14:52:55.5767218Z In file included from ./score/mw/com/impl/enriched_instance_identifier.h:17:
2026-10-07T14:52:55.5768154Z In file included from ./score/mw/com/impl/handle_type.h:18:
2026-10-07T14:52:55.5769073Z In file included from ./score/mw/com/impl/instance_identifier.h:16:
2026-10-07T14:52:55.5770947Z ./score/mw/com/impl/com_error.h:186:65: warning: 'kServiceInstanceAlreadyOffered' is deprecated: Value has never been used. Calls to OfferService shall be idempotent. [-Wdeprecated-declarations]
2026-10-07T14:52:55.5772854Z   186 |             case static_cast<score::result::ErrorCode>(ComErrc::kServiceInstanceAlreadyOffered):
2026-10-07T14:52:55.5773847Z       |                                                                 ^
2026-10-07T14:52:55.5775152Z ./score/mw/com/impl/com_error.h:58:11: note: 'kServiceInstanceAlreadyOffered' has been explicitly marked deprecated here
2026-10-07T14:52:55.5776593Z    58 |         [[deprecated("Value has never been used. Calls to OfferService shall be idempotent.")]],
2026-10-07T14:52:55.5777640Z       |           ^
2026-10-07T14:52:55.5778128Z 1 warning generated.
2026-10-07T14:52:57.0466393Z INFO: From Compiling score/mw/com/impl/plumbing/proxy_event_binding_factory.cpp:
2026-10-07T14:52:57.0483088Z In file included from score/mw/com/impl/plumbing/proxy_event_binding_factory.cpp:13:
2026-10-07T14:52:57.0512928Z In file included from ./score/mw/com/impl/plumbing/proxy_event_binding_factory.h:17:
2026-10-07T14:52:57.0532834Z In file included from ./score/mw/com/impl/handle_type.h:18:
2026-10-07T14:52:57.0552934Z In file included from ./score/mw/com/impl/instance_identifier.h:16:
2026-10-07T14:52:57.0563795Z ./score/mw/com/impl/com_error.h:186:65: warning: 'kServiceInstanceAlreadyOffered' is deprecated: Value has never been used. Calls to OfferService shall be idempotent. [-Wdeprecated-declarations]
2026-10-07T14:52:57.0565497Z   186 |             case static_cast<score::result::ErrorCode>(ComErrc::kServiceInstanceAlreadyOffered):
2026-10-07T14:52:57.0566372Z       |                                                                 ^
2026-10-07T14:52:57.0567473Z ./score/mw/com/impl/com_error.h:58:11: note: 'kServiceInstanceAlreadyOffered' has been explicitly marked deprecated here
2026-10-07T14:52:57.0568763Z    58 |         [[deprecated("Value has never been used. Calls to OfferService shall be idempotent.")]],
2026-10-07T14:52:57.0569390Z       |           ^
2026-10-07T14:52:57.0569715Z 1 warning generated.
2026-10-07T14:52:58.0614326Z INFO: From Compiling score/mw/com/test/partial_restart/provider_restart_max_subscribers/provider_restart_max_subscribers_application.cpp:
2026-10-07T14:52:58.0643315Z In file included from score/mw/com/test/partial_restart/provider_restart_max_subscribers/provider_restart_max_subscribers_application.cpp:16:
2026-10-07T14:52:58.0673146Z In file included from ./score/mw/com/test/partial_restart/provider_restart_max_subscribers/consumer.h:18:
2026-10-07T14:52:58.0693179Z In file included from ./score/mw/com/test/partial_restart/consumer_handle_notification_data.h:17:
2026-10-07T14:52:58.0702964Z In file included from ./score/mw/com/test/partial_restart/test_datatype.h:17:
2026-10-07T14:52:58.0732816Z In file included from ./score/mw/com/types.h:24:
2026-10-07T14:52:58.0762859Z In file included from ./score/mw/com/impl/generic_proxy.h:18:
2026-10-07T14:52:58.0792900Z In file included from ./score/mw/com/impl/generic_proxy_event.h:18:
2026-10-07T14:52:58.0793899Z In file included from ./score/mw/com/impl/proxy_base.h:18:
2026-10-07T14:52:58.0822814Z In file included from ./score/mw/com/impl/handle_type.h:18:
2026-10-07T14:52:58.0852806Z In file included from ./score/mw/com/impl/instance_identifier.h:16:
2026-10-07T14:52:58.0854847Z ./score/mw/com/impl/com_error.h:186:65: warning: 'kServiceInstanceAlreadyOffered' is deprecated: Value has never been used. Calls to OfferService shall be idempotent. [-Wdeprecated-declarations]
2026-10-07T14:52:58.0883047Z   186 |             case static_cast<score::result::ErrorCode>(ComErrc::kServiceInstanceAlreadyOffered):
2026-10-07T14:52:58.0912806Z       |                                                                 ^
2026-10-07T14:52:58.0943316Z ./score/mw/com/impl/com_error.h:58:11: note: 'kServiceInstanceAlreadyOffered' has been explicitly marked deprecated here
2026-10-07T14:52:58.0944906Z    58 |         [[deprecated("Value has never been used. Calls to OfferService shall be idempotent.")]],
2026-10-07T14:52:58.0972528Z       |           ^
2026-10-07T14:52:58.1002596Z 1 warning generated.
2026-10-07T14:52:58.1413275Z INFO: From Compiling score/mw/com/impl/skeleton_event.cpp:
2026-10-07T14:52:58.1442791Z In file included from score/mw/com/impl/skeleton_event.cpp:13:
2026-10-07T14:52:58.1472706Z In file included from ./score/mw/com/impl/skeleton_event.h:16:
2026-10-07T14:52:58.1492967Z In file included from ./score/mw/com/impl/instance_identifier.h:16:
2026-10-07T14:52:58.1534070Z ./score/mw/com/impl/com_error.h:186:65: warning: 'kServiceInstanceAlreadyOffered' is deprecated: Value has never been used. Calls to OfferService shall be idempotent. [-Wdeprecated-declarations]
2026-10-07T14:52:58.1563192Z   186 |             case static_cast<score::result::ErrorCode>(ComErrc::kServiceInstanceAlreadyOffered):
2026-10-07T14:52:58.1579485Z       |                                                                 ^
2026-10-07T14:52:58.1583112Z ./score/mw/com/impl/com_error.h:58:11: note: 'kServiceInstanceAlreadyOffered' has been explicitly marked deprecated here
2026-10-07T14:52:58.1585046Z    58 |         [[deprecated("Value has never been used. Calls to OfferService shall be idempotent.")]],
2026-10-07T14:52:58.1585688Z       |           ^
2026-10-07T14:52:58.1586023Z 1 warning generated.
2026-10-07T14:53:01.4779667Z INFO: From Compiling score/mw/com/test/partial_restart/provider_restart_max_subscribers/consumer.cpp:
2026-10-07T14:53:01.4804234Z In file included from score/mw/com/test/partial_restart/provider_restart_max_subscribers/consumer.cpp:14:
2026-10-07T14:53:01.4805412Z In file included from ./score/mw/com/test/partial_restart/provider_restart_max_subscribers/consumer.h:18:
2026-10-07T14:53:01.4806459Z In file included from ./score/mw/com/test/partial_restart/consumer_handle_notification_data.h:17:
2026-10-07T14:53:01.4807355Z In file included from ./score/mw/com/test/partial_restart/test_datatype.h:17:
2026-10-07T14:53:01.4807970Z In file included from ./score/mw/com/types.h:24:
2026-10-07T14:53:01.4808551Z In file included from ./score/mw/com/impl/generic_proxy.h:18:
2026-10-07T14:53:01.4809213Z In file included from ./score/mw/com/impl/generic_proxy_event.h:18:
2026-10-07T14:53:01.4809846Z In file included from ./score/mw/com/impl/proxy_base.h:18:
2026-10-07T14:53:01.4810436Z In file included from ./score/mw/com/impl/handle_type.h:18:
2026-10-07T14:53:01.4811091Z In file included from ./score/mw/com/impl/instance_identifier.h:16:
2026-10-07T14:53:01.4813091Z ./score/mw/com/impl/com_error.h:186:65: warning: 'kServiceInstanceAlreadyOffered' is deprecated: Value has never been used. Calls to OfferService shall be idempotent. [-Wdeprecated-declarations]
2026-10-07T14:53:01.4814560Z   186 |             case static_cast<score::result::ErrorCode>(ComErrc::kServiceInstanceAlreadyOffered):
2026-10-07T14:53:01.4815576Z       |                                                                 ^
2026-10-07T14:53:01.4816573Z ./score/mw/com/impl/com_error.h:58:11: note: 'kServiceInstanceAlreadyOffered' has been explicitly marked deprecated here
2026-10-07T14:53:01.4817722Z    58 |         [[deprecated("Value has never been used. Calls to OfferService shall be idempotent.")]],
2026-10-07T14:53:01.4818299Z       |           ^
2026-10-07T14:53:01.4818606Z 1 warning generated.
2026-10-07T14:53:01.8083608Z INFO: From Compiling score/mw/com/impl/mocking/skeleton_event_mock_test.cpp:
2026-10-07T14:53:01.8092981Z In file included from score/mw/com/impl/mocking/skeleton_event_mock_test.cpp:15:
2026-10-07T14:53:01.8153790Z ./score/mw/com/impl/com_error.h:186:65: warning: 'kServiceInstanceAlreadyOffered' is deprecated: Value has never been used. Calls to OfferService shall be idempotent. [-Wdeprecated-declarations]
2026-10-07T14:53:01.8183033Z   186 |             case static_cast<score::result::ErrorCode>(ComErrc::kServiceInstanceAlreadyOffered):
2026-10-07T14:53:01.8212731Z       |                                                                 ^
2026-10-07T14:53:01.8213947Z ./score/mw/com/impl/com_error.h:58:11: note: 'kServiceInstanceAlreadyOffered' has been explicitly marked deprecated here
2026-10-07T14:53:01.8242999Z    58 |         [[deprecated("Value has never been used. Calls to OfferService shall be idempotent.")]],
2026-10-07T14:53:01.8272480Z       |           ^
2026-10-07T14:53:01.8302567Z 1 warning generated.
2026-10-07T14:53:04.0333423Z INFO: From Compiling score/mw/com/impl/plumbing/i_skeleton_method_binding_factory.cpp:
2026-10-07T14:53:04.0342994Z In file included from score/mw/com/impl/plumbing/i_skeleton_method_binding_factory.cpp:13:
2026-10-07T14:53:04.0373026Z In file included from ./score/mw/com/impl/plumbing/i_skeleton_method_binding_factory.h:16:
2026-10-07T14:53:04.0385941Z In file included from ./score/mw/com/impl/handle_type.h:18:
2026-10-07T14:53:04.0402867Z In file included from ./score/mw/com/impl/instance_identifier.h:16:
2026-10-07T14:53:04.0428770Z ./score/mw/com/impl/com_error.h:186:65: warning: 'kServiceInstanceAlreadyOffered' is deprecated: Value has never been used. Calls to OfferService shall be idempotent. [-Wdeprecated-declarations]
2026-10-07T14:53:04.0456178Z   186 |             case static_cast<score::result::ErrorCode>(ComErrc::kServiceInstanceAlreadyOffered):
2026-10-07T14:53:04.0482697Z       |                                                                 ^
2026-10-07T14:53:04.0503245Z ./score/mw/com/impl/com_error.h:58:11: note: 'kServiceInstanceAlreadyOffered' has been explicitly marked deprecated here
2026-10-07T14:53:04.0504557Z    58 |         [[deprecated("Value has never been used. Calls to OfferService shall be idempotent.")]],
2026-10-07T14:53:04.0505259Z       |           ^
2026-10-07T14:53:04.0505623Z 1 warning generated.
2026-10-07T14:53:04.6613738Z INFO: From Compiling score/mw/com/test/partial_restart/provider_restart_max_subscribers/provider.cpp:
2026-10-07T14:53:04.6643251Z In file included from score/mw/com/test/partial_restart/provider_restart_max_subscribers/provider.cpp:17:
2026-10-07T14:53:04.6653336Z In file included from ./score/mw/com/test/common_test_resources/provider_resources.h:17:
2026-10-07T14:53:04.6692715Z In file included from ./score/mw/com/com_error_domain.h:16:
2026-10-07T14:53:04.6714019Z ./score/mw/com/impl/com_error.h:186:65: warning: 'kServiceInstanceAlreadyOffered' is deprecated: Value has never been used. Calls to OfferService shall be idempotent. [-Wdeprecated-declarations]
2026-10-07T14:53:04.6756905Z   186 |             case static_cast<score::result::ErrorCode>(ComErrc::kServiceInstanceAlreadyOffered):
2026-10-07T14:53:04.6782669Z       |                                                                 ^
2026-10-07T14:53:04.6813217Z ./score/mw/com/impl/com_error.h:58:11: note: 'kServiceInstanceAlreadyOffered' has been explicitly marked deprecated here
2026-10-07T14:53:04.6827274Z    58 |         [[deprecated("Value has never been used. Calls to OfferService shall be idempotent.")]],
2026-10-07T14:53:04.6852446Z       |           ^
2026-10-07T14:53:04.6902530Z 1 warning generated.
2026-10-07T14:53:04.6926081Z [12,427 / 13,964] 120 / 514 tests; Compiling score/mw/com/impl/bindings/lola/transaction_log_local_view_test.cpp; 6s disk-cache, linux-sandbox ... (4 actions, 3 running)
2026-10-07T14:53:05.3909812Z INFO: From Compiling score/mw/com/impl/bindings/lola/transaction_log_local_view_test.cpp:
2026-10-07T14:53:05.3923536Z In file included from score/mw/com/impl/bindings/lola/transaction_log_local_view_test.cpp:13:
2026-10-07T14:53:05.3963149Z In file included from ./score/mw/com/impl/bindings/lola/test/transaction_log_test_resources.h:16:
2026-10-07T14:53:05.3983075Z In file included from ./score/mw/com/impl/bindings/lola/test/proxy_event_test_resources.h:18:
2026-10-07T14:53:05.4002821Z In file included from ./score/mw/com/impl/bindings/lola/i_runtime.h:20:
2026-10-07T14:53:05.4032783Z In file included from ./score/mw/com/impl/i_binding_runtime.h:17:
2026-10-07T14:53:05.4042724Z In file included from ./score/mw/com/impl/i_service_discovery_client.h:16:
2026-10-07T14:53:05.4062944Z In file included from ./score/mw/com/impl/enriched_instance_identifier.h:17:
2026-10-07T14:53:05.4082914Z In file included from ./score/mw/com/impl/handle_type.h:18:
2026-10-07T14:53:05.4112944Z In file included from ./score/mw/com/impl/instance_identifier.h:16:
2026-10-07T14:53:05.4133674Z ./score/mw/com/impl/com_error.h:186:65: warning: 'kServiceInstanceAlreadyOffered' is deprecated: Value has never been used. Calls to OfferService shall be idempotent. [-Wdeprecated-declarations]
2026-10-07T14:53:05.4153013Z   186 |             case static_cast<score::result::ErrorCode>(ComErrc::kServiceInstanceAlreadyOffered):
2026-10-07T14:53:05.4172783Z       |                                                                 ^
2026-10-07T14:53:05.4203629Z ./score/mw/com/impl/com_error.h:58:11: note: 'kServiceInstanceAlreadyOffered' has been explicitly marked deprecated here
2026-10-07T14:53:05.4212976Z    58 |         [[deprecated("Value has never been used. Calls to OfferService shall be idempotent.")]],
2026-10-07T14:53:05.4232612Z       |           ^
2026-10-07T14:53:05.4260323Z 1 warning generated.
2026-10-07T14:53:06.5633386Z INFO: From Compiling score/mw/com/impl/plumbing/skeleton_method_binding_factory_impl.cpp:
2026-10-07T14:53:06.5634426Z In file included from score/mw/com/impl/plumbing/skeleton_method_binding_factory_impl.cpp:13:
2026-10-07T14:53:06.5635463Z In file included from ./score/mw/com/impl/plumbing/skeleton_method_binding_factory_impl.h:16:
2026-10-07T14:53:06.5662754Z In file included from ./score/mw/com/impl/handle_type.h:18:
2026-10-07T14:53:06.5692891Z In file included from ./score/mw/com/impl/instance_identifier.h:16:
2026-10-07T14:53:06.5694759Z ./score/mw/com/impl/com_error.h:186:65: warning: 'kServiceInstanceAlreadyOffered' is deprecated: Value has never been used. Calls to OfferService shall be idempotent. [-Wdeprecated-declarations]
2026-10-07T14:53:06.5696505Z   186 |             case static_cast<score::result::ErrorCode>(ComErrc::kServiceInstanceAlreadyOffered):
2026-10-07T14:53:06.5717581Z       |                                                                 ^
2026-10-07T14:53:06.5719042Z ./score/mw/com/impl/com_error.h:58:11: note: 'kServiceInstanceAlreadyOffered' has been explicitly marked deprecated here
2026-10-07T14:53:06.5737085Z    58 |         [[deprecated("Value has never been used. Calls to OfferService shall be idempotent.")]],
2026-10-07T14:53:06.5737941Z       |           ^
2026-10-07T14:53:06.5738451Z 1 warning generated.
2026-10-07T14:53:07.6962271Z INFO: From Compiling score/mw/com/impl/plumbing/skeleton_method_binding_factory.cpp:
2026-10-07T14:53:07.6970806Z In file included from score/mw/com/impl/plumbing/skeleton_method_binding_factory.cpp:13:
2026-10-07T14:53:07.7012963Z In file included from ./score/mw/com/impl/plumbing/skeleton_method_binding_factory.h:16:
2026-10-07T14:53:07.7042783Z In file included from ./score/mw/com/impl/instance_identifier.h:16:
2026-10-07T14:53:07.7073716Z ./score/mw/com/impl/com_error.h:186:65: warning: 'kServiceInstanceAlreadyOffered' is deprecated: Value has never been used. Calls to OfferService shall be idempotent. [-Wdeprecated-declarations]
2026-10-07T14:53:07.7075460Z   186 |             case static_cast<score::result::ErrorCode>(ComErrc::kServiceInstanceAlreadyOffered):
2026-10-07T14:53:07.7103026Z       |                                                                 ^
2026-10-07T14:53:07.7133191Z ./score/mw/com/impl/com_error.h:58:11: note: 'kServiceInstanceAlreadyOffered' has been explicitly marked deprecated here
2026-10-07T14:53:07.7143237Z    58 |         [[deprecated("Value has never been used. Calls to OfferService shall be idempotent.")]],
2026-10-07T14:53:07.7144018Z       |           ^
2026-10-07T14:53:07.7144623Z 1 warning generated.
2026-10-07T14:53:09.3535166Z INFO: From Compiling score/mw/com/impl/plumbing/i_proxy_method_binding_factory.cpp:
2026-10-07T14:53:09.3563038Z In file included from score/mw/com/impl/plumbing/i_proxy_method_binding_factory.cpp:13:
2026-10-07T14:53:09.3564196Z In file included from ./score/mw/com/impl/plumbing/i_proxy_method_binding_factory.h:16:
2026-10-07T14:53:09.3602807Z In file included from ./score/mw/com/impl/handle_type.h:18:
2026-10-07T14:53:09.3622841Z In file included from ./score/mw/com/impl/instance_identifier.h:16:
2026-10-07T14:53:09.3642421Z ./score/mw/com/impl/com_error.h:186:65: warning: 'kServiceInstanceAlreadyOffered' is deprecated: Value has never been used. Calls to OfferService shall be idempotent. [-Wdeprecated-declarations]
2026-10-07T14:53:09.3645739Z   186 |             case static_cast<score::result::ErrorCode>(ComErrc::kServiceInstanceAlreadyOffered):
2026-10-07T14:53:09.3662580Z       |                                                                 ^
2026-10-07T14:53:09.3664130Z ./score/mw/com/impl/com_error.h:58:11: note: 'kServiceInstanceAlreadyOffered' has been explicitly marked deprecated here
2026-10-07T14:53:09.3665548Z    58 |         [[deprecated("Value has never been used. Calls to OfferService shall be idempotent.")]],
2026-10-07T14:53:09.3666659Z       |           ^
2026-10-07T14:53:09.3667111Z 1 warning generated.
2026-10-07T14:53:09.3794653Z INFO: From Compiling score/mw/com/impl/methods/skeleton_method.cpp:
2026-10-07T14:53:09.3805427Z In file included from score/mw/com/impl/methods/skeleton_method.cpp:13:
2026-10-07T14:53:09.3833325Z In file included from ./score/mw/com/impl/methods/skeleton_method.h:21:
2026-10-07T14:53:09.3834546Z In file included from ./score/mw/com/impl/plumbing/skeleton_method_binding_factory.h:16:
2026-10-07T14:53:09.3862848Z In file included from ./score/mw/com/impl/instance_identifier.h:16:
2026-10-07T14:53:09.3893706Z ./score/mw/com/impl/com_error.h:186:65: warning: 'kServiceInstanceAlreadyOffered' is deprecated: Value has never been used. Calls to OfferService shall be idempotent. [-Wdeprecated-declarations]
2026-10-07T14:53:09.3917493Z   186 |             case static_cast<score::result::ErrorCode>(ComErrc::kServiceInstanceAlreadyOffered):
2026-10-07T14:53:09.3934953Z       |                                                                 ^
2026-10-07T14:53:09.3936307Z ./score/mw/com/impl/com_error.h:58:11: note: 'kServiceInstanceAlreadyOffered' has been explicitly marked deprecated here
2026-10-07T14:53:09.3937711Z    58 |         [[deprecated("Value has never been used. Calls to OfferService shall be idempotent.")]],
2026-10-07T14:53:09.3938469Z       |           ^
2026-10-07T14:53:09.3938931Z 1 warning generated.
2026-10-07T14:53:11.6373652Z INFO: From Compiling score/mw/com/impl/plumbing/proxy_method_binding_factory.cpp:
2026-10-07T14:53:11.6413282Z In file included from score/mw/com/impl/plumbing/proxy_method_binding_factory.cpp:13:
2026-10-07T14:53:11.6453525Z In file included from ./score/mw/com/impl/plumbing/proxy_method_binding_factory.h:17:
2026-10-07T14:53:11.6454613Z In file included from ./score/mw/com/impl/plumbing/i_proxy_method_binding_factory.h:16:
2026-10-07T14:53:11.6455409Z In file included from ./score/mw/com/impl/handle_type.h:18:
2026-10-07T14:53:11.6456673Z In file included from ./score/mw/com/impl/instance_identifier.h:16:
2026-10-07T14:53:11.6458364Z ./score/mw/com/impl/com_error.h:186:65: warning: 'kServiceInstanceAlreadyOffered' is deprecated: Value has never been used. Calls to OfferService shall be idempotent. [-Wdeprecated-declarations]
2026-10-07T14:53:11.6460056Z   186 |             case static_cast<score::result::ErrorCode>(ComErrc::kServiceInstanceAlreadyOffered):
2026-10-07T14:53:11.6460918Z       |                                                                 ^
2026-10-07T14:53:11.6462184Z ./score/mw/com/impl/com_error.h:58:11: note: 'kServiceInstanceAlreadyOffered' has been explicitly marked deprecated here
2026-10-07T14:53:11.6463429Z    58 |         [[deprecated("Value has never been used. Calls to OfferService shall be idempotent.")]],
2026-10-07T14:53:11.6464323Z       |           ^
2026-10-07T14:53:11.6464652Z 1 warning generated.
2026-10-07T14:53:11.6553167Z INFO: From Compiling score/mw/com/impl/plumbing/proxy_method_binding_factory_impl.cpp:
2026-10-07T14:53:11.6593082Z In file included from score/mw/com/impl/plumbing/proxy_method_binding_factory_impl.cpp:13:
2026-10-07T14:53:11.6597503Z In file included from ./score/mw/com/impl/plumbing/proxy_method_binding_factory_impl.h:19:
2026-10-07T14:53:11.6643123Z In file included from ./score/mw/com/impl/bindings/lola/proxy.h:24:
2026-10-07T14:53:11.6644034Z In file included from ./score/mw/com/impl/bindings/lola/proxy_method.h:17:
2026-10-07T14:53:11.6662904Z In file included from ./score/mw/com/impl/bindings/lola/i_runtime.h:20:
2026-10-07T14:53:11.6678798Z In file included from ./score/mw/com/impl/i_binding_runtime.h:17:
2026-10-07T14:53:11.6680172Z In file included from ./score/mw/com/impl/i_service_discovery_client.h:16:
2026-10-07T14:53:11.6681567Z In file included from ./score/mw/com/impl/enriched_instance_identifier.h:17:
2026-10-07T14:53:11.6682686Z In file included from ./score/mw/com/impl/handle_type.h:18:
2026-10-07T14:53:11.6683495Z In file included from ./score/mw/com/impl/instance_identifier.h:16:
2026-10-07T14:53:11.6685311Z ./score/mw/com/impl/com_error.h:186:65: warning: 'kServiceInstanceAlreadyOffered' is deprecated: Value has never been used. Calls to OfferService shall be idempotent. [-Wdeprecated-declarations]
2026-10-07T14:53:11.6686726Z   186 |             case static_cast<score::result::ErrorCode>(ComErrc::kServiceInstanceAlreadyOffered):
2026-10-07T14:53:11.6687554Z       |                                                                 ^
2026-10-07T14:53:11.6688710Z ./score/mw/com/impl/com_error.h:58:11: note: 'kServiceInstanceAlreadyOffered' has been explicitly marked deprecated here
2026-10-07T14:53:11.6689981Z    58 |         [[deprecated("Value has never been used. Calls to OfferService shall be idempotent.")]],
2026-10-07T14:53:11.6690595Z       |           ^
2026-10-07T14:53:11.6690935Z 1 warning generated.
2026-10-07T14:53:14.0173575Z INFO: From Compiling score/mw/com/impl/methods/proxy_method_without_in_args_or_return.cpp:
2026-10-07T14:53:14.0223098Z In file included from score/mw/com/impl/methods/proxy_method_without_in_args_or_return.cpp:13:
2026-10-07T14:53:14.0253137Z In file included from ./score/mw/com/impl/methods/proxy_method_without_in_args_or_return.h:17:
2026-10-07T14:53:14.0262829Z In file included from ./score/mw/com/impl/methods/proxy_method.h:16:
2026-10-07T14:53:14.0282801Z In file included from ./score/mw/com/impl/bindings/lola/proxy.h:24:
2026-10-07T14:53:14.0322776Z In file included from ./score/mw/com/impl/bindings/lola/proxy_method.h:17:
2026-10-07T14:53:14.0342823Z In file included from ./score/mw/com/impl/bindings/lola/i_runtime.h:20:
2026-10-07T14:53:14.0372782Z In file included from ./score/mw/com/impl/i_binding_runtime.h:17:
2026-10-07T14:53:14.0373675Z In file included from ./score/mw/com/impl/i_service_discovery_client.h:16:
2026-10-07T14:53:14.0374581Z In file included from ./score/mw/com/impl/enriched_instance_identifier.h:17:
2026-10-07T14:53:14.0375350Z In file included from ./score/mw/com/impl/handle_type.h:18:
2026-10-07T14:53:14.0376453Z In file included from ./score/mw/com/impl/instance_identifier.h:16:
2026-10-07T14:53:14.0378263Z ./score/mw/com/impl/com_error.h:186:65: warning: 'kServiceInstanceAlreadyOffered' is deprecated: Value has never been used. Calls to OfferService shall be idempotent. [-Wdeprecated-declarations]
2026-10-07T14:53:14.0379959Z   186 |             case static_cast<score::result::ErrorCode>(ComErrc::kServiceInstanceAlreadyOffered):
2026-10-07T14:53:14.0380840Z       |                                                                 ^
2026-10-07T14:53:14.0382210Z ./score/mw/com/impl/com_error.h:58:11: note: 'kServiceInstanceAlreadyOffered' has been explicitly marked deprecated here
2026-10-07T14:53:14.0383516Z    58 |         [[deprecated("Value has never been used. Calls to OfferService shall be idempotent.")]],
2026-10-07T14:53:14.0384134Z       |           ^
2026-10-07T14:53:14.0384470Z 1 warning generated.
2026-10-07T14:53:14.4120053Z INFO: From Compiling score/mw/com/impl/methods/proxy_method_with_return_type.cpp:
2026-10-07T14:53:14.4142887Z In file included from score/mw/com/impl/methods/proxy_method_with_return_type.cpp:13:
2026-10-07T14:53:14.4166157Z In file included from ./score/mw/com/impl/methods/proxy_method_with_return_type.h:18:
2026-10-07T14:53:14.4202619Z In file included from ./score/mw/com/impl/methods/proxy_method.h:16:
2026-10-07T14:53:14.4232554Z In file included from ./score/mw/com/impl/bindings/lola/proxy.h:24:
2026-10-07T14:53:14.4252757Z In file included from ./score/mw/com/impl/bindings/lola/proxy_method.h:17:
2026-10-07T14:53:14.4292721Z In file included from ./score/mw/com/impl/bindings/lola/i_runtime.h:20:
2026-10-07T14:53:14.4312782Z In file included from ./score/mw/com/impl/i_binding_runtime.h:17:
2026-10-07T14:53:14.4343178Z In file included from ./score/mw/com/impl/i_service_discovery_client.h:16:
2026-10-07T14:53:14.4363284Z In file included from ./score/mw/com/impl/enriched_instance_identifier.h:17:
2026-10-07T14:53:14.4392763Z In file included from ./score/mw/com/impl/handle_type.h:18:
2026-10-07T14:53:14.4402748Z In file included from ./score/mw/com/impl/instance_identifier.h:16:
2026-10-07T14:53:14.4423876Z ./score/mw/com/impl/com_error.h:186:65: warning: 'kServiceInstanceAlreadyOffered' is deprecated: Value has never been used. Calls to OfferService shall be idempotent. [-Wdeprecated-declarations]
2026-10-07T14:53:14.4453016Z   186 |             case static_cast<score::result::ErrorCode>(ComErrc::kServiceInstanceAlreadyOffered):
2026-10-07T14:53:14.4482804Z       |                                                                 ^
2026-10-07T14:53:14.4490296Z ./score/mw/com/impl/com_error.h:58:11: note: 'kServiceInstanceAlreadyOffered' has been explicitly marked deprecated here
2026-10-07T14:53:14.4513140Z    58 |         [[deprecated("Value has never been used. Calls to OfferService shall be idempotent.")]],
2026-10-07T14:53:14.4542569Z       |           ^
2026-10-07T14:53:14.4572571Z 1 warning generated.
2026-10-07T14:53:14.6619203Z INFO: From Compiling score/mw/com/impl/bindings/lola/messaging/message_passing_service_instance_methods_test.cpp:
2026-10-07T14:53:14.6645406Z In file included from score/mw/com/impl/bindings/lola/messaging/message_passing_service_instance_methods_test.cpp:7:
2026-10-07T14:53:14.6663886Z ./score/mw/com/impl/com_error.h:186:65: warning: 'kServiceInstanceAlreadyOffered' is deprecated: Value has never been used. Calls to OfferService shall be idempotent. [-Wdeprecated-declarations]
2026-10-07T14:53:14.6703013Z   186 |             case static_cast<score::result::ErrorCode>(ComErrc::kServiceInstanceAlreadyOffered):
2026-10-07T14:53:14.6704220Z       |                                                                 ^
2026-10-07T14:53:14.6733320Z ./score/mw/com/impl/com_error.h:58:11: note: 'kServiceInstanceAlreadyOffered' has been explicitly marked deprecated here
2026-10-07T14:53:14.6744327Z    58 |         [[deprecated("Value has never been used. Calls to OfferService shall be idempotent.")]],
2026-10-07T14:53:14.6762408Z       |           ^
2026-10-07T14:53:14.6792503Z 1 warning generated.
2026-10-07T14:53:14.6902589Z [12,468 / 13,965] 120 / 514 tests; Compiling score/mw/com/impl/bindings/lola/skeleton_test.cpp; 16s disk-cache, linux-sandbox ... (4 actions, 3 running)
2026-10-07T14:53:14.8270332Z INFO: From Compiling score/mw/com/impl/bindings/lola/skeleton_test.cpp:
2026-10-07T14:53:14.8323456Z In file included from score/mw/com/impl/bindings/lola/skeleton_test.cpp:13:
2026-10-07T14:53:14.8368426Z In file included from ./score/mw/com/impl/bindings/lola/skeleton.h:32:
2026-10-07T14:53:14.8413168Z In file included from ./score/mw/com/impl/bindings/lola/skeleton_memory_manager.h:20:
2026-10-07T14:53:14.8443156Z In file included from ./score/mw/com/impl/bindings/lola/service_data_storage.h:20:
2026-10-07T14:53:14.8473007Z In file included from ./score/mw/com/impl/bindings/lola/i_runtime.h:20:
2026-10-07T14:53:14.8502859Z In file included from ./score/mw/com/impl/i_binding_runtime.h:17:
2026-10-07T14:53:14.8532924Z In file included from ./score/mw/com/impl/i_service_discovery_client.h:16:
2026-10-07T14:53:14.8562871Z In file included from ./score/mw/com/impl/enriched_instance_identifier.h:17:
2026-10-07T14:53:14.8592680Z In file included from ./score/mw/com/impl/handle_type.h:18:
2026-10-07T14:53:14.8622760Z In file included from ./score/mw/com/impl/instance_identifier.h:16:
2026-10-07T14:53:14.8653690Z ./score/mw/com/impl/com_error.h:186:65: warning: 'kServiceInstanceAlreadyOffered' is deprecated: Value has never been used. Calls to OfferService shall be idempotent. [-Wdeprecated-declarations]
2026-10-07T14:53:14.8682986Z   186 |             case static_cast<score::result::ErrorCode>(ComErrc::kServiceInstanceAlreadyOffered):
2026-10-07T14:53:14.8744791Z       |                                                                 ^
2026-10-07T14:53:14.8773414Z ./score/mw/com/impl/com_error.h:58:11: note: 'kServiceInstanceAlreadyOffered' has been explicitly marked deprecated here
2026-10-07T14:53:14.8829484Z    58 |         [[deprecated("Value has never been used. Calls to OfferService shall be idempotent.")]],
2026-10-07T14:53:14.8846931Z       |           ^
2026-10-07T14:53:14.8847540Z 1 warning generated.
2026-10-07T14:53:16.1898933Z INFO: From Compiling score/mw/com/impl/methods/proxy_method_with_in_args_and_return.cpp:
2026-10-07T14:53:16.1923445Z In file included from score/mw/com/impl/methods/proxy_method_with_in_args_and_return.cpp:13:
2026-10-07T14:53:16.1942992Z In file included from ./score/mw/com/impl/methods/proxy_method_with_in_args_and_return.h:18:
2026-10-07T14:53:16.1962758Z In file included from ./score/mw/com/impl/methods/proxy_method.h:16:
2026-10-07T14:53:16.1992711Z In file included from ./score/mw/com/impl/bindings/lola/proxy.h:24:
2026-10-07T14:53:16.2012926Z In file included from ./score/mw/com/impl/bindings/lola/proxy_method.h:17:
2026-10-07T14:53:16.2031756Z In file included from ./score/mw/com/impl/bindings/lola/i_runtime.h:20:
2026-10-07T14:53:16.2052714Z In file included from ./score/mw/com/impl/i_binding_runtime.h:17:
2026-10-07T14:53:16.2072956Z In file included from ./score/mw/com/impl/i_service_discovery_client.h:16:
2026-10-07T14:53:16.2103225Z In file included from ./score/mw/com/impl/enriched_instance_identifier.h:17:
2026-10-07T14:53:16.2112614Z In file included from ./score/mw/com/impl/handle_type.h:18:
2026-10-07T14:53:16.2172823Z In file included from ./score/mw/com/impl/instance_identifier.h:16:
2026-10-07T14:53:16.2233778Z ./score/mw/com/impl/com_error.h:186:65: warning: 'kServiceInstanceAlreadyOffered' is deprecated: Value has never been used. Calls to OfferService shall be idempotent. [-Wdeprecated-declarations]
2026-10-07T14:53:16.2253035Z   186 |             case static_cast<score::result::ErrorCode>(ComErrc::kServiceInstanceAlreadyOffered):
2026-10-07T14:53:16.2282732Z       |                                                                 ^
2026-10-07T14:53:16.2313192Z ./score/mw/com/impl/com_error.h:58:11: note: 'kServiceInstanceAlreadyOffered' has been explicitly marked deprecated here
2026-10-07T14:53:16.2333090Z    58 |         [[deprecated("Value has never been used. Calls to OfferService shall be idempotent.")]],
2026-10-07T14:53:16.2333818Z       |           ^
2026-10-07T14:53:16.2352464Z 1 warning generated.
2026-10-07T14:53:16.7494056Z INFO: From Compiling score/mw/com/impl/methods/proxy_method_with_in_args.cpp:
2026-10-07T14:53:16.7513002Z In file included from score/mw/com/impl/methods/proxy_method_with_in_args.cpp:13:
2026-10-07T14:53:16.7532942Z In file included from ./score/mw/com/impl/methods/proxy_method_with_in_args.h:18:
2026-10-07T14:53:16.7562899Z In file included from ./score/mw/com/impl/methods/proxy_method.h:16:
2026-10-07T14:53:16.7622821Z In file included from ./score/mw/com/impl/bindings/lola/proxy.h:24:
2026-10-07T14:53:16.7623780Z In file included from ./score/mw/com/impl/bindings/lola/proxy_method.h:17:
2026-10-07T14:53:16.7624651Z In file included from ./score/mw/com/impl/bindings/lola/i_runtime.h:20:
2026-10-07T14:53:16.7625444Z In file included from ./score/mw/com/impl/i_binding_runtime.h:17:
2026-10-07T14:53:16.7626272Z In file included from ./score/mw/com/impl/i_service_discovery_client.h:16:
2026-10-07T14:53:16.7627156Z In file included from ./score/mw/com/impl/enriched_instance_identifier.h:17:
2026-10-07T14:53:16.7627926Z In file included from ./score/mw/com/impl/handle_type.h:18:
2026-10-07T14:53:16.7628674Z In file included from ./score/mw/com/impl/instance_identifier.h:16:
2026-10-07T14:53:16.7630465Z ./score/mw/com/impl/com_error.h:186:65: warning: 'kServiceInstanceAlreadyOffered' is deprecated: Value has never been used. Calls to OfferService shall be idempotent. [-Wdeprecated-declarations]
2026-10-07T14:53:16.7632287Z   186 |             case static_cast<score::result::ErrorCode>(ComErrc::kServiceInstanceAlreadyOffered):
2026-10-07T14:53:16.7633524Z       |                                                                 ^
2026-10-07T14:53:16.7634667Z ./score/mw/com/impl/com_error.h:58:11: note: 'kServiceInstanceAlreadyOffered' has been explicitly marked deprecated here
2026-10-07T14:53:16.7635945Z    58 |         [[deprecated("Value has never been used. Calls to OfferService shall be idempotent.")]],
2026-10-07T14:53:16.7636552Z       |           ^
2026-10-07T14:53:16.7636868Z 1 warning generated.
2026-10-07T14:53:17.1428639Z INFO: From Compiling score/mw/com/impl/mocking/test_type_utilities_test.cpp:
2026-10-07T14:53:17.1463187Z In file included from score/mw/com/impl/mocking/test_type_utilities_test.cpp:13:
2026-10-07T14:53:17.1483074Z In file included from ./score/mw/com/impl/mocking/test_type_utilities.h:17:
2026-10-07T14:53:17.1512701Z In file included from ./score/mw/com/impl/handle_type.h:18:
2026-10-07T14:53:17.1522927Z In file included from ./score/mw/com/impl/instance_identifier.h:16:
2026-10-07T14:53:17.1543812Z ./score/mw/com/impl/com_error.h:186:65: warning: 'kServiceInstanceAlreadyOffered' is deprecated: Value has never been used. Calls to OfferService shall be idempotent. [-Wdeprecated-declarations]
2026-10-07T14:53:17.1573117Z   186 |             case static_cast<score::result::ErrorCode>(ComErrc::kServiceInstanceAlreadyOffered):
2026-10-07T14:53:17.1602724Z       |                                                                 ^
2026-10-07T14:53:17.1603978Z ./score/mw/com/impl/com_error.h:58:11: note: 'kServiceInstanceAlreadyOffered' has been explicitly marked deprecated here
2026-10-07T14:53:17.1633180Z    58 |         [[deprecated("Value has never been used. Calls to OfferService shall be idempotent.")]],
2026-10-07T14:53:17.1662527Z       |           ^
2026-10-07T14:53:17.1692515Z 1 warning generated.
2026-10-07T14:53:17.6735534Z INFO: From Compiling score/mw/com/impl/methods/proxy_method.cpp:
2026-10-07T14:53:17.6749581Z In file included from score/mw/com/impl/methods/proxy_method.cpp:13:
2026-10-07T14:53:17.6762973Z In file included from ./score/mw/com/impl/methods/proxy_method.h:16:
2026-10-07T14:53:17.6776900Z In file included from ./score/mw/com/impl/bindings/lola/proxy.h:24:
2026-10-07T14:53:17.6792920Z In file included from ./score/mw/com/impl/bindings/lola/proxy_method.h:17:
2026-10-07T14:53:17.6809752Z In file included from ./score/mw/com/impl/bindings/lola/i_runtime.h:20:
2026-10-07T14:53:17.6810896Z In file included from ./score/mw/com/impl/i_binding_runtime.h:17:
2026-10-07T14:53:17.6812375Z In file included from ./score/mw/com/impl/i_service_discovery_client.h:16:
2026-10-07T14:53:17.6827543Z In file included from ./score/mw/com/impl/enriched_instance_identifier.h:17:
2026-10-07T14:53:17.6828556Z In file included from ./score/mw/com/impl/handle_type.h:18:
2026-10-07T14:53:17.6829460Z In file included from ./score/mw/com/impl/instance_identifier.h:16:
2026-10-07T14:53:17.6831433Z ./score/mw/com/impl/com_error.h:186:65: warning: 'kServiceInstanceAlreadyOffered' is deprecated: Value has never been used. Calls to OfferService shall be idempotent. [-Wdeprecated-declarations]
2026-10-07T14:53:17.6833919Z   186 |             case static_cast<score::result::ErrorCode>(ComErrc::kServiceInstanceAlreadyOffered):
2026-10-07T14:53:17.6834966Z       |                                                                 ^
2026-10-07T14:53:17.6836290Z ./score/mw/com/impl/com_error.h:58:11: note: 'kServiceInstanceAlreadyOffered' has been explicitly marked deprecated here
2026-10-07T14:53:17.6837731Z    58 |         [[deprecated("Value has never been used. Calls to OfferService shall be idempotent.")]],
2026-10-07T14:53:17.6838468Z       |           ^
2026-10-07T14:53:17.6838913Z 1 warning generated.
2026-10-07T14:53:17.8534063Z INFO: From Compiling score/mw/com/impl/plumbing/i_skeleton_field_binding_factory.cpp:
2026-10-07T14:53:17.8569221Z In file included from score/mw/com/impl/plumbing/i_skeleton_field_binding_factory.cpp:13:
2026-10-07T14:53:17.8583157Z In file included from ./score/mw/com/impl/plumbing/i_skeleton_field_binding_factory.h:17:
2026-10-07T14:53:17.8624385Z In file included from ./score/mw/com/impl/instance_identifier.h:16:
2026-10-07T14:53:17.8634000Z ./score/mw/com/impl/com_error.h:186:65: warning: 'kServiceInstanceAlreadyOffered' is deprecated: Value has never been used. Calls to OfferService shall be idempotent. [-Wdeprecated-declarations]
2026-10-07T14:53:17.8642160Z   186 |             case static_cast<score::result::ErrorCode>(ComErrc::kServiceInstanceAlreadyOffered):
2026-10-07T14:53:17.8643343Z       |                                                                 ^
2026-10-07T14:53:17.8644719Z ./score/mw/com/impl/com_error.h:58:11: note: 'kServiceInstanceAlreadyOffered' has been explicitly marked deprecated here
2026-10-07T14:53:17.8646170Z    58 |         [[deprecated("Value has never been used. Calls to OfferService shall be idempotent.")]],
2026-10-07T14:53:17.8646993Z       |           ^
2026-10-07T14:53:17.8647547Z 1 warning generated.
2026-10-07T14:53:19.2606741Z INFO: From Compiling score/mw/com/impl/plumbing/skeleton_field_binding_factory_impl.cpp:
2026-10-07T14:53:19.2633298Z In file included from score/mw/com/impl/plumbing/skeleton_field_binding_factory_impl.cpp:13:
2026-10-07T14:53:19.2663040Z In file included from ./score/mw/com/impl/plumbing/skeleton_field_binding_factory_impl.h:16:
2026-10-07T14:53:19.2693076Z In file included from ./score/mw/com/impl/bindings/lola/skeleton_event.h:21:
2026-10-07T14:53:19.2722822Z In file included from ./score/mw/com/impl/bindings/lola/skeleton.h:32:
2026-10-07T14:53:19.2732929Z In file included from ./score/mw/com/impl/bindings/lola/skeleton_memory_manager.h:20:
2026-10-07T14:53:19.2782903Z In file included from ./score/mw/com/impl/bindings/lola/service_data_storage.h:20:
2026-10-07T14:53:19.2793007Z In file included from ./score/mw/com/impl/bindings/lola/i_runtime.h:20:
2026-10-07T14:53:19.2793993Z In file included from ./score/mw/com/impl/i_binding_runtime.h:17:
2026-10-07T14:53:19.2794882Z In file included from ./score/mw/com/impl/i_service_discovery_client.h:16:
2026-10-07T14:53:19.2795841Z In file included from ./score/mw/com/impl/enriched_instance_identifier.h:17:
2026-10-07T14:53:19.2796638Z In file included from ./score/mw/com/impl/handle_type.h:18:
2026-10-07T14:53:19.2797657Z In file included from ./score/mw/com/impl/instance_identifier.h:16:
2026-10-07T14:53:19.2799434Z ./score/mw/com/impl/com_error.h:186:65: warning: 'kServiceInstanceAlreadyOffered' is deprecated: Value has never been used. Calls to OfferService shall be idempotent. [-Wdeprecated-declarations]
2026-10-07T14:53:19.2801011Z   186 |             case static_cast<score::result::ErrorCode>(ComErrc::kServiceInstanceAlreadyOffered):
2026-10-07T14:53:19.2801878Z       |                                                                 ^
2026-10-07T14:53:19.2803299Z ./score/mw/com/impl/com_error.h:58:11: note: 'kServiceInstanceAlreadyOffered' has been explicitly marked deprecated here
2026-10-07T14:53:19.2804635Z    58 |         [[deprecated("Value has never been used. Calls to OfferService shall be idempotent.")]],
2026-10-07T14:53:19.2805272Z       |           ^
2026-10-07T14:53:19.2805599Z 1 warning generated.
2026-10-07T14:53:19.8746774Z INFO: From Compiling score/mw/com/impl/plumbing/i_proxy_field_binding_factory.cpp:
2026-10-07T14:53:19.8754949Z In file included from score/mw/com/impl/plumbing/i_proxy_field_binding_factory.cpp:13:
2026-10-07T14:53:19.8788057Z In file included from ./score/mw/com/impl/plumbing/i_proxy_field_binding_factory.h:16:
2026-10-07T14:53:19.8825603Z In file included from ./score/mw/com/impl/handle_type.h:18:
2026-10-07T14:53:19.8854198Z In file included from ./score/mw/com/impl/instance_identifier.h:16:
2026-10-07T14:53:19.8873196Z ./score/mw/com/impl/com_error.h:186:65: warning: 'kServiceInstanceAlreadyOffered' is deprecated: Value has never been used. Calls to OfferService shall be idempotent. [-Wdeprecated-declarations]
2026-10-07T14:53:19.8882482Z   186 |             case static_cast<score::result::ErrorCode>(ComErrc::kServiceInstanceAlreadyOffered):
2026-10-07T14:53:19.8883896Z       |                                                                 ^
2026-10-07T14:53:19.8885309Z ./score/mw/com/impl/com_error.h:58:11: note: 'kServiceInstanceAlreadyOffered' has been explicitly marked deprecated here
2026-10-07T14:53:19.8886794Z    58 |         [[deprecated("Value has never been used. Calls to OfferService shall be idempotent.")]],
2026-10-07T14:53:19.8887566Z       |           ^
2026-10-07T14:53:19.8888018Z 1 warning generated.
2026-10-07T14:53:20.2018116Z INFO: From Compiling score/mw/com/impl/plumbing/skeleton_field_binding_factory.cpp:
2026-10-07T14:53:20.2020763Z In file included from score/mw/com/impl/plumbing/skeleton_field_binding_factory.cpp:13:
2026-10-07T14:53:20.2022219Z In file included from ./score/mw/com/impl/plumbing/skeleton_field_binding_factory.h:17:
2026-10-07T14:53:20.2023346Z In file included from ./score/mw/com/impl/bindings/lola/skeleton_event.h:21:
2026-10-07T14:53:20.2024403Z In file included from ./score/mw/com/impl/bindings/lola/skeleton.h:32:
2026-10-07T14:53:20.2025679Z In file included from ./score/mw/com/impl/bindings/lola/skeleton_memory_manager.h:20:
2026-10-07T14:53:20.2029070Z In file included from ./score/mw/com/impl/bindings/lola/service_data_storage.h:20:
2026-10-07T14:53:20.2030025Z In file included from ./score/mw/com/impl/bindings/lola/i_runtime.h:20:
2026-10-07T14:53:20.2030863Z In file included from ./score/mw/com/impl/i_binding_runtime.h:17:
2026-10-07T14:53:20.2031730Z In file included from ./score/mw/com/impl/i_service_discovery_client.h:16:
2026-10-07T14:53:20.2032922Z In file included from ./score/mw/com/impl/enriched_instance_identifier.h:17:
2026-10-07T14:53:20.2033732Z In file included from ./score/mw/com/impl/handle_type.h:18:
2026-10-07T14:53:20.2034497Z In file included from ./score/mw/com/impl/instance_identifier.h:16:
2026-10-07T14:53:20.2036145Z ./score/mw/com/impl/com_error.h:186:65: warning: 'kServiceInstanceAlreadyOffered' is deprecated: Value has never been used. Calls to OfferService shall be idempotent. [-Wdeprecated-declarations]
2026-10-07T14:53:20.2037672Z   186 |             case static_cast<score::result::ErrorCode>(ComErrc::kServiceInstanceAlreadyOffered):
2026-10-07T14:53:20.2038541Z       |                                                                 ^
2026-10-07T14:53:20.2039924Z ./score/mw/com/impl/com_error.h:58:11: note: 'kServiceInstanceAlreadyOffered' has been explicitly marked deprecated here
2026-10-07T14:53:20.2041213Z    58 |         [[deprecated("Value has never been used. Calls to OfferService shall be idempotent.")]],
2026-10-07T14:53:20.2042093Z       |           ^
2026-10-07T14:53:20.2042518Z 1 warning generated.
2026-10-07T14:53:22.3691229Z INFO: From Compiling score/mw/com/impl/plumbing/proxy_field_binding_factory_impl.cpp:
2026-10-07T14:53:22.3723235Z In file included from score/mw/com/impl/plumbing/proxy_field_binding_factory_impl.cpp:13:
2026-10-07T14:53:22.3753224Z In file included from ./score/mw/com/impl/plumbing/proxy_field_binding_factory_impl.h:17:
2026-10-07T14:53:22.3754527Z In file included from ./score/mw/com/impl/bindings/lola/proxy_event.h:18:
2026-10-07T14:53:22.3782908Z In file included from ./score/mw/com/impl/bindings/lola/proxy.h:24:
2026-10-07T14:53:22.3808844Z In file included from ./score/mw/com/impl/bindings/lola/proxy_method.h:17:
2026-10-07T14:53:22.3832431Z In file included from ./score/mw/com/impl/bindings/lola/i_runtime.h:20:
2026-10-07T14:53:22.3840426Z In file included from ./score/mw/com/impl/i_binding_runtime.h:17:
2026-10-07T14:53:22.3841526Z In file included from ./score/mw/com/impl/i_service_discovery_client.h:16:
2026-10-07T14:53:22.3842655Z In file included from ./score/mw/com/impl/enriched_instance_identifier.h:17:
2026-10-07T14:53:22.3843522Z In file included from ./score/mw/com/impl/handle_type.h:18:
2026-10-07T14:53:22.3844382Z In file included from ./score/mw/com/impl/instance_identifier.h:16:
2026-10-07T14:53:22.3846289Z ./score/mw/com/impl/com_error.h:186:65: warning: 'kServiceInstanceAlreadyOffered' is deprecated: Value has never been used. Calls to OfferService shall be idempotent. [-Wdeprecated-declarations]
2026-10-07T14:53:22.3849433Z   186 |             case static_cast<score::result::ErrorCode>(ComErrc::kServiceInstanceAlreadyOffered):
2026-10-07T14:53:22.3850506Z       |                                                                 ^
2026-10-07T14:53:22.3851748Z ./score/mw/com/impl/com_error.h:58:11: note: 'kServiceInstanceAlreadyOffered' has been explicitly marked deprecated here
2026-10-07T14:53:22.3853311Z    58 |         [[deprecated("Value has never been used. Calls to OfferService shall be idempotent.")]],
2026-10-07T14:53:22.3854086Z       |           ^
2026-10-07T14:53:22.3854551Z 1 warning generated.
2026-10-07T14:53:22.4463487Z INFO: From Compiling score/mw/com/impl/plumbing/proxy_field_binding_factory.cpp:
2026-10-07T14:53:22.4492348Z In file included from score/mw/com/impl/plumbing/proxy_field_binding_factory.cpp:13:
2026-10-07T14:53:22.4493438Z In file included from ./score/mw/com/impl/plumbing/proxy_field_binding_factory.h:16:
2026-10-07T14:53:22.4513128Z In file included from ./score/mw/com/impl/plumbing/i_proxy_field_binding_factory.h:16:
2026-10-07T14:53:22.4514242Z In file included from ./score/mw/com/impl/handle_type.h:18:
2026-10-07T14:53:22.4515334Z In file included from ./score/mw/com/impl/instance_identifier.h:16:
2026-10-07T14:53:22.4517298Z ./score/mw/com/impl/com_error.h:186:65: warning: 'kServiceInstanceAlreadyOffered' is deprecated: Value has never been used. Calls to OfferService shall be idempotent. [-Wdeprecated-declarations]
2026-10-07T14:53:22.4519327Z   186 |             case static_cast<score::result::ErrorCode>(ComErrc::kServiceInstanceAlreadyOffered):
2026-10-07T14:53:22.4520383Z       |                                                                 ^
2026-10-07T14:53:22.4521683Z ./score/mw/com/impl/com_error.h:58:11: note: 'kServiceInstanceAlreadyOffered' has been explicitly marked deprecated here
2026-10-07T14:53:22.4523365Z    58 |         [[deprecated("Value has never been used. Calls to OfferService shall be idempotent.")]],
2026-10-07T14:53:22.4524184Z       |           ^
2026-10-07T14:53:22.4524693Z 1 warning generated.
2026-10-07T14:53:24.0330230Z INFO: From Compiling score/mw/com/impl/skeleton_field.cpp:
2026-10-07T14:53:24.0352943Z In file included from score/mw/com/impl/skeleton_field.cpp:13:
2026-10-07T14:53:24.0382965Z In file included from ./score/mw/com/impl/skeleton_field.h:19:
2026-10-07T14:53:24.0393309Z In file included from ./score/mw/com/impl/methods/skeleton_method.h:21:
2026-10-07T14:53:24.0423115Z In file included from ./score/mw/com/impl/plumbing/skeleton_method_binding_factory.h:16:
2026-10-07T14:53:24.0442835Z In file included from ./score/mw/com/impl/instance_identifier.h:16:
2026-10-07T14:53:24.0457470Z ./score/mw/com/impl/com_error.h:186:65: warning: 'kServiceInstanceAlreadyOffered' is deprecated: Value has never been used. Calls to OfferService shall be idempotent. [-Wdeprecated-declarations]
2026-10-07T14:53:24.0459408Z   186 |             case static_cast<score::result::ErrorCode>(ComErrc::kServiceInstanceAlreadyOffered):
2026-10-07T14:53:24.0460675Z       |                                                                 ^
2026-10-07T14:53:24.0462256Z ./score/mw/com/impl/com_error.h:58:11: note: 'kServiceInstanceAlreadyOffered' has been explicitly marked deprecated here
2026-10-07T14:53:24.0463838Z    58 |         [[deprecated("Value has never been used. Calls to OfferService shall be idempotent.")]],
2026-10-07T14:53:24.0464826Z       |           ^
2026-10-07T14:53:24.0465476Z 1 warning generated.
2026-10-07T14:53:24.8195107Z INFO: From Compiling score/mw/com/impl/generic_proxy_event.cpp:
2026-10-07T14:53:24.8222820Z In file included from score/mw/com/impl/generic_proxy_event.cpp:13:
2026-10-07T14:53:24.8252775Z In file included from ./score/mw/com/impl/generic_proxy_event.h:18:
2026-10-07T14:53:24.8253738Z In file included from ./score/mw/com/impl/proxy_base.h:18:
2026-10-07T14:53:24.8282797Z In file included from ./score/mw/com/impl/handle_type.h:18:
2026-10-07T14:53:24.8312744Z In file included from ./score/mw/com/impl/instance_identifier.h:16:
2026-10-07T14:53:24.8317342Z ./score/mw/com/impl/com_error.h:186:65: warning: 'kServiceInstanceAlreadyOffered' is deprecated: Value has never been used. Calls to OfferService shall be idempotent. [-Wdeprecated-declarations]
2026-10-07T14:53:24.8343111Z   186 |             case static_cast<score::result::ErrorCode>(ComErrc::kServiceInstanceAlreadyOffered):
2026-10-07T14:53:24.8372741Z       |                                                                 ^
2026-10-07T14:53:24.8403238Z ./score/mw/com/impl/com_error.h:58:11: note: 'kServiceInstanceAlreadyOffered' has been explicitly marked deprecated here
2026-10-07T14:53:24.8411851Z    58 |         [[deprecated("Value has never been used. Calls to OfferService shall be idempotent.")]],
2026-10-07T14:53:24.8432564Z       |           ^
2026-10-07T14:53:24.8462523Z 1 warning generated.
2026-10-07T14:53:24.8484768Z [12,520 / 13,970] 120 / 514 tests; Compiling score/mw/com/impl/proxy_event.cpp; 1s disk-cache, linux-sandbox ... (4 actions, 3 running)
2026-10-07T14:53:25.5173331Z INFO: From Compiling score/mw/com/impl/proxy_event.cpp:
2026-10-07T14:53:25.5174075Z In file included from score/mw/com/impl/proxy_event.cpp:13:
2026-10-07T14:53:25.5212802Z In file included from ./score/mw/com/impl/proxy_event.h:16:
2026-10-07T14:53:25.5242792Z In file included from ./score/mw/com/impl/instance_identifier.h:16:
2026-10-07T14:53:25.5273701Z ./score/mw/com/impl/com_error.h:186:65: warning: 'kServiceInstanceAlreadyOffered' is deprecated: Value has never been used. Calls to OfferService shall be idempotent. [-Wdeprecated-declarations]
2026-10-07T14:53:25.5293229Z   186 |             case static_cast<score::result::ErrorCode>(ComErrc::kServiceInstanceAlreadyOffered):
2026-10-07T14:53:25.5325240Z       |                                                                 ^
2026-10-07T14:53:25.5353170Z ./score/mw/com/impl/com_error.h:58:11: note: 'kServiceInstanceAlreadyOffered' has been explicitly marked deprecated here
2026-10-07T14:53:25.5400969Z    58 |         [[deprecated("Value has never been used. Calls to OfferService shall be idempotent.")]],
2026-10-07T14:53:25.5401734Z       |           ^
2026-10-07T14:53:25.5422466Z 1 warning generated.
2026-10-07T14:53:26.6923172Z INFO: From Compiling score/mw/com/impl/proxy_field.cpp:
2026-10-07T14:53:26.6952781Z In file included from score/mw/com/impl/proxy_field.cpp:13:
2026-10-07T14:53:26.6982751Z In file included from ./score/mw/com/impl/proxy_field.h:19:
2026-10-07T14:53:26.7012934Z In file included from ./score/mw/com/impl/methods/proxy_method_with_in_args_and_return.h:18:
2026-10-07T14:53:26.7042800Z In file included from ./score/mw/com/impl/methods/proxy_method.h:16:
2026-10-07T14:53:26.7072788Z In file included from ./score/mw/com/impl/bindings/lola/proxy.h:24:
2026-10-07T14:53:26.7098203Z In file included from ./score/mw/com/impl/bindings/lola/proxy_method.h:17:
2026-10-07T14:53:26.7152839Z In file included from ./score/mw/com/impl/bindings/lola/i_runtime.h:20:
2026-10-07T14:53:26.7182898Z In file included from ./score/mw/com/impl/i_binding_runtime.h:17:
2026-10-07T14:53:26.7194493Z In file included from ./score/mw/com/impl/i_service_discovery_client.h:16:
2026-10-07T14:53:26.7216637Z In file included from ./score/mw/com/impl/enriched_instance_identifier.h:17:
2026-10-07T14:53:26.7242722Z In file included from ./score/mw/com/impl/handle_type.h:18:
2026-10-07T14:53:26.7272892Z In file included from ./score/mw/com/impl/instance_identifier.h:16:
2026-10-07T14:53:26.7303712Z ./score/mw/com/impl/com_error.h:186:65: warning: 'kServiceInstanceAlreadyOffered' is deprecated: Value has never been used. Calls to OfferService shall be idempotent. [-Wdeprecated-declarations]
2026-10-07T14:53:26.7305546Z   186 |             case static_cast<score::result::ErrorCode>(ComErrc::kServiceInstanceAlreadyOffered):
2026-10-07T14:53:26.7328325Z       |                                                                 ^
2026-10-07T14:53:26.7383344Z ./score/mw/com/impl/com_error.h:58:11: note: 'kServiceInstanceAlreadyOffered' has been explicitly marked deprecated here
2026-10-07T14:53:26.7413596Z    58 |         [[deprecated("Value has never been used. Calls to OfferService shall be idempotent.")]],
2026-10-07T14:53:26.7422686Z       |           ^
2026-10-07T14:53:26.7423191Z 1 warning generated.
2026-10-07T14:53:28.1784822Z INFO: From Compiling score/mw/com/impl/traits.cpp:
2026-10-07T14:53:28.1813087Z In file included from score/mw/com/impl/traits.cpp:13:
2026-10-07T14:53:28.1842925Z In file included from ./score/mw/com/impl/traits.h:16:
2026-10-07T14:53:28.1848092Z ./score/mw/com/impl/com_error.h:186:65: warning: 'kServiceInstanceAlreadyOffered' is deprecated: Value has never been used. Calls to OfferService shall be idempotent. [-Wdeprecated-declarations]
2026-10-07T14:53:28.1850828Z   186 |             case static_cast<score::result::ErrorCode>(ComErrc::kServiceInstanceAlreadyOffered):
2026-10-07T14:53:28.1852492Z       |                                                                 ^
2026-10-07T14:53:28.1853799Z ./score/mw/com/impl/com_error.h:58:11: note: 'kServiceInstanceAlreadyOffered' has been explicitly marked deprecated here
2026-10-07T14:53:28.1855183Z    58 |         [[deprecated("Value has never been used. Calls to OfferService shall be idempotent.")]],
2026-10-07T14:53:28.1855952Z       |           ^
2026-10-07T14:53:28.1856419Z 1 warning generated.
2026-10-07T14:53:28.7673580Z INFO: From Compiling score/mw/com/impl/generic_skeleton_event.cpp:
2026-10-07T14:53:28.7702951Z In file included from score/mw/com/impl/generic_skeleton_event.cpp:14:
2026-10-07T14:53:28.7721695Z ./score/mw/com/impl/com_error.h:186:65: warning: 'kServiceInstanceAlreadyOffered' is deprecated: Value has never been used. Calls to OfferService shall be idempotent. [-Wdeprecated-declarations]
2026-10-07T14:53:28.7753035Z   186 |             case static_cast<score::result::ErrorCode>(ComErrc::kServiceInstanceAlreadyOffered):
2026-10-07T14:53:28.7776828Z       |                                                                 ^
2026-10-07T14:53:28.7806294Z ./score/mw/com/impl/com_error.h:58:11: note: 'kServiceInstanceAlreadyOffered' has been explicitly marked deprecated here
2026-10-07T14:53:28.7833872Z    58 |         [[deprecated("Value has never been used. Calls to OfferService shall be idempotent.")]],
2026-10-07T14:53:28.7882636Z       |           ^
2026-10-07T14:53:28.7883350Z 1 warning generated.
2026-10-07T14:53:30.1616596Z INFO: From Compiling score/mw/com/impl/generic_skeleton.cpp:
2026-10-07T14:53:30.1633388Z In file included from score/mw/com/impl/generic_skeleton.cpp:13:
2026-10-07T14:53:30.1663040Z In file included from ./score/mw/com/impl/generic_skeleton.h:18:
2026-10-07T14:53:30.1682782Z In file included from ./score/mw/com/impl/instance_identifier.h:16:
2026-10-07T14:53:30.1684622Z ./score/mw/com/impl/com_error.h:186:65: warning: 'kServiceInstanceAlreadyOffered' is deprecated: Value has never been used. Calls to OfferService shall be idempotent. [-Wdeprecated-declarations]
2026-10-07T14:53:30.1686327Z   186 |             case static_cast<score::result::ErrorCode>(ComErrc::kServiceInstanceAlreadyOffered):
2026-10-07T14:53:30.1687189Z       |                                                                 ^
2026-10-07T14:53:30.1688339Z ./score/mw/com/impl/com_error.h:58:11: note: 'kServiceInstanceAlreadyOffered' has been explicitly marked deprecated here
2026-10-07T14:53:30.1689609Z    58 |         [[deprecated("Value has never been used. Calls to OfferService shall be idempotent.")]],
2026-10-07T14:53:30.1690213Z       |           ^
2026-10-07T14:53:30.1690533Z 1 warning generated.
2026-10-07T14:53:30.4099482Z INFO: From Compiling score/mw/com/impl/generic_proxy.cpp:
2026-10-07T14:53:30.4123344Z In file included from score/mw/com/impl/generic_proxy.cpp:14:
2026-10-07T14:53:30.4152917Z In file included from ./score/mw/com/impl/generic_proxy.h:18:
2026-10-07T14:53:30.4182881Z In file included from ./score/mw/com/impl/generic_proxy_event.h:18:
2026-10-07T14:53:30.4183658Z In file included from ./score/mw/com/impl/proxy_base.h:18:
2026-10-07T14:53:30.4203195Z In file included from ./score/mw/com/impl/handle_type.h:18:
2026-10-07T14:53:30.4232853Z In file included from ./score/mw/com/impl/instance_identifier.h:16:
2026-10-07T14:53:30.4243778Z ./score/mw/com/impl/com_error.h:186:65: warning: 'kServiceInstanceAlreadyOffered' is deprecated: Value has never been used. Calls to OfferService shall be idempotent. [-Wdeprecated-declarations]
2026-10-07T14:53:30.4283279Z   186 |             case static_cast<score::result::ErrorCode>(ComErrc::kServiceInstanceAlreadyOffered):
2026-10-07T14:53:30.4302797Z       |                                                                 ^
2026-10-07T14:53:30.4323332Z ./score/mw/com/impl/com_error.h:58:11: note: 'kServiceInstanceAlreadyOffered' has been explicitly marked deprecated here
2026-10-07T14:53:30.4343088Z    58 |         [[deprecated("Value has never been used. Calls to OfferService shall be idempotent.")]],
2026-10-07T14:53:30.4363522Z       |           ^
2026-10-07T14:53:30.4382613Z 1 warning generated.
2026-10-07T14:53:31.1533547Z INFO: From Compiling score/mw/com/test/fields/mixed_criticality/consumer_main.cpp:
2026-10-07T14:53:31.1563126Z In file included from score/mw/com/test/fields/mixed_criticality/consumer_main.cpp:13:
2026-10-07T14:53:31.1564300Z In file included from ./score/mw/com/runtime.h:24:
2026-10-07T14:53:31.1586485Z In file included from ./score/mw/com/mocking/i_runtime.h:17:
2026-10-07T14:53:31.1587338Z In file included from ./score/mw/com/types.h:24:
2026-10-07T14:53:31.1588239Z In file included from ./score/mw/com/impl/generic_proxy.h:18:
2026-10-07T14:53:31.1589249Z In file included from ./score/mw/com/impl/generic_proxy_event.h:18:
2026-10-07T14:53:31.1590102Z In file included from ./score/mw/com/impl/proxy_base.h:18:
2026-10-07T14:53:31.1591055Z In file included from ./score/mw/com/impl/handle_type.h:18:
2026-10-07T14:53:31.1592229Z In file included from ./score/mw/com/impl/instance_identifier.h:16:
2026-10-07T14:53:31.1594163Z ./score/mw/com/impl/com_error.h:186:65: warning: 'kServiceInstanceAlreadyOffered' is deprecated: Value has never been used. Calls to OfferService shall be idempotent. [-Wdeprecated-declarations]
2026-10-07T14:53:31.1595952Z   186 |             case static_cast<score::result::ErrorCode>(ComErrc::kServiceInstanceAlreadyOffered):
2026-10-07T14:53:31.1597516Z       |                                                                 ^
2026-10-07T14:53:31.1598876Z ./score/mw/com/impl/com_error.h:58:11: note: 'kServiceInstanceAlreadyOffered' has been explicitly marked deprecated here
2026-10-07T14:53:31.1600398Z    58 |         [[deprecated("Value has never been used. Calls to OfferService shall be idempotent.")]],
2026-10-07T14:53:31.1601242Z       |           ^
2026-10-07T14:53:31.1601723Z 1 warning generated.
2026-10-07T14:53:34.7293379Z INFO: From Compiling score/mw/com/impl/tracing/skeleton_tracing_test.cpp:
2026-10-07T14:53:34.7353060Z In file included from score/mw/com/impl/tracing/skeleton_tracing_test.cpp:13:
2026-10-07T14:53:34.7412960Z In file included from ./score/mw/com/impl/tracing/skeleton_tracing.h:21:
2026-10-07T14:53:34.7442813Z In file included from ./score/mw/com/impl/instance_identifier.h:16:
2026-10-07T14:53:34.7444670Z ./score/mw/com/impl/com_error.h:186:65: warning: 'kServiceInstanceAlreadyOffered' is deprecated: Value has never been used. Calls to OfferService shall be idempotent. [-Wdeprecated-declarations]
2026-10-07T14:53:34.7473107Z   186 |             case static_cast<score::result::ErrorCode>(ComErrc::kServiceInstanceAlreadyOffered):
2026-10-07T14:53:34.7502593Z       |                                                                 ^
2026-10-07T14:53:34.7533045Z ./score/mw/com/impl/com_error.h:58:11: note: 'kServiceInstanceAlreadyOffered' has been explicitly marked deprecated here
2026-10-07T14:53:34.7563036Z    58 |         [[deprecated("Value has never been used. Calls to OfferService shall be idempotent.")]],
2026-10-07T14:53:34.7582410Z       |           ^
2026-10-07T14:53:34.7602757Z 1 warning generated.
2026-10-07T14:53:35.4197818Z [12,566 / 13,978] 120 / 514 tests; Compiling score/mw/com/impl/bindings/lola/test/skeleton_event_test_resources.cpp; 5s disk-cache, linux-sandbox ... (4 actions, 3 running)
2026-10-07T14:53:35.6023625Z INFO: From Compiling score/mw/com/test/fields/mixed_criticality/consumer.cpp:
2026-10-07T14:53:35.6053210Z In file included from score/mw/com/test/fields/mixed_criticality/consumer.cpp:17:
2026-10-07T14:53:35.6063087Z In file included from ./score/mw/com/test/common_test_resources/proxy_container.h:17:
2026-10-07T14:53:35.6092623Z In file included from ./score/mw/com/types.h:24:
2026-10-07T14:53:35.6122815Z In file included from ./score/mw/com/impl/generic_proxy.h:18:
2026-10-07T14:53:35.6148798Z In file included from ./score/mw/com/impl/generic_proxy_event.h:18:
2026-10-07T14:53:35.6149691Z In file included from ./score/mw/com/impl/proxy_base.h:18:
2026-10-07T14:53:35.6172906Z In file included from ./score/mw/com/impl/handle_type.h:18:
2026-10-07T14:53:35.6202969Z In file included from ./score/mw/com/impl/instance_identifier.h:16:
2026-10-07T14:53:35.6226138Z ./score/mw/com/impl/com_error.h:186:65: warning: 'kServiceInstanceAlreadyOffered' is deprecated: Value has never been used. Calls to OfferService shall be idempotent. [-Wdeprecated-declarations]
2026-10-07T14:53:35.6263035Z   186 |             case static_cast<score::result::ErrorCode>(ComErrc::kServiceInstanceAlreadyOffered):
2026-10-07T14:53:35.6264159Z       |                                                                 ^
2026-10-07T14:53:35.6293291Z ./score/mw/com/impl/com_error.h:58:11: note: 'kServiceInstanceAlreadyOffered' has been explicitly marked deprecated here
2026-10-07T14:53:35.6316124Z    58 |         [[deprecated("Value has never been used. Calls to OfferService shall be idempotent.")]],
2026-10-07T14:53:35.6352499Z       |           ^
2026-10-07T14:53:35.6353069Z 1 warning generated.
2026-10-07T14:53:39.0013637Z INFO: From Compiling score/mw/com/test/fields/mixed_criticality/provider_main.cpp:
2026-10-07T14:53:39.0073250Z In file included from score/mw/com/test/fields/mixed_criticality/provider_main.cpp:14:
2026-10-07T14:53:39.0122743Z In file included from ./score/mw/com/runtime.h:24:
2026-10-07T14:53:39.0132663Z In file included from ./score/mw/com/mocking/i_runtime.h:17:
2026-10-07T14:53:39.0162688Z In file included from ./score/mw/com/types.h:24:
2026-10-07T14:53:39.0163423Z In file included from ./score/mw/com/impl/generic_proxy.h:18:
2026-10-07T14:53:39.0164230Z In file included from ./score/mw/com/impl/generic_proxy_event.h:18:
2026-10-07T14:53:39.0165000Z In file included from ./score/mw/com/impl/proxy_base.h:18:
2026-10-07T14:53:39.0165734Z In file included from ./score/mw/com/impl/handle_type.h:18:
2026-10-07T14:53:39.0166510Z In file included from ./score/mw/com/impl/instance_identifier.h:16:
2026-10-07T14:53:39.0168277Z ./score/mw/com/impl/com_error.h:186:65: warning: 'kServiceInstanceAlreadyOffered' is deprecated: Value has never been used. Calls to OfferService shall be idempotent. [-Wdeprecated-declarations]
2026-10-07T14:53:39.0169967Z   186 |             case static_cast<score::result::ErrorCode>(ComErrc::kServiceInstanceAlreadyOffered):
2026-10-07T14:53:39.0170833Z       |                                                                 ^
2026-10-07T14:53:39.0172134Z ./score/mw/com/impl/com_error.h:58:11: note: 'kServiceInstanceAlreadyOffered' has been explicitly marked deprecated here
2026-10-07T14:53:39.0173380Z    58 |         [[deprecated("Value has never been used. Calls to OfferService shall be idempotent.")]],
2026-10-07T14:53:39.0174015Z       |           ^
2026-10-07T14:53:39.0174345Z 1 warning generated.
2026-10-07T14:53:39.9518690Z INFO: From Compiling score/mw/com/impl/bindings/lola/test/skeleton_event_test_resources.cpp:
2026-10-07T14:53:39.9543287Z In file included from score/mw/com/impl/bindings/lola/test/skeleton_event_test_resources.cpp:13:
2026-10-07T14:53:39.9572443Z In file included from ./score/mw/com/impl/bindings/lola/test/skeleton_event_test_resources.h:17:
2026-10-07T14:53:39.9602873Z In file included from ./score/mw/com/impl/bindings/lola/skeleton_event.h:21:
2026-10-07T14:53:39.9604721Z In file included from ./score/mw/com/impl/bindings/lola/skeleton.h:32:
2026-10-07T14:53:39.9633099Z In file included from ./score/mw/com/impl/bindings/lola/skeleton_memory_manager.h:20:
2026-10-07T14:53:39.9662845Z In file included from ./score/mw/com/impl/bindings/lola/service_data_storage.h:20:
2026-10-07T14:53:39.9682207Z In file included from ./score/mw/com/impl/bindings/lola/i_runtime.h:20:
2026-10-07T14:53:39.9692744Z In file included from ./score/mw/com/impl/i_binding_runtime.h:17:
2026-10-07T14:53:39.9712959Z In file included from ./score/mw/com/impl/i_service_discovery_client.h:16:
2026-10-07T14:53:39.9742965Z In file included from ./score/mw/com/impl/enriched_instance_identifier.h:17:
2026-10-07T14:53:39.9772841Z In file included from ./score/mw/com/impl/handle_type.h:18:
2026-10-07T14:53:39.9802839Z In file included from ./score/mw/com/impl/instance_identifier.h:16:
2026-10-07T14:53:39.9805033Z ./score/mw/com/impl/com_error.h:186:65: warning: 'kServiceInstanceAlreadyOffered' is deprecated: Value has never been used. Calls to OfferService shall be idempotent. [-Wdeprecated-declarations]
2026-10-07T14:53:39.9833014Z   186 |             case static_cast<score::result::ErrorCode>(ComErrc::kServiceInstanceAlreadyOffered):
2026-10-07T14:53:39.9855934Z       |                                                                 ^
2026-10-07T14:53:39.9879249Z ./score/mw/com/impl/com_error.h:58:11: note: 'kServiceInstanceAlreadyOffered' has been explicitly marked deprecated here
2026-10-07T14:53:39.9923081Z    58 |         [[deprecated("Value has never been used. Calls to OfferService shall be idempotent.")]],
2026-10-07T14:53:39.9952481Z       |           ^
2026-10-07T14:53:40.0012576Z 1 warning generated.
2026-10-07T14:53:42.4064370Z INFO: From Compiling score/mw/com/impl/bindings/lola/proxy_event_get_new_samples_test.cpp:
2026-10-07T14:53:42.4065906Z In file included from score/mw/com/impl/bindings/lola/proxy_event_get_new_samples_test.cpp:14:
2026-10-07T14:53:42.4093352Z In file included from ./score/mw/com/impl/bindings/lola/proxy_event.h:18:
2026-10-07T14:53:42.4123001Z In file included from ./score/mw/com/impl/bindings/lola/proxy.h:24:
2026-10-07T14:53:42.4152981Z In file included from ./score/mw/com/impl/bindings/lola/proxy_method.h:17:
2026-10-07T14:53:42.4154124Z In file included from ./score/mw/com/impl/bindings/lola/i_runtime.h:20:
2026-10-07T14:53:42.4178840Z In file included from ./score/mw/com/impl/i_binding_runtime.h:17:
2026-10-07T14:53:42.4202958Z In file included from ./score/mw/com/impl/i_service_discovery_client.h:16:
2026-10-07T14:53:42.4233038Z In file included from ./score/mw/com/impl/enriched_instance_identifier.h:17:
2026-10-07T14:53:42.4262797Z In file included from ./score/mw/com/impl/handle_type.h:18:
2026-10-07T14:53:42.4263797Z In file included from ./score/mw/com/impl/instance_identifier.h:16:
2026-10-07T14:53:42.4294101Z ./score/mw/com/impl/com_error.h:186:65: warning: 'kServiceInstanceAlreadyOffered' is deprecated: Value has never been used. Calls to OfferService shall be idempotent. [-Wdeprecated-declarations]
2026-10-07T14:53:42.4323250Z   186 |             case static_cast<score::result::ErrorCode>(ComErrc::kServiceInstanceAlreadyOffered):
2026-10-07T14:53:42.4352772Z       |                                                                 ^
2026-10-07T14:53:42.4354248Z ./score/mw/com/impl/com_error.h:58:11: note: 'kServiceInstanceAlreadyOffered' has been explicitly marked deprecated here
2026-10-07T14:53:42.4383159Z    58 |         [[deprecated("Value has never been used. Calls to OfferService shall be idempotent.")]],
2026-10-07T14:53:42.4400068Z       |           ^
2026-10-07T14:53:42.4400599Z 1 warning generated.
2026-10-07T14:53:43.2793599Z INFO: From Compiling score/mw/com/test/fields/mixed_criticality/provider.cpp:
2026-10-07T14:53:43.2794746Z In file included from score/mw/com/test/fields/mixed_criticality/provider.cpp:17:
2026-10-07T14:53:43.2795824Z In file included from ./score/mw/com/test/common_test_resources/skeleton_container.h:17:
2026-10-07T14:53:43.2796911Z In file included from ./score/mw/com/types.h:24:
2026-10-07T14:53:43.2797648Z In file included from ./score/mw/com/impl/generic_proxy.h:18:
2026-10-07T14:53:43.2798437Z In file included from ./score/mw/com/impl/generic_proxy_event.h:18:
2026-10-07T14:53:43.2799164Z In file included from ./score/mw/com/impl/proxy_base.h:18:
2026-10-07T14:53:43.2799838Z In file included from ./score/mw/com/impl/handle_type.h:18:
2026-10-07T14:53:43.2800548Z In file included from ./score/mw/com/impl/instance_identifier.h:16:
2026-10-07T14:53:43.2802173Z ./score/mw/com/impl/com_error.h:186:65: warning: 'kServiceInstanceAlreadyOffered' is deprecated: Value has never been used. Calls to OfferService shall be idempotent. [-Wdeprecated-declarations]
2026-10-07T14:53:43.2803582Z   186 |             case static_cast<score::result::ErrorCode>(ComErrc::kServiceInstanceAlreadyOffered):
2026-10-07T14:53:43.2804306Z       |                                                                 ^
2026-10-07T14:53:43.2805355Z ./score/mw/com/impl/com_error.h:58:11: note: 'kServiceInstanceAlreadyOffered' has been explicitly marked deprecated here
2026-10-07T14:53:43.2806464Z    58 |         [[deprecated("Value has never been used. Calls to OfferService shall be idempotent.")]],
2026-10-07T14:53:43.2807101Z       |           ^
2026-10-07T14:53:43.2807408Z 1 warning generated.
2026-10-07T14:53:44.9937412Z INFO: From Compiling score/mw/com/impl/bindings/lola/skeleton_event_tracing_test.cpp:
2026-10-07T14:53:44.9969903Z In file included from score/mw/com/impl/bindings/lola/skeleton_event_tracing_test.cpp:13:
2026-10-07T14:53:45.0001591Z In file included from ./score/mw/com/impl/tracing/skeleton_event_tracing.h:22:
2026-10-07T14:53:45.0002973Z In file included from ./score/mw/com/impl/instance_identifier.h:16:
2026-10-07T14:53:45.0035851Z ./score/mw/com/impl/com_error.h:186:65: warning: 'kServiceInstanceAlreadyOffered' is deprecated: Value has never been used. Calls to OfferService shall be idempotent. [-Wdeprecated-declarations]
2026-10-07T14:53:45.0063055Z   186 |             case static_cast<score::result::ErrorCode>(ComErrc::kServiceInstanceAlreadyOffered):
2026-10-07T14:53:45.0092660Z       |                                                                 ^
2026-10-07T14:53:45.0113129Z ./score/mw/com/impl/com_error.h:58:11: note: 'kServiceInstanceAlreadyOffered' has been explicitly marked deprecated here
2026-10-07T14:53:45.0137789Z    58 |         [[deprecated("Value has never been used. Calls to OfferService shall be idempotent.")]],
2026-10-07T14:53:45.0160161Z       |           ^
2026-10-07T14:53:45.0182648Z 1 warning generated.
2026-10-07T14:53:45.0901521Z INFO: From Compiling score/mw/com/impl/plumbing/skeleton_method_binding_factory_mock.cpp:
2026-10-07T14:53:45.0924631Z In file included from score/mw/com/impl/plumbing/skeleton_method_binding_factory_mock.cpp:13:
2026-10-07T14:53:45.0933622Z In file included from ./score/mw/com/impl/plumbing/skeleton_method_binding_factory_mock.h:16:
2026-10-07T14:53:45.0934925Z In file included from ./score/mw/com/impl/plumbing/i_skeleton_method_binding_factory.h:16:
2026-10-07T14:53:45.0935974Z In file included from ./score/mw/com/impl/handle_type.h:18:
2026-10-07T14:53:45.0936886Z In file included from ./score/mw/com/impl/instance_identifier.h:16:
2026-10-07T14:53:45.0938767Z ./score/mw/com/impl/com_error.h:186:65: warning: 'kServiceInstanceAlreadyOffered' is deprecated: Value has never been used. Calls to OfferService shall be idempotent. [-Wdeprecated-declarations]
2026-10-07T14:53:45.0940597Z   186 |             case static_cast<score::result::ErrorCode>(ComErrc::kServiceInstanceAlreadyOffered):
2026-10-07T14:53:45.0941597Z       |                                                                 ^
2026-10-07T14:53:45.0943030Z ./score/mw/com/impl/com_error.h:58:11: note: 'kServiceInstanceAlreadyOffered' has been explicitly marked deprecated here
2026-10-07T14:53:45.0944454Z    58 |         [[deprecated("Value has never been used. Calls to OfferService shall be idempotent.")]],
2026-10-07T14:53:45.0945496Z       |           ^
2026-10-07T14:53:45.0945950Z 1 warning generated.
2026-10-07T14:53:45.6484066Z [12,583 / 13,981] 120 / 514 tests; Compiling score/mw/com/impl/bindings/lola/proxy_method_handling_test.cpp; 3s disk-cache, linux-sandbox ... (4 actions, 3 running)
2026-10-07T14:53:46.1451191Z INFO: From Compiling score/mw/com/test/fields/mixed_criticality/common_resources.cpp:
2026-10-07T14:53:46.1473191Z In file included from score/mw/com/test/fields/mixed_criticality/common_resources.cpp:13:
2026-10-07T14:53:46.1493208Z In file included from ./score/mw/com/test/fields/mixed_criticality/common_resources.h:16:
2026-10-07T14:53:46.1522533Z In file included from ./score/mw/com/types.h:24:
2026-10-07T14:53:46.1552622Z In file included from ./score/mw/com/impl/generic_proxy.h:18:
2026-10-07T14:53:46.1562688Z In file included from ./score/mw/com/impl/generic_proxy_event.h:18:
2026-10-07T14:53:46.1582748Z In file included from ./score/mw/com/impl/proxy_base.h:18:
2026-10-07T14:53:46.1583537Z In file included from ./score/mw/com/impl/handle_type.h:18:
2026-10-07T14:53:46.1584371Z In file included from ./score/mw/com/impl/instance_identifier.h:16:
2026-10-07T14:53:46.1586263Z ./score/mw/com/impl/com_error.h:186:65: warning: 'kServiceInstanceAlreadyOffered' is deprecated: Value has never been used. Calls to OfferService shall be idempotent. [-Wdeprecated-declarations]
2026-10-07T14:53:46.1587988Z   186 |             case static_cast<score::result::ErrorCode>(ComErrc::kServiceInstanceAlreadyOffered):
2026-10-07T14:53:46.1588869Z       |                                                                 ^
2026-10-07T14:53:46.1590086Z ./score/mw/com/impl/com_error.h:58:11: note: 'kServiceInstanceAlreadyOffered' has been explicitly marked deprecated here
2026-10-07T14:53:46.1591406Z    58 |         [[deprecated("Value has never been used. Calls to OfferService shall be idempotent.")]],
2026-10-07T14:53:46.1592197Z       |           ^
2026-10-07T14:53:46.1592537Z 1 warning generated.
2026-10-07T14:53:47.5127964Z INFO: From Compiling score/mw/com/impl/plumbing/skeleton_field_binding_factory_mock.cpp:
2026-10-07T14:53:47.5152993Z In file included from score/mw/com/impl/plumbing/skeleton_field_binding_factory_mock.cpp:13:
2026-10-07T14:53:47.5173115Z In file included from ./score/mw/com/impl/plumbing/skeleton_field_binding_factory_mock.h:16:
2026-10-07T14:53:47.5183054Z In file included from ./score/mw/com/impl/plumbing/i_skeleton_field_binding_factory.h:17:
2026-10-07T14:53:47.5212913Z In file included from ./score/mw/com/impl/instance_identifier.h:16:
2026-10-07T14:53:47.5238879Z ./score/mw/com/impl/com_error.h:186:65: warning: 'kServiceInstanceAlreadyOffered' is deprecated: Value has never been used. Calls to OfferService shall be idempotent. [-Wdeprecated-declarations]
2026-10-07T14:53:47.5263064Z   186 |             case static_cast<score::result::ErrorCode>(ComErrc::kServiceInstanceAlreadyOffered):
2026-10-07T14:53:47.5293120Z       |                                                                 ^
2026-10-07T14:53:47.5303378Z ./score/mw/com/impl/com_error.h:58:11: note: 'kServiceInstanceAlreadyOffered' has been explicitly marked deprecated here
2026-10-07T14:53:47.5323492Z    58 |         [[deprecated("Value has never been used. Calls to OfferService shall be idempotent.")]],
2026-10-07T14:53:47.5352461Z       |           ^
2026-10-07T14:53:47.5382613Z 1 warning generated.
2026-10-07T14:53:47.8722846Z INFO: From Compiling score/mw/com/impl/plumbing/skeleton_event_binding_factory_mock.cpp:
2026-10-07T14:53:47.8753765Z In file included from score/mw/com/impl/plumbing/skeleton_event_binding_factory_mock.cpp:13:
2026-10-07T14:53:47.8783136Z In file included from ./score/mw/com/impl/plumbing/skeleton_event_binding_factory_mock.h:16:
2026-10-07T14:53:47.8801824Z In file included from ./score/mw/com/impl/plumbing/i_skeleton_event_binding_factory.h:16:
2026-10-07T14:53:47.8812855Z In file included from ./score/mw/com/impl/instance_identifier.h:16:
2026-10-07T14:53:47.8840375Z ./score/mw/com/impl/com_error.h:186:65: warning: 'kServiceInstanceAlreadyOffered' is deprecated: Value has never been used. Calls to OfferService shall be idempotent. [-Wdeprecated-declarations]
2026-10-07T14:53:47.8873294Z   186 |             case static_cast<score::result::ErrorCode>(ComErrc::kServiceInstanceAlreadyOffered):
2026-10-07T14:53:47.8902791Z       |                                                                 ^
2026-10-07T14:53:47.8904252Z ./score/mw/com/impl/com_error.h:58:11: note: 'kServiceInstanceAlreadyOffered' has been explicitly marked deprecated here
2026-10-07T14:53:47.8933127Z    58 |         [[deprecated("Value has never been used. Calls to OfferService shall be idempotent.")]],
2026-10-07T14:53:47.8962472Z       |           ^
2026-10-07T14:53:47.8992626Z 1 warning generated.
2026-10-07T14:53:48.9168270Z INFO: From Compiling score/mw/com/test/fields/mixed_criticality/datatypes/mixed_criticality_fields.cpp:
2026-10-07T14:53:48.9195183Z In file included from score/mw/com/test/fields/mixed_criticality/datatypes/mixed_criticality_fields.cpp:14:
2026-10-07T14:53:48.9223274Z In file included from ./score/mw/com/test/fields/mixed_criticality/datatypes/mixed_criticality_fields.h:16:
2026-10-07T14:53:48.9224214Z In file included from ./score/mw/com/types.h:24:
2026-10-07T14:53:48.9252760Z In file included from ./score/mw/com/impl/generic_proxy.h:18:
2026-10-07T14:53:48.9253577Z In file included from ./score/mw/com/impl/generic_proxy_event.h:18:
2026-10-07T14:53:48.9254327Z In file included from ./score/mw/com/impl/proxy_base.h:18:
2026-10-07T14:53:48.9255025Z In file included from ./score/mw/com/impl/handle_type.h:18:
2026-10-07T14:53:48.9255801Z In file included from ./score/mw/com/impl/instance_identifier.h:16:
2026-10-07T14:53:48.9257665Z ./score/mw/com/impl/com_error.h:186:65: warning: 'kServiceInstanceAlreadyOffered' is deprecated: Value has never been used. Calls to OfferService shall be idempotent. [-Wdeprecated-declarations]
2026-10-07T14:53:48.9259345Z   186 |             case static_cast<score::result::ErrorCode>(ComErrc::kServiceInstanceAlreadyOffered):
2026-10-07T14:53:48.9260227Z       |                                                                 ^
2026-10-07T14:53:48.9261371Z ./score/mw/com/impl/com_error.h:58:11: note: 'kServiceInstanceAlreadyOffered' has been explicitly marked deprecated here
2026-10-07T14:53:48.9263160Z    58 |         [[deprecated("Value has never been used. Calls to OfferService shall be idempotent.")]],
2026-10-07T14:53:48.9263857Z       |           ^
2026-10-07T14:53:48.9264223Z 1 warning generated.
2026-10-07T14:53:49.6408382Z INFO: From Compiling score/mw/com/impl/plumbing/skeleton_binding_factory_mock.cpp:
2026-10-07T14:53:49.6435647Z In file included from score/mw/com/impl/plumbing/skeleton_binding_factory_mock.cpp:13:
2026-10-07T14:53:49.6462968Z In file included from ./score/mw/com/impl/plumbing/skeleton_binding_factory_mock.h:16:
2026-10-07T14:53:49.6464045Z In file included from ./score/mw/com/impl/plumbing/i_skeleton_binding_factory.h:16:
2026-10-07T14:53:49.6464946Z In file included from ./score/mw/com/impl/instance_identifier.h:16:
2026-10-07T14:53:49.6466683Z ./score/mw/com/impl/com_error.h:186:65: warning: 'kServiceInstanceAlreadyOffered' is deprecated: Value has never been used. Calls to OfferService shall be idempotent. [-Wdeprecated-declarations]
2026-10-07T14:53:49.6468321Z   186 |             case static_cast<score::result::ErrorCode>(ComErrc::kServiceInstanceAlreadyOffered):
2026-10-07T14:53:49.6469176Z       |                                                                 ^
2026-10-07T14:53:49.6470314Z ./score/mw/com/impl/com_error.h:58:11: note: 'kServiceInstanceAlreadyOffered' has been explicitly marked deprecated here
2026-10-07T14:53:49.6471559Z    58 |         [[deprecated("Value has never been used. Calls to OfferService shall be idempotent.")]],
2026-10-07T14:53:49.6472885Z       |           ^
2026-10-07T14:53:49.6473173Z 1 warning generated.
2026-10-07T14:53:50.0843548Z INFO: From Compiling score/mw/com/impl/plumbing/proxy_method_binding_factory_mock.cpp:
2026-10-07T14:53:50.0845088Z In file included from score/mw/com/impl/plumbing/proxy_method_binding_factory_mock.cpp:13:
2026-10-07T14:53:50.0872941Z In file included from ./score/mw/com/impl/plumbing/proxy_method_binding_factory_mock.h:16:
2026-10-07T14:53:50.0902690Z In file included from ./score/mw/com/impl/handle_type.h:18:
2026-10-07T14:53:50.0932798Z In file included from ./score/mw/com/impl/instance_identifier.h:16:
2026-10-07T14:53:50.0963609Z ./score/mw/com/impl/com_error.h:186:65: warning: 'kServiceInstanceAlreadyOffered' is deprecated: Value has never been used. Calls to OfferService shall be idempotent. [-Wdeprecated-declarations]
2026-10-07T14:53:50.0983087Z   186 |             case static_cast<score::result::ErrorCode>(ComErrc::kServiceInstanceAlreadyOffered):
2026-10-07T14:53:50.1012755Z       |                                                                 ^
2026-10-07T14:53:50.1023176Z ./score/mw/com/impl/com_error.h:58:11: note: 'kServiceInstanceAlreadyOffered' has been explicitly marked deprecated here
2026-10-07T14:53:50.1043283Z    58 |         [[deprecated("Value has never been used. Calls to OfferService shall be idempotent.")]],
2026-10-07T14:53:50.1072542Z       |           ^
2026-10-07T14:53:50.1102572Z 1 warning generated.
2026-10-07T14:53:51.9549652Z INFO: From Compiling score/mw/com/impl/plumbing/proxy_field_binding_factory_mock.cpp:
2026-10-07T14:53:51.9573170Z In file included from score/mw/com/impl/plumbing/proxy_field_binding_factory_mock.cpp:13:
2026-10-07T14:53:51.9602877Z In file included from ./score/mw/com/impl/plumbing/proxy_field_binding_factory_mock.h:16:
2026-10-07T14:53:51.9606911Z In file included from ./score/mw/com/impl/plumbing/i_proxy_field_binding_factory.h:16:
2026-10-07T14:53:51.9635931Z In file included from ./score/mw/com/impl/handle_type.h:18:
2026-10-07T14:53:51.9662816Z In file included from ./score/mw/com/impl/instance_identifier.h:16:
2026-10-07T14:53:51.9692701Z ./score/mw/com/impl/com_error.h:186:65: warning: 'kServiceInstanceAlreadyOffered' is deprecated: Value has never been used. Calls to OfferService shall be idempotent. [-Wdeprecated-declarations]
2026-10-07T14:53:51.9700273Z   186 |             case static_cast<score::result::ErrorCode>(ComErrc::kServiceInstanceAlreadyOffered):
2026-10-07T14:53:51.9716663Z       |                                                                 ^
2026-10-07T14:53:51.9718154Z ./score/mw/com/impl/com_error.h:58:11: note: 'kServiceInstanceAlreadyOffered' has been explicitly marked deprecated here
2026-10-07T14:53:51.9719690Z    58 |         [[deprecated("Value has never been used. Calls to OfferService shall be idempotent.")]],
2026-10-07T14:53:51.9720515Z       |           ^
2026-10-07T14:53:51.9720997Z 1 warning generated.
2026-10-07T14:53:52.4583760Z INFO: From Compiling score/mw/com/impl/plumbing/proxy_event_binding_factory_mock.cpp:
2026-10-07T14:53:52.4613252Z In file included from score/mw/com/impl/plumbing/proxy_event_binding_factory_mock.cpp:13:
2026-10-07T14:53:52.4623127Z In file included from ./score/mw/com/impl/plumbing/proxy_event_binding_factory_mock.h:16:
2026-10-07T14:53:52.4652916Z In file included from ./score/mw/com/impl/plumbing/i_proxy_event_binding_factory.h:17:
2026-10-07T14:53:52.4653717Z In file included from ./score/mw/com/impl/handle_type.h:18:
2026-10-07T14:53:52.4654441Z In file included from ./score/mw/com/impl/instance_identifier.h:16:
2026-10-07T14:53:52.4656035Z ./score/mw/com/impl/com_error.h:186:65: warning: 'kServiceInstanceAlreadyOffered' is deprecated: Value has never been used. Calls to OfferService shall be idempotent. [-Wdeprecated-declarations]
2026-10-07T14:53:52.4657516Z   186 |             case static_cast<score::result::ErrorCode>(ComErrc::kServiceInstanceAlreadyOffered):
2026-10-07T14:53:52.4658277Z       |                                                                 ^
2026-10-07T14:53:52.4659296Z ./score/mw/com/impl/com_error.h:58:11: note: 'kServiceInstanceAlreadyOffered' has been explicitly marked deprecated here
2026-10-07T14:53:52.4660834Z    58 |         [[deprecated("Value has never been used. Calls to OfferService shall be idempotent.")]],
2026-10-07T14:53:52.4661433Z       |           ^
2026-10-07T14:53:52.4661725Z 1 warning generated.
2026-10-07T14:53:54.1520028Z INFO: From Compiling score/mw/com/impl/plumbing/proxy_binding_factory_mock.cpp:
2026-10-07T14:53:54.1535768Z In file included from score/mw/com/impl/plumbing/proxy_binding_factory_mock.cpp:13:
2026-10-07T14:53:54.1592943Z In file included from ./score/mw/com/impl/plumbing/proxy_binding_factory_mock.h:16:
2026-10-07T14:53:54.1593989Z In file included from ./score/mw/com/impl/plumbing/i_proxy_binding_factory.h:16:
2026-10-07T14:53:54.1622967Z In file included from ./score/mw/com/impl/handle_type.h:18:
2026-10-07T14:53:54.1623969Z In file included from ./score/mw/com/impl/instance_identifier.h:16:
2026-10-07T14:53:54.1653896Z ./score/mw/com/impl/com_error.h:186:65: warning: 'kServiceInstanceAlreadyOffered' is deprecated: Value has never been used. Calls to OfferService shall be idempotent. [-Wdeprecated-declarations]
2026-10-07T14:53:54.1683213Z   186 |             case static_cast<score::result::ErrorCode>(ComErrc::kServiceInstanceAlreadyOffered):
2026-10-07T14:53:54.1712742Z       |                                                                 ^
2026-10-07T14:53:54.1713978Z ./score/mw/com/impl/com_error.h:58:11: note: 'kServiceInstanceAlreadyOffered' has been explicitly marked deprecated here
2026-10-07T14:53:54.1715282Z    58 |         [[deprecated("Value has never been used. Calls to OfferService shall be idempotent.")]],
2026-10-07T14:53:54.1715927Z       |           ^
2026-10-07T14:53:54.1716275Z 1 warning generated.
2026-10-07T14:53:55.9060245Z [12,610 / 13,983] 120 / 514 tests; Compiling score/mw/com/impl/bindings/lola/proxy_method_handling_test.cpp; 14s disk-cache, linux-sandbox ... (4 actions, 3 running)
2026-10-07T14:53:56.7573646Z INFO: From Compiling score/mw/com/impl/bindings/lola/proxy_method_handling_test.cpp:
2026-10-07T14:53:56.7613314Z In file included from score/mw/com/impl/bindings/lola/proxy_method_handling_test.cpp:15:
2026-10-07T14:53:56.7673033Z In file included from ./score/mw/com/impl/bindings/lola/proxy.h:24:
2026-10-07T14:53:56.7722976Z In file included from ./score/mw/com/impl/bindings/lola/proxy_method.h:17:
2026-10-07T14:53:56.7772918Z In file included from ./score/mw/com/impl/bindings/lola/i_runtime.h:20:
2026-10-07T14:53:56.7802762Z In file included from ./score/mw/com/impl/i_binding_runtime.h:17:
2026-10-07T14:53:56.7852959Z In file included from ./score/mw/com/impl/i_service_discovery_client.h:16:
2026-10-07T14:53:56.7942988Z In file included from ./score/mw/com/impl/enriched_instance_identifier.h:17:
2026-10-07T14:53:56.7982906Z In file included from ./score/mw/com/impl/handle_type.h:18:
2026-10-07T14:53:56.8033171Z In file included from ./score/mw/com/impl/instance_identifier.h:16:
2026-10-07T14:53:56.8047772Z ./score/mw/com/impl/com_error.h:186:65: warning: 'kServiceInstanceAlreadyOffered' is deprecated: Value has never been used. Calls to OfferService shall be idempotent. [-Wdeprecated-declarations]
2026-10-07T14:53:56.8103368Z   186 |             case static_cast<score::result::ErrorCode>(ComErrc::kServiceInstanceAlreadyOffered):
2026-10-07T14:53:56.8152806Z       |                                                                 ^
2026-10-07T14:53:56.8197474Z ./score/mw/com/impl/com_error.h:58:11: note: 'kServiceInstanceAlreadyOffered' has been explicitly marked deprecated here
2026-10-07T14:53:56.8248129Z    58 |         [[deprecated("Value has never been used. Calls to OfferService shall be idempotent.")]],
2026-10-07T14:53:56.8332556Z       |           ^
2026-10-07T14:53:56.8352596Z 1 warning generated.
2026-10-07T14:53:56.8900400Z INFO: From Compiling score/mw/com/impl/test/binding_factory_resources.cpp:
2026-10-07T14:53:56.8901735Z In file included from score/mw/com/impl/test/binding_factory_resources.cpp:13:
2026-10-07T14:53:56.8902928Z In file included from ./score/mw/com/impl/test/binding_factory_resources.h:21:
2026-10-07T14:53:56.8903771Z In file included from ./score/mw/com/impl/plumbing/proxy_binding_factory.h:16:
2026-10-07T14:53:56.8904798Z In file included from ./score/mw/com/impl/handle_type.h:18:
2026-10-07T14:53:56.8905542Z In file included from ./score/mw/com/impl/instance_identifier.h:16:
2026-10-07T14:53:56.8907194Z ./score/mw/com/impl/com_error.h:186:65: warning: 'kServiceInstanceAlreadyOffered' is deprecated: Value has never been used. Calls to OfferService shall be idempotent. [-Wdeprecated-declarations]
2026-10-07T14:53:56.8908751Z   186 |             case static_cast<score::result::ErrorCode>(ComErrc::kServiceInstanceAlreadyOffered):
2026-10-07T14:53:56.8909687Z       |                                                                 ^
2026-10-07T14:53:56.8910789Z ./score/mw/com/impl/com_error.h:58:11: note: 'kServiceInstanceAlreadyOffered' has been explicitly marked deprecated here
2026-10-07T14:53:56.8912123Z    58 |         [[deprecated("Value has never been used. Calls to OfferService shall be idempotent.")]],
2026-10-07T14:53:56.8912741Z       |           ^
2026-10-07T14:53:56.8913121Z 1 warning generated.
2026-10-07T14:53:59.6603691Z INFO: From Compiling score/mw/com/impl/test/dummy_instance_identifier_builder.cpp:
2026-10-07T14:53:59.6605200Z In file included from score/mw/com/impl/test/dummy_instance_identifier_builder.cpp:13:
2026-10-07T14:53:59.6608663Z In file included from ./score/mw/com/impl/test/dummy_instance_identifier_builder.h:19:
2026-10-07T14:53:59.6609747Z In file included from ./score/mw/com/impl/configuration/service_instance_deployment.h:17:
2026-10-07T14:53:59.6611469Z ./score/mw/com/impl/com_error.h:186:65: warning: 'kServiceInstanceAlreadyOffered' is deprecated: Value has never been used. Calls to OfferService shall be idempotent. [-Wdeprecated-declarations]
2026-10-07T14:53:59.6613077Z   186 |             case static_cast<score::result::ErrorCode>(ComErrc::kServiceInstanceAlreadyOffered):
2026-10-07T14:53:59.6613909Z       |                                                                 ^
2026-10-07T14:53:59.6615002Z ./score/mw/com/impl/com_error.h:58:11: note: 'kServiceInstanceAlreadyOffered' has been explicitly marked deprecated here
2026-10-07T14:53:59.6618709Z    58 |         [[deprecated("Value has never been used. Calls to OfferService shall be idempotent.")]],
2026-10-07T14:53:59.6619689Z       |           ^
2026-10-07T14:53:59.6620120Z 1 warning generated.
2026-10-07T14:54:02.3023475Z INFO: From Compiling score/mw/com/impl/methods/proxy_method_test.cpp:
2026-10-07T14:54:02.3062970Z In file included from score/mw/com/impl/methods/proxy_method_test.cpp:13:
2026-10-07T14:54:02.3132882Z In file included from ./score/mw/com/impl/methods/proxy_method.h:16:
2026-10-07T14:54:02.3152768Z In file included from ./score/mw/com/impl/bindings/lola/proxy.h:24:
2026-10-07T14:54:02.3212975Z In file included from ./score/mw/com/impl/bindings/lola/proxy_method.h:17:
2026-10-07T14:54:02.3272832Z In file included from ./score/mw/com/impl/bindings/lola/i_runtime.h:20:
2026-10-07T14:54:02.3302746Z In file included from ./score/mw/com/impl/i_binding_runtime.h:17:
2026-10-07T14:54:02.3353044Z In file included from ./score/mw/com/impl/i_service_discovery_client.h:16:
2026-10-07T14:54:02.3378206Z In file included from ./score/mw/com/impl/enriched_instance_identifier.h:17:
2026-10-07T14:54:02.3399696Z In file included from ./score/mw/com/impl/handle_type.h:18:
2026-10-07T14:54:02.3402732Z In file included from ./score/mw/com/impl/instance_identifier.h:16:
2026-10-07T14:54:02.3410889Z ./score/mw/com/impl/com_error.h:186:65: warning: 'kServiceInstanceAlreadyOffered' is deprecated: Value has never been used. Calls to OfferService shall be idempotent. [-Wdeprecated-declarations]
2026-10-07T14:54:02.3412817Z   186 |             case static_cast<score::result::ErrorCode>(ComErrc::kServiceInstanceAlreadyOffered):
2026-10-07T14:54:02.3413796Z       |                                                                 ^
2026-10-07T14:54:02.3417030Z ./score/mw/com/impl/com_error.h:58:11: note: 'kServiceInstanceAlreadyOffered' has been explicitly marked deprecated here
2026-10-07T14:54:02.3418713Z    58 |         [[deprecated("Value has never been used. Calls to OfferService shall be idempotent.")]],
2026-10-07T14:54:02.3419537Z       |           ^
2026-10-07T14:54:02.3420006Z 1 warning generated.
2026-10-07T14:54:06.1619382Z [12,626 / 13,989] 120 / 514 tests; Compiling score/mw/com/impl/skeleton_field_test.cpp; 8s disk-cache, linux-sandbox ... (4 actions, 3 running)
2026-10-07T14:54:08.9093605Z INFO: From Compiling score/mw/com/impl/skeleton_field_test.cpp:
2026-10-07T14:54:08.9123054Z In file included from score/mw/com/impl/skeleton_field_test.cpp:13:
2026-10-07T14:54:08.9124174Z In file included from ./score/mw/com/impl/skeleton_field.h:19:
2026-10-07T14:54:08.9152765Z In file included from ./score/mw/com/impl/methods/skeleton_method.h:21:
2026-10-07T14:54:08.9172888Z In file included from ./score/mw/com/impl/plumbing/skeleton_method_binding_factory.h:16:
2026-10-07T14:54:08.9202887Z In file included from ./score/mw/com/impl/instance_identifier.h:16:
2026-10-07T14:54:08.9213831Z ./score/mw/com/impl/com_error.h:186:65: warning: 'kServiceInstanceAlreadyOffered' is deprecated: Value has never been used. Calls to OfferService shall be idempotent. [-Wdeprecated-declarations]
2026-10-07T14:54:08.9243154Z   186 |             case static_cast<score::result::ErrorCode>(ComErrc::kServiceInstanceAlreadyOffered):
2026-10-07T14:54:08.9272779Z       |                                                                 ^
2026-10-07T14:54:08.9293447Z ./score/mw/com/impl/com_error.h:58:11: note: 'kServiceInstanceAlreadyOffered' has been explicitly marked deprecated here
2026-10-07T14:54:08.9303089Z    58 |         [[deprecated("Value has never been used. Calls to OfferService shall be idempotent.")]],
2026-10-07T14:54:08.9332630Z       |           ^
2026-10-07T14:54:08.9362660Z 1 warning generated.
2026-10-07T14:54:09.3665639Z INFO: From Compiling score/mw/com/impl/plumbing/skeleton_method_binding_factory_test.cpp:
2026-10-07T14:54:09.3677491Z In file included from score/mw/com/impl/plumbing/skeleton_method_binding_factory_test.cpp:14:
2026-10-07T14:54:09.3681175Z In file included from ./score/mw/com/impl/plumbing/skeleton_method_binding_factory.h:16:
2026-10-07T14:54:09.3682749Z In file included from ./score/mw/com/impl/instance_identifier.h:16:
2026-10-07T14:54:09.3685186Z ./score/mw/com/impl/com_error.h:186:65: warning: 'kServiceInstanceAlreadyOffered' is deprecated: Value has never been used. Calls to OfferService shall be idempotent. [-Wdeprecated-declarations]
2026-10-07T14:54:09.3706687Z   186 |             case static_cast<score::result::ErrorCode>(ComErrc::kServiceInstanceAlreadyOffered):
2026-10-07T14:54:09.3707595Z       |                                                                 ^
2026-10-07T14:54:09.3708842Z ./score/mw/com/impl/com_error.h:58:11: note: 'kServiceInstanceAlreadyOffered' has been explicitly marked deprecated here
2026-10-07T14:54:09.3719478Z    58 |         [[deprecated("Value has never been used. Calls to OfferService shall be idempotent.")]],
2026-10-07T14:54:09.3720254Z       |           ^
2026-10-07T14:54:09.3720693Z 1 warning generated.
2026-10-07T14:54:11.0073490Z INFO: From Compiling score/mw/com/impl/skeleton_event_test.cpp:
2026-10-07T14:54:11.0092997Z In file included from score/mw/com/impl/skeleton_event_test.cpp:13:
2026-10-07T14:54:11.0102905Z In file included from ./score/mw/com/impl/skeleton_event.h:16:
2026-10-07T14:54:11.0145045Z In file included from ./score/mw/com/impl/instance_identifier.h:16:
2026-10-07T14:54:11.0205981Z ./score/mw/com/impl/com_error.h:186:65: warning: 'kServiceInstanceAlreadyOffered' is deprecated: Value has never been used. Calls to OfferService shall be idempotent. [-Wdeprecated-declarations]
2026-10-07T14:54:11.0255212Z   186 |             case static_cast<score::result::ErrorCode>(ComErrc::kServiceInstanceAlreadyOffered):
2026-10-07T14:54:11.0256723Z       |                                                                 ^
2026-10-07T14:54:11.0315188Z ./score/mw/com/impl/com_error.h:58:11: note: 'kServiceInstanceAlreadyOffered' has been explicitly marked deprecated here
2026-10-07T14:54:11.0334061Z    58 |         [[deprecated("Value has never been used. Calls to OfferService shall be idempotent.")]],
2026-10-07T14:54:11.0403077Z       |           ^
2026-10-07T14:54:11.0451237Z 1 warning generated.
2026-10-07T14:54:13.5643334Z INFO: From Compiling score/mw/com/impl/test/proxy_resources.cpp:
2026-10-07T14:54:13.5673705Z In file included from score/mw/com/impl/test/proxy_resources.cpp:13:
2026-10-07T14:54:13.5687660Z In file included from ./score/mw/com/impl/test/proxy_resources.h:18:
2026-10-07T14:54:13.5712761Z In file included from ./score/mw/com/impl/proxy_field.h:19:
2026-10-07T14:54:13.5713746Z In file included from ./score/mw/com/impl/methods/proxy_method_with_in_args_and_return.h:18:
2026-10-07T14:54:13.5714734Z In file included from ./score/mw/com/impl/methods/proxy_method.h:16:
2026-10-07T14:54:13.5715517Z In file included from ./score/mw/com/impl/bindings/lola/proxy.h:24:
2026-10-07T14:54:13.5716339Z In file included from ./score/mw/com/impl/bindings/lola/proxy_method.h:17:
2026-10-07T14:54:13.5717196Z In file included from ./score/mw/com/impl/bindings/lola/i_runtime.h:20:
2026-10-07T14:54:13.5717977Z In file included from ./score/mw/com/impl/i_binding_runtime.h:17:
2026-10-07T14:54:13.5718802Z In file included from ./score/mw/com/impl/i_service_discovery_client.h:16:
2026-10-07T14:54:13.5719692Z In file included from ./score/mw/com/impl/enriched_instance_identifier.h:17:
2026-10-07T14:54:13.5720463Z In file included from ./score/mw/com/impl/handle_type.h:18:
2026-10-07T14:54:13.5721223Z In file included from ./score/mw/com/impl/instance_identifier.h:16:
2026-10-07T14:54:13.5750799Z ./score/mw/com/impl/com_error.h:186:65: warning: 'kServiceInstanceAlreadyOffered' is deprecated: Value has never been used. Calls to OfferService shall be idempotent. [-Wdeprecated-declarations]
2026-10-07T14:54:13.5752725Z   186 |             case static_cast<score::result::ErrorCode>(ComErrc::kServiceInstanceAlreadyOffered):
2026-10-07T14:54:13.5772647Z       |                                                                 ^
2026-10-07T14:54:13.5803186Z ./score/mw/com/impl/com_error.h:58:11: note: 'kServiceInstanceAlreadyOffered' has been explicitly marked deprecated here
2026-10-07T14:54:13.5833011Z    58 |         [[deprecated("Value has never been used. Calls to OfferService shall be idempotent.")]],
2026-10-07T14:54:13.5862441Z       |           ^
2026-10-07T14:54:13.5892477Z 1 warning generated.
2026-10-07T14:54:13.9745752Z INFO: From Compiling score/mw/com/test/bigdata/big_datatype_application.cpp:
2026-10-07T14:54:13.9772941Z In file included from score/mw/com/test/bigdata/big_datatype_application.cpp:17:
2026-10-07T14:54:13.9803424Z In file included from ./score/mw/com/test/common_test_resources/sample_sender_receiver.h:18:
2026-10-07T14:54:13.9822770Z In file included from ./score/mw/com/runtime.h:24:
2026-10-07T14:54:13.9862638Z In file included from ./score/mw/com/mocking/i_runtime.h:17:
2026-10-07T14:54:13.9892607Z In file included from ./score/mw/com/types.h:24:
2026-10-07T14:54:13.9922758Z In file included from ./score/mw/com/impl/generic_proxy.h:18:
2026-10-07T14:54:13.9952895Z In file included from ./score/mw/com/impl/generic_proxy_event.h:18:
2026-10-07T14:54:13.9982555Z In file included from ./score/mw/com/impl/proxy_base.h:18:
2026-10-07T14:54:14.0008467Z In file included from ./score/mw/com/impl/handle_type.h:18:
2026-10-07T14:54:14.0042837Z In file included from ./score/mw/com/impl/instance_identifier.h:16:
2026-10-07T14:54:14.0073719Z ./score/mw/com/impl/com_error.h:186:65: warning: 'kServiceInstanceAlreadyOffered' is deprecated: Value has never been used. Calls to OfferService shall be idempotent. [-Wdeprecated-declarations]
2026-10-07T14:54:14.0102930Z   186 |             case static_cast<score::result::ErrorCode>(ComErrc::kServiceInstanceAlreadyOffered):
2026-10-07T14:54:14.0132525Z       |                                                                 ^
2026-10-07T14:54:14.0163488Z ./score/mw/com/impl/com_error.h:58:11: note: 'kServiceInstanceAlreadyOffered' has been explicitly marked deprecated here
2026-10-07T14:54:14.0193076Z    58 |         [[deprecated("Value has never been used. Calls to OfferService shall be idempotent.")]],
2026-10-07T14:54:14.0222459Z       |           ^
2026-10-07T14:54:14.0222873Z 1 warning generated.
2026-10-07T14:54:16.6664272Z [12,642 / 13,996] 120 / 514 tests; Compiling score/mw/com/impl/plumbing/skeleton_service_element_binding_factory_test.cpp; 6s disk-cache, linux-sandbox ... (4 actions, 3 running)
2026-10-07T14:54:18.7403790Z INFO: From Compiling score/mw/com/impl/plumbing/skeleton_service_element_binding_factory_test.cpp:
2026-10-07T14:54:18.7429203Z In file included from score/mw/com/impl/plumbing/skeleton_service_element_binding_factory_test.cpp:14:
2026-10-07T14:54:18.7432922Z In file included from ./score/mw/com/impl/bindings/lola/test/skeleton_test_resources.h:20:
2026-10-07T14:54:18.7472854Z In file included from ./score/mw/com/impl/bindings/lola/runtime_mock.h:16:
2026-10-07T14:54:18.7473946Z In file included from ./score/mw/com/impl/bindings/lola/i_runtime.h:20:
2026-10-07T14:54:18.7522824Z In file included from ./score/mw/com/impl/i_binding_runtime.h:17:
2026-10-07T14:54:18.7547105Z In file included from ./score/mw/com/impl/i_service_discovery_client.h:16:
2026-10-07T14:54:18.7562594Z In file included from ./score/mw/com/impl/enriched_instance_identifier.h:17:
2026-10-07T14:54:18.7563592Z In file included from ./score/mw/com/impl/handle_type.h:18:
2026-10-07T14:54:18.7612755Z In file included from ./score/mw/com/impl/instance_identifier.h:16:
2026-10-07T14:54:18.7643745Z ./score/mw/com/impl/com_error.h:186:65: warning: 'kServiceInstanceAlreadyOffered' is deprecated: Value has never been used. Calls to OfferService shall be idempotent. [-Wdeprecated-declarations]
2026-10-07T14:54:18.7653140Z   186 |             case static_cast<score::result::ErrorCode>(ComErrc::kServiceInstanceAlreadyOffered):
2026-10-07T14:54:18.7672825Z       |                                                                 ^
2026-10-07T14:54:18.7703198Z ./score/mw/com/impl/com_error.h:58:11: note: 'kServiceInstanceAlreadyOffered' has been explicitly marked deprecated here
2026-10-07T14:54:18.7713093Z    58 |         [[deprecated("Value has never been used. Calls to OfferService shall be idempotent.")]],
2026-10-07T14:54:18.7714299Z       |           ^
2026-10-07T14:54:18.7757914Z 1 warning generated.
2026-10-07T14:54:19.9603506Z INFO: From Compiling score/mw/com/impl/proxy_event_test.cpp:
2026-10-07T14:54:19.9604441Z In file included from score/mw/com/impl/proxy_event_test.cpp:13:
2026-10-07T14:54:19.9635455Z In file included from ./score/mw/com/impl/proxy_event.h:16:
2026-10-07T14:54:19.9663003Z In file included from ./score/mw/com/impl/instance_identifier.h:16:
2026-10-07T14:54:19.9687628Z ./score/mw/com/impl/com_error.h:186:65: warning: 'kServiceInstanceAlreadyOffered' is deprecated: Value has never been used. Calls to OfferService shall be idempotent. [-Wdeprecated-declarations]
2026-10-07T14:54:19.9713310Z   186 |             case static_cast<score::result::ErrorCode>(ComErrc::kServiceInstanceAlreadyOffered):
2026-10-07T14:54:19.9722689Z       |                                                                 ^
2026-10-07T14:54:19.9753174Z ./score/mw/com/impl/com_error.h:58:11: note: 'kServiceInstanceAlreadyOffered' has been explicitly marked deprecated here
2026-10-07T14:54:19.9782970Z    58 |         [[deprecated("Value has never been used. Calls to OfferService shall be idempotent.")]],
2026-10-07T14:54:19.9812431Z       |           ^
2026-10-07T14:54:19.9842124Z 1 warning generated.
2026-10-07T14:54:20.3512174Z INFO: From Compiling score/mw/com/test/partial_restart/proxy_restart_shall_not_affect_other_proxies/consumer.cpp:
2026-10-07T14:54:20.3553480Z In file included from score/mw/com/test/partial_restart/proxy_restart_shall_not_affect_other_proxies/consumer.cpp:15:
2026-10-07T14:54:20.3610322Z In file included from ./score/mw/com/runtime.h:24:
2026-10-07T14:54:20.3633445Z In file included from ./score/mw/com/mocking/i_runtime.h:17:
2026-10-07T14:54:20.3643522Z In file included from ./score/mw/com/types.h:24:
2026-10-07T14:54:20.3668728Z In file included from ./score/mw/com/impl/generic_proxy.h:18:
2026-10-07T14:54:20.3692966Z In file included from ./score/mw/com/impl/generic_proxy_event.h:18:
2026-10-07T14:54:20.3722960Z In file included from ./score/mw/com/impl/proxy_base.h:18:
2026-10-07T14:54:20.3752680Z In file included from ./score/mw/com/impl/handle_type.h:18:
2026-10-07T14:54:20.3753709Z In file included from ./score/mw/com/impl/instance_identifier.h:16:
2026-10-07T14:54:20.3783898Z ./score/mw/com/impl/com_error.h:186:65: warning: 'kServiceInstanceAlreadyOffered' is deprecated: Value has never been used. Calls to OfferService shall be idempotent. [-Wdeprecated-declarations]
2026-10-07T14:54:20.3813196Z   186 |             case static_cast<score::result::ErrorCode>(ComErrc::kServiceInstanceAlreadyOffered):
2026-10-07T14:54:20.3839179Z       |                                                                 ^
2026-10-07T14:54:20.3863224Z ./score/mw/com/impl/com_error.h:58:11: note: 'kServiceInstanceAlreadyOffered' has been explicitly marked deprecated here
2026-10-07T14:54:20.3892977Z    58 |         [[deprecated("Value has never been used. Calls to OfferService shall be idempotent.")]],
2026-10-07T14:54:20.3893823Z       |           ^
2026-10-07T14:54:20.3922585Z 1 warning generated.
2026-10-07T14:54:23.0993621Z INFO: From Compiling score/mw/com/impl/plumbing/skeleton_event_binding_factory_test.cpp:
2026-10-07T14:54:23.1023086Z In file included from score/mw/com/impl/plumbing/skeleton_event_binding_factory_test.cpp:18:
2026-10-07T14:54:23.1043012Z In file included from ./score/mw/com/impl/plumbing/skeleton_event_binding_factory.h:16:
2026-10-07T14:54:23.1073015Z In file included from ./score/mw/com/impl/bindings/lola/skeleton_event.h:21:
2026-10-07T14:54:23.1098908Z In file included from ./score/mw/com/impl/bindings/lola/skeleton.h:32:
2026-10-07T14:54:23.1122934Z In file included from ./score/mw/com/impl/bindings/lola/skeleton_memory_manager.h:20:
2026-10-07T14:54:23.1124006Z In file included from ./score/mw/com/impl/bindings/lola/service_data_storage.h:20:
2026-10-07T14:54:23.1124876Z In file included from ./score/mw/com/impl/bindings/lola/i_runtime.h:20:
2026-10-07T14:54:23.1125977Z In file included from ./score/mw/com/impl/i_binding_runtime.h:17:
2026-10-07T14:54:23.1126820Z In file included from ./score/mw/com/impl/i_service_discovery_client.h:16:
2026-10-07T14:54:23.1127718Z In file included from ./score/mw/com/impl/enriched_instance_identifier.h:17:
2026-10-07T14:54:23.1128526Z In file included from ./score/mw/com/impl/handle_type.h:18:
2026-10-07T14:54:23.1129357Z In file included from ./score/mw/com/impl/instance_identifier.h:16:
2026-10-07T14:54:23.1131145Z ./score/mw/com/impl/com_error.h:186:65: warning: 'kServiceInstanceAlreadyOffered' is deprecated: Value has never been used. Calls to OfferService shall be idempotent. [-Wdeprecated-declarations]
2026-10-07T14:54:23.1133016Z   186 |             case static_cast<score::result::ErrorCode>(ComErrc::kServiceInstanceAlreadyOffered):
2026-10-07T14:54:23.1133915Z       |                                                                 ^
2026-10-07T14:54:23.1135039Z ./score/mw/com/impl/com_error.h:58:11: note: 'kServiceInstanceAlreadyOffered' has been explicitly marked deprecated here
2026-10-07T14:54:23.1136234Z    58 |         [[deprecated("Value has never been used. Calls to OfferService shall be idempotent.")]],
2026-10-07T14:54:23.1136818Z       |           ^
2026-10-07T14:54:23.1137103Z 1 warning generated.
2026-10-07T14:54:23.5755257Z INFO: From Compiling score/mw/com/types.cpp:
2026-10-07T14:54:23.5782636Z In file included from score/mw/com/types.cpp:13:
2026-10-07T14:54:23.5802748Z In file included from ./score/mw/com/types.h:24:
2026-10-07T14:54:23.5842583Z In file included from ./score/mw/com/impl/generic_proxy.h:18:
2026-10-07T14:54:23.5843475Z In file included from ./score/mw/com/impl/generic_proxy_event.h:18:
2026-10-07T14:54:23.5865694Z In file included from ./score/mw/com/impl/proxy_base.h:18:
2026-10-07T14:54:23.5882449Z In file included from ./score/mw/com/impl/handle_type.h:18:
2026-10-07T14:54:23.5887465Z In file included from ./score/mw/com/impl/instance_identifier.h:16:
2026-10-07T14:54:23.5889258Z ./score/mw/com/impl/com_error.h:186:65: warning: 'kServiceInstanceAlreadyOffered' is deprecated: Value has never been used. Calls to OfferService shall be idempotent. [-Wdeprecated-declarations]
2026-10-07T14:54:23.5890941Z   186 |             case static_cast<score::result::ErrorCode>(ComErrc::kServiceInstanceAlreadyOffered):
2026-10-07T14:54:23.5891889Z       |                                                                 ^
2026-10-07T14:54:23.5893170Z ./score/mw/com/impl/com_error.h:58:11: note: 'kServiceInstanceAlreadyOffered' has been explicitly marked deprecated here
2026-10-07T14:54:23.5894373Z    58 |         [[deprecated("Value has never been used. Calls to OfferService shall be idempotent.")]],
2026-10-07T14:54:23.5895539Z       |           ^
2026-10-07T14:54:23.5895968Z 1 warning generated.
2026-10-07T14:54:23.8449270Z INFO: From Compiling score/mw/com/test/partial_restart/proxy_restart_shall_not_affect_other_proxies/provider.cpp:
2026-10-07T14:54:23.8469816Z In file included from score/mw/com/test/partial_restart/proxy_restart_shall_not_affect_other_proxies/provider.cpp:15:
2026-10-07T14:54:23.8513016Z In file included from ./score/mw/com/runtime.h:24:
2026-10-07T14:54:23.8513951Z In file included from ./score/mw/com/mocking/i_runtime.h:17:
2026-10-07T14:54:23.8542729Z In file included from ./score/mw/com/types.h:24:
2026-10-07T14:54:23.8572639Z In file included from ./score/mw/com/impl/generic_proxy.h:18:
2026-10-07T14:54:23.8573551Z In file included from ./score/mw/com/impl/generic_proxy_event.h:18:
2026-10-07T14:54:23.8602818Z In file included from ./score/mw/com/impl/proxy_base.h:18:
2026-10-07T14:54:23.8632866Z In file included from ./score/mw/com/impl/handle_type.h:18:
2026-10-07T14:54:23.8662901Z In file included from ./score/mw/com/impl/instance_identifier.h:16:
2026-10-07T14:54:23.8665249Z ./score/mw/com/impl/com_error.h:186:65: warning: 'kServiceInstanceAlreadyOffered' is deprecated: Value has never been used. Calls to OfferService shall be idempotent. [-Wdeprecated-declarations]
2026-10-07T14:54:23.8693192Z   186 |             case static_cast<score::result::ErrorCode>(ComErrc::kServiceInstanceAlreadyOffered):
2026-10-07T14:54:23.8722761Z       |                                                                 ^
2026-10-07T14:54:23.8753257Z ./score/mw/com/impl/com_error.h:58:11: note: 'kServiceInstanceAlreadyOffered' has been explicitly marked deprecated here
2026-10-07T14:54:23.8754810Z    58 |         [[deprecated("Value has never been used. Calls to OfferService shall be idempotent.")]],
2026-10-07T14:54:23.8782622Z       |           ^
2026-10-07T14:54:23.8812591Z 1 warning generated.
2026-10-07T14:54:24.2300812Z INFO: From Compiling score/mw/com/gateway/transport_layer/transport.cpp:
2026-10-07T14:54:24.2327065Z In file included from score/mw/com/gateway/transport_layer/transport.cpp:13:
2026-10-07T14:54:24.2352828Z In file included from ./score/mw/com/gateway/transport_layer/transport.h:17:
2026-10-07T14:54:24.2382595Z In file included from ./score/mw/com/types.h:24:
2026-10-07T14:54:24.2412478Z In file included from ./score/mw/com/impl/generic_proxy.h:18:
2026-10-07T14:54:24.2413440Z In file included from ./score/mw/com/impl/generic_proxy_event.h:18:
2026-10-07T14:54:24.2442817Z In file included from ./score/mw/com/impl/proxy_base.h:18:
2026-10-07T14:54:24.2472757Z In file included from ./score/mw/com/impl/handle_type.h:18:
2026-10-07T14:54:24.2502754Z In file included from ./score/mw/com/impl/instance_identifier.h:16:
2026-10-07T14:54:24.2504721Z ./score/mw/com/impl/com_error.h:186:65: warning: 'kServiceInstanceAlreadyOffered' is deprecated: Value has never been used. Calls to OfferService shall be idempotent. [-Wdeprecated-declarations]
2026-10-07T14:54:24.2532953Z   186 |             case static_cast<score::result::ErrorCode>(ComErrc::kServiceInstanceAlreadyOffered):
2026-10-07T14:54:24.2553950Z       |                                                                 ^
2026-10-07T14:54:24.2593065Z ./score/mw/com/impl/com_error.h:58:11: note: 'kServiceInstanceAlreadyOffered' has been explicitly marked deprecated here
2026-10-07T14:54:24.2594548Z    58 |         [[deprecated("Value has never been used. Calls to OfferService shall be idempotent.")]],
2026-10-07T14:54:24.2621023Z       |           ^
2026-10-07T14:54:24.2623076Z 1 warning generated.
2026-10-07T14:54:26.7944369Z [12,669 / 14,001] 120 / 514 tests; Compiling score/mw/com/gateway/transport_layer/sample/messages/gateway_messages.cpp; 2s disk-cache, linux-sandbox ... (4 actions, 3 running)
2026-10-07T14:54:26.9668853Z INFO: From Compiling score/mw/com/gateway/transport_layer/sample/messages/gateway_messages.cpp:
2026-10-07T14:54:26.9703786Z In file included from score/mw/com/gateway/transport_layer/sample/messages/gateway_messages.cpp:14:
2026-10-07T14:54:26.9723175Z In file included from ./score/mw/com/gateway/transport_layer/sample/messages/gateway_messages.h:17:
2026-10-07T14:54:26.9752806Z In file included from ./score/mw/com/gateway/transport_layer/transport.h:17:
2026-10-07T14:54:26.9755931Z In file included from ./score/mw/com/types.h:24:
2026-10-07T14:54:26.9792688Z In file included from ./score/mw/com/impl/generic_proxy.h:18:
2026-10-07T14:54:26.9812864Z In file included from ./score/mw/com/impl/generic_proxy_event.h:18:
2026-10-07T14:54:26.9829135Z In file included from ./score/mw/com/impl/proxy_base.h:18:
2026-10-07T14:54:26.9853898Z In file included from ./score/mw/com/impl/handle_type.h:18:
2026-10-07T14:54:26.9872748Z In file included from ./score/mw/com/impl/instance_identifier.h:16:
2026-10-07T14:54:26.9899621Z ./score/mw/com/impl/com_error.h:186:65: warning: 'kServiceInstanceAlreadyOffered' is deprecated: Value has never been used. Calls to OfferService shall be idempotent. [-Wdeprecated-declarations]
2026-10-07T14:54:26.9924771Z   186 |             case static_cast<score::result::ErrorCode>(ComErrc::kServiceInstanceAlreadyOffered):
2026-10-07T14:54:26.9949794Z       |                                                                 ^
2026-10-07T14:54:26.9980207Z ./score/mw/com/impl/com_error.h:58:11: note: 'kServiceInstanceAlreadyOffered' has been explicitly marked deprecated here
2026-10-07T14:54:26.9987445Z    58 |         [[deprecated("Value has never been used. Calls to OfferService shall be idempotent.")]],
2026-10-07T14:54:27.0004744Z       |           ^
2026-10-07T14:54:27.0007581Z 1 warning generated.
2026-10-07T14:54:28.0493722Z INFO: From Compiling score/mw/com/gateway/transport_layer/sample/messages/gateway_messages_test.cpp:
2026-10-07T14:54:28.0512982Z In file included from score/mw/com/gateway/transport_layer/sample/messages/gateway_messages_test.cpp:13:
2026-10-07T14:54:28.0553010Z In file included from ./score/mw/com/gateway/transport_layer/sample/messages/gateway_messages.h:17:
2026-10-07T14:54:28.0582925Z In file included from ./score/mw/com/gateway/transport_layer/transport.h:17:
2026-10-07T14:54:28.0602634Z In file included from ./score/mw/com/types.h:24:
2026-10-07T14:54:28.0612731Z In file included from ./score/mw/com/impl/generic_proxy.h:18:
2026-10-07T14:54:28.0632855Z In file included from ./score/mw/com/impl/generic_proxy_event.h:18:
2026-10-07T14:54:28.0656639Z In file included from ./score/mw/com/impl/proxy_base.h:18:
2026-10-07T14:54:28.0685911Z In file included from ./score/mw/com/impl/handle_type.h:18:
2026-10-07T14:54:28.0692763Z In file included from ./score/mw/com/impl/instance_identifier.h:16:
2026-10-07T14:54:28.0694565Z ./score/mw/com/impl/com_error.h:186:65: warning: 'kServiceInstanceAlreadyOffered' is deprecated: Value has never been used. Calls to OfferService shall be idempotent. [-Wdeprecated-declarations]
2026-10-07T14:54:28.0696231Z   186 |             case static_cast<score::result::ErrorCode>(ComErrc::kServiceInstanceAlreadyOffered):
2026-10-07T14:54:28.0697080Z       |                                                                 ^
2026-10-07T14:54:28.0698559Z ./score/mw/com/impl/com_error.h:58:11: note: 'kServiceInstanceAlreadyOffered' has been explicitly marked deprecated here
2026-10-07T14:54:28.0699841Z    58 |         [[deprecated("Value has never been used. Calls to OfferService shall be idempotent.")]],
2026-10-07T14:54:28.0700469Z       |           ^
2026-10-07T14:54:28.0700792Z 1 warning generated.
2026-10-07T14:54:29.9681884Z INFO: From Compiling score/mw/com/test/service_discovery_during_consumer_crash/consumer.cpp:
2026-10-07T14:54:29.9702933Z In file included from score/mw/com/test/service_discovery_during_consumer_crash/consumer.cpp:15:
2026-10-07T14:54:29.9752757Z In file included from ./score/mw/com/runtime.h:24:
2026-10-07T14:54:29.9753530Z In file included from ./score/mw/com/mocking/i_runtime.h:17:
2026-10-07T14:54:29.9762713Z In file included from ./score/mw/com/types.h:24:
2026-10-07T14:54:29.9799663Z In file included from ./score/mw/com/impl/generic_proxy.h:18:
2026-10-07T14:54:29.9812840Z In file included from ./score/mw/com/impl/generic_proxy_event.h:18:
2026-10-07T14:54:29.9843254Z In file included from ./score/mw/com/impl/proxy_base.h:18:
2026-10-07T14:54:29.9872733Z In file included from ./score/mw/com/impl/handle_type.h:18:
2026-10-07T14:54:29.9902815Z In file included from ./score/mw/com/impl/instance_identifier.h:16:
2026-10-07T14:54:29.9933690Z ./score/mw/com/impl/com_error.h:186:65: warning: 'kServiceInstanceAlreadyOffered' is deprecated: Value has never been used. Calls to OfferService shall be idempotent. [-Wdeprecated-declarations]
2026-10-07T14:54:29.9963002Z   186 |             case static_cast<score::result::ErrorCode>(ComErrc::kServiceInstanceAlreadyOffered):
2026-10-07T14:54:29.9992669Z       |                                                                 ^
2026-10-07T14:54:30.0023186Z ./score/mw/com/impl/com_error.h:58:11: note: 'kServiceInstanceAlreadyOffered' has been explicitly marked deprecated here
2026-10-07T14:54:30.0043060Z    58 |         [[deprecated("Value has never been used. Calls to OfferService shall be idempotent.")]],
2026-10-07T14:54:30.0072513Z       |           ^
2026-10-07T14:54:30.0112538Z 1 warning generated.
2026-10-07T14:54:30.2612676Z INFO: From Compiling score/mw/com/gateway/transport_layer/sample/message_framer.cpp:
2026-10-07T14:54:30.2633122Z In file included from score/mw/com/gateway/transport_layer/sample/message_framer.cpp:13:
2026-10-07T14:54:30.2663306Z In file included from ./score/mw/com/gateway/transport_layer/sample/message_framer.h:16:
2026-10-07T14:54:30.2683097Z In file included from ./score/mw/com/gateway/transport_layer/sample/i_message_framer.h:16:
2026-10-07T14:54:30.2712998Z In file included from ./score/mw/com/gateway/transport_layer/sample/messages/gateway_messages.h:17:
2026-10-07T14:54:30.2722979Z In file included from ./score/mw/com/gateway/transport_layer/transport.h:17:
2026-10-07T14:54:30.2742769Z In file included from ./score/mw/com/types.h:24:
2026-10-07T14:54:30.2764524Z In file included from ./score/mw/com/impl/generic_proxy.h:18:
2026-10-07T14:54:30.2782807Z In file included from ./score/mw/com/impl/generic_proxy_event.h:18:
2026-10-07T14:54:30.2783584Z In file included from ./score/mw/com/impl/proxy_base.h:18:
2026-10-07T14:54:30.2784296Z In file included from ./score/mw/com/impl/handle_type.h:18:
2026-10-07T14:54:30.2785084Z In file included from ./score/mw/com/impl/instance_identifier.h:16:
2026-10-07T14:54:30.2786932Z ./score/mw/com/impl/com_error.h:186:65: warning: 'kServiceInstanceAlreadyOffered' is deprecated: Value has never been used. Calls to OfferService shall be idempotent. [-Wdeprecated-declarations]
2026-10-07T14:54:30.2788649Z   186 |             case static_cast<score::result::ErrorCode>(ComErrc::kServiceInstanceAlreadyOffered):
2026-10-07T14:54:30.2789538Z       |                                                                 ^
2026-10-07T14:54:30.2790691Z ./score/mw/com/impl/com_error.h:58:11: note: 'kServiceInstanceAlreadyOffered' has been explicitly marked deprecated here
2026-10-07T14:54:30.2822511Z    58 |         [[deprecated("Value has never been used. Calls to OfferService shall be idempotent.")]],
2026-10-07T14:54:30.2823258Z       |           ^
2026-10-07T14:54:30.2823613Z 1 warning generated.
2026-10-07T14:54:31.4703186Z INFO: From Compiling score/mw/com/mocking/i_runtime.cpp:
2026-10-07T14:54:31.4731929Z In file included from score/mw/com/mocking/i_runtime.cpp:13:
2026-10-07T14:54:31.4762773Z In file included from ./score/mw/com/mocking/i_runtime.h:17:
2026-10-07T14:54:31.4792635Z In file included from ./score/mw/com/types.h:24:
2026-10-07T14:54:31.4822739Z In file included from ./score/mw/com/impl/generic_proxy.h:18:
2026-10-07T14:54:31.4852783Z In file included from ./score/mw/com/impl/generic_proxy_event.h:18:
2026-10-07T14:54:31.4882644Z In file included from ./score/mw/com/impl/proxy_base.h:18:
2026-10-07T14:54:31.4912594Z In file included from ./score/mw/com/impl/handle_type.h:18:
2026-10-07T14:54:31.4942805Z In file included from ./score/mw/com/impl/instance_identifier.h:16:
2026-10-07T14:54:31.4973784Z ./score/mw/com/impl/com_error.h:186:65: warning: 'kServiceInstanceAlreadyOffered' is deprecated: Value has never been used. Calls to OfferService shall be idempotent. [-Wdeprecated-declarations]
2026-10-07T14:54:31.5002985Z   186 |             case static_cast<score::result::ErrorCode>(ComErrc::kServiceInstanceAlreadyOffered):
2026-10-07T14:54:31.5032648Z       |                                                                 ^
2026-10-07T14:54:31.5063230Z ./score/mw/com/impl/com_error.h:58:11: note: 'kServiceInstanceAlreadyOffered' has been explicitly marked deprecated here
2026-10-07T14:54:31.5076886Z    58 |         [[deprecated("Value has never been used. Calls to OfferService shall be idempotent.")]],
2026-10-07T14:54:31.5077314Z       |           ^
2026-10-07T14:54:31.5077540Z 1 warning generated.
2026-10-07T14:54:33.1927507Z INFO: From Compiling score/mw/com/test/service_discovery_during_consumer_crash/provider.cpp:
2026-10-07T14:54:33.1963193Z In file included from score/mw/com/test/service_discovery_during_consumer_crash/provider.cpp:18:
2026-10-07T14:54:33.1983607Z In file included from ./score/mw/com/test/common_test_resources/provider_resources.h:17:
2026-10-07T14:54:33.2022189Z In file included from ./score/mw/com/com_error_domain.h:16:
2026-10-07T14:54:33.2024451Z ./score/mw/com/impl/com_error.h:186:65: warning: 'kServiceInstanceAlreadyOffered' is deprecated: Value has never been used. Calls to OfferService shall be idempotent. [-Wdeprecated-declarations]
2026-10-07T14:54:33.2041405Z   186 |             case static_cast<score::result::ErrorCode>(ComErrc::kServiceInstanceAlreadyOffered):
2026-10-07T14:54:33.2062683Z       |                                                                 ^
2026-10-07T14:54:33.2093187Z ./score/mw/com/impl/com_error.h:58:11: note: 'kServiceInstanceAlreadyOffered' has been explicitly marked deprecated here
2026-10-07T14:54:33.2094489Z    58 |         [[deprecated("Value has never been used. Calls to OfferService shall be idempotent.")]],
2026-10-07T14:54:33.2095136Z       |           ^
2026-10-07T14:54:33.2095473Z 1 warning generated.
2026-10-07T14:54:33.3043220Z INFO: From Compiling score/mw/com/runtime.cpp:
2026-10-07T14:54:33.3072944Z In file included from score/mw/com/runtime.cpp:13:
2026-10-07T14:54:33.3102625Z In file included from ./score/mw/com/runtime.h:24:
2026-10-07T14:54:33.3132832Z In file included from ./score/mw/com/mocking/i_runtime.h:17:
2026-10-07T14:54:33.3133508Z In file included from ./score/mw/com/types.h:24:
2026-10-07T14:54:33.3159289Z In file included from ./score/mw/com/impl/generic_proxy.h:18:
2026-10-07T14:54:33.3192872Z In file included from ./score/mw/com/impl/generic_proxy_event.h:18:
2026-10-07T14:54:33.3193918Z In file included from ./score/mw/com/impl/proxy_base.h:18:
2026-10-07T14:54:33.3222901Z In file included from ./score/mw/com/impl/handle_type.h:18:
2026-10-07T14:54:33.3252813Z In file included from ./score/mw/com/impl/instance_identifier.h:16:
2026-10-07T14:54:33.3254930Z ./score/mw/com/impl/com_error.h:186:65: warning: 'kServiceInstanceAlreadyOffered' is deprecated: Value has never been used. Calls to OfferService shall be idempotent. [-Wdeprecated-declarations]
2026-10-07T14:54:33.3256516Z   186 |             case static_cast<score::result::ErrorCode>(ComErrc::kServiceInstanceAlreadyOffered):
2026-10-07T14:54:33.3257366Z       |                                                                 ^
2026-10-07T14:54:33.3258487Z ./score/mw/com/impl/com_error.h:58:11: note: 'kServiceInstanceAlreadyOffered' has been explicitly marked deprecated here
2026-10-07T14:54:33.3259693Z    58 |         [[deprecated("Value has never been used. Calls to OfferService shall be idempotent.")]],
2026-10-07T14:54:33.3260290Z       |           ^
2026-10-07T14:54:33.3260607Z 1 warning generated.
2026-10-07T14:54:34.3889096Z INFO: From Compiling score/mw/com/gateway/transport_layer/sample/message_framer_test.cpp:
2026-10-07T14:54:34.3963174Z In file included from score/mw/com/gateway/transport_layer/sample/message_framer_test.cpp:13:
2026-10-07T14:54:34.4010197Z In file included from ./score/mw/com/gateway/transport_layer/sample/message_framer.h:16:
2026-10-07T14:54:34.4066102Z In file included from ./score/mw/com/gateway/transport_layer/sample/i_message_framer.h:16:
2026-10-07T14:54:34.4093821Z In file included from ./score/mw/com/gateway/transport_layer/sample/messages/gateway_messages.h:17:
2026-10-07T14:54:34.4095148Z In file included from ./score/mw/com/gateway/transport_layer/transport.h:17:
2026-10-07T14:54:34.4122782Z In file included from ./score/mw/com/types.h:24:
2026-10-07T14:54:34.4152826Z In file included from ./score/mw/com/impl/generic_proxy.h:18:
2026-10-07T14:54:34.4172808Z In file included from ./score/mw/com/impl/generic_proxy_event.h:18:
2026-10-07T14:54:34.4183019Z In file included from ./score/mw/com/impl/proxy_base.h:18:
2026-10-07T14:54:34.4212834Z In file included from ./score/mw/com/impl/handle_type.h:18:
2026-10-07T14:54:34.4242881Z In file included from ./score/mw/com/impl/instance_identifier.h:16:
2026-10-07T14:54:34.4263780Z ./score/mw/com/impl/com_error.h:186:65: warning: 'kServiceInstanceAlreadyOffered' is deprecated: Value has never been used. Calls to OfferService shall be idempotent. [-Wdeprecated-declarations]
2026-10-07T14:54:34.4273038Z   186 |             case static_cast<score::result::ErrorCode>(ComErrc::kServiceInstanceAlreadyOffered):
2026-10-07T14:54:34.4302675Z       |                                                                 ^
2026-10-07T14:54:34.4333060Z ./score/mw/com/impl/com_error.h:58:11: note: 'kServiceInstanceAlreadyOffered' has been explicitly marked deprecated here
2026-10-07T14:54:34.4353020Z    58 |         [[deprecated("Value has never been used. Calls to OfferService shall be idempotent.")]],
2026-10-07T14:54:34.4362412Z       |           ^
2026-10-07T14:54:34.4387210Z 1 warning generated.
2026-10-07T14:54:34.6418876Z INFO: From Compiling score/mw/com/impl/rust/com-api/com-api-ffi-lola/registry_bridge_macro.cpp:
2026-10-07T14:54:34.6420525Z In file included from score/mw/com/impl/rust/com-api/com-api-ffi-lola/registry_bridge_macro.cpp:24:
2026-10-07T14:54:34.6421935Z In file included from ./score/mw/com/impl/rust/com-api/com-api-ffi-lola/registry_bridge_macro.h:68:
2026-10-07T14:54:34.6423336Z In file included from ./score/mw/com/impl/proxy_base.h:18:
2026-10-07T14:54:34.6424232Z In file included from ./score/mw/com/impl/handle_type.h:18:
2026-10-07T14:54:34.6425323Z In file included from ./score/mw/com/impl/instance_identifier.h:16:
2026-10-07T14:54:34.6427274Z ./score/mw/com/impl/com_error.h:186:65: warning: 'kServiceInstanceAlreadyOffered' is deprecated: Value has never been used. Calls to OfferService shall be idempotent. [-Wdeprecated-declarations]
2026-10-07T14:54:34.6429107Z   186 |             case static_cast<score::result::ErrorCode>(ComErrc::kServiceInstanceAlreadyOffered):
2026-10-07T14:54:34.6430152Z       |                                                                 ^
2026-10-07T14:54:34.6431608Z ./score/mw/com/impl/com_error.h:58:11: note: 'kServiceInstanceAlreadyOffered' has been explicitly marked deprecated here
2026-10-07T14:54:34.6433466Z    58 |         [[deprecated("Value has never been used. Calls to OfferService shall be idempotent.")]],
2026-10-07T14:54:34.6434292Z       |           ^
2026-10-07T14:54:34.6434766Z 1 warning generated.
2026-10-07T14:54:35.9486542Z INFO: From Compiling score/mw/com/com_error_domain.cpp:
2026-10-07T14:54:35.9523008Z In file included from score/mw/com/com_error_domain.cpp:13:
2026-10-07T14:54:35.9552802Z In file included from ./score/mw/com/com_error_domain.h:16:
2026-10-07T14:54:35.9554789Z ./score/mw/com/impl/com_error.h:186:65: warning: 'kServiceInstanceAlreadyOffered' is deprecated: Value has never been used. Calls to OfferService shall be idempotent. [-Wdeprecated-declarations]
2026-10-07T14:54:35.9583158Z   186 |             case static_cast<score::result::ErrorCode>(ComErrc::kServiceInstanceAlreadyOffered):
2026-10-07T14:54:35.9599435Z       |                                                                 ^
2026-10-07T14:54:35.9643219Z ./score/mw/com/impl/com_error.h:58:11: note: 'kServiceInstanceAlreadyOffered' has been explicitly marked deprecated here
2026-10-07T14:54:35.9644788Z    58 |         [[deprecated("Value has never been used. Calls to OfferService shall be idempotent.")]],
2026-10-07T14:54:35.9672448Z       |           ^
2026-10-07T14:54:35.9692574Z 1 warning generated.
2026-10-07T14:54:36.0429418Z INFO: From Compiling score/mw/com/test/service_discovery_during_consumer_crash/test_datatype.cpp:
2026-10-07T14:54:36.0430974Z In file included from score/mw/com/test/service_discovery_during_consumer_crash/test_datatype.cpp:14:
2026-10-07T14:54:36.0432485Z In file included from ./score/mw/com/test/service_discovery_during_consumer_crash/test_datatype.h:17:
2026-10-07T14:54:36.0433610Z In file included from ./score/mw/com/types.h:24:
2026-10-07T14:54:36.0434619Z In file included from ./score/mw/com/impl/generic_proxy.h:18:
2026-10-07T14:54:36.0439172Z In file included from ./score/mw/com/impl/generic_proxy_event.h:18:
2026-10-07T14:54:36.0441590Z In file included from ./score/mw/com/impl/proxy_base.h:18:
2026-10-07T14:54:36.0442563Z In file included from ./score/mw/com/impl/handle_type.h:18:
2026-10-07T14:54:36.0443451Z In file included from ./score/mw/com/impl/instance_identifier.h:16:
2026-10-07T14:54:36.0444827Z ./score/mw/com/impl/com_error.h:186:65: warning: 'kServiceInstanceAlreadyOffered' is deprecated: Value has never been used. Calls to OfferService shall be idempotent. [-Wdeprecated-declarations]
2026-10-07T14:54:36.0445917Z   186 |             case static_cast<score::result::ErrorCode>(ComErrc::kServiceInstanceAlreadyOffered):
2026-10-07T14:54:36.0446464Z       |                                                                 ^
2026-10-07T14:54:36.0447580Z ./score/mw/com/impl/com_error.h:58:11: note: 'kServiceInstanceAlreadyOffered' has been explicitly marked deprecated here
2026-10-07T14:54:36.0448948Z    58 |         [[deprecated("Value has never been used. Calls to OfferService shall be idempotent.")]],
2026-10-07T14:54:36.0449500Z       |           ^
2026-10-07T14:54:36.0449710Z 1 warning generated.
2026-10-07T14:54:36.5190449Z INFO: From Compiling score/mw/com/rust/score_com_cpp_bridge/register_interface.cpp:
2026-10-07T14:54:36.5213857Z In file included from score/mw/com/rust/score_com_cpp_bridge/register_interface.cpp:14:
2026-10-07T14:54:36.5235236Z In file included from ./score/mw/com/rust/score_com_cpp_bridge/register_interface.h:45:
2026-10-07T14:54:36.5253362Z In file included from ./score/mw/com/impl/rust/com-api/com-api-ffi-lola/registry_bridge_macro.h:68:
2026-10-07T14:54:36.5257718Z In file included from ./score/mw/com/impl/proxy_base.h:18:
2026-10-07T14:54:36.5258526Z In file included from ./score/mw/com/impl/handle_type.h:18:
2026-10-07T14:54:36.5259451Z In file included from ./score/mw/com/impl/instance_identifier.h:16:
2026-10-07T14:54:36.5261460Z ./score/mw/com/impl/com_error.h:186:65: warning: 'kServiceInstanceAlreadyOffered' is deprecated: Value has never been used. Calls to OfferService shall be idempotent. [-Wdeprecated-declarations]
2026-10-07T14:54:36.5263666Z   186 |             case static_cast<score::result::ErrorCode>(ComErrc::kServiceInstanceAlreadyOffered):
2026-10-07T14:54:36.5264659Z       |                                                                 ^
2026-10-07T14:54:36.5265910Z ./score/mw/com/impl/com_error.h:58:11: note: 'kServiceInstanceAlreadyOffered' has been explicitly marked deprecated here
2026-10-07T14:54:36.5267276Z    58 |         [[deprecated("Value has never been used. Calls to OfferService shall be idempotent.")]],
2026-10-07T14:54:36.5268005Z       |           ^
2026-10-07T14:54:36.5268446Z 1 warning generated.
2026-10-07T14:54:37.2093790Z [12,717 / 14,004] 120 / 514 tests; Compiling score/memory/shared/string.cpp; 1s disk-cache, linux-sandbox ... (4 actions, 3 running)
2026-10-07T14:54:39.4002538Z INFO: From Compiling score/mw/com/test/common_test_resources/big_datatype.cpp:
2026-10-07T14:54:39.4033083Z In file included from score/mw/com/test/common_test_resources/big_datatype.cpp:14:
2026-10-07T14:54:39.4062970Z In file included from ./score/mw/com/test/common_test_resources/big_datatype.h:20:
2026-10-07T14:54:39.4092642Z In file included from ./score/mw/com/types.h:24:
2026-10-07T14:54:39.4093388Z In file included from ./score/mw/com/impl/generic_proxy.h:18:
2026-10-07T14:54:39.4114396Z In file included from ./score/mw/com/impl/generic_proxy_event.h:18:
2026-10-07T14:54:39.4133832Z In file included from ./score/mw/com/impl/proxy_base.h:18:
2026-10-07T14:54:39.4139406Z In file included from ./score/mw/com/impl/handle_type.h:18:
2026-10-07T14:54:39.4140418Z In file included from ./score/mw/com/impl/instance_identifier.h:16:
2026-10-07T14:54:39.4142671Z ./score/mw/com/impl/com_error.h:186:65: warning: 'kServiceInstanceAlreadyOffered' is deprecated: Value has never been used. Calls to OfferService shall be idempotent. [-Wdeprecated-declarations]
2026-10-07T14:54:39.4144631Z   186 |             case static_cast<score::result::ErrorCode>(ComErrc::kServiceInstanceAlreadyOffered):
2026-10-07T14:54:39.4145705Z       |                                                                 ^
2026-10-07T14:54:39.4147039Z ./score/mw/com/impl/com_error.h:58:11: note: 'kServiceInstanceAlreadyOffered' has been explicitly marked deprecated here
2026-10-07T14:54:39.4148857Z    58 |         [[deprecated("Value has never been used. Calls to OfferService shall be idempotent.")]],
2026-10-07T14:54:39.4149698Z       |           ^
2026-10-07T14:54:39.4150139Z 1 warning generated.
2026-10-07T14:54:39.5842444Z INFO: From Compiling score/mw/com/test/move_semantics/skeleton_method/main_consumer.cpp:
2026-10-07T14:54:39.5863972Z In file included from score/mw/com/test/move_semantics/skeleton_method/main_consumer.cpp:13:
2026-10-07T14:54:39.5872799Z In file included from ./score/mw/com/runtime.h:24:
2026-10-07T14:54:39.5873655Z In file included from ./score/mw/com/mocking/i_runtime.h:17:
2026-10-07T14:54:39.5874504Z In file included from ./score/mw/com/types.h:24:
2026-10-07T14:54:39.5875233Z In file included from ./score/mw/com/impl/generic_proxy.h:18:
2026-10-07T14:54:39.5876064Z In file included from ./score/mw/com/impl/generic_proxy_event.h:18:
2026-10-07T14:54:39.5876801Z In file included from ./score/mw/com/impl/proxy_base.h:18:
2026-10-07T14:54:39.5877540Z In file included from ./score/mw/com/impl/handle_type.h:18:
2026-10-07T14:54:39.5878388Z In file included from ./score/mw/com/impl/instance_identifier.h:16:
2026-10-07T14:54:39.5880168Z ./score/mw/com/impl/com_error.h:186:65: warning: 'kServiceInstanceAlreadyOffered' is deprecated: Value has never been used. Calls to OfferService shall be idempotent. [-Wdeprecated-declarations]
2026-10-07T14:54:39.5882115Z   186 |             case static_cast<score::result::ErrorCode>(ComErrc::kServiceInstanceAlreadyOffered):
2026-10-07T14:54:39.5883032Z       |                                                                 ^
2026-10-07T14:54:39.5884248Z ./score/mw/com/impl/com_error.h:58:11: note: 'kServiceInstanceAlreadyOffered' has been explicitly marked deprecated here
2026-10-07T14:54:39.5885922Z    58 |         [[deprecated("Value has never been used. Calls to OfferService shall be idempotent.")]],
2026-10-07T14:54:39.5886710Z       |           ^
2026-10-07T14:54:39.5887173Z 1 warning generated.
2026-10-07T14:54:42.2510548Z INFO: From Compiling score/mw/com/impl/util/test/copyable_atomic_test.cpp:
2026-10-07T14:54:42.2544056Z score/mw/com/impl/util/test/copyable_atomic_test.cpp:53:10: warning: explicitly assigning value of variable of type 'CopyableAtomic<bool>' to itself [-Wself-assign-overloaded]
2026-10-07T14:54:42.2572595Z    53 |     unit = unit;
2026-10-07T14:54:42.2573251Z       |     ~~~~ ^ ~~~~
2026-10-07T14:54:42.2602593Z 1 warning generated.
2026-10-07T14:54:42.9120197Z INFO: From Compiling score/mw/com/test/basic_rust_api/bigdata_com_api_gen.cpp:
2026-10-07T14:54:42.9143861Z In file included from score/mw/com/test/basic_rust_api/bigdata_com_api_gen.cpp:14:
2026-10-07T14:54:42.9167743Z In file included from ./score/mw/com/test/basic_rust_api/bigdata_com_api_gen.h:19:
2026-10-07T14:54:42.9193691Z In file included from ./score/mw/com/test/common_test_resources/big_datatype.h:20:
2026-10-07T14:54:42.9222909Z In file included from ./score/mw/com/types.h:24:
2026-10-07T14:54:42.9257176Z In file included from ./score/mw/com/impl/generic_proxy.h:18:
2026-10-07T14:54:42.9282920Z In file included from ./score/mw/com/impl/generic_proxy_event.h:18:
2026-10-07T14:54:42.9283962Z In file included from ./score/mw/com/impl/proxy_base.h:18:
2026-10-07T14:54:42.9293224Z In file included from ./score/mw/com/impl/handle_type.h:18:
2026-10-07T14:54:42.9294163Z In file included from ./score/mw/com/impl/instance_identifier.h:16:
2026-10-07T14:54:42.9296026Z ./score/mw/com/impl/com_error.h:186:65: warning: 'kServiceInstanceAlreadyOffered' is deprecated: Value has never been used. Calls to OfferService shall be idempotent. [-Wdeprecated-declarations]
2026-10-07T14:54:42.9297766Z   186 |             case static_cast<score::result::ErrorCode>(ComErrc::kServiceInstanceAlreadyOffered):
2026-10-07T14:54:42.9298808Z       |                                                                 ^
2026-10-07T14:54:42.9300122Z ./score/mw/com/impl/com_error.h:58:11: note: 'kServiceInstanceAlreadyOffered' has been explicitly marked deprecated here
2026-10-07T14:54:42.9302310Z    58 |         [[deprecated("Value has never been used. Calls to OfferService shall be idempotent.")]],
2026-10-07T14:54:42.9303071Z       |           ^
2026-10-07T14:54:42.9303388Z 1 warning generated.
2026-10-07T14:54:43.5466290Z INFO: From Compiling score/mw/com/test/move_semantics/skeleton_method/consumer.cpp:
2026-10-07T14:54:43.5480408Z In file included from score/mw/com/test/move_semantics/skeleton_method/consumer.cpp:13:
2026-10-07T14:54:43.5503086Z In file included from ./score/mw/com/test/move_semantics/skeleton_method/consumer.h:16:
2026-10-07T14:54:43.5523119Z In file included from ./score/mw/com/test/move_semantics/skeleton_method/test_parameters.h:16:
2026-10-07T14:54:43.5524107Z In file included from ./score/mw/com/types.h:24:
2026-10-07T14:54:43.5524911Z In file included from ./score/mw/com/impl/generic_proxy.h:18:
2026-10-07T14:54:43.5525830Z In file included from ./score/mw/com/impl/generic_proxy_event.h:18:
2026-10-07T14:54:43.5526652Z In file included from ./score/mw/com/impl/proxy_base.h:18:
2026-10-07T14:54:43.5527450Z In file included from ./score/mw/com/impl/handle_type.h:18:
2026-10-07T14:54:43.5528321Z In file included from ./score/mw/com/impl/instance_identifier.h:16:
2026-10-07T14:54:43.5530259Z ./score/mw/com/impl/com_error.h:186:65: warning: 'kServiceInstanceAlreadyOffered' is deprecated: Value has never been used. Calls to OfferService shall be idempotent. [-Wdeprecated-declarations]
2026-10-07T14:54:43.5532152Z   186 |             case static_cast<score::result::ErrorCode>(ComErrc::kServiceInstanceAlreadyOffered):
2026-10-07T14:54:43.5533133Z       |                                                                 ^
2026-10-07T14:54:43.5534415Z ./score/mw/com/impl/com_error.h:58:11: note: 'kServiceInstanceAlreadyOffered' has been explicitly marked deprecated here
2026-10-07T14:54:43.5536131Z    58 |         [[deprecated("Value has never been used. Calls to OfferService shall be idempotent.")]],
2026-10-07T14:54:43.5536886Z       |           ^
2026-10-07T14:54:43.5537333Z 1 warning generated.
2026-10-07T14:54:47.2759809Z [12,747 / 14,011] 120 / 514 tests; Compiling score/mw/com/test/move_semantics/skeleton_method/main_provider.cpp; 3s disk-cache, linux-sandbox ... (4 actions, 3 running)
2026-10-07T14:54:47.3604972Z INFO: From Compiling score/mw/com/test/move_semantics/skeleton_method/main_provider.cpp:
2026-10-07T14:54:47.3612989Z In file included from score/mw/com/test/move_semantics/skeleton_method/main_provider.cpp:13:
2026-10-07T14:54:47.3652901Z In file included from ./score/mw/com/runtime.h:24:
2026-10-07T14:54:47.3692714Z In file included from ./score/mw/com/mocking/i_runtime.h:17:
2026-10-07T14:54:47.3722661Z In file included from ./score/mw/com/types.h:24:
2026-10-07T14:54:47.3752752Z In file included from ./score/mw/com/impl/generic_proxy.h:18:
2026-10-07T14:54:47.3782870Z In file included from ./score/mw/com/impl/generic_proxy_event.h:18:
2026-10-07T14:54:47.3812751Z In file included from ./score/mw/com/impl/proxy_base.h:18:
2026-10-07T14:54:47.3842767Z In file included from ./score/mw/com/impl/handle_type.h:18:
2026-10-07T14:54:47.3872824Z In file included from ./score/mw/com/impl/instance_identifier.h:16:
2026-10-07T14:54:47.3903767Z ./score/mw/com/impl/com_error.h:186:65: warning: 'kServiceInstanceAlreadyOffered' is deprecated: Value has never been used. Calls to OfferService shall be idempotent. [-Wdeprecated-declarations]
2026-10-07T14:54:47.3933055Z   186 |             case static_cast<score::result::ErrorCode>(ComErrc::kServiceInstanceAlreadyOffered):
2026-10-07T14:54:47.3962681Z       |                                                                 ^
2026-10-07T14:54:47.3993226Z ./score/mw/com/impl/com_error.h:58:11: note: 'kServiceInstanceAlreadyOffered' has been explicitly marked deprecated here
2026-10-07T14:54:47.4023075Z    58 |         [[deprecated("Value has never been used. Calls to OfferService shall be idempotent.")]],
2026-10-07T14:54:47.4050564Z       |           ^
2026-10-07T14:54:47.4070911Z 1 warning generated.
2026-10-07T14:54:51.6903580Z INFO: From Compiling score/mw/com/test/move_semantics/skeleton_method/provider.cpp:
2026-10-07T14:54:51.6928314Z In file included from score/mw/com/test/move_semantics/skeleton_method/provider.cpp:13:
2026-10-07T14:54:51.6946036Z In file included from ./score/mw/com/test/move_semantics/skeleton_method/provider.h:16:
2026-10-07T14:54:51.6951845Z In file included from ./score/mw/com/test/move_semantics/skeleton_method/test_parameters.h:16:
2026-10-07T14:54:51.6954675Z In file included from ./score/mw/com/types.h:24:
2026-10-07T14:54:51.6955716Z In file included from ./score/mw/com/impl/generic_proxy.h:18:
2026-10-07T14:54:51.6965154Z In file included from ./score/mw/com/impl/generic_proxy_event.h:18:
2026-10-07T14:54:51.6966050Z In file included from ./score/mw/com/impl/proxy_base.h:18:
2026-10-07T14:54:51.6966994Z In file included from ./score/mw/com/impl/handle_type.h:18:
2026-10-07T14:54:51.6970846Z In file included from ./score/mw/com/impl/instance_identifier.h:16:
2026-10-07T14:54:51.6972956Z ./score/mw/com/impl/com_error.h:186:65: warning: 'kServiceInstanceAlreadyOffered' is deprecated: Value has never been used. Calls to OfferService shall be idempotent. [-Wdeprecated-declarations]
2026-10-07T14:54:51.6986299Z   186 |             case static_cast<score::result::ErrorCode>(ComErrc::kServiceInstanceAlreadyOffered):
2026-10-07T14:54:51.6987316Z       |                                                                 ^
2026-10-07T14:54:51.6988622Z ./score/mw/com/impl/com_error.h:58:11: note: 'kServiceInstanceAlreadyOffered' has been explicitly marked deprecated here
2026-10-07T14:54:51.6990035Z    58 |         [[deprecated("Value has never been used. Calls to OfferService shall be idempotent.")]],
2026-10-07T14:54:51.6990790Z       |           ^
2026-10-07T14:54:51.6991233Z 1 warning generated.
2026-10-07T14:54:54.6046507Z INFO: From Compiling score/mw/com/test/move_semantics/skeleton_method/test_method_datatype.cpp:
2026-10-07T14:54:54.6048722Z In file included from score/mw/com/test/move_semantics/skeleton_method/test_method_datatype.cpp:13:
2026-10-07T14:54:54.6050150Z In file included from ./score/mw/com/test/move_semantics/skeleton_method/test_method_datatype.h:16:
2026-10-07T14:54:54.6051102Z In file included from ./score/mw/com/types.h:24:
2026-10-07T14:54:54.6051914Z In file included from ./score/mw/com/impl/generic_proxy.h:18:
2026-10-07T14:54:54.6052944Z In file included from ./score/mw/com/impl/generic_proxy_event.h:18:
2026-10-07T14:54:54.6053821Z In file included from ./score/mw/com/impl/proxy_base.h:18:
2026-10-07T14:54:54.6054655Z In file included from ./score/mw/com/impl/handle_type.h:18:
2026-10-07T14:54:54.6055557Z In file included from ./score/mw/com/impl/instance_identifier.h:16:
2026-10-07T14:54:54.6057489Z ./score/mw/com/impl/com_error.h:186:65: warning: 'kServiceInstanceAlreadyOffered' is deprecated: Value has never been used. Calls to OfferService shall be idempotent. [-Wdeprecated-declarations]
2026-10-07T14:54:54.6059296Z   186 |             case static_cast<score::result::ErrorCode>(ComErrc::kServiceInstanceAlreadyOffered):
2026-10-07T14:54:54.6060309Z       |                                                                 ^
2026-10-07T14:54:54.6061586Z ./score/mw/com/impl/com_error.h:58:11: note: 'kServiceInstanceAlreadyOffered' has been explicitly marked deprecated here
2026-10-07T14:54:54.6063125Z    58 |         [[deprecated("Value has never been used. Calls to OfferService shall be idempotent.")]],
2026-10-07T14:54:54.6063910Z       |           ^
2026-10-07T14:54:54.6064378Z 1 warning generated.
2026-10-07T14:54:57.3042378Z [12,788 / 14,020] 120 / 514 tests; OCI Image //score/mw/com/test/basic_rust_api/consumer_sync_apis/integration_test:_image_test_com_api_sync; 3s disk-cache, linux-sandbox ... (4 actions, 3 running)
2026-10-07T14:54:58.7914028Z INFO: From Compiling score/mw/com/test/move_semantics/skeleton_method/test_parameters.cpp:
2026-10-07T14:54:58.7953416Z In file included from score/mw/com/test/move_semantics/skeleton_method/test_parameters.cpp:13:
2026-10-07T14:54:58.7983190Z In file included from ./score/mw/com/test/move_semantics/skeleton_method/test_parameters.h:16:
2026-10-07T14:54:58.8012823Z In file included from ./score/mw/com/types.h:24:
2026-10-07T14:54:58.8042953Z In file included from ./score/mw/com/impl/generic_proxy.h:18:
2026-10-07T14:54:58.8072970Z In file included from ./score/mw/com/impl/generic_proxy_event.h:18:
2026-10-07T14:54:58.8073909Z In file included from ./score/mw/com/impl/proxy_base.h:18:
2026-10-07T14:54:58.8074703Z In file included from ./score/mw/com/impl/handle_type.h:18:
2026-10-07T14:54:58.8075607Z In file included from ./score/mw/com/impl/instance_identifier.h:16:
2026-10-07T14:54:58.8077390Z ./score/mw/com/impl/com_error.h:186:65: warning: 'kServiceInstanceAlreadyOffered' is deprecated: Value has never been used. Calls to OfferService shall be idempotent. [-Wdeprecated-declarations]
2026-10-07T14:54:58.8079092Z   186 |             case static_cast<score::result::ErrorCode>(ComErrc::kServiceInstanceAlreadyOffered):
2026-10-07T14:54:58.8080065Z       |                                                                 ^
2026-10-07T14:54:58.8081378Z ./score/mw/com/impl/com_error.h:58:11: note: 'kServiceInstanceAlreadyOffered' has been explicitly marked deprecated here
2026-10-07T14:54:58.8082991Z    58 |         [[deprecated("Value has never been used. Calls to OfferService shall be idempotent.")]],
2026-10-07T14:54:58.8083791Z       |           ^
2026-10-07T14:54:58.8084240Z 1 warning generated.
2026-10-07T14:55:02.6563593Z INFO: From Compiling score/mw/com/impl/methods/method_traits_checker_test.cpp:
2026-10-07T14:55:02.6603045Z In file included from score/mw/com/impl/methods/method_traits_checker_test.cpp:13:
2026-10-07T14:55:02.6623035Z In file included from ./score/mw/com/impl/methods/method_traits_checker.h:22:
2026-10-07T14:55:02.6626128Z external/+_repo_rules2+ubuntu24_04_sysroot_amd64/sysroot/usr/lib/gcc/x86_64-linux-gnu/13/../../../../include/c++/13/functional:552:2: warning: 'result_of<(lambda at score/mw/com/impl/methods/method_traits_checker_test.cpp:581:42) &()>' is deprecated: use 'std::invoke_result' instead [-Wdeprecated-declarations]
2026-10-07T14:55:02.6627811Z   552 |         using _Res_type_impl
2026-10-07T14:55:02.6628195Z       |         ^
2026-10-07T14:55:02.6629833Z external/+_repo_rules2+ubuntu24_04_sysroot_amd64/sysroot/usr/lib/gcc/x86_64-linux-gnu/13/../../../../include/c++/13/functional:556:20: note: in instantiation of template type alias '_Res_type_impl' requested here
2026-10-07T14:55:02.6631321Z   556 |         using _Res_type = _Res_type_impl<_Functor, _CallArgs, _Bound_args...>;
2026-10-07T14:55:02.6662212Z       |                           ^
2026-10-07T14:55:02.6664200Z score/mw/com/impl/methods/method_traits_checker_test.cpp:581:32: note: in instantiation of template class 'std::_Bind<(lambda at score/mw/com/impl/methods/method_traits_checker_test.cpp:581:42) ()>' requested here
2026-10-07T14:55:02.6665545Z   581 |     auto std_bind_expression = std::bind([]() {});
2026-10-07T14:55:02.6666076Z       |                                ^
2026-10-07T14:55:02.6668239Z external/+_repo_rules2+ubuntu24_04_sysroot_amd64/sysroot/usr/lib/gcc/x86_64-linux-gnu/13/../../../../include/c++/13/type_traits:2590:9: note: 'result_of<(lambda at score/mw/com/impl/methods/method_traits_checker_test.cpp:581:42) &()>' has been explicitly marked deprecated here
2026-10-07T14:55:02.6669855Z  2590 |     { } _GLIBCXX17_DEPRECATED_SUGGEST("std::invoke_result");
2026-10-07T14:55:02.6670323Z       |         ^
2026-10-07T14:55:02.6672165Z external/+_repo_rules2+ubuntu24_04_sysroot_amd64/sysroot/usr/lib/gcc/x86_64-linux-gnu/13/../../../../include/x86_64-linux-gnu/c++/13/bits/c++config.h:122:45: note: expanded from macro '_GLIBCXX17_DEPRECATED_SUGGEST'
2026-10-07T14:55:02.6673667Z   122 | # define _GLIBCXX17_DEPRECATED_SUGGEST(ALT) _GLIBCXX_DEPRECATED_SUGGEST(ALT)
2026-10-07T14:55:02.6674385Z       |                                             ^
2026-10-07T14:55:02.6676143Z external/+_repo_rules2+ubuntu24_04_sysroot_amd64/sysroot/usr/lib/gcc/x86_64-linux-gnu/13/../../../../include/x86_64-linux-gnu/c++/13/bits/c++config.h:98:19: note: expanded from macro '_GLIBCXX_DEPRECATED_SUGGEST'
2026-10-07T14:55:02.6677816Z    98 |   __attribute__ ((__deprecated__ ("use '" ALT "' instead")))
2026-10-07T14:55:02.6678327Z       |                   ^
2026-10-07T14:55:02.6679101Z In file included from score/mw/com/impl/methods/method_traits_checker_test.cpp:13:
2026-10-07T14:55:02.6680019Z In file included from ./score/mw/com/impl/methods/method_traits_checker.h:22:
2026-10-07T14:55:02.6682773Z external/+_repo_rules2+ubuntu24_04_sysroot_amd64/sysroot/usr/lib/gcc/x86_64-linux-gnu/13/../../../../include/c++/13/functional:552:2: warning: 'result_of<(lambda at score/mw/com/impl/methods/method_traits_checker_test.cpp:581:42) &()>' is deprecated: use 'std::invoke_result' instead [-Wdeprecated-declarations]
2026-10-07T14:55:02.6684398Z   552 |         using _Res_type_impl
2026-10-07T14:55:02.6684774Z       |         ^
2026-10-07T14:55:02.6686430Z external/+_repo_rules2+ubuntu24_04_sysroot_amd64/sysroot/usr/lib/gcc/x86_64-linux-gnu/13/../../../../include/c++/13/functional:556:2: note: in instantiation of template type alias '_Res_type_impl' requested here
2026-10-07T14:55:02.6687925Z   556 |         using _Res_type = _Res_type_impl<_Functor, _CallArgs, _Bound_args...>;
2026-10-07T14:55:02.6688518Z       |         ^
2026-10-07T14:55:02.6690133Z external/+_repo_rules2+ubuntu24_04_sysroot_amd64/sysroot/usr/lib/gcc/x86_64-linux-gnu/13/../../../../include/c++/13/functional:586:28: note: in instantiation of template type alias '_Res_type' requested here
2026-10-07T14:55:02.6691433Z   586 |                typename _Result = _Res_type<tuple<_Args...>>>
2026-10-07T14:55:02.6722224Z       |                                   ^
2026-10-07T14:55:02.6724287Z score/mw/com/impl/methods/method_traits_checker_test.cpp:581:32: note: in instantiation of template class 'std::_Bind<(lambda at score/mw/com/impl/methods/method_traits_checker_test.cpp:581:42) ()>' requested here
2026-10-07T14:55:02.6725606Z   581 |     auto std_bind_expression = std::bind([]() {});
2026-10-07T14:55:02.6726136Z       |                                ^
2026-10-07T14:55:02.6728307Z external/+_repo_rules2+ubuntu24_04_sysroot_amd64/sysroot/usr/lib/gcc/x86_64-linux-gnu/13/../../../../include/c++/13/type_traits:2590:9: note: 'result_of<(lambda at score/mw/com/impl/methods/method_traits_checker_test.cpp:581:42) &()>' has been explicitly marked deprecated here
2026-10-07T14:55:02.6729907Z  2590 |     { } _GLIBCXX17_DEPRECATED_SUGGEST("std::invoke_result");
2026-10-07T14:55:02.6730369Z       |         ^
2026-10-07T14:55:02.6732199Z external/+_repo_rules2+ubuntu24_04_sysroot_amd64/sysroot/usr/lib/gcc/x86_64-linux-gnu/13/../../../../include/x86_64-linux-gnu/c++/13/bits/c++config.h:122:45: note: expanded from macro '_GLIBCXX17_DEPRECATED_SUGGEST'
2026-10-07T14:55:02.6733720Z   122 | # define _GLIBCXX17_DEPRECATED_SUGGEST(ALT) _GLIBCXX_DEPRECATED_SUGGEST(ALT)
2026-10-07T14:55:02.6734410Z       |                                             ^
2026-10-07T14:55:02.6736148Z external/+_repo_rules2+ubuntu24_04_sysroot_amd64/sysroot/usr/lib/gcc/x86_64-linux-gnu/13/../../../../include/x86_64-linux-gnu/c++/13/bits/c++config.h:98:19: note: expanded from macro '_GLIBCXX_DEPRECATED_SUGGEST'
2026-10-07T14:55:02.6737487Z    98 |   __attribute__ ((__deprecated__ ("use '" ALT "' instead")))
2026-10-07T14:55:02.6738002Z       |                   ^
2026-10-07T14:55:02.6738799Z In file included from score/mw/com/impl/methods/method_traits_checker_test.cpp:13:
2026-10-07T14:55:02.6739734Z In file included from ./score/mw/com/impl/methods/method_traits_checker.h:22:
2026-10-07T14:55:02.6742560Z external/+_repo_rules2+ubuntu24_04_sysroot_amd64/sysroot/usr/lib/gcc/x86_64-linux-gnu/13/../../../../include/c++/13/functional:552:2: warning: 'result_of<(lambda at score/mw/com/impl/methods/method_traits_checker_test.cpp:592:42) &()>' is deprecated: use 'std::invoke_result' instead [-Wdeprecated-declarations]
2026-10-07T14:55:02.6744230Z   552 |         using _Res_type_impl
2026-10-07T14:55:02.6744839Z       |         ^
2026-10-07T14:55:02.6746494Z external/+_repo_rules2+ubuntu24_04_sysroot_amd64/sysroot/usr/lib/gcc/x86_64-linux-gnu/13/../../../../include/c++/13/functional:556:20: note: in instantiation of template type alias '_Res_type_impl' requested here
2026-10-07T14:55:02.6747953Z   556 |         using _Res_type = _Res_type_impl<_Functor, _CallArgs, _Bound_args...>;
2026-10-07T14:55:02.6748561Z       |                           ^
2026-10-07T14:55:02.6750236Z score/mw/com/impl/methods/method_traits_checker_test.cpp:592:32: note: in instantiation of template class 'std::_Bind<(lambda at score/mw/com/impl/methods/method_traits_checker_test.cpp:592:42) ()>' requested here
2026-10-07T14:55:02.6751536Z   592 |     auto std_bind_expression = std::bind([]() {});
2026-10-07T14:55:02.6782345Z       |                                ^
2026-10-07T14:55:02.6784678Z external/+_repo_rules2+ubuntu24_04_sysroot_amd64/sysroot/usr/lib/gcc/x86_64-linux-gnu/13/../../../../include/c++/13/type_traits:2590:9: note: 'result_of<(lambda at score/mw/com/impl/methods/method_traits_checker_test.cpp:592:42) &()>' has been explicitly marked deprecated here
2026-10-07T14:55:02.6786395Z  2590 |     { } _GLIBCXX17_DEPRECATED_SUGGEST("std::invoke_result");
2026-10-07T14:55:02.6786883Z       |         ^
2026-10-07T14:55:02.6788526Z external/+_repo_rules2+ubuntu24_04_sysroot_amd64/sysroot/usr/lib/gcc/x86_64-linux-gnu/13/../../../../include/x86_64-linux-gnu/c++/13/bits/c++config.h:122:45: note: expanded from macro '_GLIBCXX17_DEPRECATED_SUGGEST'
2026-10-07T14:55:02.6790050Z   122 | # define _GLIBCXX17_DEPRECATED_SUGGEST(ALT) _GLIBCXX_DEPRECATED_SUGGEST(ALT)
2026-10-07T14:55:02.6790763Z       |                                             ^
2026-10-07T14:55:02.6793263Z external/+_repo_rules2+ubuntu24_04_sysroot_amd64/sysroot/usr/lib/gcc/x86_64-linux-gnu/13/../../../../include/x86_64-linux-gnu/c++/13/bits/c++config.h:98:19: note: expanded from macro '_GLIBCXX_DEPRECATED_SUGGEST'
2026-10-07T14:55:02.6794659Z    98 |   __attribute__ ((__deprecated__ ("use '" ALT "' instead")))
2026-10-07T14:55:02.6795189Z       |                   ^
2026-10-07T14:55:02.6795962Z In file included from score/mw/com/impl/methods/method_traits_checker_test.cpp:13:
2026-10-07T14:55:02.6796903Z In file included from ./score/mw/com/impl/methods/method_traits_checker.h:22:
2026-10-07T14:55:02.6799748Z external/+_repo_rules2+ubuntu24_04_sysroot_amd64/sysroot/usr/lib/gcc/x86_64-linux-gnu/13/../../../../include/c++/13/functional:552:2: warning: 'result_of<(lambda at score/mw/com/impl/methods/method_traits_checker_test.cpp:592:42) &()>' is deprecated: use 'std::invoke_result' instead [-Wdeprecated-declarations]
2026-10-07T14:55:02.6801384Z   552 |         using _Res_type_impl
2026-10-07T14:55:02.6801753Z       |         ^
2026-10-07T14:55:02.6803617Z external/+_repo_rules2+ubuntu24_04_sysroot_amd64/sysroot/usr/lib/gcc/x86_64-linux-gnu/13/../../../../include/c++/13/functional:556:2: note: in instantiation of template type alias '_Res_type_impl' requested here
2026-10-07T14:55:02.6805087Z   556 |         using _Res_type = _Res_type_impl<_Functor, _CallArgs, _Bound_args...>;
2026-10-07T14:55:02.6805622Z       |         ^
2026-10-07T14:55:02.6807274Z external/+_repo_rules2+ubuntu24_04_sysroot_amd64/sysroot/usr/lib/gcc/x86_64-linux-gnu/13/../../../../include/c++/13/functional:586:28: note: in instantiation of template type alias '_Res_type' requested here
2026-10-07T14:55:02.6808620Z   586 |                typename _Result = _Res_type<tuple<_Args...>>>
2026-10-07T14:55:02.6809186Z       |                                   ^
2026-10-07T14:55:02.6810986Z score/mw/com/impl/methods/method_traits_checker_test.cpp:592:32: note: in instantiation of template class 'std::_Bind<(lambda at score/mw/com/impl/methods/method_traits_checker_test.cpp:592:42) ()>' requested here
2026-10-07T14:55:02.6842683Z   592 |     auto std_bind_expression = std::bind([]() {});
2026-10-07T14:55:02.6843260Z       |                                ^
2026-10-07T14:55:02.6845498Z external/+_repo_rules2+ubuntu24_04_sysroot_amd64/sysroot/usr/lib/gcc/x86_64-linux-gnu/13/../../../../include/c++/13/type_traits:2590:9: note: 'result_of<(lambda at score/mw/com/impl/methods/method_traits_checker_test.cpp:592:42) &()>' has been explicitly marked deprecated here
2026-10-07T14:55:02.6847402Z  2590 |     { } _GLIBCXX17_DEPRECATED_SUGGEST("std::invoke_result");
2026-10-07T14:55:02.6847872Z       |         ^
2026-10-07T14:55:02.6849538Z external/+_repo_rules2+ubuntu24_04_sysroot_amd64/sysroot/usr/lib/gcc/x86_64-linux-gnu/13/../../../../include/x86_64-linux-gnu/c++/13/bits/c++config.h:122:45: note: expanded from macro '_GLIBCXX17_DEPRECATED_SUGGEST'
2026-10-07T14:55:02.6851033Z   122 | # define _GLIBCXX17_DEPRECATED_SUGGEST(ALT) _GLIBCXX_DEPRECATED_SUGGEST(ALT)
2026-10-07T14:55:02.6851788Z       |                                             ^
2026-10-07T14:55:02.6853853Z external/+_repo_rules2+ubuntu24_04_sysroot_amd64/sysroot/usr/lib/gcc/x86_64-linux-gnu/13/../../../../include/x86_64-linux-gnu/c++/13/bits/c++config.h:98:19: note: expanded from macro '_GLIBCXX_DEPRECATED_SUGGEST'
2026-10-07T14:55:02.6855232Z    98 |   __attribute__ ((__deprecated__ ("use '" ALT "' instead")))
2026-10-07T14:55:02.6855746Z       |                   ^
2026-10-07T14:55:02.6856102Z 4 warnings generated.
2026-10-07T14:55:07.4393226Z [12,847 / 14,032] 120 / 514 tests; Compiling score/mw/com/impl/bindings/lola/subscription_state_machine_methods_test.cpp; 6s disk-cache, linux-sandbox ... (4 actions, 3 running)
2026-10-07T14:55:08.4383906Z INFO: From Compiling score/mw/com/impl/bindings/lola/subscription_state_machine_methods_test.cpp:
2026-10-07T14:55:08.4423145Z In file included from score/mw/com/impl/bindings/lola/subscription_state_machine_methods_test.cpp:15:
2026-10-07T14:55:08.4452962Z In file included from ./score/mw/com/impl/bindings/lola/test/proxy_event_test_resources.h:18:
2026-10-07T14:55:08.4483214Z In file included from ./score/mw/com/impl/bindings/lola/i_runtime.h:20:
2026-10-07T14:55:08.4512764Z In file included from ./score/mw/com/impl/i_binding_runtime.h:17:
2026-10-07T14:55:08.4542795Z In file included from ./score/mw/com/impl/i_service_discovery_client.h:16:
2026-10-07T14:55:08.4572844Z In file included from ./score/mw/com/impl/enriched_instance_identifier.h:17:
2026-10-07T14:55:08.4602707Z In file included from ./score/mw/com/impl/handle_type.h:18:
2026-10-07T14:55:08.4632762Z In file included from ./score/mw/com/impl/instance_identifier.h:16:
2026-10-07T14:55:08.4659339Z ./score/mw/com/impl/com_error.h:186:65: warning: 'kServiceInstanceAlreadyOffered' is deprecated: Value has never been used. Calls to OfferService shall be idempotent. [-Wdeprecated-declarations]
2026-10-07T14:55:08.4683027Z   186 |             case static_cast<score::result::ErrorCode>(ComErrc::kServiceInstanceAlreadyOffered):
2026-10-07T14:55:08.4702709Z       |                                                                 ^
2026-10-07T14:55:08.4743130Z ./score/mw/com/impl/com_error.h:58:11: note: 'kServiceInstanceAlreadyOffered' has been explicitly marked deprecated here
2026-10-07T14:55:08.4773047Z    58 |         [[deprecated("Value has never been used. Calls to OfferService shall be idempotent.")]],
2026-10-07T14:55:08.4773764Z       |           ^
2026-10-07T14:55:08.4802557Z 1 warning generated.
2026-10-07T14:55:09.8638930Z INFO: From Compiling score/mw/com/gateway/transport_layer/sample/i_bidirectional_transport.cpp:
2026-10-07T14:55:09.8662935Z In file included from score/mw/com/gateway/transport_layer/sample/i_bidirectional_transport.cpp:14:
2026-10-07T14:55:09.8693098Z In file included from ./score/mw/com/gateway/transport_layer/sample/i_bidirectional_transport.h:16:
2026-10-07T14:55:09.8706362Z In file included from ./score/mw/com/gateway/transport_layer/sample/messages/gateway_messages.h:17:
2026-10-07T14:55:09.8732851Z In file included from ./score/mw/com/gateway/transport_layer/transport.h:17:
2026-10-07T14:55:09.8745183Z In file included from ./score/mw/com/types.h:24:
2026-10-07T14:55:09.8772909Z In file included from ./score/mw/com/impl/generic_proxy.h:18:
2026-10-07T14:55:09.8802828Z In file included from ./score/mw/com/impl/generic_proxy_event.h:18:
2026-10-07T14:55:09.8822839Z In file included from ./score/mw/com/impl/proxy_base.h:18:
2026-10-07T14:55:09.8842638Z In file included from ./score/mw/com/impl/handle_type.h:18:
2026-10-07T14:55:09.8862832Z In file included from ./score/mw/com/impl/instance_identifier.h:16:
2026-10-07T14:55:09.8893919Z ./score/mw/com/impl/com_error.h:186:65: warning: 'kServiceInstanceAlreadyOffered' is deprecated: Value has never been used. Calls to OfferService shall be idempotent. [-Wdeprecated-declarations]
2026-10-07T14:55:09.8922420Z   186 |             case static_cast<score::result::ErrorCode>(ComErrc::kServiceInstanceAlreadyOffered):
2026-10-07T14:55:09.8923580Z       |                                                                 ^
2026-10-07T14:55:09.8924985Z ./score/mw/com/impl/com_error.h:58:11: note: 'kServiceInstanceAlreadyOffered' has been explicitly marked deprecated here
2026-10-07T14:55:09.8926630Z    58 |         [[deprecated("Value has never been used. Calls to OfferService shall be idempotent.")]],
2026-10-07T14:55:09.8927603Z       |           ^
2026-10-07T14:55:09.8928040Z 1 warning generated.
2026-10-07T14:55:11.1402782Z INFO: From Compiling score/mw/com/gateway/transport_layer/sample/bidirectional_transport.cpp:
2026-10-07T14:55:11.1445181Z In file included from score/mw/com/gateway/transport_layer/sample/bidirectional_transport.cpp:13:
2026-10-07T14:55:11.1446718Z In file included from ./score/mw/com/gateway/transport_layer/sample/bidirectional_transport.h:18:
2026-10-07T14:55:11.1448147Z In file included from ./score/mw/com/gateway/transport_layer/sample/i_bidirectional_transport.h:16:
2026-10-07T14:55:11.1449624Z In file included from ./score/mw/com/gateway/transport_layer/sample/messages/gateway_messages.h:17:
2026-10-07T14:55:11.1451165Z In file included from ./score/mw/com/gateway/transport_layer/transport.h:17:
2026-10-07T14:55:11.1452302Z In file included from ./score/mw/com/types.h:24:
2026-10-07T14:55:11.1453206Z In file included from ./score/mw/com/impl/generic_proxy.h:18:
2026-10-07T14:55:11.1454144Z In file included from ./score/mw/com/impl/generic_proxy_event.h:18:
2026-10-07T14:55:11.1455039Z In file included from ./score/mw/com/impl/proxy_base.h:18:
2026-10-07T14:55:11.1455939Z In file included from ./score/mw/com/impl/handle_type.h:18:
2026-10-07T14:55:11.1456974Z In file included from ./score/mw/com/impl/instance_identifier.h:16:
2026-10-07T14:55:11.1459020Z ./score/mw/com/impl/com_error.h:186:65: warning: 'kServiceInstanceAlreadyOffered' is deprecated: Value has never been used. Calls to OfferService shall be idempotent. [-Wdeprecated-declarations]
2026-10-07T14:55:11.1460962Z   186 |             case static_cast<score::result::ErrorCode>(ComErrc::kServiceInstanceAlreadyOffered):
2026-10-07T14:55:11.1462212Z       |                                                                 ^
2026-10-07T14:55:11.1463633Z ./score/mw/com/impl/com_error.h:58:11: note: 'kServiceInstanceAlreadyOffered' has been explicitly marked deprecated here
2026-10-07T14:55:11.1465240Z    58 |         [[deprecated("Value has never been used. Calls to OfferService shall be idempotent.")]],
2026-10-07T14:55:11.1466126Z       |           ^
2026-10-07T14:55:11.1466682Z 1 warning generated.
2026-10-07T14:55:12.9816099Z INFO: From Compiling score/mw/com/gateway/transport_layer/sample/test/app2_main.cpp:
2026-10-07T14:55:12.9843281Z In file included from score/mw/com/gateway/transport_layer/sample/test/app2_main.cpp:13:
2026-10-07T14:55:12.9844531Z In file included from ./score/mw/com/gateway/transport_layer/sample/bidirectional_transport.h:18:
2026-10-07T14:55:12.9873105Z In file included from ./score/mw/com/gateway/transport_layer/sample/i_bidirectional_transport.h:16:
2026-10-07T14:55:12.9903014Z In file included from ./score/mw/com/gateway/transport_layer/sample/messages/gateway_messages.h:17:
2026-10-07T14:55:12.9932792Z In file included from ./score/mw/com/gateway/transport_layer/transport.h:17:
2026-10-07T14:55:12.9933995Z In file included from ./score/mw/com/types.h:24:
2026-10-07T14:55:12.9962947Z In file included from ./score/mw/com/impl/generic_proxy.h:18:
2026-10-07T14:55:12.9992852Z In file included from ./score/mw/com/impl/generic_proxy_event.h:18:
2026-10-07T14:55:13.0002833Z In file included from ./score/mw/com/impl/proxy_base.h:18:
2026-10-07T14:55:13.0042961Z In file included from ./score/mw/com/impl/handle_type.h:18:
2026-10-07T14:55:13.0063263Z In file included from ./score/mw/com/impl/instance_identifier.h:16:
2026-10-07T14:55:13.0074031Z ./score/mw/com/impl/com_error.h:186:65: warning: 'kServiceInstanceAlreadyOffered' is deprecated: Value has never been used. Calls to OfferService shall be idempotent. [-Wdeprecated-declarations]
2026-10-07T14:55:13.0084743Z   186 |             case static_cast<score::result::ErrorCode>(ComErrc::kServiceInstanceAlreadyOffered):
2026-10-07T14:55:13.0085759Z       |                                                                 ^
2026-10-07T14:55:13.0087040Z ./score/mw/com/impl/com_error.h:58:11: note: 'kServiceInstanceAlreadyOffered' has been explicitly marked deprecated here
2026-10-07T14:55:13.0088585Z    58 |         [[deprecated("Value has never been used. Calls to OfferService shall be idempotent.")]],
2026-10-07T14:55:13.0089345Z       |           ^
2026-10-07T14:55:13.0089801Z 1 warning generated.
2026-10-07T14:55:13.1828851Z INFO: From Compiling score/mw/com/gateway/transport_layer/sample/test/app1_main.cpp:
2026-10-07T14:55:13.1853151Z In file included from score/mw/com/gateway/transport_layer/sample/test/app1_main.cpp:13:
2026-10-07T14:55:13.1883158Z In file included from ./score/mw/com/gateway/transport_layer/sample/bidirectional_transport.h:18:
2026-10-07T14:55:13.1903026Z In file included from ./score/mw/com/gateway/transport_layer/sample/i_bidirectional_transport.h:16:
2026-10-07T14:55:13.1913500Z In file included from ./score/mw/com/gateway/transport_layer/sample/messages/gateway_messages.h:17:
2026-10-07T14:55:13.1941260Z In file included from ./score/mw/com/gateway/transport_layer/transport.h:17:
2026-10-07T14:55:13.1970498Z In file included from ./score/mw/com/types.h:24:
2026-10-07T14:55:13.1992885Z In file included from ./score/mw/com/impl/generic_proxy.h:18:
2026-10-07T14:55:13.2022946Z In file included from ./score/mw/com/impl/generic_proxy_event.h:18:
2026-10-07T14:55:13.2023946Z In file included from ./score/mw/com/impl/proxy_base.h:18:
2026-10-07T14:55:13.2052915Z In file included from ./score/mw/com/impl/handle_type.h:18:
2026-10-07T14:55:13.2082967Z In file included from ./score/mw/com/impl/instance_identifier.h:16:
2026-10-07T14:55:13.2113714Z ./score/mw/com/impl/com_error.h:186:65: warning: 'kServiceInstanceAlreadyOffered' is deprecated: Value has never been used. Calls to OfferService shall be idempotent. [-Wdeprecated-declarations]
2026-10-07T14:55:13.2115634Z   186 |             case static_cast<score::result::ErrorCode>(ComErrc::kServiceInstanceAlreadyOffered):
2026-10-07T14:55:13.2142821Z       |                                                                 ^
2026-10-07T14:55:13.2173226Z ./score/mw/com/impl/com_error.h:58:11: note: 'kServiceInstanceAlreadyOffered' has been explicitly marked deprecated here
2026-10-07T14:55:13.2188228Z    58 |         [[deprecated("Value has never been used. Calls to OfferService shall be idempotent.")]],
2026-10-07T14:55:13.2222805Z       |           ^
2026-10-07T14:55:13.2223357Z 1 warning generated.
2026-10-07T14:55:15.9772301Z INFO: From Compiling score/mw/com/impl/bindings/lola/subscription_state_machine_stress_test.cpp:
2026-10-07T14:55:15.9777015Z In file included from score/mw/com/impl/bindings/lola/subscription_state_machine_stress_test.cpp:15:
2026-10-07T14:55:15.9780974Z In file included from ./score/mw/com/impl/bindings/lola/test/proxy_event_test_resources.h:18:
2026-10-07T14:55:15.9782425Z In file included from ./score/mw/com/impl/bindings/lola/i_runtime.h:20:
2026-10-07T14:55:15.9783518Z In file included from ./score/mw/com/impl/i_binding_runtime.h:17:
2026-10-07T14:55:15.9784562Z In file included from ./score/mw/com/impl/i_service_discovery_client.h:16:
2026-10-07T14:55:15.9786020Z In file included from ./score/mw/com/impl/enriched_instance_identifier.h:17:
2026-10-07T14:55:15.9786989Z In file included from ./score/mw/com/impl/handle_type.h:18:
2026-10-07T14:55:15.9787950Z In file included from ./score/mw/com/impl/instance_identifier.h:16:
2026-10-07T14:55:15.9789903Z ./score/mw/com/impl/com_error.h:186:65: warning: 'kServiceInstanceAlreadyOffered' is deprecated: Value has never been used. Calls to OfferService shall be idempotent. [-Wdeprecated-declarations]
2026-10-07T14:55:15.9791834Z   186 |             case static_cast<score::result::ErrorCode>(ComErrc::kServiceInstanceAlreadyOffered):
2026-10-07T14:55:15.9793070Z       |                                                                 ^
2026-10-07T14:55:15.9794391Z ./score/mw/com/impl/com_error.h:58:11: note: 'kServiceInstanceAlreadyOffered' has been explicitly marked deprecated here
2026-10-07T14:55:15.9795847Z    58 |         [[deprecated("Value has never been used. Calls to OfferService shall be idempotent.")]],
2026-10-07T14:55:15.9796703Z       |           ^
2026-10-07T14:55:15.9797197Z 1 warning generated.
2026-10-07T14:55:18.0134629Z [12,884 / 14,040] 120 / 514 tests; OCI Image //score/mw/com/gateway/transport_layer/sample/test/integration_test:_image_test_bidirectional_transport_communication; 3s disk-cache, linux-sandbox ... (4 actions, 3 running)
2026-10-07T14:55:24.1465682Z INFO: From Compiling score/mw/com/impl/tracing/skeleton_event_tracing_test.cpp:
2026-10-07T14:55:24.1500414Z In file included from score/mw/com/impl/tracing/skeleton_event_tracing_test.cpp:13:
2026-10-07T14:55:24.1533309Z In file included from ./score/mw/com/impl/tracing/skeleton_event_tracing.h:22:
2026-10-07T14:55:24.1557058Z In file included from ./score/mw/com/impl/instance_identifier.h:16:
2026-10-07T14:55:24.1584821Z ./score/mw/com/impl/com_error.h:186:65: warning: 'kServiceInstanceAlreadyOffered' is deprecated: Value has never been used. Calls to OfferService shall be idempotent. [-Wdeprecated-declarations]
2026-10-07T14:55:24.1613129Z   186 |             case static_cast<score::result::ErrorCode>(ComErrc::kServiceInstanceAlreadyOffered):
2026-10-07T14:55:24.1630459Z       |                                                                 ^
2026-10-07T14:55:24.1653273Z ./score/mw/com/impl/com_error.h:58:11: note: 'kServiceInstanceAlreadyOffered' has been explicitly marked deprecated here
2026-10-07T14:55:24.1683201Z    58 |         [[deprecated("Value has never been used. Calls to OfferService shall be idempotent.")]],
2026-10-07T14:55:24.1711528Z       |           ^
2026-10-07T14:55:24.1742537Z 1 warning generated.
2026-10-07T14:55:25.1907712Z INFO: From Compiling score/mw/com/impl/methods/callable_traits_test.cpp:
2026-10-07T14:55:25.1923724Z score/mw/com/impl/methods/callable_traits_test.cpp:102:71: warning: passing no argument for the '...' parameter of a variadic macro is a C++20 extension [-Wvariadic-macro-arguments-omitted]
2026-10-07T14:55:25.1942898Z   102 | TYPED_TEST_SUITE(CallableTraitsReturnTypeFixture, MyReturnTypeTestData);
2026-10-07T14:55:25.1957765Z       |                                                                       ^
2026-10-07T14:55:25.1958892Z external/googletest+/googletest/include/gtest/gtest-typed-test.h:191:9: note: macro 'TYPED_TEST_SUITE' defined here
2026-10-07T14:55:25.1962838Z   191 | #define TYPED_TEST_SUITE(CaseName, Types, ...)                          \
2026-10-07T14:55:25.1982655Z       |         ^
2026-10-07T14:55:25.1984668Z score/mw/com/impl/methods/callable_traits_test.cpp:182:71: warning: passing no argument for the '...' parameter of a variadic macro is a C++20 extension [-Wvariadic-macro-arguments-omitted]
2026-10-07T14:55:25.1986367Z   182 | TYPED_TEST_SUITE(CallableTraitsInArgTypesFixture, MyInArgTypesTestData);
2026-10-07T14:55:25.1987405Z       |                                                                       ^
2026-10-07T14:55:25.1988740Z external/googletest+/googletest/include/gtest/gtest-typed-test.h:191:9: note: macro 'TYPED_TEST_SUITE' defined here
2026-10-07T14:55:25.1990293Z   191 | #define TYPED_TEST_SUITE(CaseName, Types, ...)                          \
2026-10-07T14:55:25.1990980Z       |         ^
2026-10-07T14:55:25.1991409Z 2 warnings generated.
2026-10-07T14:55:27.4425350Z INFO: From Compiling score/mw/com/impl/configuration/config_validate_test.cpp:
2026-10-07T14:55:27.4452962Z In file included from score/mw/com/impl/configuration/config_validate_test.cpp:13:
2026-10-07T14:55:27.4472998Z In file included from ./score/mw/com/impl/configuration/config_validate.h:17:
2026-10-07T14:55:27.4491511Z In file included from ./score/mw/com/impl/configuration/configuration.h:18:
2026-10-07T14:55:27.4498316Z In file included from ./score/mw/com/impl/configuration/service_instance_deployment.h:17:
2026-10-07T14:55:27.4500405Z ./score/mw/com/impl/com_error.h:186:65: warning: 'kServiceInstanceAlreadyOffered' is deprecated: Value has never been used. Calls to OfferService shall be idempotent. [-Wdeprecated-declarations]
2026-10-07T14:55:27.4502354Z   186 |             case static_cast<score::result::ErrorCode>(ComErrc::kServiceInstanceAlreadyOffered):
2026-10-07T14:55:27.4503375Z       |                                                                 ^
2026-10-07T14:55:27.4504661Z ./score/mw/com/impl/com_error.h:58:11: note: 'kServiceInstanceAlreadyOffered' has been explicitly marked deprecated here
2026-10-07T14:55:27.4506072Z    58 |         [[deprecated("Value has never been used. Calls to OfferService shall be idempotent.")]],
2026-10-07T14:55:27.4506818Z       |           ^
2026-10-07T14:55:27.4507262Z 1 warning generated.
2026-10-07T14:55:29.6524153Z [12,922 / 14,056] 120 / 514 tests; Compiling score/mw/com/impl/configuration/configuration_json_parsing_strategy_test.cpp; 3s disk-cache, linux-sandbox ... (4 actions running)
2026-10-07T14:55:29.7933648Z INFO: From Compiling score/mw/com/impl/configuration/config_parser_test.cpp:
2026-10-07T14:55:29.7962887Z In file included from score/mw/com/impl/configuration/config_parser_test.cpp:13:
2026-10-07T14:55:29.7992879Z In file included from ./score/mw/com/impl/configuration/config_parser.h:17:
2026-10-07T14:55:29.7993857Z In file included from ./score/mw/com/impl/configuration/configuration.h:18:
2026-10-07T14:55:29.8024994Z In file included from ./score/mw/com/impl/configuration/service_instance_deployment.h:17:
2026-10-07T14:55:29.8053972Z ./score/mw/com/impl/com_error.h:186:65: warning: 'kServiceInstanceAlreadyOffered' is deprecated: Value has never been used. Calls to OfferService shall be idempotent. [-Wdeprecated-declarations]
2026-10-07T14:55:29.8083083Z   186 |             case static_cast<score::result::ErrorCode>(ComErrc::kServiceInstanceAlreadyOffered):
2026-10-07T14:55:29.8083990Z       |                                                                 ^
2026-10-07T14:55:29.8113439Z ./score/mw/com/impl/com_error.h:58:11: note: 'kServiceInstanceAlreadyOffered' has been explicitly marked deprecated here
2026-10-07T14:55:29.8143034Z    58 |         [[deprecated("Value has never been used. Calls to OfferService shall be idempotent.")]],
2026-10-07T14:55:29.8172461Z       |           ^
2026-10-07T14:55:29.8172824Z 1 warning generated.
2026-10-07T14:55:30.5380779Z INFO: From Compiling score/mw/com/impl/configuration/configuration_json_parsing_strategy_test.cpp:
2026-10-07T14:55:30.5440609Z In file included from score/mw/com/impl/configuration/configuration_json_parsing_strategy_test.cpp:13:
2026-10-07T14:55:30.5485721Z In file included from ./score/mw/com/impl/configuration/configuration_json_parsing_strategy.h:16:
2026-10-07T14:55:30.5533891Z In file included from ./score/mw/com/impl/configuration/i_configuration_parsing_strategy.h:16:
2026-10-07T14:55:30.5537215Z In file included from ./score/mw/com/impl/configuration/configuration.h:18:
2026-10-07T14:55:30.5563126Z In file included from ./score/mw/com/impl/configuration/service_instance_deployment.h:17:
2026-10-07T14:55:30.5593891Z ./score/mw/com/impl/com_error.h:186:65: warning: 'kServiceInstanceAlreadyOffered' is deprecated: Value has never been used. Calls to OfferService shall be idempotent. [-Wdeprecated-declarations]
2026-10-07T14:55:30.5613135Z   186 |             case static_cast<score::result::ErrorCode>(ComErrc::kServiceInstanceAlreadyOffered):
2026-10-07T14:55:30.5624401Z       |                                                                 ^
2026-10-07T14:55:30.5653348Z ./score/mw/com/impl/com_error.h:58:11: note: 'kServiceInstanceAlreadyOffered' has been explicitly marked deprecated here
2026-10-07T14:55:30.5683339Z    58 |         [[deprecated("Value has never been used. Calls to OfferService shall be idempotent.")]],
2026-10-07T14:55:30.5702445Z       |           ^
2026-10-07T14:55:30.5732489Z 1 warning generated.
2026-10-07T14:55:33.6573470Z INFO: From Compiling score/mw/com/mocking/test_type_utilities.cpp:
2026-10-07T14:55:33.6635594Z In file included from score/mw/com/mocking/test_type_utilities.cpp:13:
2026-10-07T14:55:33.6642953Z In file included from ./score/mw/com/mocking/test_type_utilities.h:16:
2026-10-07T14:55:33.6702699Z In file included from ./score/mw/com/mocking/i_runtime.h:17:
2026-10-07T14:55:33.6703436Z In file included from ./score/mw/com/types.h:24:
2026-10-07T14:55:33.6763016Z In file included from ./score/mw/com/impl/generic_proxy.h:18:
2026-10-07T14:55:33.6786107Z In file included from ./score/mw/com/impl/generic_proxy_event.h:18:
2026-10-07T14:55:33.6786876Z In file included from ./score/mw/com/impl/proxy_base.h:18:
2026-10-07T14:55:33.6812555Z In file included from ./score/mw/com/impl/handle_type.h:18:
2026-10-07T14:55:33.6813299Z In file included from ./score/mw/com/impl/instance_identifier.h:16:
2026-10-07T14:55:33.6815075Z ./score/mw/com/impl/com_error.h:186:65: warning: 'kServiceInstanceAlreadyOffered' is deprecated: Value has never been used. Calls to OfferService shall be idempotent. [-Wdeprecated-declarations]
2026-10-07T14:55:33.6817153Z   186 |             case static_cast<score::result::ErrorCode>(ComErrc::kServiceInstanceAlreadyOffered):
2026-10-07T14:55:33.6817998Z       |                                                                 ^
2026-10-07T14:55:33.6819132Z ./score/mw/com/impl/com_error.h:58:11: note: 'kServiceInstanceAlreadyOffered' has been explicitly marked deprecated here
2026-10-07T14:55:33.6820393Z    58 |         [[deprecated("Value has never been used. Calls to OfferService shall be idempotent.")]],
2026-10-07T14:55:33.6821013Z       |           ^
2026-10-07T14:55:33.6821331Z 1 warning generated.
2026-10-07T14:55:36.2277423Z INFO: From Compiling score/mw/com/impl/generic_skeleton_event_test.cpp:
2026-10-07T14:55:36.2302891Z In file included from score/mw/com/impl/generic_skeleton_event_test.cpp:17:
2026-10-07T14:55:36.2352923Z ./score/mw/com/impl/com_error.h:186:65: warning: 'kServiceInstanceAlreadyOffered' is deprecated: Value has never been used. Calls to OfferService shall be idempotent. [-Wdeprecated-declarations]
2026-10-07T14:55:36.2391065Z   186 |             case static_cast<score::result::ErrorCode>(ComErrc::kServiceInstanceAlreadyOffered):
2026-10-07T14:55:36.2442713Z       |                                                                 ^
2026-10-07T14:55:36.2473223Z ./score/mw/com/impl/com_error.h:58:11: note: 'kServiceInstanceAlreadyOffered' has been explicitly marked deprecated here
2026-10-07T14:55:36.2474330Z    58 |         [[deprecated("Value has never been used. Calls to OfferService shall be idempotent.")]],
2026-10-07T14:55:36.2474847Z       |           ^
2026-10-07T14:55:36.2475126Z 1 warning generated.
2026-10-07T14:55:38.3523725Z INFO: From Compiling score/mw/com/impl/mocking/skeleton_wrapper_class_test_view.cpp:
2026-10-07T14:55:38.3525253Z In file included from score/mw/com/impl/mocking/skeleton_wrapper_class_test_view.cpp:13:
2026-10-07T14:55:38.3553107Z In file included from ./score/mw/com/impl/mocking/skeleton_wrapper_class_test_view.h:17:
2026-10-07T14:55:38.3583063Z In file included from ./score/mw/com/impl/instance_identifier.h:16:
2026-10-07T14:55:38.3613686Z ./score/mw/com/impl/com_error.h:186:65: warning: 'kServiceInstanceAlreadyOffered' is deprecated: Value has never been used. Calls to OfferService shall be idempotent. [-Wdeprecated-declarations]
2026-10-07T14:55:38.3615649Z   186 |             case static_cast<score::result::ErrorCode>(ComErrc::kServiceInstanceAlreadyOffered):
2026-10-07T14:55:38.3642815Z       |                                                                 ^
2026-10-07T14:55:38.3673327Z ./score/mw/com/impl/com_error.h:58:11: note: 'kServiceInstanceAlreadyOffered' has been explicitly marked deprecated here
2026-10-07T14:55:38.3703085Z    58 |         [[deprecated("Value has never been used. Calls to OfferService shall be idempotent.")]],
2026-10-07T14:55:38.3732590Z       |           ^
2026-10-07T14:55:38.3733124Z 1 warning generated.
2026-10-07T14:55:39.9602515Z [12,949 / 14,064] 120 / 514 tests; Compiling score/mw/com/impl/mocking/proxy_wrapper_class_test_view.cpp; 2s disk-cache, linux-sandbox ... (4 actions, 3 running)
2026-10-07T14:55:41.2994787Z INFO: From Compiling score/mw/com/doc/tutorial/chapter_12/hello_world_service.cpp:
2026-10-07T14:55:41.3033136Z In file included from score/mw/com/doc/tutorial/chapter_12/hello_world_service.cpp:13:
2026-10-07T14:55:41.3034443Z In file included from ./score/mw/com/doc/tutorial/chapter_12/hello_world_service.h:16:
2026-10-07T14:55:41.3062796Z In file included from ./score/mw/com/types.h:24:
2026-10-07T14:55:41.3091349Z In file included from ./score/mw/com/impl/generic_proxy.h:18:
2026-10-07T14:55:41.3092951Z In file included from ./score/mw/com/impl/generic_proxy_event.h:18:
2026-10-07T14:55:41.3122822Z In file included from ./score/mw/com/impl/proxy_base.h:18:
2026-10-07T14:55:41.3152793Z In file included from ./score/mw/com/impl/handle_type.h:18:
2026-10-07T14:55:41.3182865Z In file included from ./score/mw/com/impl/instance_identifier.h:16:
2026-10-07T14:55:41.3185352Z ./score/mw/com/impl/com_error.h:186:65: warning: 'kServiceInstanceAlreadyOffered' is deprecated: Value has never been used. Calls to OfferService shall be idempotent. [-Wdeprecated-declarations]
2026-10-07T14:55:41.3213096Z   186 |             case static_cast<score::result::ErrorCode>(ComErrc::kServiceInstanceAlreadyOffered):
2026-10-07T14:55:41.3242758Z       |                                                                 ^
2026-10-07T14:55:41.3273273Z ./score/mw/com/impl/com_error.h:58:11: note: 'kServiceInstanceAlreadyOffered' has been explicitly marked deprecated here
2026-10-07T14:55:41.3274775Z    58 |         [[deprecated("Value has never been used. Calls to OfferService shall be idempotent.")]],
2026-10-07T14:55:41.3300694Z       |           ^
2026-10-07T14:55:41.3422281Z 1 warning generated.
2026-10-07T14:55:41.7359392Z INFO: From Compiling score/mw/com/impl/mocking/proxy_wrapper_class_test_view.cpp:
2026-10-07T14:55:41.7383240Z In file included from score/mw/com/impl/mocking/proxy_wrapper_class_test_view.cpp:13:
2026-10-07T14:55:41.7384446Z In file included from ./score/mw/com/impl/mocking/proxy_wrapper_class_test_view.h:17:
2026-10-07T14:55:41.7385274Z In file included from ./score/mw/com/impl/traits.h:16:
2026-10-07T14:55:41.7387073Z ./score/mw/com/impl/com_error.h:186:65: warning: 'kServiceInstanceAlreadyOffered' is deprecated: Value has never been used. Calls to OfferService shall be idempotent. [-Wdeprecated-declarations]
2026-10-07T14:55:41.7388772Z   186 |             case static_cast<score::result::ErrorCode>(ComErrc::kServiceInstanceAlreadyOffered):
2026-10-07T14:55:41.7389652Z       |                                                                 ^
2026-10-07T14:55:41.7390844Z ./score/mw/com/impl/com_error.h:58:11: note: 'kServiceInstanceAlreadyOffered' has been explicitly marked deprecated here
2026-10-07T14:55:41.7392394Z    58 |         [[deprecated("Value has never been used. Calls to OfferService shall be idempotent.")]],
2026-10-07T14:55:41.7393014Z       |           ^
2026-10-07T14:55:41.7393349Z 1 warning generated.
2026-10-07T14:55:41.8867341Z INFO: From Compiling score/mw/com/test_types.cpp:
2026-10-07T14:55:41.8874975Z In file included from score/mw/com/test_types.cpp:13:
2026-10-07T14:55:41.8876015Z In file included from ./score/mw/com/test_types.h:16:
2026-10-07T14:55:41.8876755Z In file included from ./score/mw/com/types.h:24:
2026-10-07T14:55:41.8877563Z In file included from ./score/mw/com/impl/generic_proxy.h:18:
2026-10-07T14:55:41.8878439Z In file included from ./score/mw/com/impl/generic_proxy_event.h:18:
2026-10-07T14:55:41.8879264Z In file included from ./score/mw/com/impl/proxy_base.h:18:
2026-10-07T14:55:41.8880055Z In file included from ./score/mw/com/impl/handle_type.h:18:
2026-10-07T14:55:41.8880921Z In file included from ./score/mw/com/impl/instance_identifier.h:16:
2026-10-07T14:55:41.8883006Z ./score/mw/com/impl/com_error.h:186:65: warning: 'kServiceInstanceAlreadyOffered' is deprecated: Value has never been used. Calls to OfferService shall be idempotent. [-Wdeprecated-declarations]
2026-10-07T14:55:41.8884754Z   186 |             case static_cast<score::result::ErrorCode>(ComErrc::kServiceInstanceAlreadyOffered):
2026-10-07T14:55:41.8885712Z       |                                                                 ^
2026-10-07T14:55:41.8886936Z ./score/mw/com/impl/com_error.h:58:11: note: 'kServiceInstanceAlreadyOffered' has been explicitly marked deprecated here
2026-10-07T14:55:41.8888298Z    58 |         [[deprecated("Value has never been used. Calls to OfferService shall be idempotent.")]],
2026-10-07T14:55:41.8889028Z       |           ^
2026-10-07T14:55:41.8889462Z 1 warning generated.
2026-10-07T14:55:43.1463918Z INFO: From Compiling score/mw/com/impl/instance_identifier_test.cpp:
2026-10-07T14:55:43.1513100Z In file included from score/mw/com/impl/instance_identifier_test.cpp:13:
2026-10-07T14:55:43.1542726Z In file included from ./score/mw/com/impl/instance_identifier.h:16:
2026-10-07T14:55:43.1574368Z ./score/mw/com/impl/com_error.h:186:65: warning: 'kServiceInstanceAlreadyOffered' is deprecated: Value has never been used. Calls to OfferService shall be idempotent. [-Wdeprecated-declarations]
2026-10-07T14:55:43.1602918Z   186 |             case static_cast<score::result::ErrorCode>(ComErrc::kServiceInstanceAlreadyOffered):
2026-10-07T14:55:43.1632696Z       |                                                                 ^
2026-10-07T14:55:43.1663209Z ./score/mw/com/impl/com_error.h:58:11: note: 'kServiceInstanceAlreadyOffered' has been explicitly marked deprecated here
2026-10-07T14:55:43.1683069Z    58 |         [[deprecated("Value has never been used. Calls to OfferService shall be idempotent.")]],
2026-10-07T14:55:43.1722372Z       |           ^
2026-10-07T14:55:43.1752378Z 1 warning generated.
2026-10-07T14:55:44.4461811Z INFO: From Compiling score/mw/com/doc/tutorial/chapter_12/provider/skeleton_component.cpp:
2026-10-07T14:55:44.4513117Z In file included from score/mw/com/doc/tutorial/chapter_12/provider/skeleton_component.cpp:13:
2026-10-07T14:55:44.4514400Z In file included from ./score/mw/com/doc/tutorial/chapter_12/provider/skeleton_component.h:17:
2026-10-07T14:55:44.4515540Z In file included from ./score/mw/com/doc/tutorial/chapter_12/hello_world_service.h:16:
2026-10-07T14:55:44.4516348Z In file included from ./score/mw/com/types.h:24:
2026-10-07T14:55:44.4517013Z In file included from ./score/mw/com/impl/generic_proxy.h:18:
2026-10-07T14:55:44.4517786Z In file included from ./score/mw/com/impl/generic_proxy_event.h:18:
2026-10-07T14:55:44.4518503Z In file included from ./score/mw/com/impl/proxy_base.h:18:
2026-10-07T14:55:44.4519210Z In file included from ./score/mw/com/impl/handle_type.h:18:
2026-10-07T14:55:44.4519955Z In file included from ./score/mw/com/impl/instance_identifier.h:16:
2026-10-07T14:55:44.4521686Z ./score/mw/com/impl/com_error.h:186:65: warning: 'kServiceInstanceAlreadyOffered' is deprecated: Value has never been used. Calls to OfferService shall be idempotent. [-Wdeprecated-declarations]
2026-10-07T14:55:44.4523467Z   186 |             case static_cast<score::result::ErrorCode>(ComErrc::kServiceInstanceAlreadyOffered):
2026-10-07T14:55:44.4524311Z       |                                                                 ^
2026-10-07T14:55:44.4525719Z ./score/mw/com/impl/com_error.h:58:11: note: 'kServiceInstanceAlreadyOffered' has been explicitly marked deprecated here
2026-10-07T14:55:44.4526946Z    58 |         [[deprecated("Value has never been used. Calls to OfferService shall be idempotent.")]],
2026-10-07T14:55:44.4527546Z       |           ^
2026-10-07T14:55:44.4527869Z 1 warning generated.
2026-10-07T14:55:45.9263837Z INFO: From Compiling score/mw/com/impl/bindings/lola/service_discovery/known_instances_container_test.cpp:
2026-10-07T14:55:45.9293402Z In file included from score/mw/com/impl/bindings/lola/service_discovery/known_instances_container_test.cpp:13:
2026-10-07T14:55:45.9303367Z In file included from ./score/mw/com/impl/bindings/lola/service_discovery/known_instances_container.h:16:
2026-10-07T14:55:45.9330367Z In file included from ./score/mw/com/impl/enriched_instance_identifier.h:17:
2026-10-07T14:55:45.9352741Z In file included from ./score/mw/com/impl/handle_type.h:18:
2026-10-07T14:55:45.9372771Z In file included from ./score/mw/com/impl/instance_identifier.h:16:
2026-10-07T14:55:45.9403801Z ./score/mw/com/impl/com_error.h:186:65: warning: 'kServiceInstanceAlreadyOffered' is deprecated: Value has never been used. Calls to OfferService shall be idempotent. [-Wdeprecated-declarations]
2026-10-07T14:55:45.9405611Z   186 |             case static_cast<score::result::ErrorCode>(ComErrc::kServiceInstanceAlreadyOffered):
2026-10-07T14:55:45.9432678Z       |                                                                 ^
2026-10-07T14:55:45.9433900Z ./score/mw/com/impl/com_error.h:58:11: note: 'kServiceInstanceAlreadyOffered' has been explicitly marked deprecated here
2026-10-07T14:55:45.9435240Z    58 |         [[deprecated("Value has never been used. Calls to OfferService shall be idempotent.")]],
2026-10-07T14:55:45.9435896Z       |           ^
2026-10-07T14:55:45.9436516Z 1 warning generated.
2026-10-07T14:55:48.2153456Z INFO: From Compiling score/mw/com/doc/tutorial/chapter_12/provider/skeleton_component_test.cpp:
2026-10-07T14:55:48.2213063Z In file included from score/mw/com/doc/tutorial/chapter_12/provider/skeleton_component_test.cpp:13:
2026-10-07T14:55:48.2243047Z In file included from ./score/mw/com/doc/tutorial/chapter_12/provider/skeleton_component.h:17:
2026-10-07T14:55:48.2244163Z In file included from ./score/mw/com/doc/tutorial/chapter_12/hello_world_service.h:16:
2026-10-07T14:55:48.2244923Z In file included from ./score/mw/com/types.h:24:
2026-10-07T14:55:48.2245608Z In file included from ./score/mw/com/impl/generic_proxy.h:18:
2026-10-07T14:55:48.2246440Z In file included from ./score/mw/com/impl/generic_proxy_event.h:18:
2026-10-07T14:55:48.2247168Z In file included from ./score/mw/com/impl/proxy_base.h:18:
2026-10-07T14:55:48.2247860Z In file included from ./score/mw/com/impl/handle_type.h:18:
2026-10-07T14:55:48.2248635Z In file included from ./score/mw/com/impl/instance_identifier.h:16:
2026-10-07T14:55:48.2250440Z ./score/mw/com/impl/com_error.h:186:65: warning: 'kServiceInstanceAlreadyOffered' is deprecated: Value has never been used. Calls to OfferService shall be idempotent. [-Wdeprecated-declarations]
2026-10-07T14:55:48.2282481Z   186 |             case static_cast<score::result::ErrorCode>(ComErrc::kServiceInstanceAlreadyOffered):
2026-10-07T14:55:48.2283423Z       |                                                                 ^
2026-10-07T14:55:48.2284619Z ./score/mw/com/impl/com_error.h:58:11: note: 'kServiceInstanceAlreadyOffered' has been explicitly marked deprecated here
2026-10-07T14:55:48.2285906Z    58 |         [[deprecated("Value has never been used. Calls to OfferService shall be idempotent.")]],
2026-10-07T14:55:48.2286540Z       |           ^
2026-10-07T14:55:48.2286880Z 1 warning generated.
2026-10-07T14:55:49.7613599Z INFO: From Compiling score/mw/com/impl/bindings/lola/service_discovery/flag_file_test.cpp:
2026-10-07T14:55:49.7643176Z In file included from score/mw/com/impl/bindings/lola/service_discovery/flag_file_test.cpp:13:
2026-10-07T14:55:49.7663458Z In file included from ./score/mw/com/impl/bindings/lola/service_discovery/flag_file.h:16:
2026-10-07T14:55:49.7692833Z In file included from ./score/mw/com/impl/enriched_instance_identifier.h:17:
2026-10-07T14:55:49.7694849Z In file included from ./score/mw/com/impl/handle_type.h:18:
2026-10-07T14:55:49.7722844Z In file included from ./score/mw/com/impl/instance_identifier.h:16:
2026-10-07T14:55:49.7753734Z ./score/mw/com/impl/com_error.h:186:65: warning: 'kServiceInstanceAlreadyOffered' is deprecated: Value has never been used. Calls to OfferService shall be idempotent. [-Wdeprecated-declarations]
2026-10-07T14:55:49.7776540Z   186 |             case static_cast<score::result::ErrorCode>(ComErrc::kServiceInstanceAlreadyOffered):
2026-10-07T14:55:49.7812636Z       |                                                                 ^
2026-10-07T14:55:49.7833119Z ./score/mw/com/impl/com_error.h:58:11: note: 'kServiceInstanceAlreadyOffered' has been explicitly marked deprecated here
2026-10-07T14:55:49.7863265Z    58 |         [[deprecated("Value has never been used. Calls to OfferService shall be idempotent.")]],
2026-10-07T14:55:49.7892425Z       |           ^
2026-10-07T14:55:49.7915480Z 1 warning generated.
2026-10-07T14:55:50.1296700Z [12,975 / 14,071] 120 / 514 tests; Compiling score/memory/shared/test/test_offset_ptr/construction_test.cpp; 1s disk-cache, linux-sandbox ... (4 actions, 3 running)
2026-10-07T14:55:53.0534572Z INFO: From Compiling score/mw/com/impl/configuration/lola_service_type_deployment_test.cpp:
2026-10-07T14:55:53.0536078Z In file included from score/mw/com/impl/configuration/lola_service_type_deployment_test.cpp:18:
2026-10-07T14:55:53.0547410Z In file included from ./score/mw/com/impl/configuration/test/configuration_test_resources.h:26:
2026-10-07T14:55:53.0548855Z In file included from ./score/mw/com/impl/configuration/service_instance_deployment.h:17:
2026-10-07T14:55:53.0554488Z ./score/mw/com/impl/com_error.h:186:65: warning: 'kServiceInstanceAlreadyOffered' is deprecated: Value has never been used. Calls to OfferService shall be idempotent. [-Wdeprecated-declarations]
2026-10-07T14:55:53.0556277Z   186 |             case static_cast<score::result::ErrorCode>(ComErrc::kServiceInstanceAlreadyOffered):
2026-10-07T14:55:53.0557288Z       |                                                                 ^
2026-10-07T14:55:53.0558614Z ./score/mw/com/impl/com_error.h:58:11: note: 'kServiceInstanceAlreadyOffered' has been explicitly marked deprecated here
2026-10-07T14:55:53.0560077Z    58 |         [[deprecated("Value has never been used. Calls to OfferService shall be idempotent.")]],
2026-10-07T14:55:53.0560905Z       |           ^
2026-10-07T14:55:53.0561349Z 1 warning generated.
2026-10-07T14:55:54.2113460Z INFO: From Compiling score/mw/com/impl/configuration/config_parser_methods_test.cpp:
2026-10-07T14:55:54.2144888Z In file included from score/mw/com/impl/configuration/config_parser_methods_test.cpp:13:
2026-10-07T14:55:54.2172909Z In file included from ./score/mw/com/impl/configuration/config_parser.h:17:
2026-10-07T14:55:54.2192874Z In file included from ./score/mw/com/impl/configuration/configuration.h:18:
2026-10-07T14:55:54.2232979Z In file included from ./score/mw/com/impl/configuration/service_instance_deployment.h:17:
2026-10-07T14:55:54.2269012Z ./score/mw/com/impl/com_error.h:186:65: warning: 'kServiceInstanceAlreadyOffered' is deprecated: Value has never been used. Calls to OfferService shall be idempotent. [-Wdeprecated-declarations]
2026-10-07T14:55:54.2293030Z   186 |             case static_cast<score::result::ErrorCode>(ComErrc::kServiceInstanceAlreadyOffered):
2026-10-07T14:55:54.2322670Z       |                                                                 ^
2026-10-07T14:55:54.2353218Z ./score/mw/com/impl/com_error.h:58:11: note: 'kServiceInstanceAlreadyOffered' has been explicitly marked deprecated here
2026-10-07T14:55:54.2383022Z    58 |         [[deprecated("Value has never been used. Calls to OfferService shall be idempotent.")]],
2026-10-07T14:55:54.2412430Z       |           ^
2026-10-07T14:55:54.2435583Z 1 warning generated.
2026-10-07T14:55:55.7353681Z INFO: From Compiling score/mw/com/impl/configuration/lola_service_instance_id_test.cpp:
2026-10-07T14:55:55.7377213Z In file included from score/mw/com/impl/configuration/lola_service_instance_id_test.cpp:15:
2026-10-07T14:55:55.7403078Z In file included from ./score/mw/com/impl/configuration/test/configuration_test_resources.h:26:
2026-10-07T14:55:55.7433091Z In file included from ./score/mw/com/impl/configuration/service_instance_deployment.h:17:
2026-10-07T14:55:55.7473724Z ./score/mw/com/impl/com_error.h:186:65: warning: 'kServiceInstanceAlreadyOffered' is deprecated: Value has never been used. Calls to OfferService shall be idempotent. [-Wdeprecated-declarations]
2026-10-07T14:55:55.7493067Z   186 |             case static_cast<score::result::ErrorCode>(ComErrc::kServiceInstanceAlreadyOffered):
2026-10-07T14:55:55.7502715Z       |                                                                 ^
2026-10-07T14:55:55.7553203Z ./score/mw/com/impl/com_error.h:58:11: note: 'kServiceInstanceAlreadyOffered' has been explicitly marked deprecated here
2026-10-07T14:55:55.7562926Z    58 |         [[deprecated("Value has never been used. Calls to OfferService shall be idempotent.")]],
2026-10-07T14:55:55.7563497Z       |           ^
2026-10-07T14:55:55.7563792Z 1 warning generated.
2026-10-07T14:55:56.2571612Z INFO: From Compiling score/mw/service/backend/mw_com/proxy_stub.cpp:
2026-10-07T14:55:56.2593050Z In file included from score/mw/service/backend/mw_com/proxy_stub.cpp:14:
2026-10-07T14:55:56.2613149Z In file included from ./score/mw/service/backend/mw_com/proxy_stub.h:17:
2026-10-07T14:55:56.2642600Z In file included from ./score/mw/com/types.h:24:
2026-10-07T14:55:56.2672808Z In file included from ./score/mw/com/impl/generic_proxy.h:18:
2026-10-07T14:55:56.2683067Z In file included from ./score/mw/com/impl/generic_proxy_event.h:18:
2026-10-07T14:55:56.2699334Z In file included from ./score/mw/com/impl/proxy_base.h:18:
2026-10-07T14:55:56.2722815Z In file included from ./score/mw/com/impl/handle_type.h:18:
2026-10-07T14:55:56.2752802Z In file included from ./score/mw/com/impl/instance_identifier.h:16:
2026-10-07T14:55:56.2781545Z ./score/mw/com/impl/com_error.h:186:65: warning: 'kServiceInstanceAlreadyOffered' is deprecated: Value has never been used. Calls to OfferService shall be idempotent. [-Wdeprecated-declarations]
2026-10-07T14:55:56.2803000Z   186 |             case static_cast<score::result::ErrorCode>(ComErrc::kServiceInstanceAlreadyOffered):
2026-10-07T14:55:56.2812700Z       |                                                                 ^
2026-10-07T14:55:56.2843135Z ./score/mw/com/impl/com_error.h:58:11: note: 'kServiceInstanceAlreadyOffered' has been explicitly marked deprecated here
2026-10-07T14:55:56.2863081Z    58 |         [[deprecated("Value has never been used. Calls to OfferService shall be idempotent.")]],
2026-10-07T14:55:56.2880900Z       |           ^
2026-10-07T14:55:56.2881300Z 1 warning generated.
2026-10-07T14:55:57.2123570Z INFO: From Compiling score/mw/service/backend/mw_com/proxy_holder.cpp:
2026-10-07T14:55:57.2152987Z In file included from score/mw/service/backend/mw_com/proxy_holder.cpp:14:
2026-10-07T14:55:57.2172965Z In file included from ./score/mw/service/backend/mw_com/proxy_holder.h:19:
2026-10-07T14:55:57.2182709Z In file included from ./score/mw/com/types.h:24:
2026-10-07T14:55:57.2212799Z In file included from ./score/mw/com/impl/generic_proxy.h:18:
2026-10-07T14:55:57.2243009Z In file included from ./score/mw/com/impl/generic_proxy_event.h:18:
2026-10-07T14:55:57.2262837Z In file included from ./score/mw/com/impl/proxy_base.h:18:
2026-10-07T14:55:57.2282799Z In file included from ./score/mw/com/impl/handle_type.h:18:
2026-10-07T14:55:57.2302748Z In file included from ./score/mw/com/impl/instance_identifier.h:16:
2026-10-07T14:55:57.2333730Z ./score/mw/com/impl/com_error.h:186:65: warning: 'kServiceInstanceAlreadyOffered' is deprecated: Value has never been used. Calls to OfferService shall be idempotent. [-Wdeprecated-declarations]
2026-10-07T14:55:57.2343125Z   186 |             case static_cast<score::result::ErrorCode>(ComErrc::kServiceInstanceAlreadyOffered):
2026-10-07T14:55:57.2362662Z       |                                                                 ^
2026-10-07T14:55:57.2393185Z ./score/mw/com/impl/com_error.h:58:11: note: 'kServiceInstanceAlreadyOffered' has been explicitly marked deprecated here
2026-10-07T14:55:57.2412498Z    58 |         [[deprecated("Value has never been used. Calls to OfferService shall be idempotent.")]],
2026-10-07T14:55:57.2414572Z       |           ^
2026-10-07T14:55:57.2415263Z 1 warning generated.
2026-10-07T14:55:58.4910862Z INFO: From Compiling score/mw/com/impl/bindings/lola/service_discovery/lola_service_instance_identifier_test.cpp:
2026-10-07T14:55:58.4933436Z In file included from score/mw/com/impl/bindings/lola/service_discovery/lola_service_instance_identifier_test.cpp:13:
2026-10-07T14:55:58.4963291Z In file included from ./score/mw/com/impl/bindings/lola/service_discovery/lola_service_instance_identifier.h:18:
2026-10-07T14:55:58.4964477Z In file included from ./score/mw/com/impl/enriched_instance_identifier.h:17:
2026-10-07T14:55:58.4965304Z In file included from ./score/mw/com/impl/handle_type.h:18:
2026-10-07T14:55:58.4966080Z In file included from ./score/mw/com/impl/instance_identifier.h:16:
2026-10-07T14:55:58.4967847Z ./score/mw/com/impl/com_error.h:186:65: warning: 'kServiceInstanceAlreadyOffered' is deprecated: Value has never been used. Calls to OfferService shall be idempotent. [-Wdeprecated-declarations]
2026-10-07T14:55:58.4969517Z   186 |             case static_cast<score::result::ErrorCode>(ComErrc::kServiceInstanceAlreadyOffered):
2026-10-07T14:55:58.4970380Z       |                                                                 ^
2026-10-07T14:55:58.4971853Z ./score/mw/com/impl/com_error.h:58:11: note: 'kServiceInstanceAlreadyOffered' has been explicitly marked deprecated here
2026-10-07T14:55:58.4973356Z    58 |         [[deprecated("Value has never been used. Calls to OfferService shall be idempotent.")]],
2026-10-07T14:55:58.4974014Z       |           ^
2026-10-07T14:55:58.4974344Z 1 warning generated.
2026-10-07T14:56:00.4183719Z INFO: From Compiling score/mw/com/impl/configuration/lola_event_instance_deployment_test.cpp:
2026-10-07T14:56:00.4243326Z In file included from score/mw/com/impl/configuration/lola_event_instance_deployment_test.cpp:15:
2026-10-07T14:56:00.4262943Z In file included from ./score/mw/com/impl/configuration/test/configuration_test_resources.h:26:
2026-10-07T14:56:00.4273003Z In file included from ./score/mw/com/impl/configuration/service_instance_deployment.h:17:
2026-10-07T14:56:00.4323719Z ./score/mw/com/impl/com_error.h:186:65: warning: 'kServiceInstanceAlreadyOffered' is deprecated: Value has never been used. Calls to OfferService shall be idempotent. [-Wdeprecated-declarations]
2026-10-07T14:56:00.4333053Z   186 |             case static_cast<score::result::ErrorCode>(ComErrc::kServiceInstanceAlreadyOffered):
2026-10-07T14:56:00.4362674Z       |                                                                 ^
2026-10-07T14:56:00.4393381Z ./score/mw/com/impl/com_error.h:58:11: note: 'kServiceInstanceAlreadyOffered' has been explicitly marked deprecated here
2026-10-07T14:56:00.4423014Z    58 |         [[deprecated("Value has never been used. Calls to OfferService shall be idempotent.")]],
2026-10-07T14:56:00.4423742Z       |           ^
2026-10-07T14:56:00.4452526Z 1 warning generated.
2026-10-07T14:56:00.4473330Z [12,998 / 14,077] 120 / 514 tests; Compiling score/mw/service/backend/mw_com/proxy_holder_test.cpp; 4s disk-cache, linux-sandbox ... (4 actions, 3 running)
2026-10-07T14:56:02.1163493Z INFO: From Compiling score/mw/service/backend/mw_com/proxy_holder_test.cpp:
2026-10-07T14:56:02.1202899Z In file included from score/mw/service/backend/mw_com/proxy_holder_test.cpp:16:
2026-10-07T14:56:02.1232733Z In file included from ./score/mw/com/com_error_domain.h:16:
2026-10-07T14:56:02.1263837Z ./score/mw/com/impl/com_error.h:186:65: warning: 'kServiceInstanceAlreadyOffered' is deprecated: Value has never been used. Calls to OfferService shall be idempotent. [-Wdeprecated-declarations]
2026-10-07T14:56:02.1293043Z   186 |             case static_cast<score::result::ErrorCode>(ComErrc::kServiceInstanceAlreadyOffered):
2026-10-07T14:56:02.1322618Z       |                                                                 ^
2026-10-07T14:56:02.1353151Z ./score/mw/com/impl/com_error.h:58:11: note: 'kServiceInstanceAlreadyOffered' has been explicitly marked deprecated here
2026-10-07T14:56:02.1377085Z    58 |         [[deprecated("Value has never been used. Calls to OfferService shall be idempotent.")]],
2026-10-07T14:56:02.1402453Z       |           ^
2026-10-07T14:56:02.1405044Z score/mw/service/backend/mw_com/proxy_holder_test.cpp:44:68: warning: 'Create<const char (&)[16]>' is deprecated: Please use Create(std::string&&) instead for better performanceThe API will be removed from November 2025. A ticket is already created to track the removal: Ticket-214582 [-Wdeprecated-declarations]
2026-10-07T14:56:02.1435020Z    44 | const auto kInstanceSpecifier = score::mw::com::InstanceSpecifier::Create("SOME/IDENTIFIER").value();
2026-10-07T14:56:02.1435942Z       |                                                                    ^
2026-10-07T14:56:02.1437100Z ./score/mw/com/impl/instance_specifier.h:61:7: note: 'Create<const char (&)[16]>' has been explicitly marked deprecated here
2026-10-07T14:56:02.1437869Z    61 |     [[deprecated(
2026-10-07T14:56:02.1438201Z       |       ^
2026-10-07T14:56:02.1438520Z 2 warnings generated.
2026-10-07T14:56:02.9090981Z INFO: From Compiling score/mw/com/impl/enriched_instance_identifier_test.cpp:
2026-10-07T14:56:02.9114166Z In file included from score/mw/com/impl/enriched_instance_identifier_test.cpp:13:
2026-10-07T14:56:02.9143517Z In file included from ./score/mw/com/impl/enriched_instance_identifier.h:17:
2026-10-07T14:56:02.9172808Z In file included from ./score/mw/com/impl/handle_type.h:18:
2026-10-07T14:56:02.9182840Z In file included from ./score/mw/com/impl/instance_identifier.h:16:
2026-10-07T14:56:02.9203645Z ./score/mw/com/impl/com_error.h:186:65: warning: 'kServiceInstanceAlreadyOffered' is deprecated: Value has never been used. Calls to OfferService shall be idempotent. [-Wdeprecated-declarations]
2026-10-07T14:56:02.9233162Z   186 |             case static_cast<score::result::ErrorCode>(ComErrc::kServiceInstanceAlreadyOffered):
2026-10-07T14:56:02.9262650Z       |                                                                 ^
2026-10-07T14:56:02.9293067Z ./score/mw/com/impl/com_error.h:58:11: note: 'kServiceInstanceAlreadyOffered' has been explicitly marked deprecated here
2026-10-07T14:56:02.9294528Z    58 |         [[deprecated("Value has never been used. Calls to OfferService shall be idempotent.")]],
2026-10-07T14:56:02.9322476Z       |           ^
2026-10-07T14:56:02.9352394Z 1 warning generated.
2026-10-07T14:56:04.3061315Z INFO: From Compiling score/mw/com/impl/configuration/configuration_test.cpp:
2026-10-07T14:56:04.3104418Z In file included from score/mw/com/impl/configuration/configuration_test.cpp:13:
2026-10-07T14:56:04.3112784Z In file included from ./score/mw/com/impl/configuration/configuration.h:18:
2026-10-07T14:56:04.3143000Z In file included from ./score/mw/com/impl/configuration/service_instance_deployment.h:17:
2026-10-07T14:56:04.3164146Z ./score/mw/com/impl/com_error.h:186:65: warning: 'kServiceInstanceAlreadyOffered' is deprecated: Value has never been used. Calls to OfferService shall be idempotent. [-Wdeprecated-declarations]
2026-10-07T14:56:04.3173125Z   186 |             case static_cast<score::result::ErrorCode>(ComErrc::kServiceInstanceAlreadyOffered):
2026-10-07T14:56:04.3202706Z       |                                                                 ^
2026-10-07T14:56:04.3227999Z ./score/mw/com/impl/com_error.h:58:11: note: 'kServiceInstanceAlreadyOffered' has been explicitly marked deprecated here
2026-10-07T14:56:04.3252906Z    58 |         [[deprecated("Value has never been used. Calls to OfferService shall be idempotent.")]],
2026-10-07T14:56:04.3282468Z       |           ^
2026-10-07T14:56:04.3293025Z 1 warning generated.
2026-10-07T14:56:05.6295840Z INFO: From Compiling score/mw/service/backend/mw_com/single_instantiation_strategy.cpp:
2026-10-07T14:56:05.6330127Z In file included from score/mw/service/backend/mw_com/single_instantiation_strategy.cpp:14:
2026-10-07T14:56:05.6373046Z In file included from ./score/mw/service/backend/mw_com/single_instantiation_strategy.h:19:
2026-10-07T14:56:05.6402830Z In file included from ./score/mw/service/backend/mw_com/proxy_holder.h:19:
2026-10-07T14:56:05.6432614Z In file included from ./score/mw/com/types.h:24:
2026-10-07T14:56:05.6462866Z In file included from ./score/mw/com/impl/generic_proxy.h:18:
2026-10-07T14:56:05.6473000Z In file included from ./score/mw/com/impl/generic_proxy_event.h:18:
2026-10-07T14:56:05.6502817Z In file included from ./score/mw/com/impl/proxy_base.h:18:
2026-10-07T14:56:05.6503843Z In file included from ./score/mw/com/impl/handle_type.h:18:
2026-10-07T14:56:05.6532795Z In file included from ./score/mw/com/impl/instance_identifier.h:16:
2026-10-07T14:56:05.6534647Z ./score/mw/com/impl/com_error.h:186:65: warning: 'kServiceInstanceAlreadyOffered' is deprecated: Value has never been used. Calls to OfferService shall be idempotent. [-Wdeprecated-declarations]
2026-10-07T14:56:05.6536372Z   186 |             case static_cast<score::result::ErrorCode>(ComErrc::kServiceInstanceAlreadyOffered):
2026-10-07T14:56:05.6537247Z       |                                                                 ^
2026-10-07T14:56:05.6538420Z ./score/mw/com/impl/com_error.h:58:11: note: 'kServiceInstanceAlreadyOffered' has been explicitly marked deprecated here
2026-10-07T14:56:05.6539808Z    58 |         [[deprecated("Value has never been used. Calls to OfferService shall be idempotent.")]],
2026-10-07T14:56:05.6540360Z       |           ^
2026-10-07T14:56:05.6540635Z 1 warning generated.
2026-10-07T14:56:08.2321880Z INFO: From Compiling score/mw/service/backend/mw_com/proxy_holder_robustness_test.cpp:
2026-10-07T14:56:08.2366373Z In file included from score/mw/service/backend/mw_com/proxy_holder_robustness_test.cpp:15:
2026-10-07T14:56:08.2382801Z In file included from ./score/mw/service/backend/mw_com/proxy_stub.h:17:
2026-10-07T14:56:08.2397642Z In file included from ./score/mw/com/types.h:24:
2026-10-07T14:56:08.2422884Z In file included from ./score/mw/com/impl/generic_proxy.h:18:
2026-10-07T14:56:08.2452863Z In file included from ./score/mw/com/impl/generic_proxy_event.h:18:
2026-10-07T14:56:08.2481502Z In file included from ./score/mw/com/impl/proxy_base.h:18:
2026-10-07T14:56:08.2482694Z In file included from ./score/mw/com/impl/handle_type.h:18:
2026-10-07T14:56:08.2508098Z In file included from ./score/mw/com/impl/instance_identifier.h:16:
2026-10-07T14:56:08.2533857Z ./score/mw/com/impl/com_error.h:186:65: warning: 'kServiceInstanceAlreadyOffered' is deprecated: Value has never been used. Calls to OfferService shall be idempotent. [-Wdeprecated-declarations]
2026-10-07T14:56:08.2563169Z   186 |             case static_cast<score::result::ErrorCode>(ComErrc::kServiceInstanceAlreadyOffered):
2026-10-07T14:56:08.2592780Z       |                                                                 ^
2026-10-07T14:56:08.2598648Z ./score/mw/com/impl/com_error.h:58:11: note: 'kServiceInstanceAlreadyOffered' has been explicitly marked deprecated here
2026-10-07T14:56:08.2623114Z    58 |         [[deprecated("Value has never been used. Calls to OfferService shall be idempotent.")]],
2026-10-07T14:56:08.2652458Z       |           ^
2026-10-07T14:56:08.2682649Z 1 warning generated.
2026-10-07T14:56:09.0393829Z INFO: From Compiling score/mw/com/impl/configuration/service_instance_id_test.cpp:
2026-10-07T14:56:09.0463542Z In file included from score/mw/com/impl/configuration/service_instance_id_test.cpp:16:
2026-10-07T14:56:09.0493110Z In file included from ./score/mw/com/impl/configuration/test/configuration_test_resources.h:26:
2026-10-07T14:56:09.0552967Z In file included from ./score/mw/com/impl/configuration/service_instance_deployment.h:17:
2026-10-07T14:56:09.0584028Z ./score/mw/com/impl/com_error.h:186:65: warning: 'kServiceInstanceAlreadyOffered' is deprecated: Value has never been used. Calls to OfferService shall be idempotent. [-Wdeprecated-declarations]
2026-10-07T14:56:09.0613185Z   186 |             case static_cast<score::result::ErrorCode>(ComErrc::kServiceInstanceAlreadyOffered):
2026-10-07T14:56:09.0662830Z       |                                                                 ^
2026-10-07T14:56:09.0695995Z ./score/mw/com/impl/com_error.h:58:11: note: 'kServiceInstanceAlreadyOffered' has been explicitly marked deprecated here
2026-10-07T14:56:09.0753084Z    58 |         [[deprecated("Value has never been used. Calls to OfferService shall be idempotent.")]],
2026-10-07T14:56:09.0782693Z       |           ^
2026-10-07T14:56:09.0812493Z 1 warning generated.
2026-10-07T14:56:10.8564349Z [13,030 / 14,090] 120 / 514 tests; Compiling score/mw/com/impl/bindings/lola/consumer_event_data_control_local_view_test.cpp; 1s disk-cache, linux-sandbox ... (4 actions, 3 running)
2026-10-07T14:56:13.3323790Z INFO: From Compiling score/mw/com/impl/configuration/service_version_type_test.cpp:
2026-10-07T14:56:13.3328983Z In file included from score/mw/com/impl/configuration/service_version_type_test.cpp:17:
2026-10-07T14:56:13.3330275Z In file included from ./score/mw/com/impl/configuration/test/configuration_test_resources.h:26:
2026-10-07T14:56:13.3331589Z In file included from ./score/mw/com/impl/configuration/service_instance_deployment.h:17:
2026-10-07T14:56:13.3333953Z ./score/mw/com/impl/com_error.h:186:65: warning: 'kServiceInstanceAlreadyOffered' is deprecated: Value has never been used. Calls to OfferService shall be idempotent. [-Wdeprecated-declarations]
2026-10-07T14:56:13.3336068Z   186 |             case static_cast<score::result::ErrorCode>(ComErrc::kServiceInstanceAlreadyOffered):
2026-10-07T14:56:13.3337064Z       |                                                                 ^
2026-10-07T14:56:13.3338314Z ./score/mw/com/impl/com_error.h:58:11: note: 'kServiceInstanceAlreadyOffered' has been explicitly marked deprecated here
2026-10-07T14:56:13.3339677Z    58 |         [[deprecated("Value has never been used. Calls to OfferService shall be idempotent.")]],
2026-10-07T14:56:13.3340433Z       |           ^
2026-10-07T14:56:13.3340902Z 1 warning generated.
2026-10-07T14:56:14.9374068Z INFO: From Compiling score/mw/com/impl/configuration/service_instance_deployment_test.cpp:
2026-10-07T14:56:14.9413193Z In file included from score/mw/com/impl/configuration/service_instance_deployment_test.cpp:13:
2026-10-07T14:56:14.9443057Z In file included from ./score/mw/com/impl/configuration/service_instance_deployment.h:17:
2026-10-07T14:56:14.9463908Z ./score/mw/com/impl/com_error.h:186:65: warning: 'kServiceInstanceAlreadyOffered' is deprecated: Value has never been used. Calls to OfferService shall be idempotent. [-Wdeprecated-declarations]
2026-10-07T14:56:14.9493277Z   186 |             case static_cast<score::result::ErrorCode>(ComErrc::kServiceInstanceAlreadyOffered):
2026-10-07T14:56:14.9528207Z       |                                                                 ^
2026-10-07T14:56:14.9533271Z ./score/mw/com/impl/com_error.h:58:11: note: 'kServiceInstanceAlreadyOffered' has been explicitly marked deprecated here
2026-10-07T14:56:14.9553175Z    58 |         [[deprecated("Value has never been used. Calls to OfferService shall be idempotent.")]],
2026-10-07T14:56:14.9592526Z       |           ^
2026-10-07T14:56:14.9612566Z 1 warning generated.
2026-10-07T14:56:20.3993888Z INFO: From Compiling score/mw/com/impl/bindings/lola/service_discovery/test/service_discovery_client_test_fixtures.cpp:
2026-10-07T14:56:20.4013385Z In file included from score/mw/com/impl/bindings/lola/service_discovery/test/service_discovery_client_test_fixtures.cpp:13:
2026-10-07T14:56:20.4043310Z In file included from ./score/mw/com/impl/bindings/lola/service_discovery/test/service_discovery_client_test_fixtures.h:16:
2026-10-07T14:56:20.4073273Z In file included from ./score/mw/com/impl/bindings/lola/service_discovery/client/service_discovery_client.h:16:
2026-10-07T14:56:20.4102902Z In file included from ./score/mw/com/impl/i_service_discovery_client.h:16:
2026-10-07T14:56:20.4112944Z In file included from ./score/mw/com/impl/enriched_instance_identifier.h:17:
2026-10-07T14:56:20.4113969Z In file included from ./score/mw/com/impl/handle_type.h:18:
2026-10-07T14:56:20.4142835Z In file included from ./score/mw/com/impl/instance_identifier.h:16:
2026-10-07T14:56:20.4173886Z ./score/mw/com/impl/com_error.h:186:65: warning: 'kServiceInstanceAlreadyOffered' is deprecated: Value has never been used. Calls to OfferService shall be idempotent. [-Wdeprecated-declarations]
2026-10-07T14:56:20.4213035Z   186 |             case static_cast<score::result::ErrorCode>(ComErrc::kServiceInstanceAlreadyOffered):
2026-10-07T14:56:20.4233271Z       |                                                                 ^
2026-10-07T14:56:20.4273181Z ./score/mw/com/impl/com_error.h:58:11: note: 'kServiceInstanceAlreadyOffered' has been explicitly marked deprecated here
2026-10-07T14:56:20.4300869Z    58 |         [[deprecated("Value has never been used. Calls to OfferService shall be idempotent.")]],
2026-10-07T14:56:20.4326700Z       |           ^
2026-10-07T14:56:20.4345709Z 1 warning generated.
2026-10-07T14:56:21.6995430Z [13,068 / 14,099] 120 / 514 tests; Compiling score/mw/com/impl/bindings/lola/service_discovery/client/service_discovery_client_worker_thread_test.cpp; 4s disk-cache, linux-sandbox ... (4 actions, 3 running)
2026-10-07T14:56:23.0316905Z INFO: From Compiling score/mw/com/impl/bindings/lola/service_discovery/client/service_discovery_client_stop_offer_service_test.cpp:
2026-10-07T14:56:23.0334812Z In file included from score/mw/com/impl/bindings/lola/service_discovery/client/service_discovery_client_stop_offer_service_test.cpp:13:
2026-10-07T14:56:23.0360508Z In file included from ./score/mw/com/impl/bindings/lola/service_discovery/client/service_discovery_client.h:16:
2026-10-07T14:56:23.0393163Z In file included from ./score/mw/com/impl/i_service_discovery_client.h:16:
2026-10-07T14:56:23.0403058Z In file included from ./score/mw/com/impl/enriched_instance_identifier.h:17:
2026-10-07T14:56:23.0422720Z In file included from ./score/mw/com/impl/handle_type.h:18:
2026-10-07T14:56:23.0452958Z In file included from ./score/mw/com/impl/instance_identifier.h:16:
2026-10-07T14:56:23.0463744Z ./score/mw/com/impl/com_error.h:186:65: warning: 'kServiceInstanceAlreadyOffered' is deprecated: Value has never been used. Calls to OfferService shall be idempotent. [-Wdeprecated-declarations]
2026-10-07T14:56:23.0492983Z   186 |             case static_cast<score::result::ErrorCode>(ComErrc::kServiceInstanceAlreadyOffered):
2026-10-07T14:56:23.0512726Z       |                                                                 ^
2026-10-07T14:56:23.0533243Z ./score/mw/com/impl/com_error.h:58:11: note: 'kServiceInstanceAlreadyOffered' has been explicitly marked deprecated here
2026-10-07T14:56:23.0562980Z    58 |         [[deprecated("Value has never been used. Calls to OfferService shall be idempotent.")]],
2026-10-07T14:56:23.0592517Z       |           ^
2026-10-07T14:56:23.0602468Z 1 warning generated.
2026-10-07T14:56:23.4983915Z INFO: From Compiling score/mw/com/impl/bindings/lola/service_discovery/client/service_discovery_client_worker_thread_test.cpp:
2026-10-07T14:56:23.4987556Z In file included from score/mw/com/impl/bindings/lola/service_discovery/client/service_discovery_client_worker_thread_test.cpp:13:
2026-10-07T14:56:23.5013199Z In file included from ./score/mw/com/impl/bindings/lola/service_discovery/client/service_discovery_client.h:16:
2026-10-07T14:56:23.5042819Z In file included from ./score/mw/com/impl/i_service_discovery_client.h:16:
2026-10-07T14:56:23.5072809Z In file included from ./score/mw/com/impl/enriched_instance_identifier.h:17:
2026-10-07T14:56:23.5073802Z In file included from ./score/mw/com/impl/handle_type.h:18:
2026-10-07T14:56:23.5102965Z In file included from ./score/mw/com/impl/instance_identifier.h:16:
2026-10-07T14:56:23.5126880Z ./score/mw/com/impl/com_error.h:186:65: warning: 'kServiceInstanceAlreadyOffered' is deprecated: Value has never been used. Calls to OfferService shall be idempotent. [-Wdeprecated-declarations]
2026-10-07T14:56:23.5153136Z   186 |             case static_cast<score::result::ErrorCode>(ComErrc::kServiceInstanceAlreadyOffered):
2026-10-07T14:56:23.5174520Z       |                                                                 ^
2026-10-07T14:56:23.5203206Z ./score/mw/com/impl/com_error.h:58:11: note: 'kServiceInstanceAlreadyOffered' has been explicitly marked deprecated here
2026-10-07T14:56:23.5228834Z    58 |         [[deprecated("Value has never been used. Calls to OfferService shall be idempotent.")]],
2026-10-07T14:56:23.5252515Z       |           ^
2026-10-07T14:56:23.5282603Z 1 warning generated.
2026-10-07T14:56:25.7598166Z INFO: From Compiling score/mw/com/impl/bindings/lola/service_discovery/client/service_discovery_client_stop_find_service_test.cpp:
2026-10-07T14:56:25.7623413Z In file included from score/mw/com/impl/bindings/lola/service_discovery/client/service_discovery_client_stop_find_service_test.cpp:13:
2026-10-07T14:56:25.7624990Z In file included from ./score/mw/com/impl/bindings/lola/service_discovery/client/service_discovery_client.h:16:
2026-10-07T14:56:25.7626091Z In file included from ./score/mw/com/impl/i_service_discovery_client.h:16:
2026-10-07T14:56:25.7627019Z In file included from ./score/mw/com/impl/enriched_instance_identifier.h:17:
2026-10-07T14:56:25.7627823Z In file included from ./score/mw/com/impl/handle_type.h:18:
2026-10-07T14:56:25.7628610Z In file included from ./score/mw/com/impl/instance_identifier.h:16:
2026-10-07T14:56:25.7630669Z ./score/mw/com/impl/com_error.h:186:65: warning: 'kServiceInstanceAlreadyOffered' is deprecated: Value has never been used. Calls to OfferService shall be idempotent. [-Wdeprecated-declarations]
2026-10-07T14:56:25.7632479Z   186 |             case static_cast<score::result::ErrorCode>(ComErrc::kServiceInstanceAlreadyOffered):
2026-10-07T14:56:25.7633354Z       |                                                                 ^
2026-10-07T14:56:25.7634533Z ./score/mw/com/impl/com_error.h:58:11: note: 'kServiceInstanceAlreadyOffered' has been explicitly marked deprecated here
2026-10-07T14:56:25.7635845Z    58 |         [[deprecated("Value has never been used. Calls to OfferService shall be idempotent.")]],
2026-10-07T14:56:25.7636479Z       |           ^
2026-10-07T14:56:25.7636816Z 1 warning generated.
2026-10-07T14:56:29.2982368Z INFO: From Compiling score/mw/com/impl/bindings/lola/service_discovery/client/service_discovery_client_start_find_service_test.cpp:
2026-10-07T14:56:29.3003388Z In file included from score/mw/com/impl/bindings/lola/service_discovery/client/service_discovery_client_start_find_service_test.cpp:13:
2026-10-07T14:56:29.3033142Z In file included from ./score/mw/com/impl/bindings/lola/service_discovery/client/service_discovery_client.h:16:
2026-10-07T14:56:29.3062850Z In file included from ./score/mw/com/impl/i_service_discovery_client.h:16:
2026-10-07T14:56:29.3063805Z In file included from ./score/mw/com/impl/enriched_instance_identifier.h:17:
2026-10-07T14:56:29.3064606Z In file included from ./score/mw/com/impl/handle_type.h:18:
2026-10-07T14:56:29.3065395Z In file included from ./score/mw/com/impl/instance_identifier.h:16:
2026-10-07T14:56:29.3067187Z ./score/mw/com/impl/com_error.h:186:65: warning: 'kServiceInstanceAlreadyOffered' is deprecated: Value has never been used. Calls to OfferService shall be idempotent. [-Wdeprecated-declarations]
2026-10-07T14:56:29.3068878Z   186 |             case static_cast<score::result::ErrorCode>(ComErrc::kServiceInstanceAlreadyOffered):
2026-10-07T14:56:29.3069763Z       |                                                                 ^
2026-10-07T14:56:29.3070893Z ./score/mw/com/impl/com_error.h:58:11: note: 'kServiceInstanceAlreadyOffered' has been explicitly marked deprecated here
2026-10-07T14:56:29.3072694Z    58 |         [[deprecated("Value has never been used. Calls to OfferService shall be idempotent.")]],
2026-10-07T14:56:29.3073338Z       |           ^
2026-10-07T14:56:29.3073678Z 1 warning generated.
2026-10-07T14:56:30.1896493Z INFO: From Compiling score/mw/com/impl/bindings/lola/service_discovery/client/service_discovery_client_offer_service_test.cpp:
2026-10-07T14:56:30.1933676Z In file included from score/mw/com/impl/bindings/lola/service_discovery/client/service_discovery_client_offer_service_test.cpp:13:
2026-10-07T14:56:30.1953211Z In file included from ./score/mw/com/impl/bindings/lola/service_discovery/client/service_discovery_client.h:16:
2026-10-07T14:56:30.1975228Z In file included from ./score/mw/com/impl/i_service_discovery_client.h:16:
2026-10-07T14:56:30.1992692Z In file included from ./score/mw/com/impl/enriched_instance_identifier.h:17:
2026-10-07T14:56:30.2012714Z In file included from ./score/mw/com/impl/handle_type.h:18:
2026-10-07T14:56:30.2042779Z In file included from ./score/mw/com/impl/instance_identifier.h:16:
2026-10-07T14:56:30.2044649Z ./score/mw/com/impl/com_error.h:186:65: warning: 'kServiceInstanceAlreadyOffered' is deprecated: Value has never been used. Calls to OfferService shall be idempotent. [-Wdeprecated-declarations]
2026-10-07T14:56:30.2072965Z   186 |             case static_cast<score::result::ErrorCode>(ComErrc::kServiceInstanceAlreadyOffered):
2026-10-07T14:56:30.2102694Z       |                                                                 ^
2026-10-07T14:56:30.2123245Z ./score/mw/com/impl/com_error.h:58:11: note: 'kServiceInstanceAlreadyOffered' has been explicitly marked deprecated here
2026-10-07T14:56:30.2153097Z    58 |         [[deprecated("Value has never been used. Calls to OfferService shall be idempotent.")]],
2026-10-07T14:56:30.2154062Z       |           ^
2026-10-07T14:56:30.2154418Z 1 warning generated.
2026-10-07T14:56:30.2983873Z INFO: From Compiling score/mw/com/impl/bindings/lola/service_discovery/client/service_discovery_client_sequence_test.cpp:
2026-10-07T14:56:30.3063875Z In file included from score/mw/com/impl/bindings/lola/service_discovery/client/service_discovery_client_sequence_test.cpp:13:
2026-10-07T14:56:30.3123379Z In file included from ./score/mw/com/impl/bindings/lola/service_discovery/client/service_discovery_client.h:16:
2026-10-07T14:56:30.3181836Z In file included from ./score/mw/com/impl/i_service_discovery_client.h:16:
2026-10-07T14:56:30.3235949Z In file included from ./score/mw/com/impl/enriched_instance_identifier.h:17:
2026-10-07T14:56:30.3262769Z In file included from ./score/mw/com/impl/handle_type.h:18:
2026-10-07T14:56:30.3272750Z In file included from ./score/mw/com/impl/instance_identifier.h:16:
2026-10-07T14:56:30.3293957Z ./score/mw/com/impl/com_error.h:186:65: warning: 'kServiceInstanceAlreadyOffered' is deprecated: Value has never been used. Calls to OfferService shall be idempotent. [-Wdeprecated-declarations]
2026-10-07T14:56:30.3323226Z   186 |             case static_cast<score::result::ErrorCode>(ComErrc::kServiceInstanceAlreadyOffered):
2026-10-07T14:56:30.3352799Z       |                                                                 ^
2026-10-07T14:56:30.3354860Z ./score/mw/com/impl/com_error.h:58:11: note: 'kServiceInstanceAlreadyOffered' has been explicitly marked deprecated here
2026-10-07T14:56:30.3383086Z    58 |         [[deprecated("Value has never been used. Calls to OfferService shall be idempotent.")]],
2026-10-07T14:56:30.3412710Z       |           ^
2026-10-07T14:56:30.3442640Z 1 warning generated.
2026-10-07T14:56:32.3244603Z [13,080 / 14,101] 120 / 514 tests; Compiling score/mw/com/impl/bindings/lola/service_discovery/client/service_discovery_client_find_service_test.cpp; 2s disk-cache, linux-sandbox ... (4 actions, 3 running)
2026-10-07T14:56:32.6343330Z INFO: From Compiling score/mw/com/impl/configuration/lola_field_instance_deployment_test.cpp:
2026-10-07T14:56:32.6373411Z In file included from score/mw/com/impl/configuration/lola_field_instance_deployment_test.cpp:15:
2026-10-07T14:56:32.6403208Z In file included from ./score/mw/com/impl/configuration/test/configuration_test_resources.h:26:
2026-10-07T14:56:32.6423487Z In file included from ./score/mw/com/impl/configuration/service_instance_deployment.h:17:
2026-10-07T14:56:32.6445920Z ./score/mw/com/impl/com_error.h:186:65: warning: 'kServiceInstanceAlreadyOffered' is deprecated: Value has never been used. Calls to OfferService shall be idempotent. [-Wdeprecated-declarations]
2026-10-07T14:56:32.6463159Z   186 |             case static_cast<score::result::ErrorCode>(ComErrc::kServiceInstanceAlreadyOffered):
2026-10-07T14:56:32.6488614Z       |                                                                 ^
2026-10-07T14:56:32.6499452Z ./score/mw/com/impl/com_error.h:58:11: note: 'kServiceInstanceAlreadyOffered' has been explicitly marked deprecated here
2026-10-07T14:56:32.6522977Z    58 |         [[deprecated("Value has never been used. Calls to OfferService shall be idempotent.")]],
2026-10-07T14:56:32.6572564Z       |           ^
2026-10-07T14:56:32.6573134Z 1 warning generated.
2026-10-07T14:56:34.2039695Z INFO: From Compiling score/mw/com/impl/bindings/lola/service_discovery/client/service_discovery_client_find_service_test.cpp:
2026-10-07T14:56:34.2081340Z In file included from score/mw/com/impl/bindings/lola/service_discovery/client/service_discovery_client_find_service_test.cpp:14:
2026-10-07T14:56:34.2093104Z In file included from ./score/mw/com/impl/bindings/lola/service_discovery/client/service_discovery_client.h:16:
2026-10-07T14:56:34.2120757Z In file included from ./score/mw/com/impl/i_service_discovery_client.h:16:
2026-10-07T14:56:34.2142844Z In file included from ./score/mw/com/impl/enriched_instance_identifier.h:17:
2026-10-07T14:56:34.2173246Z In file included from ./score/mw/com/impl/handle_type.h:18:
2026-10-07T14:56:34.2174310Z In file included from ./score/mw/com/impl/instance_identifier.h:16:
2026-10-07T14:56:34.2204171Z ./score/mw/com/impl/com_error.h:186:65: warning: 'kServiceInstanceAlreadyOffered' is deprecated: Value has never been used. Calls to OfferService shall be idempotent. [-Wdeprecated-declarations]
2026-10-07T14:56:34.2233120Z   186 |             case static_cast<score::result::ErrorCode>(ComErrc::kServiceInstanceAlreadyOffered):
2026-10-07T14:56:34.2262765Z       |                                                                 ^
2026-10-07T14:56:34.2264185Z ./score/mw/com/impl/com_error.h:58:11: note: 'kServiceInstanceAlreadyOffered' has been explicitly marked deprecated here
2026-10-07T14:56:34.2293090Z    58 |         [[deprecated("Value has never been used. Calls to OfferService shall be idempotent.")]],
2026-10-07T14:56:34.2322531Z       |           ^
2026-10-07T14:56:34.2352546Z 1 warning generated.
2026-10-07T14:56:37.6713617Z INFO: From Compiling score/mw/com/test/api/api_under_test_smoke.cpp:
2026-10-07T14:56:37.6733032Z In file included from score/mw/com/test/api/api_under_test_smoke.cpp:23:
2026-10-07T14:56:37.6763776Z In file included from bazel-out/k8-fastbuild-asan_ubsan_lsan/bin/score/mw/com/test/api/_virtual_includes/api/our/name_space/someinterface/someinterface_common.h:18:
2026-10-07T14:56:37.6822250Z In file included from ./score/mw/com/types.h:24:
2026-10-07T14:56:37.6852886Z In file included from ./score/mw/com/impl/generic_proxy.h:18:
2026-10-07T14:56:37.6876868Z In file included from ./score/mw/com/impl/generic_proxy_event.h:18:
2026-10-07T14:56:37.6902973Z In file included from ./score/mw/com/impl/proxy_base.h:18:
2026-10-07T14:56:37.6925302Z In file included from ./score/mw/com/impl/handle_type.h:18:
2026-10-07T14:56:37.6952788Z In file included from ./score/mw/com/impl/instance_identifier.h:16:
2026-10-07T14:56:37.6963911Z ./score/mw/com/impl/com_error.h:186:65: warning: 'kServiceInstanceAlreadyOffered' is deprecated: Value has never been used. Calls to OfferService shall be idempotent. [-Wdeprecated-declarations]
2026-10-07T14:56:37.6993107Z   186 |             case static_cast<score::result::ErrorCode>(ComErrc::kServiceInstanceAlreadyOffered):
2026-10-07T14:56:37.7017073Z       |                                                                 ^
2026-10-07T14:56:37.7023154Z ./score/mw/com/impl/com_error.h:58:11: note: 'kServiceInstanceAlreadyOffered' has been explicitly marked deprecated here
2026-10-07T14:56:37.7053913Z    58 |         [[deprecated("Value has never been used. Calls to OfferService shall be idempotent.")]],
2026-10-07T14:56:37.7062405Z       |           ^
2026-10-07T14:56:37.7063439Z 1 warning generated.
2026-10-07T14:56:38.2793587Z INFO: From Compiling score/mw/com/test/api/generated_api_test.cpp:
2026-10-07T14:56:38.2833166Z In file included from score/mw/com/test/api/generated_api_test.cpp:17:
2026-10-07T14:56:38.2835050Z In file included from bazel-out/k8-fastbuild-asan_ubsan_lsan/bin/score/mw/com/test/api/_virtual_includes/api/our/name_space/someinterface/someinterface_common.h:18:
2026-10-07T14:56:38.2843124Z In file included from ./score/mw/com/types.h:24:
2026-10-07T14:56:38.2843906Z In file included from ./score/mw/com/impl/generic_proxy.h:18:
2026-10-07T14:56:38.2844834Z In file included from ./score/mw/com/impl/generic_proxy_event.h:18:
2026-10-07T14:56:38.2845599Z In file included from ./score/mw/com/impl/proxy_base.h:18:
2026-10-07T14:56:38.2846325Z In file included from ./score/mw/com/impl/handle_type.h:18:
2026-10-07T14:56:38.2847126Z In file included from ./score/mw/com/impl/instance_identifier.h:16:
2026-10-07T14:56:38.2848830Z ./score/mw/com/impl/com_error.h:186:65: warning: 'kServiceInstanceAlreadyOffered' is deprecated: Value has never been used. Calls to OfferService shall be idempotent. [-Wdeprecated-declarations]
2026-10-07T14:56:38.2850623Z   186 |             case static_cast<score::result::ErrorCode>(ComErrc::kServiceInstanceAlreadyOffered):
2026-10-07T14:56:38.2854230Z       |                                                                 ^
2026-10-07T14:56:38.2855504Z ./score/mw/com/impl/com_error.h:58:11: note: 'kServiceInstanceAlreadyOffered' has been explicitly marked deprecated here
2026-10-07T14:56:38.2856911Z    58 |         [[deprecated("Value has never been used. Calls to OfferService shall be idempotent.")]],
2026-10-07T14:56:38.2857660Z       |           ^
2026-10-07T14:56:38.2858100Z 1 warning generated.
2026-10-07T14:56:42.5617517Z [13,112 / 14,113] 120 / 514 tests; Compiling score/memory/shared/shared_memory_resource_misc_test.cpp; 2s disk-cache, linux-sandbox ... (4 actions, 3 running)
2026-10-07T14:56:45.8858891Z INFO: From Compiling Rust bin sample_allocatee_ptr_test_rs_linux (1 file):
2026-10-07T14:56:45.8883040Z warning: struct `SomeIpSampleAllocateePtrBinding` is never constructed
2026-10-07T14:56:45.8912202Z   --> score/mw/com/impl/plumbing/rust/sample_allocatee_ptr.rs:64:8
2026-10-07T14:56:45.8937692Z    |
2026-10-07T14:56:45.8972769Z 64 | struct SomeIpSampleAllocateePtrBinding<T> {
2026-10-07T14:56:45.8973587Z    |        ^^^^^^^^^^^^^^^^^^^^^^^^^^^^^^^
2026-10-07T14:56:45.9002490Z    |
2026-10-07T14:56:45.9032896Z    = note: `#[warn(dead_code)]` (part of `#[warn(unused)]`) on by default
2026-10-07T14:56:45.9033614Z 
2026-10-07T14:56:45.9062927Z warning: union `SomeIpSampleAllocateePtrVariant` is never used
2026-10-07T14:56:45.9092761Z   --> score/mw/com/impl/plumbing/rust/sample_allocatee_ptr.rs:71:7
2026-10-07T14:56:45.9122441Z    |
2026-10-07T14:56:45.9123101Z 71 | union SomeIpSampleAllocateePtrVariant<T> {
2026-10-07T14:56:45.9152606Z    |       ^^^^^^^^^^^^^^^^^^^^^^^^^^^^^^^
2026-10-07T14:56:45.9183132Z 
2026-10-07T14:56:45.9212620Z warning: 2 warnings emitted
2026-10-07T14:56:45.9213019Z 
2026-10-07T14:56:49.4762462Z INFO: From Compiling score/mw/com/impl/error_serializer_test.cpp:
2026-10-07T14:56:49.4813045Z In file included from score/mw/com/impl/error_serializer_test.cpp:16:
2026-10-07T14:56:49.4815403Z ./score/mw/com/impl/com_error.h:186:65: warning: 'kServiceInstanceAlreadyOffered' is deprecated: Value has never been used. Calls to OfferService shall be idempotent. [-Wdeprecated-declarations]
2026-10-07T14:56:49.4843107Z   186 |             case static_cast<score::result::ErrorCode>(ComErrc::kServiceInstanceAlreadyOffered):
2026-10-07T14:56:49.4844433Z       |                                                                 ^
2026-10-07T14:56:49.4890362Z ./score/mw/com/impl/com_error.h:58:11: note: 'kServiceInstanceAlreadyOffered' has been explicitly marked deprecated here
2026-10-07T14:56:49.4932991Z    58 |         [[deprecated("Value has never been used. Calls to OfferService shall be idempotent.")]],
2026-10-07T14:56:49.4933672Z       |           ^
2026-10-07T14:56:49.4962506Z 1 warning generated.
2026-10-07T14:56:52.9123909Z [13,134 / 14,124] 120 / 514 tests; Compiling score/memory/shared/shared_memory_factory_test.cpp; 5s disk-cache, linux-sandbox ... (4 actions, 3 running)
2026-10-07T14:56:53.2189302Z INFO: From Compiling score/mw/com/impl/bindings/someip/test/skeleton_event_stub_test.cpp:
2026-10-07T14:56:53.2213585Z In file included from score/mw/com/impl/bindings/someip/test/skeleton_event_stub_test.cpp:13:
2026-10-07T14:56:53.2243456Z In file included from ./score/mw/com/impl/bindings/someip/skeleton_event.h:19:
2026-10-07T14:56:53.2263107Z In file included from ./score/mw/com/impl/bindings/someip/skeleton.h:21:
2026-10-07T14:56:53.2292687Z In file included from ./score/mw/com/impl/instance_identifier.h:16:
2026-10-07T14:56:53.2323642Z ./score/mw/com/impl/com_error.h:186:65: warning: 'kServiceInstanceAlreadyOffered' is deprecated: Value has never been used. Calls to OfferService shall be idempotent. [-Wdeprecated-declarations]
2026-10-07T14:56:53.2352942Z   186 |             case static_cast<score::result::ErrorCode>(ComErrc::kServiceInstanceAlreadyOffered):
2026-10-07T14:56:53.2353799Z       |                                                                 ^
2026-10-07T14:56:53.2355249Z ./score/mw/com/impl/com_error.h:58:11: note: 'kServiceInstanceAlreadyOffered' has been explicitly marked deprecated here
2026-10-07T14:56:53.2356610Z    58 |         [[deprecated("Value has never been used. Calls to OfferService shall be idempotent.")]],
2026-10-07T14:56:53.2377847Z       |           ^
2026-10-07T14:56:53.2393003Z 1 warning generated.
2026-10-07T14:56:56.0749596Z INFO: From Compiling score/mw/com/impl/data_type_meta_info_test.cpp:
2026-10-07T14:56:56.0765723Z In file included from score/mw/com/impl/data_type_meta_info_test.cpp:15:
2026-10-07T14:56:56.0787738Z ./score/mw/com/impl/com_error.h:186:65: warning: 'kServiceInstanceAlreadyOffered' is deprecated: Value has never been used. Calls to OfferService shall be idempotent. [-Wdeprecated-declarations]
2026-10-07T14:56:56.0815499Z   186 |             case static_cast<score::result::ErrorCode>(ComErrc::kServiceInstanceAlreadyOffered):
2026-10-07T14:56:56.0838456Z       |                                                                 ^
2026-10-07T14:56:56.0853207Z ./score/mw/com/impl/com_error.h:58:11: note: 'kServiceInstanceAlreadyOffered' has been explicitly marked deprecated here
2026-10-07T14:56:56.0880581Z    58 |         [[deprecated("Value has never been used. Calls to OfferService shall be idempotent.")]],
2026-10-07T14:56:56.0886602Z       |           ^
2026-10-07T14:56:56.0922536Z 1 warning generated.
2026-10-07T14:56:59.6164478Z INFO: From Compiling score/mw/com/impl/instance_specifier_test.cpp:
2026-10-07T14:56:59.6192902Z In file included from score/mw/com/impl/instance_specifier_test.cpp:15:
2026-10-07T14:56:59.6224043Z ./score/mw/com/impl/com_error.h:186:65: warning: 'kServiceInstanceAlreadyOffered' is deprecated: Value has never been used. Calls to OfferService shall be idempotent. [-Wdeprecated-declarations]
2026-10-07T14:56:59.6253171Z   186 |             case static_cast<score::result::ErrorCode>(ComErrc::kServiceInstanceAlreadyOffered):
2026-10-07T14:56:59.6281749Z       |                                                                 ^
2026-10-07T14:56:59.6313111Z ./score/mw/com/impl/com_error.h:58:11: note: 'kServiceInstanceAlreadyOffered' has been explicitly marked deprecated here
2026-10-07T14:56:59.6314353Z    58 |         [[deprecated("Value has never been used. Calls to OfferService shall be idempotent.")]],
2026-10-07T14:56:59.6342522Z       |           ^
2026-10-07T14:56:59.6372657Z 1 warning generated.
2026-10-07T14:57:01.9143535Z INFO: From Compiling score/mw/com/impl/bindings/lola/type_erased_sample_ptrs_guard_test.cpp:
2026-10-07T14:57:01.9170436Z In file included from score/mw/com/impl/bindings/lola/type_erased_sample_ptrs_guard_test.cpp:16:
2026-10-07T14:57:01.9203038Z In file included from ./score/mw/com/impl/runtime.h:18:
2026-10-07T14:57:01.9232828Z In file included from ./score/mw/com/impl/configuration/configuration.h:18:
2026-10-07T14:57:01.9262939Z In file included from ./score/mw/com/impl/configuration/service_instance_deployment.h:17:
2026-10-07T14:57:01.9293817Z ./score/mw/com/impl/com_error.h:186:65: warning: 'kServiceInstanceAlreadyOffered' is deprecated: Value has never been used. Calls to OfferService shall be idempotent. [-Wdeprecated-declarations]
2026-10-07T14:57:01.9313196Z   186 |             case static_cast<score::result::ErrorCode>(ComErrc::kServiceInstanceAlreadyOffered):
2026-10-07T14:57:01.9352665Z       |                                                                 ^
2026-10-07T14:57:01.9383190Z ./score/mw/com/impl/com_error.h:58:11: note: 'kServiceInstanceAlreadyOffered' has been explicitly marked deprecated here
2026-10-07T14:57:01.9412982Z    58 |         [[deprecated("Value has never been used. Calls to OfferService shall be idempotent.")]],
2026-10-07T14:57:01.9442467Z       |           ^
2026-10-07T14:57:01.9472474Z 1 warning generated.
2026-10-07T14:57:03.1399234Z INFO: From Compiling score/mw/com/impl/tracing/proxy_event_tracing_test.cpp:
2026-10-07T14:57:03.1453463Z In file included from score/mw/com/impl/tracing/proxy_event_tracing_test.cpp:13:
2026-10-07T14:57:03.1492739Z In file included from ./score/mw/com/impl/tracing/proxy_event_tracing.h:23:
2026-10-07T14:57:03.1523571Z In file included from ./score/mw/com/impl/instance_identifier.h:16:
2026-10-07T14:57:03.1553469Z ./score/mw/com/impl/com_error.h:186:65: warning: 'kServiceInstanceAlreadyOffered' is deprecated: Value has never been used. Calls to OfferService shall be idempotent. [-Wdeprecated-declarations]
2026-10-07T14:57:03.1555079Z   186 |             case static_cast<score::result::ErrorCode>(ComErrc::kServiceInstanceAlreadyOffered):
2026-10-07T14:57:03.1582607Z       |                                                                 ^
2026-10-07T14:57:03.1608864Z ./score/mw/com/impl/com_error.h:58:11: note: 'kServiceInstanceAlreadyOffered' has been explicitly marked deprecated here
2026-10-07T14:57:03.1633078Z    58 |         [[deprecated("Value has never been used. Calls to OfferService shall be idempotent.")]],
2026-10-07T14:57:03.1662401Z       |           ^
2026-10-07T14:57:03.1692416Z 1 warning generated.
2026-10-07T14:57:03.1693932Z [13,161 / 14,137] 120 / 514 tests; Compiling score/mw/com/impl/bindings/lola/test/skeleton_component_test.cpp; 4s disk-cache, linux-sandbox ... (4 actions, 3 running)
2026-10-07T14:57:03.2810292Z INFO: From Compiling score/mw/com/test/fields/set_and_get_and_notifier/main_consumer.cpp:
2026-10-07T14:57:03.2823678Z In file included from score/mw/com/test/fields/set_and_get_and_notifier/main_consumer.cpp:14:
2026-10-07T14:57:03.2824908Z In file included from ./score/mw/com/runtime.h:24:
2026-10-07T14:57:03.2825901Z In file included from ./score/mw/com/mocking/i_runtime.h:17:
2026-10-07T14:57:03.2826907Z In file included from ./score/mw/com/types.h:24:
2026-10-07T14:57:03.2827749Z In file included from ./score/mw/com/impl/generic_proxy.h:18:
2026-10-07T14:57:03.2833930Z In file included from ./score/mw/com/impl/generic_proxy_event.h:18:
2026-10-07T14:57:03.2835061Z In file included from ./score/mw/com/impl/proxy_base.h:18:
2026-10-07T14:57:03.2840725Z In file included from ./score/mw/com/impl/handle_type.h:18:
2026-10-07T14:57:03.2842167Z In file included from ./score/mw/com/impl/instance_identifier.h:16:
2026-10-07T14:57:03.2849104Z ./score/mw/com/impl/com_error.h:186:65: warning: 'kServiceInstanceAlreadyOffered' is deprecated: Value has never been used. Calls to OfferService shall be idempotent. [-Wdeprecated-declarations]
2026-10-07T14:57:03.2856303Z   186 |             case static_cast<score::result::ErrorCode>(ComErrc::kServiceInstanceAlreadyOffered):
2026-10-07T14:57:03.2857690Z       |                                                                 ^
2026-10-07T14:57:03.2864583Z ./score/mw/com/impl/com_error.h:58:11: note: 'kServiceInstanceAlreadyOffered' has been explicitly marked deprecated here
2026-10-07T14:57:03.2870819Z    58 |         [[deprecated("Value has never been used. Calls to OfferService shall be idempotent.")]],
2026-10-07T14:57:03.2871938Z       |           ^
2026-10-07T14:57:03.2885149Z 1 warning generated.
2026-10-07T14:57:06.8323641Z INFO: From Compiling score/mw/com/test/fields/set_and_get_and_notifier/main_provider.cpp:
2026-10-07T14:57:06.8353210Z In file included from score/mw/com/test/fields/set_and_get_and_notifier/main_provider.cpp:14:
2026-10-07T14:57:06.8372914Z In file included from ./score/mw/com/runtime.h:24:
2026-10-07T14:57:06.8412707Z In file included from ./score/mw/com/mocking/i_runtime.h:17:
2026-10-07T14:57:06.8433751Z In file included from ./score/mw/com/types.h:24:
2026-10-07T14:57:06.8472711Z In file included from ./score/mw/com/impl/generic_proxy.h:18:
2026-10-07T14:57:06.8502779Z In file included from ./score/mw/com/impl/generic_proxy_event.h:18:
2026-10-07T14:57:06.8532663Z In file included from ./score/mw/com/impl/proxy_base.h:18:
2026-10-07T14:57:06.8562714Z In file included from ./score/mw/com/impl/handle_type.h:18:
2026-10-07T14:57:06.8592712Z In file included from ./score/mw/com/impl/instance_identifier.h:16:
2026-10-07T14:57:06.8623895Z ./score/mw/com/impl/com_error.h:186:65: warning: 'kServiceInstanceAlreadyOffered' is deprecated: Value has never been used. Calls to OfferService shall be idempotent. [-Wdeprecated-declarations]
2026-10-07T14:57:06.8653443Z   186 |             case static_cast<score::result::ErrorCode>(ComErrc::kServiceInstanceAlreadyOffered):
2026-10-07T14:57:06.8654400Z       |                                                                 ^
2026-10-07T14:57:06.8678515Z ./score/mw/com/impl/com_error.h:58:11: note: 'kServiceInstanceAlreadyOffered' has been explicitly marked deprecated here
2026-10-07T14:57:06.8693089Z    58 |         [[deprecated("Value has never been used. Calls to OfferService shall be idempotent.")]],
2026-10-07T14:57:06.8743661Z       |           ^
2026-10-07T14:57:06.8762565Z 1 warning generated.
2026-10-07T14:57:10.0273498Z INFO: From Compiling score/mw/com/test/move_semantics/proxy_method/main_consumer.cpp:
2026-10-07T14:57:10.0303104Z In file included from score/mw/com/test/move_semantics/proxy_method/main_consumer.cpp:13:
2026-10-07T14:57:10.0332676Z In file included from ./score/mw/com/runtime.h:24:
2026-10-07T14:57:10.0352841Z In file included from ./score/mw/com/mocking/i_runtime.h:17:
2026-10-07T14:57:10.0382690Z In file included from ./score/mw/com/types.h:24:
2026-10-07T14:57:10.0383408Z In file included from ./score/mw/com/impl/generic_proxy.h:18:
2026-10-07T14:57:10.0384212Z In file included from ./score/mw/com/impl/generic_proxy_event.h:18:
2026-10-07T14:57:10.0384957Z In file included from ./score/mw/com/impl/proxy_base.h:18:
2026-10-07T14:57:10.0385654Z In file included from ./score/mw/com/impl/handle_type.h:18:
2026-10-07T14:57:10.0386425Z In file included from ./score/mw/com/impl/instance_identifier.h:16:
2026-10-07T14:57:10.0388241Z ./score/mw/com/impl/com_error.h:186:65: warning: 'kServiceInstanceAlreadyOffered' is deprecated: Value has never been used. Calls to OfferService shall be idempotent. [-Wdeprecated-declarations]
2026-10-07T14:57:10.0389902Z   186 |             case static_cast<score::result::ErrorCode>(ComErrc::kServiceInstanceAlreadyOffered):
2026-10-07T14:57:10.0390753Z       |                                                                 ^
2026-10-07T14:57:10.0391934Z ./score/mw/com/impl/com_error.h:58:11: note: 'kServiceInstanceAlreadyOffered' has been explicitly marked deprecated here
2026-10-07T14:57:10.0393414Z    58 |         [[deprecated("Value has never been used. Calls to OfferService shall be idempotent.")]],
2026-10-07T14:57:10.0394364Z       |           ^
2026-10-07T14:57:10.0394690Z 1 warning generated.
2026-10-07T14:57:12.2417862Z INFO: From Compiling score/mw/com/impl/bindings/lola/test/skeleton_component_test.cpp:
2026-10-07T14:57:12.2463246Z In file included from score/mw/com/impl/bindings/lola/test/skeleton_component_test.cpp:16:
2026-10-07T14:57:12.2473033Z In file included from ./score/mw/com/impl/bindings/lola/service_data_storage.h:20:
2026-10-07T14:57:12.2492817Z In file included from ./score/mw/com/impl/bindings/lola/i_runtime.h:20:
2026-10-07T14:57:12.2522796Z In file included from ./score/mw/com/impl/i_binding_runtime.h:17:
2026-10-07T14:57:12.2523659Z In file included from ./score/mw/com/impl/i_service_discovery_client.h:16:
2026-10-07T14:57:12.2524568Z In file included from ./score/mw/com/impl/enriched_instance_identifier.h:17:
2026-10-07T14:57:12.2525346Z In file included from ./score/mw/com/impl/handle_type.h:18:
2026-10-07T14:57:12.2526064Z In file included from ./score/mw/com/impl/instance_identifier.h:16:
2026-10-07T14:57:12.2527779Z ./score/mw/com/impl/com_error.h:186:65: warning: 'kServiceInstanceAlreadyOffered' is deprecated: Value has never been used. Calls to OfferService shall be idempotent. [-Wdeprecated-declarations]
2026-10-07T14:57:12.2529342Z   186 |             case static_cast<score::result::ErrorCode>(ComErrc::kServiceInstanceAlreadyOffered):
2026-10-07T14:57:12.2530155Z       |                                                                 ^
2026-10-07T14:57:12.2531232Z ./score/mw/com/impl/com_error.h:58:11: note: 'kServiceInstanceAlreadyOffered' has been explicitly marked deprecated here
2026-10-07T14:57:12.2552763Z    58 |         [[deprecated("Value has never been used. Calls to OfferService shall be idempotent.")]],
2026-10-07T14:57:12.2553700Z       |           ^
2026-10-07T14:57:12.2554042Z 1 warning generated.
2026-10-07T14:57:13.0278422Z INFO: From Compiling score/mw/com/test/move_semantics/proxy_method/main_provider.cpp:
2026-10-07T14:57:13.0292966Z In file included from score/mw/com/test/move_semantics/proxy_method/main_provider.cpp:13:
2026-10-07T14:57:13.0293717Z In file included from ./score/mw/com/runtime.h:24:
2026-10-07T14:57:13.0322692Z In file included from ./score/mw/com/mocking/i_runtime.h:17:
2026-10-07T14:57:13.0323329Z In file included from ./score/mw/com/types.h:24:
2026-10-07T14:57:13.0323950Z In file included from ./score/mw/com/impl/generic_proxy.h:18:
2026-10-07T14:57:13.0324704Z In file included from ./score/mw/com/impl/generic_proxy_event.h:18:
2026-10-07T14:57:13.0325370Z In file included from ./score/mw/com/impl/proxy_base.h:18:
2026-10-07T14:57:13.0325985Z In file included from ./score/mw/com/impl/handle_type.h:18:
2026-10-07T14:57:13.0326682Z In file included from ./score/mw/com/impl/instance_identifier.h:16:
2026-10-07T14:57:13.0328318Z ./score/mw/com/impl/com_error.h:186:65: warning: 'kServiceInstanceAlreadyOffered' is deprecated: Value has never been used. Calls to OfferService shall be idempotent. [-Wdeprecated-declarations]
2026-10-07T14:57:13.0329979Z   186 |             case static_cast<score::result::ErrorCode>(ComErrc::kServiceInstanceAlreadyOffered):
2026-10-07T14:57:13.0330785Z       |                                                                 ^
2026-10-07T14:57:13.0331869Z ./score/mw/com/impl/com_error.h:58:11: note: 'kServiceInstanceAlreadyOffered' has been explicitly marked deprecated here
2026-10-07T14:57:13.0333320Z    58 |         [[deprecated("Value has never been used. Calls to OfferService shall be idempotent.")]],
2026-10-07T14:57:13.0362411Z       |           ^
2026-10-07T14:57:13.0392524Z 1 warning generated.
2026-10-07T14:57:14.0705336Z [13,169 / 14,138] 120 / 514 tests; Compiling score/mw/com/impl/bindings/lola/tracing/tracing_runtime_test.cpp; 11s disk-cache, linux-sandbox ... (4 actions, 3 running)
2026-10-07T14:57:14.5290187Z INFO: From Compiling score/mw/com/impl/bindings/lola/tracing/tracing_runtime_test.cpp:
2026-10-07T14:57:14.5333090Z In file included from score/mw/com/impl/bindings/lola/tracing/tracing_runtime_test.cpp:13:
2026-10-07T14:57:14.5394832Z In file included from ./score/mw/com/impl/bindings/lola/tracing/tracing_runtime.h:16:
2026-10-07T14:57:14.5423219Z In file included from ./score/mw/com/impl/configuration/configuration.h:18:
2026-10-07T14:57:14.5494818Z In file included from ./score/mw/com/impl/configuration/service_instance_deployment.h:17:
2026-10-07T14:57:14.5533838Z ./score/mw/com/impl/com_error.h:186:65: warning: 'kServiceInstanceAlreadyOffered' is deprecated: Value has never been used. Calls to OfferService shall be idempotent. [-Wdeprecated-declarations]
2026-10-07T14:57:14.5566634Z   186 |             case static_cast<score::result::ErrorCode>(ComErrc::kServiceInstanceAlreadyOffered):
2026-10-07T14:57:14.5592796Z       |                                                                 ^
2026-10-07T14:57:14.5623085Z ./score/mw/com/impl/com_error.h:58:11: note: 'kServiceInstanceAlreadyOffered' has been explicitly marked deprecated here
2026-10-07T14:57:14.5642973Z    58 |         [[deprecated("Value has never been used. Calls to OfferService shall be idempotent.")]],
2026-10-07T14:57:14.5652550Z       |           ^
2026-10-07T14:57:14.5682522Z 1 warning generated.
2026-10-07T14:57:16.4159021Z INFO: From Compiling score/mw/com/impl/bindings/lola/skeleton_method_handling_test.cpp:
2026-10-07T14:57:16.4183136Z In file included from score/mw/com/impl/bindings/lola/skeleton_method_handling_test.cpp:20:
2026-10-07T14:57:16.4242944Z In file included from ./score/mw/com/impl/bindings/lola/skeleton.h:32:
2026-10-07T14:57:16.4303020Z In file included from ./score/mw/com/impl/bindings/lola/skeleton_memory_manager.h:20:
2026-10-07T14:57:16.4362957Z In file included from ./score/mw/com/impl/bindings/lola/service_data_storage.h:20:
2026-10-07T14:57:16.4393175Z In file included from ./score/mw/com/impl/bindings/lola/i_runtime.h:20:
2026-10-07T14:57:16.4452883Z In file included from ./score/mw/com/impl/i_binding_runtime.h:17:
2026-10-07T14:57:16.4482815Z In file included from ./score/mw/com/impl/i_service_discovery_client.h:16:
2026-10-07T14:57:16.4512861Z In file included from ./score/mw/com/impl/enriched_instance_identifier.h:17:
2026-10-07T14:57:16.4542721Z In file included from ./score/mw/com/impl/handle_type.h:18:
2026-10-07T14:57:16.4572757Z In file included from ./score/mw/com/impl/instance_identifier.h:16:
2026-10-07T14:57:16.4603709Z ./score/mw/com/impl/com_error.h:186:65: warning: 'kServiceInstanceAlreadyOffered' is deprecated: Value has never been used. Calls to OfferService shall be idempotent. [-Wdeprecated-declarations]
2026-10-07T14:57:16.4633024Z   186 |             case static_cast<score::result::ErrorCode>(ComErrc::kServiceInstanceAlreadyOffered):
2026-10-07T14:57:16.4662647Z       |                                                                 ^
2026-10-07T14:57:16.4693207Z ./score/mw/com/impl/com_error.h:58:11: note: 'kServiceInstanceAlreadyOffered' has been explicitly marked deprecated here
2026-10-07T14:57:16.4722984Z    58 |         [[deprecated("Value has never been used. Calls to OfferService shall be idempotent.")]],
2026-10-07T14:57:16.4752452Z       |           ^
2026-10-07T14:57:16.4772643Z 1 warning generated.
2026-10-07T14:57:17.3223843Z INFO: From Compiling score/mw/com/impl/bindings/lola/test/service_discovery_test_resources.cpp:
2026-10-07T14:57:17.3263269Z In file included from score/mw/com/impl/bindings/lola/test/service_discovery_test_resources.cpp:13:
2026-10-07T14:57:17.3273396Z In file included from ./score/mw/com/impl/bindings/lola/test/service_discovery_test_resources.h:18:
2026-10-07T14:57:17.3292748Z In file included from ./score/mw/com/impl/handle_type.h:18:
2026-10-07T14:57:17.3314190Z In file included from ./score/mw/com/impl/instance_identifier.h:16:
2026-10-07T14:57:17.3333916Z ./score/mw/com/impl/com_error.h:186:65: warning: 'kServiceInstanceAlreadyOffered' is deprecated: Value has never been used. Calls to OfferService shall be idempotent. [-Wdeprecated-declarations]
2026-10-07T14:57:17.3363233Z   186 |             case static_cast<score::result::ErrorCode>(ComErrc::kServiceInstanceAlreadyOffered):
2026-10-07T14:57:17.3392745Z       |                                                                 ^
2026-10-07T14:57:17.3394100Z ./score/mw/com/impl/com_error.h:58:11: note: 'kServiceInstanceAlreadyOffered' has been explicitly marked deprecated here
2026-10-07T14:57:17.3423117Z    58 |         [[deprecated("Value has never been used. Calls to OfferService shall be idempotent.")]],
2026-10-07T14:57:17.3452655Z       |           ^
2026-10-07T14:57:17.3482661Z 1 warning generated.
2026-10-07T14:57:24.3333727Z INFO: From Compiling score/mw/com/impl/bindings/lola/subscription_state_machine_events_test.cpp:
2026-10-07T14:57:24.3353113Z In file included from score/mw/com/impl/bindings/lola/subscription_state_machine_events_test.cpp:15:
2026-10-07T14:57:24.3382987Z In file included from ./score/mw/com/impl/bindings/lola/test/proxy_event_test_resources.h:18:
2026-10-07T14:57:24.3412786Z In file included from ./score/mw/com/impl/bindings/lola/i_runtime.h:20:
2026-10-07T14:57:24.3442743Z In file included from ./score/mw/com/impl/i_binding_runtime.h:17:
2026-10-07T14:57:24.3472758Z In file included from ./score/mw/com/impl/i_service_discovery_client.h:16:
2026-10-07T14:57:24.3482839Z In file included from ./score/mw/com/impl/enriched_instance_identifier.h:17:
2026-10-07T14:57:24.3502696Z In file included from ./score/mw/com/impl/handle_type.h:18:
2026-10-07T14:57:24.3503510Z In file included from ./score/mw/com/impl/instance_identifier.h:16:
2026-10-07T14:57:24.3505325Z ./score/mw/com/impl/com_error.h:186:65: warning: 'kServiceInstanceAlreadyOffered' is deprecated: Value has never been used. Calls to OfferService shall be idempotent. [-Wdeprecated-declarations]
2026-10-07T14:57:24.3507294Z   186 |             case static_cast<score::result::ErrorCode>(ComErrc::kServiceInstanceAlreadyOffered):
2026-10-07T14:57:24.3508137Z       |                                                                 ^
2026-10-07T14:57:24.3509264Z ./score/mw/com/impl/com_error.h:58:11: note: 'kServiceInstanceAlreadyOffered' has been explicitly marked deprecated here
2026-10-07T14:57:24.3510509Z    58 |         [[deprecated("Value has never been used. Calls to OfferService shall be idempotent.")]],
2026-10-07T14:57:24.3511129Z       |           ^
2026-10-07T14:57:24.3511461Z 1 warning generated.
2026-10-07T14:57:24.3512956Z [13,195 / 14,148] 120 / 514 tests; Compiling score/mw/com/impl/bindings/lola/test/proxy_component_test.cpp; 8s disk-cache, linux-sandbox ... (4 actions, 3 running)
2026-10-07T14:57:24.7179681Z INFO: From Compiling score/mw/com/impl/bindings/lola/test/proxy_component_test.cpp:
2026-10-07T14:57:24.7215949Z In file included from score/mw/com/impl/bindings/lola/test/proxy_component_test.cpp:14:
2026-10-07T14:57:24.7263195Z In file included from ./score/mw/com/impl/bindings/lola/proxy.h:24:
2026-10-07T14:57:24.7293050Z In file included from ./score/mw/com/impl/bindings/lola/proxy_method.h:17:
2026-10-07T14:57:24.7323004Z In file included from ./score/mw/com/impl/bindings/lola/i_runtime.h:20:
2026-10-07T14:57:24.7353103Z In file included from ./score/mw/com/impl/i_binding_runtime.h:17:
2026-10-07T14:57:24.7382925Z In file included from ./score/mw/com/impl/i_service_discovery_client.h:16:
2026-10-07T14:57:24.7393033Z In file included from ./score/mw/com/impl/enriched_instance_identifier.h:17:
2026-10-07T14:57:24.7422800Z In file included from ./score/mw/com/impl/handle_type.h:18:
2026-10-07T14:57:24.7442861Z In file included from ./score/mw/com/impl/instance_identifier.h:16:
2026-10-07T14:57:24.7473796Z ./score/mw/com/impl/com_error.h:186:65: warning: 'kServiceInstanceAlreadyOffered' is deprecated: Value has never been used. Calls to OfferService shall be idempotent. [-Wdeprecated-declarations]
2026-10-07T14:57:24.7483092Z   186 |             case static_cast<score::result::ErrorCode>(ComErrc::kServiceInstanceAlreadyOffered):
2026-10-07T14:57:24.7512706Z       |                                                                 ^
2026-10-07T14:57:24.7525068Z ./score/mw/com/impl/com_error.h:58:11: note: 'kServiceInstanceAlreadyOffered' has been explicitly marked deprecated here
2026-10-07T14:57:24.7560832Z    58 |         [[deprecated("Value has never been used. Calls to OfferService shall be idempotent.")]],
2026-10-07T14:57:24.7572448Z       |           ^
2026-10-07T14:57:24.7602538Z 1 warning generated.
2026-10-07T14:57:25.1903639Z INFO: From Compiling score/mw/com/impl/bindings/lola/event_subscription_control_test.cpp:
2026-10-07T14:57:25.1933208Z In file included from score/mw/com/impl/bindings/lola/event_subscription_control_test.cpp:15:
2026-10-07T14:57:25.1934427Z In file included from ./score/mw/com/impl/bindings/lola/test/proxy_event_test_resources.h:18:
2026-10-07T14:57:25.1962799Z In file included from ./score/mw/com/impl/bindings/lola/i_runtime.h:20:
2026-10-07T14:57:25.1992810Z In file included from ./score/mw/com/impl/i_binding_runtime.h:17:
2026-10-07T14:57:25.1993706Z In file included from ./score/mw/com/impl/i_service_discovery_client.h:16:
2026-10-07T14:57:25.2026965Z In file included from ./score/mw/com/impl/enriched_instance_identifier.h:17:
2026-10-07T14:57:25.2052708Z In file included from ./score/mw/com/impl/handle_type.h:18:
2026-10-07T14:57:25.2072946Z In file included from ./score/mw/com/impl/instance_identifier.h:16:
2026-10-07T14:57:25.2084083Z ./score/mw/com/impl/com_error.h:186:65: warning: 'kServiceInstanceAlreadyOffered' is deprecated: Value has never been used. Calls to OfferService shall be idempotent. [-Wdeprecated-declarations]
2026-10-07T14:57:25.2086120Z   186 |             case static_cast<score::result::ErrorCode>(ComErrc::kServiceInstanceAlreadyOffered):
2026-10-07T14:57:25.2112999Z       |                                                                 ^
2026-10-07T14:57:25.2143693Z ./score/mw/com/impl/com_error.h:58:11: note: 'kServiceInstanceAlreadyOffered' has been explicitly marked deprecated here
2026-10-07T14:57:25.2173051Z    58 |         [[deprecated("Value has never been used. Calls to OfferService shall be idempotent.")]],
2026-10-07T14:57:25.2173974Z       |           ^
2026-10-07T14:57:25.2202602Z 1 warning generated.
2026-10-07T14:57:28.9003541Z INFO: From Compiling score/mw/com/impl/plumbing/skeleton_binding_factory_test.cpp:
2026-10-07T14:57:28.9061732Z In file included from score/mw/com/impl/plumbing/skeleton_binding_factory_test.cpp:13:
2026-10-07T14:57:28.9062942Z In file included from ./score/mw/com/impl/plumbing/skeleton_binding_factory.h:16:
2026-10-07T14:57:28.9092863Z In file included from ./score/mw/com/impl/instance_identifier.h:16:
2026-10-07T14:57:28.9094820Z ./score/mw/com/impl/com_error.h:186:65: warning: 'kServiceInstanceAlreadyOffered' is deprecated: Value has never been used. Calls to OfferService shall be idempotent. [-Wdeprecated-declarations]
2026-10-07T14:57:28.9096232Z   186 |             case static_cast<score::result::ErrorCode>(ComErrc::kServiceInstanceAlreadyOffered):
2026-10-07T14:57:28.9096962Z       |                                                                 ^
2026-10-07T14:57:28.9098024Z ./score/mw/com/impl/com_error.h:58:11: note: 'kServiceInstanceAlreadyOffered' has been explicitly marked deprecated here
2026-10-07T14:57:28.9099208Z    58 |         [[deprecated("Value has never been used. Calls to OfferService shall be idempotent.")]],
2026-10-07T14:57:28.9099756Z       |           ^
2026-10-07T14:57:28.9100033Z 1 warning generated.
2026-10-07T14:57:29.9155151Z INFO: From Compiling score/mw/com/impl/mocking/skeleton_field_mock_test.cpp:
2026-10-07T14:57:29.9167226Z In file included from score/mw/com/impl/mocking/skeleton_field_mock_test.cpp:15:
2026-10-07T14:57:29.9203955Z ./score/mw/com/impl/com_error.h:186:65: warning: 'kServiceInstanceAlreadyOffered' is deprecated: Value has never been used. Calls to OfferService shall be idempotent. [-Wdeprecated-declarations]
2026-10-07T14:57:29.9213078Z   186 |             case static_cast<score::result::ErrorCode>(ComErrc::kServiceInstanceAlreadyOffered):
2026-10-07T14:57:29.9232670Z       |                                                                 ^
2026-10-07T14:57:29.9265490Z ./score/mw/com/impl/com_error.h:58:11: note: 'kServiceInstanceAlreadyOffered' has been explicitly marked deprecated here
2026-10-07T14:57:29.9273004Z    58 |         [[deprecated("Value has never been used. Calls to OfferService shall be idempotent.")]],
2026-10-07T14:57:29.9302592Z       |           ^
2026-10-07T14:57:29.9302983Z 1 warning generated.
2026-10-07T14:57:35.1444285Z [13,214 / 14,155] 120 / 514 tests; Compiling score/mw/com/impl/bindings/lola/proxy_method_test.cpp; 9s disk-cache, linux-sandbox ... (4 actions, 3 running)
2026-10-07T14:57:36.1990068Z INFO: From Compiling score/mw/com/impl/bindings/lola/proxy_method_test.cpp:
2026-10-07T14:57:36.2043117Z In file included from score/mw/com/impl/bindings/lola/proxy_method_test.cpp:13:
2026-10-07T14:57:36.2082965Z In file included from ./score/mw/com/impl/bindings/lola/proxy_method.h:17:
2026-10-07T14:57:36.2143127Z In file included from ./score/mw/com/impl/bindings/lola/i_runtime.h:20:
2026-10-07T14:57:36.2162722Z In file included from ./score/mw/com/impl/i_binding_runtime.h:17:
2026-10-07T14:57:36.2222835Z In file included from ./score/mw/com/impl/i_service_discovery_client.h:16:
2026-10-07T14:57:36.2273366Z In file included from ./score/mw/com/impl/enriched_instance_identifier.h:17:
2026-10-07T14:57:36.2342723Z In file included from ./score/mw/com/impl/handle_type.h:18:
2026-10-07T14:57:36.2367443Z In file included from ./score/mw/com/impl/instance_identifier.h:16:
2026-10-07T14:57:36.2370166Z ./score/mw/com/impl/com_error.h:186:65: warning: 'kServiceInstanceAlreadyOffered' is deprecated: Value has never been used. Calls to OfferService shall be idempotent. [-Wdeprecated-declarations]
2026-10-07T14:57:36.2372503Z   186 |             case static_cast<score::result::ErrorCode>(ComErrc::kServiceInstanceAlreadyOffered):
2026-10-07T14:57:36.2374085Z       |                                                                 ^
2026-10-07T14:57:36.2375800Z ./score/mw/com/impl/com_error.h:58:11: note: 'kServiceInstanceAlreadyOffered' has been explicitly marked deprecated here
2026-10-07T14:57:36.2377456Z    58 |         [[deprecated("Value has never been used. Calls to OfferService shall be idempotent.")]],
2026-10-07T14:57:36.2378491Z       |           ^
2026-10-07T14:57:36.2378958Z 1 warning generated.
2026-10-07T14:57:42.0753644Z INFO: From Compiling score/mw/com/impl/plumbing/proxy_binding_factory_test.cpp:
2026-10-07T14:57:42.0774695Z In file included from score/mw/com/impl/plumbing/proxy_binding_factory_test.cpp:13:
2026-10-07T14:57:42.0802873Z In file included from ./score/mw/com/impl/plumbing/proxy_binding_factory.h:16:
2026-10-07T14:57:42.0813033Z In file included from ./score/mw/com/impl/handle_type.h:18:
2026-10-07T14:57:42.0813910Z In file included from ./score/mw/com/impl/instance_identifier.h:16:
2026-10-07T14:57:42.0843838Z ./score/mw/com/impl/com_error.h:186:65: warning: 'kServiceInstanceAlreadyOffered' is deprecated: Value has never been used. Calls to OfferService shall be idempotent. [-Wdeprecated-declarations]
2026-10-07T14:57:42.0903009Z   186 |             case static_cast<score::result::ErrorCode>(ComErrc::kServiceInstanceAlreadyOffered):
2026-10-07T14:57:42.0932667Z       |                                                                 ^
2026-10-07T14:57:42.0933801Z ./score/mw/com/impl/com_error.h:58:11: note: 'kServiceInstanceAlreadyOffered' has been explicitly marked deprecated here
2026-10-07T14:57:42.0961227Z    58 |         [[deprecated("Value has never been used. Calls to OfferService shall be idempotent.")]],
2026-10-07T14:57:42.0987264Z       |           ^
2026-10-07T14:57:42.1012722Z 1 warning generated.
2026-10-07T14:57:47.1707263Z INFO: From Compiling score/mw/com/impl/tracing/test/proxy_event_tracing_test.cpp:
2026-10-07T14:57:47.1733072Z In file included from score/mw/com/impl/tracing/test/proxy_event_tracing_test.cpp:15:
2026-10-07T14:57:47.1752675Z In file included from ./score/mw/com/impl/proxy_event.h:16:
2026-10-07T14:57:47.1772821Z In file included from ./score/mw/com/impl/instance_identifier.h:16:
2026-10-07T14:57:47.1774889Z ./score/mw/com/impl/com_error.h:186:65: warning: 'kServiceInstanceAlreadyOffered' is deprecated: Value has never been used. Calls to OfferService shall be idempotent. [-Wdeprecated-declarations]
2026-10-07T14:57:47.1776504Z   186 |             case static_cast<score::result::ErrorCode>(ComErrc::kServiceInstanceAlreadyOffered):
2026-10-07T14:57:47.1777333Z       |                                                                 ^
2026-10-07T14:57:47.1778422Z ./score/mw/com/impl/com_error.h:58:11: note: 'kServiceInstanceAlreadyOffered' has been explicitly marked deprecated here
2026-10-07T14:57:47.1779640Z    58 |         [[deprecated("Value has never been used. Calls to OfferService shall be idempotent.")]],
2026-10-07T14:57:47.1780247Z       |           ^
2026-10-07T14:57:47.1780565Z 1 warning generated.
2026-10-07T14:57:47.1975994Z [13,226 / 14,160] 120 / 514 tests; Compiling score/mw/com/impl/tracing/test/proxy_event_tracing_test.cpp; 10s disk-cache, linux-sandbox ... (4 actions, 3 running)
2026-10-07T14:57:47.5403670Z INFO: From Compiling score/mw/com/test/partial_restart/provider_restart/consumer.cpp:
2026-10-07T14:57:47.5443182Z In file included from score/mw/com/test/partial_restart/provider_restart/consumer.cpp:17:
2026-10-07T14:57:47.5463427Z In file included from ./score/mw/com/test/common_test_resources/consumer_resources.h:18:
2026-10-07T14:57:47.5492797Z In file included from ./score/mw/com/types.h:24:
2026-10-07T14:57:47.5522853Z In file included from ./score/mw/com/impl/generic_proxy.h:18:
2026-10-07T14:57:47.5552850Z In file included from ./score/mw/com/impl/generic_proxy_event.h:18:
2026-10-07T14:57:47.5562801Z In file included from ./score/mw/com/impl/proxy_base.h:18:
2026-10-07T14:57:47.5582769Z In file included from ./score/mw/com/impl/handle_type.h:18:
2026-10-07T14:57:47.5606769Z In file included from ./score/mw/com/impl/instance_identifier.h:16:
2026-10-07T14:57:47.5633974Z ./score/mw/com/impl/com_error.h:186:65: warning: 'kServiceInstanceAlreadyOffered' is deprecated: Value has never been used. Calls to OfferService shall be idempotent. [-Wdeprecated-declarations]
2026-10-07T14:57:47.5643018Z   186 |             case static_cast<score::result::ErrorCode>(ComErrc::kServiceInstanceAlreadyOffered):
2026-10-07T14:57:47.5671353Z       |                                                                 ^
2026-10-07T14:57:47.5693510Z ./score/mw/com/impl/com_error.h:58:11: note: 'kServiceInstanceAlreadyOffered' has been explicitly marked deprecated here
2026-10-07T14:57:47.5723132Z    58 |         [[deprecated("Value has never been used. Calls to OfferService shall be idempotent.")]],
2026-10-07T14:57:47.5732436Z       |           ^
2026-10-07T14:57:47.5762538Z 1 warning generated.
2026-10-07T14:57:50.4068533Z INFO: From Compiling score/mw/com/test/partial_restart/consumer_handle_notification_data.cpp:
2026-10-07T14:57:50.4083161Z In file included from score/mw/com/test/partial_restart/consumer_handle_notification_data.cpp:14:
2026-10-07T14:57:50.4123029Z In file included from ./score/mw/com/test/partial_restart/consumer_handle_notification_data.h:17:
2026-10-07T14:57:50.4124000Z In file included from ./score/mw/com/test/partial_restart/test_datatype.h:17:
2026-10-07T14:57:50.4124665Z In file included from ./score/mw/com/types.h:24:
2026-10-07T14:57:50.4125271Z In file included from ./score/mw/com/impl/generic_proxy.h:18:
2026-10-07T14:57:50.4125975Z In file included from ./score/mw/com/impl/generic_proxy_event.h:18:
2026-10-07T14:57:50.4126624Z In file included from ./score/mw/com/impl/proxy_base.h:18:
2026-10-07T14:57:50.4127255Z In file included from ./score/mw/com/impl/handle_type.h:18:
2026-10-07T14:57:50.4127944Z In file included from ./score/mw/com/impl/instance_identifier.h:16:
2026-10-07T14:57:50.4129643Z ./score/mw/com/impl/com_error.h:186:65: warning: 'kServiceInstanceAlreadyOffered' is deprecated: Value has never been used. Calls to OfferService shall be idempotent. [-Wdeprecated-declarations]
2026-10-07T14:57:50.4153185Z   186 |             case static_cast<score::result::ErrorCode>(ComErrc::kServiceInstanceAlreadyOffered):
2026-10-07T14:57:50.4182407Z       |                                                                 ^
2026-10-07T14:57:50.4193080Z ./score/mw/com/impl/com_error.h:58:11: note: 'kServiceInstanceAlreadyOffered' has been explicitly marked deprecated here
2026-10-07T14:57:50.4213063Z    58 |         [[deprecated("Value has never been used. Calls to OfferService shall be idempotent.")]],
2026-10-07T14:57:50.4235500Z       |           ^
2026-10-07T14:57:50.4262527Z 1 warning generated.
2026-10-07T14:57:50.5857475Z INFO: From Compiling score/mw/com/impl/proxy_event_base_test.cpp:
2026-10-07T14:57:50.5858547Z In file included from score/mw/com/impl/proxy_event_base_test.cpp:17:
2026-10-07T14:57:50.5882860Z In file included from ./score/mw/com/impl/generic_proxy_event.h:18:
2026-10-07T14:57:50.5912747Z In file included from ./score/mw/com/impl/proxy_base.h:18:
2026-10-07T14:57:50.5913481Z In file included from ./score/mw/com/impl/handle_type.h:18:
2026-10-07T14:57:50.5914266Z In file included from ./score/mw/com/impl/instance_identifier.h:16:
2026-10-07T14:57:50.5916141Z ./score/mw/com/impl/com_error.h:186:65: warning: 'kServiceInstanceAlreadyOffered' is deprecated: Value has never been used. Calls to OfferService shall be idempotent. [-Wdeprecated-declarations]
2026-10-07T14:57:50.5917771Z   186 |             case static_cast<score::result::ErrorCode>(ComErrc::kServiceInstanceAlreadyOffered):
2026-10-07T14:57:50.5918614Z       |                                                                 ^
2026-10-07T14:57:50.5919736Z ./score/mw/com/impl/com_error.h:58:11: note: 'kServiceInstanceAlreadyOffered' has been explicitly marked deprecated here
2026-10-07T14:57:50.5920997Z    58 |         [[deprecated("Value has never been used. Calls to OfferService shall be idempotent.")]],
2026-10-07T14:57:50.5921902Z       |           ^
2026-10-07T14:57:50.5952644Z 1 warning generated.
2026-10-07T14:57:51.2677772Z INFO: From Compiling score/mw/com/impl/tracing/test/proxy_event_tracing_test.cpp:
2026-10-07T14:57:51.2702966Z In file included from score/mw/com/impl/tracing/test/proxy_event_tracing_test.cpp:15:
2026-10-07T14:57:51.2732848Z In file included from ./score/mw/com/impl/proxy_event.h:16:
2026-10-07T14:57:51.2733639Z In file included from ./score/mw/com/impl/instance_identifier.h:16:
2026-10-07T14:57:51.2742393Z ./score/mw/com/impl/com_error.h:186:65: warning: 'kServiceInstanceAlreadyOffered' is deprecated: Value has never been used. Calls to OfferService shall be idempotent. [-Wdeprecated-declarations]
2026-10-07T14:57:51.2744238Z   186 |             case static_cast<score::result::ErrorCode>(ComErrc::kServiceInstanceAlreadyOffered):
2026-10-07T14:57:51.2745391Z       |                                                                 ^
2026-10-07T14:57:51.2746844Z ./score/mw/com/impl/com_error.h:58:11: note: 'kServiceInstanceAlreadyOffered' has been explicitly marked deprecated here
2026-10-07T14:57:51.2748337Z    58 |         [[deprecated("Value has never been used. Calls to OfferService shall be idempotent.")]],
2026-10-07T14:57:51.2749189Z       |           ^
2026-10-07T14:57:51.2749695Z 1 warning generated.
2026-10-07T14:57:55.0613649Z INFO: From Compiling score/mw/com/impl/plumbing/binding_runtime_factory_test.cpp:
2026-10-07T14:57:55.0643062Z In file included from score/mw/com/impl/plumbing/binding_runtime_factory_test.cpp:13:
2026-10-07T14:57:55.0672995Z In file included from ./score/mw/com/impl/plumbing/binding_runtime_factory.h:16:
2026-10-07T14:57:55.0692966Z In file included from ./score/mw/com/impl/configuration/configuration.h:18:
2026-10-07T14:57:55.0718024Z In file included from ./score/mw/com/impl/configuration/service_instance_deployment.h:17:
2026-10-07T14:57:55.0723612Z ./score/mw/com/impl/com_error.h:186:65: warning: 'kServiceInstanceAlreadyOffered' is deprecated: Value has never been used. Calls to OfferService shall be idempotent. [-Wdeprecated-declarations]
2026-10-07T14:57:55.0743029Z   186 |             case static_cast<score::result::ErrorCode>(ComErrc::kServiceInstanceAlreadyOffered):
2026-10-07T14:57:55.0772794Z       |                                                                 ^
2026-10-07T14:57:55.0803001Z ./score/mw/com/impl/com_error.h:58:11: note: 'kServiceInstanceAlreadyOffered' has been explicitly marked deprecated here
2026-10-07T14:57:55.0832905Z    58 |         [[deprecated("Value has never been used. Calls to OfferService shall be idempotent.")]],
2026-10-07T14:57:55.0833775Z       |           ^
2026-10-07T14:57:55.0862549Z 1 warning generated.
2026-10-07T14:57:55.8483860Z INFO: From Compiling score/mw/com/test/partial_restart/provider_restart/provider.cpp:
2026-10-07T14:57:55.8496198Z In file included from score/mw/com/test/partial_restart/provider_restart/provider.cpp:19:
2026-10-07T14:57:55.8532988Z In file included from ./score/mw/com/test/common_test_resources/provider_resources.h:17:
2026-10-07T14:57:55.8543420Z In file included from ./score/mw/com/com_error_domain.h:16:
2026-10-07T14:57:55.8573767Z ./score/mw/com/impl/com_error.h:186:65: warning: 'kServiceInstanceAlreadyOffered' is deprecated: Value has never been used. Calls to OfferService shall be idempotent. [-Wdeprecated-declarations]
2026-10-07T14:57:55.8603027Z   186 |             case static_cast<score::result::ErrorCode>(ComErrc::kServiceInstanceAlreadyOffered):
2026-10-07T14:57:55.8622675Z       |                                                                 ^
2026-10-07T14:57:55.8644416Z ./score/mw/com/impl/com_error.h:58:11: note: 'kServiceInstanceAlreadyOffered' has been explicitly marked deprecated here
2026-10-07T14:57:55.8663064Z    58 |         [[deprecated("Value has never been used. Calls to OfferService shall be idempotent.")]],
2026-10-07T14:57:55.8669007Z       |           ^
2026-10-07T14:57:55.8698111Z 1 warning generated.
2026-10-07T14:57:58.6535351Z INFO: From Compiling score/mw/com/test/partial_restart/test_datatype.cpp:
2026-10-07T14:57:58.6553776Z In file included from score/mw/com/test/partial_restart/test_datatype.cpp:14:
2026-10-07T14:57:58.6592868Z In file included from ./score/mw/com/test/partial_restart/test_datatype.h:17:
2026-10-07T14:57:58.6622741Z In file included from ./score/mw/com/types.h:24:
2026-10-07T14:57:58.6623464Z In file included from ./score/mw/com/impl/generic_proxy.h:18:
2026-10-07T14:57:58.6624249Z In file included from ./score/mw/com/impl/generic_proxy_event.h:18:
2026-10-07T14:57:58.6624976Z In file included from ./score/mw/com/impl/proxy_base.h:18:
2026-10-07T14:57:58.6650832Z In file included from ./score/mw/com/impl/handle_type.h:18:
2026-10-07T14:57:58.6682642Z In file included from ./score/mw/com/impl/instance_identifier.h:16:
2026-10-07T14:57:58.6713772Z ./score/mw/com/impl/com_error.h:186:65: warning: 'kServiceInstanceAlreadyOffered' is deprecated: Value has never been used. Calls to OfferService shall be idempotent. [-Wdeprecated-declarations]
2026-10-07T14:57:58.6739340Z   186 |             case static_cast<score::result::ErrorCode>(ComErrc::kServiceInstanceAlreadyOffered):
2026-10-07T14:57:58.6762674Z       |                                                                 ^
2026-10-07T14:57:58.6793188Z ./score/mw/com/impl/com_error.h:58:11: note: 'kServiceInstanceAlreadyOffered' has been explicitly marked deprecated here
2026-10-07T14:57:58.6823242Z    58 |         [[deprecated("Value has never been used. Calls to OfferService shall be idempotent.")]],
2026-10-07T14:57:58.6852422Z       |           ^
2026-10-07T14:57:58.6873696Z 1 warning generated.
2026-10-07T14:57:58.6913466Z [13,237 / 14,164] 120 / 514 tests; Compiling score/mw/com/impl/tracing/test/proxy_event_tracing_test.cpp; 10s disk-cache, linux-sandbox ... (4 actions, 3 running)
2026-10-07T14:57:59.1123847Z INFO: From Compiling score/mw/com/test/concurrent_skeleton_creation/concurrent_skeleton_creation_application.cpp:
2026-10-07T14:57:59.1163284Z In file included from score/mw/com/test/concurrent_skeleton_creation/concurrent_skeleton_creation_application.cpp:17:
2026-10-07T14:57:59.1164290Z In file included from ./score/mw/com/runtime.h:24:
2026-10-07T14:57:59.1165312Z In file included from ./score/mw/com/mocking/i_runtime.h:17:
2026-10-07T14:57:59.1165965Z In file included from ./score/mw/com/types.h:24:
2026-10-07T14:57:59.1166662Z In file included from ./score/mw/com/impl/generic_proxy.h:18:
2026-10-07T14:57:59.1167454Z In file included from ./score/mw/com/impl/generic_proxy_event.h:18:
2026-10-07T14:57:59.1168215Z In file included from ./score/mw/com/impl/proxy_base.h:18:
2026-10-07T14:57:59.1168950Z In file included from ./score/mw/com/impl/handle_type.h:18:
2026-10-07T14:57:59.1169734Z In file included from ./score/mw/com/impl/instance_identifier.h:16:
2026-10-07T14:57:59.1171536Z ./score/mw/com/impl/com_error.h:186:65: warning: 'kServiceInstanceAlreadyOffered' is deprecated: Value has never been used. Calls to OfferService shall be idempotent. [-Wdeprecated-declarations]
2026-10-07T14:57:59.1173359Z   186 |             case static_cast<score::result::ErrorCode>(ComErrc::kServiceInstanceAlreadyOffered):
2026-10-07T14:57:59.1174216Z       |                                                                 ^
2026-10-07T14:57:59.1175376Z ./score/mw/com/impl/com_error.h:58:11: note: 'kServiceInstanceAlreadyOffered' has been explicitly marked deprecated here
2026-10-07T14:57:59.1176637Z    58 |         [[deprecated("Value has never been used. Calls to OfferService shall be idempotent.")]],
2026-10-07T14:57:59.1177261Z       |           ^
2026-10-07T14:57:59.1177585Z 1 warning generated.
2026-10-07T14:57:59.5123642Z INFO: From Compiling score/mw/com/impl/plumbing/skeleton_field_binding_factory_test.cpp:
2026-10-07T14:57:59.5153033Z In file included from score/mw/com/impl/plumbing/skeleton_field_binding_factory_test.cpp:18:
2026-10-07T14:57:59.5181754Z In file included from ./score/mw/com/impl/plumbing/skeleton_field_binding_factory.h:17:
2026-10-07T14:57:59.5183465Z In file included from ./score/mw/com/impl/bindings/lola/skeleton_event.h:21:
2026-10-07T14:57:59.5184408Z In file included from ./score/mw/com/impl/bindings/lola/skeleton.h:32:
2026-10-07T14:57:59.5185391Z In file included from ./score/mw/com/impl/bindings/lola/skeleton_memory_manager.h:20:
2026-10-07T14:57:59.5186395Z In file included from ./score/mw/com/impl/bindings/lola/service_data_storage.h:20:
2026-10-07T14:57:59.5187285Z In file included from ./score/mw/com/impl/bindings/lola/i_runtime.h:20:
2026-10-07T14:57:59.5188068Z In file included from ./score/mw/com/impl/i_binding_runtime.h:17:
2026-10-07T14:57:59.5188883Z In file included from ./score/mw/com/impl/i_service_discovery_client.h:16:
2026-10-07T14:57:59.5189783Z In file included from ./score/mw/com/impl/enriched_instance_identifier.h:17:
2026-10-07T14:57:59.5190570Z In file included from ./score/mw/com/impl/handle_type.h:18:
2026-10-07T14:57:59.5191331Z In file included from ./score/mw/com/impl/instance_identifier.h:16:
2026-10-07T14:57:59.5193383Z ./score/mw/com/impl/com_error.h:186:65: warning: 'kServiceInstanceAlreadyOffered' is deprecated: Value has never been used. Calls to OfferService shall be idempotent. [-Wdeprecated-declarations]
2026-10-07T14:57:59.5195074Z   186 |             case static_cast<score::result::ErrorCode>(ComErrc::kServiceInstanceAlreadyOffered):
2026-10-07T14:57:59.5195947Z       |                                                                 ^
2026-10-07T14:57:59.5197100Z ./score/mw/com/impl/com_error.h:58:11: note: 'kServiceInstanceAlreadyOffered' has been explicitly marked deprecated here
2026-10-07T14:57:59.5198346Z    58 |         [[deprecated("Value has never been used. Calls to OfferService shall be idempotent.")]],
2026-10-07T14:57:59.5198950Z       |           ^
2026-10-07T14:57:59.5199252Z 1 warning generated.
2026-10-07T14:58:02.2661404Z INFO: From Compiling score/mw/com/impl/tracing/test/proxy_event_tracing_test.cpp:
2026-10-07T14:58:02.2693365Z In file included from score/mw/com/impl/tracing/test/proxy_event_tracing_test.cpp:15:
2026-10-07T14:58:02.2731339Z In file included from ./score/mw/com/impl/proxy_event.h:16:
2026-10-07T14:58:02.2732674Z In file included from ./score/mw/com/impl/instance_identifier.h:16:
2026-10-07T14:58:02.2764081Z ./score/mw/com/impl/com_error.h:186:65: warning: 'kServiceInstanceAlreadyOffered' is deprecated: Value has never been used. Calls to OfferService shall be idempotent. [-Wdeprecated-declarations]
2026-10-07T14:58:02.2788227Z   186 |             case static_cast<score::result::ErrorCode>(ComErrc::kServiceInstanceAlreadyOffered):
2026-10-07T14:58:02.2799027Z       |                                                                 ^
2026-10-07T14:58:02.2800575Z ./score/mw/com/impl/com_error.h:58:11: note: 'kServiceInstanceAlreadyOffered' has been explicitly marked deprecated here
2026-10-07T14:58:02.2802343Z    58 |         [[deprecated("Value has never been used. Calls to OfferService shall be idempotent.")]],
2026-10-07T14:58:02.2803242Z       |           ^
2026-10-07T14:58:02.2803710Z 1 warning generated.
2026-10-07T14:58:04.5473516Z INFO: From Compiling score/mw/com/test/common_test_resources/consumer_resources.cpp:
2026-10-07T14:58:04.5493031Z In file included from score/mw/com/test/common_test_resources/consumer_resources.cpp:14:
2026-10-07T14:58:04.5532923Z In file included from ./score/mw/com/test/common_test_resources/consumer_resources.h:18:
2026-10-07T14:58:04.5562666Z In file included from ./score/mw/com/types.h:24:
2026-10-07T14:58:04.5592727Z In file included from ./score/mw/com/impl/generic_proxy.h:18:
2026-10-07T14:58:04.5593510Z In file included from ./score/mw/com/impl/generic_proxy_event.h:18:
2026-10-07T14:58:04.5594292Z In file included from ./score/mw/com/impl/proxy_base.h:18:
2026-10-07T14:58:04.5622824Z In file included from ./score/mw/com/impl/handle_type.h:18:
2026-10-07T14:58:04.5623674Z In file included from ./score/mw/com/impl/instance_identifier.h:16:
2026-10-07T14:58:04.5654561Z ./score/mw/com/impl/com_error.h:186:65: warning: 'kServiceInstanceAlreadyOffered' is deprecated: Value has never been used. Calls to OfferService shall be idempotent. [-Wdeprecated-declarations]
2026-10-07T14:58:04.5683040Z   186 |             case static_cast<score::result::ErrorCode>(ComErrc::kServiceInstanceAlreadyOffered):
2026-10-07T14:58:04.5712653Z       |                                                                 ^
2026-10-07T14:58:04.5723226Z ./score/mw/com/impl/com_error.h:58:11: note: 'kServiceInstanceAlreadyOffered' has been explicitly marked deprecated here
2026-10-07T14:58:04.5753054Z    58 |         [[deprecated("Value has never been used. Calls to OfferService shall be idempotent.")]],
2026-10-07T14:58:04.5762501Z       |           ^
2026-10-07T14:58:04.5792464Z 1 warning generated.
2026-10-07T14:58:06.3173153Z INFO: From Compiling score/mw/com/types_test.cpp:
2026-10-07T14:58:06.3202854Z In file included from score/mw/com/types_test.cpp:13:
2026-10-07T14:58:06.3222635Z In file included from ./score/mw/com/types.h:24:
2026-10-07T14:58:06.3252764Z In file included from ./score/mw/com/impl/generic_proxy.h:18:
2026-10-07T14:58:06.3262788Z In file included from ./score/mw/com/impl/generic_proxy_event.h:18:
2026-10-07T14:58:06.3292706Z In file included from ./score/mw/com/impl/proxy_base.h:18:
2026-10-07T14:58:06.3293471Z In file included from ./score/mw/com/impl/handle_type.h:18:
2026-10-07T14:58:06.3294278Z In file included from ./score/mw/com/impl/instance_identifier.h:16:
2026-10-07T14:58:06.3296014Z ./score/mw/com/impl/com_error.h:186:65: warning: 'kServiceInstanceAlreadyOffered' is deprecated: Value has never been used. Calls to OfferService shall be idempotent. [-Wdeprecated-declarations]
2026-10-07T14:58:06.3297691Z   186 |             case static_cast<score::result::ErrorCode>(ComErrc::kServiceInstanceAlreadyOffered):
2026-10-07T14:58:06.3298557Z       |                                                                 ^
2026-10-07T14:58:06.3299685Z ./score/mw/com/impl/com_error.h:58:11: note: 'kServiceInstanceAlreadyOffered' has been explicitly marked deprecated here
2026-10-07T14:58:06.3300964Z    58 |         [[deprecated("Value has never been used. Calls to OfferService shall be idempotent.")]],
2026-10-07T14:58:06.3301592Z       |           ^
2026-10-07T14:58:06.3302432Z 1 warning generated.
2026-10-07T14:58:07.3143531Z INFO: From Compiling score/mw/com/test/common_test_resources/provider_resources.cpp:
2026-10-07T14:58:07.3144655Z In file included from score/mw/com/test/common_test_resources/provider_resources.cpp:14:
2026-10-07T14:58:07.3182983Z In file included from ./score/mw/com/test/common_test_resources/provider_resources.h:17:
2026-10-07T14:58:07.3192764Z In file included from ./score/mw/com/com_error_domain.h:16:
2026-10-07T14:58:07.3223711Z ./score/mw/com/impl/com_error.h:186:65: warning: 'kServiceInstanceAlreadyOffered' is deprecated: Value has never been used. Calls to OfferService shall be idempotent. [-Wdeprecated-declarations]
2026-10-07T14:58:07.3242953Z   186 |             case static_cast<score::result::ErrorCode>(ComErrc::kServiceInstanceAlreadyOffered):
2026-10-07T14:58:07.3282711Z       |                                                                 ^
2026-10-07T14:58:07.3283904Z ./score/mw/com/impl/com_error.h:58:11: note: 'kServiceInstanceAlreadyOffered' has been explicitly marked deprecated here
2026-10-07T14:58:07.3285187Z    58 |         [[deprecated("Value has never been used. Calls to OfferService shall be idempotent.")]],
2026-10-07T14:58:07.3285846Z       |           ^
2026-10-07T14:58:07.3286171Z 1 warning generated.
2026-10-07T14:58:07.5331773Z INFO: From Compiling score/mw/com/types_accessibility_test.cpp:
2026-10-07T14:58:07.6227067Z In file included from score/mw/com/types_accessibility_test.cpp:15:
2026-10-07T14:58:07.6253144Z In file included from ./score/mw/com/types.h:24:
2026-10-07T14:58:07.6273039Z In file included from ./score/mw/com/impl/generic_proxy.h:18:
2026-10-07T14:58:07.6302904Z In file included from ./score/mw/com/impl/generic_proxy_event.h:18:
2026-10-07T14:58:07.6322900Z In file included from ./score/mw/com/impl/proxy_base.h:18:
2026-10-07T14:58:07.6353003Z In file included from ./score/mw/com/impl/handle_type.h:18:
2026-10-07T14:58:07.6363007Z In file included from ./score/mw/com/impl/instance_identifier.h:16:
2026-10-07T14:58:07.6383603Z ./score/mw/com/impl/com_error.h:186:65: warning: 'kServiceInstanceAlreadyOffered' is deprecated: Value has never been used. Calls to OfferService shall be idempotent. [-Wdeprecated-declarations]
2026-10-07T14:58:07.6413273Z   186 |             case static_cast<score::result::ErrorCode>(ComErrc::kServiceInstanceAlreadyOffered):
2026-10-07T14:58:07.6432977Z       |                                                                 ^
2026-10-07T14:58:07.6453533Z ./score/mw/com/impl/com_error.h:58:11: note: 'kServiceInstanceAlreadyOffered' has been explicitly marked deprecated here
2026-10-07T14:58:07.6483403Z    58 |         [[deprecated("Value has never been used. Calls to OfferService shall be idempotent.")]],
2026-10-07T14:58:07.6502649Z       |           ^
2026-10-07T14:58:07.6522443Z 1 warning generated.
2026-10-07T14:58:09.3843675Z INFO: From Compiling score/mw/com/gateway/transport_layer/sample/bidirectional_transport_test.cpp:
2026-10-07T14:58:09.3883222Z In file included from score/mw/com/gateway/transport_layer/sample/bidirectional_transport_test.cpp:13:
2026-10-07T14:58:09.3884473Z In file included from ./score/mw/com/gateway/transport_layer/sample/bidirectional_transport.h:18:
2026-10-07T14:58:09.3885651Z In file included from ./score/mw/com/gateway/transport_layer/sample/i_bidirectional_transport.h:16:
2026-10-07T14:58:09.3886802Z In file included from ./score/mw/com/gateway/transport_layer/sample/messages/gateway_messages.h:17:
2026-10-07T14:58:09.3887816Z In file included from ./score/mw/com/gateway/transport_layer/transport.h:17:
2026-10-07T14:58:09.3888519Z In file included from ./score/mw/com/types.h:24:
2026-10-07T14:58:09.3889172Z In file included from ./score/mw/com/impl/generic_proxy.h:18:
2026-10-07T14:58:09.3889916Z In file included from ./score/mw/com/impl/generic_proxy_event.h:18:
2026-10-07T14:58:09.3890623Z In file included from ./score/mw/com/impl/proxy_base.h:18:
2026-10-07T14:58:09.3891282Z In file included from ./score/mw/com/impl/handle_type.h:18:
2026-10-07T14:58:09.3892418Z In file included from ./score/mw/com/impl/instance_identifier.h:16:
2026-10-07T14:58:09.3894145Z ./score/mw/com/impl/com_error.h:186:65: warning: 'kServiceInstanceAlreadyOffered' is deprecated: Value has never been used. Calls to OfferService shall be idempotent. [-Wdeprecated-declarations]
2026-10-07T14:58:09.3895742Z   186 |             case static_cast<score::result::ErrorCode>(ComErrc::kServiceInstanceAlreadyOffered):
2026-10-07T14:58:09.3896568Z       |                                                                 ^
2026-10-07T14:58:09.3897678Z ./score/mw/com/impl/com_error.h:58:11: note: 'kServiceInstanceAlreadyOffered' has been explicitly marked deprecated here
2026-10-07T14:58:09.3898906Z    58 |         [[deprecated("Value has never been used. Calls to OfferService shall be idempotent.")]],
2026-10-07T14:58:09.3899525Z       |           ^
2026-10-07T14:58:09.3899845Z 1 warning generated.
2026-10-07T14:58:09.4273801Z [13,253 / 14,167] 120 / 514 tests; Compiling score/mw/com/runtime_test.cpp; 3s disk-cache, linux-sandbox ... (4 actions, 3 running)
2026-10-07T14:58:09.7793000Z INFO: From Compiling score/mw/com/impl/service_discovery_client_mock.cpp:
2026-10-07T14:58:09.7828100Z In file included from score/mw/com/impl/service_discovery_client_mock.cpp:13:
2026-10-07T14:58:09.7844368Z In file included from ./score/mw/com/impl/service_discovery_client_mock.h:16:
2026-10-07T14:58:09.7875988Z In file included from ./score/mw/com/impl/i_service_discovery_client.h:16:
2026-10-07T14:58:09.7900004Z In file included from ./score/mw/com/impl/enriched_instance_identifier.h:17:
2026-10-07T14:58:09.7913228Z In file included from ./score/mw/com/impl/handle_type.h:18:
2026-10-07T14:58:09.7933073Z In file included from ./score/mw/com/impl/instance_identifier.h:16:
2026-10-07T14:58:09.7968142Z ./score/mw/com/impl/com_error.h:186:65: warning: 'kServiceInstanceAlreadyOffered' is deprecated: Value has never been used. Calls to OfferService shall be idempotent. [-Wdeprecated-declarations]
2026-10-07T14:58:09.7993411Z   186 |             case static_cast<score::result::ErrorCode>(ComErrc::kServiceInstanceAlreadyOffered):
2026-10-07T14:58:09.8032787Z       |                                                                 ^
2026-10-07T14:58:09.8062961Z ./score/mw/com/impl/com_error.h:58:11: note: 'kServiceInstanceAlreadyOffered' has been explicitly marked deprecated here
2026-10-07T14:58:09.8083076Z    58 |         [[deprecated("Value has never been used. Calls to OfferService shall be idempotent.")]],
2026-10-07T14:58:09.8092454Z       |           ^
2026-10-07T14:58:09.8117121Z 1 warning generated.
2026-10-07T14:58:10.7323730Z INFO: From Compiling score/mw/com/test/fields/getter_setter_if_available/main_consumer.cpp:
2026-10-07T14:58:10.7343400Z In file included from score/mw/com/test/fields/getter_setter_if_available/main_consumer.cpp:14:
2026-10-07T14:58:10.7344329Z In file included from ./score/mw/com/runtime.h:24:
2026-10-07T14:58:10.7344997Z In file included from ./score/mw/com/mocking/i_runtime.h:17:
2026-10-07T14:58:10.7345637Z In file included from ./score/mw/com/types.h:24:
2026-10-07T14:58:10.7346290Z In file included from ./score/mw/com/impl/generic_proxy.h:18:
2026-10-07T14:58:10.7347026Z In file included from ./score/mw/com/impl/generic_proxy_event.h:18:
2026-10-07T14:58:10.7347723Z In file included from ./score/mw/com/impl/proxy_base.h:18:
2026-10-07T14:58:10.7348405Z In file included from ./score/mw/com/impl/handle_type.h:18:
2026-10-07T14:58:10.7349149Z In file included from ./score/mw/com/impl/instance_identifier.h:16:
2026-10-07T14:58:10.7350965Z ./score/mw/com/impl/com_error.h:186:65: warning: 'kServiceInstanceAlreadyOffered' is deprecated: Value has never been used. Calls to OfferService shall be idempotent. [-Wdeprecated-declarations]
2026-10-07T14:58:10.7352790Z   186 |             case static_cast<score::result::ErrorCode>(ComErrc::kServiceInstanceAlreadyOffered):
2026-10-07T14:58:10.7353532Z       |                                                                 ^
2026-10-07T14:58:10.7354989Z ./score/mw/com/impl/com_error.h:58:11: note: 'kServiceInstanceAlreadyOffered' has been explicitly marked deprecated here
2026-10-07T14:58:10.7356295Z    58 |         [[deprecated("Value has never been used. Calls to OfferService shall be idempotent.")]],
2026-10-07T14:58:10.7356903Z       |           ^
2026-10-07T14:58:10.7357225Z 1 warning generated.
2026-10-07T14:58:10.9296215Z INFO: From Compiling score/mw/com/runtime_test.cpp:
2026-10-07T14:58:10.9305861Z In file included from score/mw/com/runtime_test.cpp:13:
2026-10-07T14:58:10.9354358Z In file included from ./score/mw/com/runtime.h:24:
2026-10-07T14:58:10.9402775Z In file included from ./score/mw/com/mocking/i_runtime.h:17:
2026-10-07T14:58:10.9403637Z In file included from ./score/mw/com/types.h:24:
2026-10-07T14:58:10.9432807Z In file included from ./score/mw/com/impl/generic_proxy.h:18:
2026-10-07T14:58:10.9473674Z In file included from ./score/mw/com/impl/generic_proxy_event.h:18:
2026-10-07T14:58:10.9482968Z In file included from ./score/mw/com/impl/proxy_base.h:18:
2026-10-07T14:58:10.9532846Z In file included from ./score/mw/com/impl/handle_type.h:18:
2026-10-07T14:58:10.9593583Z In file included from ./score/mw/com/impl/instance_identifier.h:16:
2026-10-07T14:58:10.9623843Z ./score/mw/com/impl/com_error.h:186:65: warning: 'kServiceInstanceAlreadyOffered' is deprecated: Value has never been used. Calls to OfferService shall be idempotent. [-Wdeprecated-declarations]
2026-10-07T14:58:10.9663195Z   186 |             case static_cast<score::result::ErrorCode>(ComErrc::kServiceInstanceAlreadyOffered):
2026-10-07T14:58:10.9692928Z       |                                                                 ^
2026-10-07T14:58:10.9723421Z ./score/mw/com/impl/com_error.h:58:11: note: 'kServiceInstanceAlreadyOffered' has been explicitly marked deprecated here
2026-10-07T14:58:10.9763347Z    58 |         [[deprecated("Value has never been used. Calls to OfferService shall be idempotent.")]],
2026-10-07T14:58:10.9772516Z       |           ^
2026-10-07T14:58:10.9802603Z 1 warning generated.
2026-10-07T14:58:14.6449080Z INFO: From Compiling score/mw/com/gateway/transport_layer/transport_mock.cpp:
2026-10-07T14:58:14.6493119Z In file included from score/mw/com/gateway/transport_layer/transport_mock.cpp:14:
2026-10-07T14:58:14.6503338Z In file included from ./score/mw/com/gateway/transport_layer/transport_mock.h:16:
2026-10-07T14:58:14.6512802Z In file included from ./score/mw/com/gateway/transport_layer/transport.h:17:
2026-10-07T14:58:14.6562659Z In file included from ./score/mw/com/types.h:24:
2026-10-07T14:58:14.6563613Z In file included from ./score/mw/com/impl/generic_proxy.h:18:
2026-10-07T14:58:14.6592913Z In file included from ./score/mw/com/impl/generic_proxy_event.h:18:
2026-10-07T14:58:14.6622834Z In file included from ./score/mw/com/impl/proxy_base.h:18:
2026-10-07T14:58:14.6623667Z In file included from ./score/mw/com/impl/handle_type.h:18:
2026-10-07T14:58:14.6672802Z In file included from ./score/mw/com/impl/instance_identifier.h:16:
2026-10-07T14:58:14.6683763Z ./score/mw/com/impl/com_error.h:186:65: warning: 'kServiceInstanceAlreadyOffered' is deprecated: Value has never been used. Calls to OfferService shall be idempotent. [-Wdeprecated-declarations]
2026-10-07T14:58:14.6685518Z   186 |             case static_cast<score::result::ErrorCode>(ComErrc::kServiceInstanceAlreadyOffered):
2026-10-07T14:58:14.6686409Z       |                                                                 ^
2026-10-07T14:58:14.6687599Z ./score/mw/com/impl/com_error.h:58:11: note: 'kServiceInstanceAlreadyOffered' has been explicitly marked deprecated here
2026-10-07T14:58:14.6688935Z    58 |         [[deprecated("Value has never been used. Calls to OfferService shall be idempotent.")]],
2026-10-07T14:58:14.6689580Z       |           ^
2026-10-07T14:58:14.6689918Z 1 warning generated.
2026-10-07T14:58:15.8184117Z INFO: From Compiling score/mw/com/test/fields/getter_setter_if_available/consumer.cpp:
2026-10-07T14:58:15.8253324Z In file included from score/mw/com/test/fields/getter_setter_if_available/consumer.cpp:13:
2026-10-07T14:58:15.8305688Z In file included from ./score/mw/com/test/fields/getter_setter_if_available/consumer.h:16:
2026-10-07T14:58:15.8324140Z In file included from ./score/mw/com/test/fields/getter_setter_if_available/common_resources.h:16:
2026-10-07T14:58:15.8363285Z In file included from ./score/mw/com/test/fields/getter_setter_if_available/datatypes/getter_only_enabled_field.h:17:
2026-10-07T14:58:15.8392622Z In file included from ./score/mw/com/types.h:24:
2026-10-07T14:58:15.8422915Z In file included from ./score/mw/com/impl/generic_proxy.h:18:
2026-10-07T14:58:15.8452751Z In file included from ./score/mw/com/impl/generic_proxy_event.h:18:
2026-10-07T14:58:15.8478999Z In file included from ./score/mw/com/impl/proxy_base.h:18:
2026-10-07T14:58:15.8502756Z In file included from ./score/mw/com/impl/handle_type.h:18:
2026-10-07T14:58:15.8532666Z In file included from ./score/mw/com/impl/instance_identifier.h:16:
2026-10-07T14:58:15.8563672Z ./score/mw/com/impl/com_error.h:186:65: warning: 'kServiceInstanceAlreadyOffered' is deprecated: Value has never been used. Calls to OfferService shall be idempotent. [-Wdeprecated-declarations]
2026-10-07T14:58:15.8593050Z   186 |             case static_cast<score::result::ErrorCode>(ComErrc::kServiceInstanceAlreadyOffered):
2026-10-07T14:58:15.8612731Z       |                                                                 ^
2026-10-07T14:58:15.8653201Z ./score/mw/com/impl/com_error.h:58:11: note: 'kServiceInstanceAlreadyOffered' has been explicitly marked deprecated here
2026-10-07T14:58:15.8683002Z    58 |         [[deprecated("Value has never been used. Calls to OfferService shall be idempotent.")]],
2026-10-07T14:58:15.8712466Z       |           ^
2026-10-07T14:58:15.8742485Z 1 warning generated.
2026-10-07T14:58:16.8686147Z INFO: From Compiling score/mw/com/gateway/gateway_application/gateway_core.cpp:
2026-10-07T14:58:16.8713561Z In file included from score/mw/com/gateway/gateway_application/gateway_core.cpp:14:
2026-10-07T14:58:16.8722904Z In file included from ./score/mw/com/gateway/gateway_application/gateway_core.h:16:
2026-10-07T14:58:16.8763238Z In file included from ./score/mw/com/gateway/transport_layer/transport.h:17:
2026-10-07T14:58:16.8772672Z In file included from ./score/mw/com/types.h:24:
2026-10-07T14:58:16.8802810Z In file included from ./score/mw/com/impl/generic_proxy.h:18:
2026-10-07T14:58:16.8812624Z In file included from ./score/mw/com/impl/generic_proxy_event.h:18:
2026-10-07T14:58:16.8832851Z In file included from ./score/mw/com/impl/proxy_base.h:18:
2026-10-07T14:58:16.8862774Z In file included from ./score/mw/com/impl/handle_type.h:18:
2026-10-07T14:58:16.8892849Z In file included from ./score/mw/com/impl/instance_identifier.h:16:
2026-10-07T14:58:16.8903616Z ./score/mw/com/impl/com_error.h:186:65: warning: 'kServiceInstanceAlreadyOffered' is deprecated: Value has never been used. Calls to OfferService shall be idempotent. [-Wdeprecated-declarations]
2026-10-07T14:58:16.8923080Z   186 |             case static_cast<score::result::ErrorCode>(ComErrc::kServiceInstanceAlreadyOffered):
2026-10-07T14:58:16.8952659Z       |                                                                 ^
2026-10-07T14:58:16.8960733Z ./score/mw/com/impl/com_error.h:58:11: note: 'kServiceInstanceAlreadyOffered' has been explicitly marked deprecated here
2026-10-07T14:58:16.8982962Z    58 |         [[deprecated("Value has never been used. Calls to OfferService shall be idempotent.")]],
2026-10-07T14:58:16.8983546Z       |           ^
2026-10-07T14:58:16.8983843Z 1 warning generated.
2026-10-07T14:58:17.7350299Z INFO: From Compiling score/mw/com/gateway/transport_layer/sample/sample_hypervisor_transport.cpp:
2026-10-07T14:58:17.7372950Z In file included from score/mw/com/gateway/transport_layer/sample/sample_hypervisor_transport.cpp:13:
2026-10-07T14:58:17.7403076Z In file included from ./score/mw/com/gateway/transport_layer/sample/sample_hypervisor_transport.h:16:
2026-10-07T14:58:17.7404185Z In file included from ./score/mw/com/gateway/gateway_application/gateway_core.h:16:
2026-10-07T14:58:17.7405447Z In file included from ./score/mw/com/gateway/transport_layer/transport.h:17:
2026-10-07T14:58:17.7406155Z In file included from ./score/mw/com/types.h:24:
2026-10-07T14:58:17.7406828Z In file included from ./score/mw/com/impl/generic_proxy.h:18:
2026-10-07T14:58:17.7407595Z In file included from ./score/mw/com/impl/generic_proxy_event.h:18:
2026-10-07T14:58:17.7408311Z In file included from ./score/mw/com/impl/proxy_base.h:18:
2026-10-07T14:58:17.7408986Z In file included from ./score/mw/com/impl/handle_type.h:18:
2026-10-07T14:58:17.7409722Z In file included from ./score/mw/com/impl/instance_identifier.h:16:
2026-10-07T14:58:17.7411556Z ./score/mw/com/impl/com_error.h:186:65: warning: 'kServiceInstanceAlreadyOffered' is deprecated: Value has never been used. Calls to OfferService shall be idempotent. [-Wdeprecated-declarations]
2026-10-07T14:58:17.7413762Z   186 |             case static_cast<score::result::ErrorCode>(ComErrc::kServiceInstanceAlreadyOffered):
2026-10-07T14:58:17.7414649Z       |                                                                 ^
2026-10-07T14:58:17.7415795Z ./score/mw/com/impl/com_error.h:58:11: note: 'kServiceInstanceAlreadyOffered' has been explicitly marked deprecated here
2026-10-07T14:58:17.7417070Z    58 |         [[deprecated("Value has never been used. Calls to OfferService shall be idempotent.")]],
2026-10-07T14:58:17.7417684Z       |           ^
2026-10-07T14:58:17.7418007Z 1 warning generated.
2026-10-07T14:58:18.9610318Z INFO: From Compiling score/mw/com/test/fields/getter_setter_if_available/main_provider.cpp:
2026-10-07T14:58:18.9645160Z In file included from score/mw/com/test/fields/getter_setter_if_available/main_provider.cpp:14:
2026-10-07T14:58:18.9672871Z In file included from ./score/mw/com/runtime.h:24:
2026-10-07T14:58:18.9693005Z In file included from ./score/mw/com/mocking/i_runtime.h:17:
2026-10-07T14:58:18.9702779Z In file included from ./score/mw/com/types.h:24:
2026-10-07T14:58:18.9731228Z In file included from ./score/mw/com/impl/generic_proxy.h:18:
2026-10-07T14:58:18.9762876Z In file included from ./score/mw/com/impl/generic_proxy_event.h:18:
2026-10-07T14:58:18.9772775Z In file included from ./score/mw/com/impl/proxy_base.h:18:
2026-10-07T14:58:18.9792861Z In file included from ./score/mw/com/impl/handle_type.h:18:
2026-10-07T14:58:18.9822708Z In file included from ./score/mw/com/impl/instance_identifier.h:16:
2026-10-07T14:58:18.9854193Z ./score/mw/com/impl/com_error.h:186:65: warning: 'kServiceInstanceAlreadyOffered' is deprecated: Value has never been used. Calls to OfferService shall be idempotent. [-Wdeprecated-declarations]
2026-10-07T14:58:18.9862922Z   186 |             case static_cast<score::result::ErrorCode>(ComErrc::kServiceInstanceAlreadyOffered):
2026-10-07T14:58:18.9882781Z       |                                                                 ^
2026-10-07T14:58:18.9913176Z ./score/mw/com/impl/com_error.h:58:11: note: 'kServiceInstanceAlreadyOffered' has been explicitly marked deprecated here
2026-10-07T14:58:18.9929303Z    58 |         [[deprecated("Value has never been used. Calls to OfferService shall be idempotent.")]],
2026-10-07T14:58:18.9931185Z       |           ^
2026-10-07T14:58:18.9938980Z 1 warning generated.
2026-10-07T14:58:19.1705347Z INFO: From Compiling score/mw/com/impl/generic_skeleton_test.cpp:
2026-10-07T14:58:19.1755370Z In file included from score/mw/com/impl/generic_skeleton_test.cpp:13:
2026-10-07T14:58:19.1770111Z In file included from ./score/mw/com/impl/generic_skeleton.h:18:
2026-10-07T14:58:19.1813616Z In file included from ./score/mw/com/impl/instance_identifier.h:16:
2026-10-07T14:58:19.1864125Z ./score/mw/com/impl/com_error.h:186:65: warning: 'kServiceInstanceAlreadyOffered' is deprecated: Value has never been used. Calls to OfferService shall be idempotent. [-Wdeprecated-declarations]
2026-10-07T14:58:19.1893102Z   186 |             case static_cast<score::result::ErrorCode>(ComErrc::kServiceInstanceAlreadyOffered):
2026-10-07T14:58:19.1894467Z       |                                                                 ^
2026-10-07T14:58:19.1917645Z ./score/mw/com/impl/com_error.h:58:11: note: 'kServiceInstanceAlreadyOffered' has been explicitly marked deprecated here
2026-10-07T14:58:19.1943190Z    58 |         [[deprecated("Value has never been used. Calls to OfferService shall be idempotent.")]],
2026-10-07T14:58:19.1972478Z       |           ^
2026-10-07T14:58:19.2002498Z 1 warning generated.
2026-10-07T14:58:19.4550817Z [13,289 / 14,174] 120 / 514 tests; Compiling score/mw/com/gateway/transport_layer/qemu/qemu_hypervisor_transport.cpp; 1s disk-cache, linux-sandbox ... (4 actions, 3 running)
2026-10-07T14:58:21.6573742Z INFO: From Compiling score/mw/com/gateway/transport_layer/qemu/qemu_hypervisor_transport.cpp:
2026-10-07T14:58:21.6603363Z In file included from score/mw/com/gateway/transport_layer/qemu/qemu_hypervisor_transport.cpp:13:
2026-10-07T14:58:21.6633017Z In file included from ./score/mw/com/gateway/transport_layer/qemu/qemu_hypervisor_transport.h:16:
2026-10-07T14:58:21.6634297Z In file included from ./score/mw/com/gateway/gateway_application/gateway_core.h:16:
2026-10-07T14:58:21.6662805Z In file included from ./score/mw/com/gateway/transport_layer/transport.h:17:
2026-10-07T14:58:21.6692668Z In file included from ./score/mw/com/types.h:24:
2026-10-07T14:58:21.6722808Z In file included from ./score/mw/com/impl/generic_proxy.h:18:
2026-10-07T14:58:21.6723777Z In file included from ./score/mw/com/impl/generic_proxy_event.h:18:
2026-10-07T14:58:21.6752773Z In file included from ./score/mw/com/impl/proxy_base.h:18:
2026-10-07T14:58:21.6782776Z In file included from ./score/mw/com/impl/handle_type.h:18:
2026-10-07T14:58:21.6792769Z In file included from ./score/mw/com/impl/instance_identifier.h:16:
2026-10-07T14:58:21.6814269Z ./score/mw/com/impl/com_error.h:186:65: warning: 'kServiceInstanceAlreadyOffered' is deprecated: Value has never been used. Calls to OfferService shall be idempotent. [-Wdeprecated-declarations]
2026-10-07T14:58:21.6843106Z   186 |             case static_cast<score::result::ErrorCode>(ComErrc::kServiceInstanceAlreadyOffered):
2026-10-07T14:58:21.6865024Z       |                                                                 ^
2026-10-07T14:58:21.6891153Z ./score/mw/com/impl/com_error.h:58:11: note: 'kServiceInstanceAlreadyOffered' has been explicitly marked deprecated here
2026-10-07T14:58:21.6903529Z    58 |         [[deprecated("Value has never been used. Calls to OfferService shall be idempotent.")]],
2026-10-07T14:58:21.6906060Z       |           ^
2026-10-07T14:58:21.6906475Z 1 warning generated.
2026-10-07T14:58:22.4073615Z INFO: From Compiling score/mw/com/gateway/transport_layer/transport_factory.cpp:
2026-10-07T14:58:22.4092923Z In file included from score/mw/com/gateway/transport_layer/transport_factory.cpp:13:
2026-10-07T14:58:22.4122921Z In file included from ./score/mw/com/gateway/transport_layer/transport_factory.h:16:
2026-10-07T14:58:22.4152844Z In file included from ./score/mw/com/gateway/gateway_application/gateway_core.h:16:
2026-10-07T14:58:22.4162952Z In file included from ./score/mw/com/gateway/transport_layer/transport.h:17:
2026-10-07T14:58:22.4182694Z In file included from ./score/mw/com/types.h:24:
2026-10-07T14:58:22.4212759Z In file included from ./score/mw/com/impl/generic_proxy.h:18:
2026-10-07T14:58:22.4242783Z In file included from ./score/mw/com/impl/generic_proxy_event.h:18:
2026-10-07T14:58:22.4252832Z In file included from ./score/mw/com/impl/proxy_base.h:18:
2026-10-07T14:58:22.4272683Z In file included from ./score/mw/com/impl/handle_type.h:18:
2026-10-07T14:58:22.4302754Z In file included from ./score/mw/com/impl/instance_identifier.h:16:
2026-10-07T14:58:22.4313869Z ./score/mw/com/impl/com_error.h:186:65: warning: 'kServiceInstanceAlreadyOffered' is deprecated: Value has never been used. Calls to OfferService shall be idempotent. [-Wdeprecated-declarations]
2026-10-07T14:58:22.4315735Z   186 |             case static_cast<score::result::ErrorCode>(ComErrc::kServiceInstanceAlreadyOffered):
2026-10-07T14:58:22.4362705Z       |                                                                 ^
2026-10-07T14:58:22.4371512Z ./score/mw/com/impl/com_error.h:58:11: note: 'kServiceInstanceAlreadyOffered' has been explicitly marked deprecated here
2026-10-07T14:58:22.4373389Z    58 |         [[deprecated("Value has never been used. Calls to OfferService shall be idempotent.")]],
2026-10-07T14:58:22.4374150Z       |           ^
2026-10-07T14:58:22.4374570Z 1 warning generated.
2026-10-07T14:58:24.0187784Z INFO: From Compiling score/mw/com/gateway/gateway_application/gateway_application.cpp:
2026-10-07T14:58:24.0219287Z In file included from score/mw/com/gateway/gateway_application/gateway_application.cpp:14:
2026-10-07T14:58:24.0243296Z In file included from ./score/mw/com/gateway/gateway_application/gateway_application.h:19:
2026-10-07T14:58:24.0272987Z In file included from ./score/mw/com/gateway/gateway_application/gateway_core.h:16:
2026-10-07T14:58:24.0302914Z In file included from ./score/mw/com/gateway/transport_layer/transport.h:17:
2026-10-07T14:58:24.0303697Z In file included from ./score/mw/com/types.h:24:
2026-10-07T14:58:24.0304373Z In file included from ./score/mw/com/impl/generic_proxy.h:18:
2026-10-07T14:58:24.0305142Z In file included from ./score/mw/com/impl/generic_proxy_event.h:18:
2026-10-07T14:58:24.0305922Z In file included from ./score/mw/com/impl/proxy_base.h:18:
2026-10-07T14:58:24.0306606Z In file included from ./score/mw/com/impl/handle_type.h:18:
2026-10-07T14:58:24.0307367Z In file included from ./score/mw/com/impl/instance_identifier.h:16:
2026-10-07T14:58:24.0308949Z ./score/mw/com/impl/com_error.h:186:65: warning: 'kServiceInstanceAlreadyOffered' is deprecated: Value has never been used. Calls to OfferService shall be idempotent. [-Wdeprecated-declarations]
2026-10-07T14:58:24.0310573Z   186 |             case static_cast<score::result::ErrorCode>(ComErrc::kServiceInstanceAlreadyOffered):
2026-10-07T14:58:24.0311335Z       |                                                                 ^
2026-10-07T14:58:24.0312528Z ./score/mw/com/impl/com_error.h:58:11: note: 'kServiceInstanceAlreadyOffered' has been explicitly marked deprecated here
2026-10-07T14:58:24.0313661Z    58 |         [[deprecated("Value has never been used. Calls to OfferService shall be idempotent.")]],
2026-10-07T14:58:24.0314200Z       |           ^
2026-10-07T14:58:24.0342444Z 1 warning generated.
2026-10-07T14:58:24.2113552Z INFO: From Compiling score/mw/com/test/fields/getter_setter_if_available/provider.cpp:
2026-10-07T14:58:24.2153581Z In file included from score/mw/com/test/fields/getter_setter_if_available/provider.cpp:13:
2026-10-07T14:58:24.2183198Z In file included from ./score/mw/com/test/fields/getter_setter_if_available/provider.h:16:
2026-10-07T14:58:24.2213246Z In file included from ./score/mw/com/test/fields/getter_setter_if_available/common_resources.h:16:
2026-10-07T14:58:24.2243323Z In file included from ./score/mw/com/test/fields/getter_setter_if_available/datatypes/getter_only_enabled_field.h:17:
2026-10-07T14:58:24.2272753Z In file included from ./score/mw/com/types.h:24:
2026-10-07T14:58:24.2273479Z In file included from ./score/mw/com/impl/generic_proxy.h:18:
2026-10-07T14:58:24.2274245Z In file included from ./score/mw/com/impl/generic_proxy_event.h:18:
2026-10-07T14:58:24.2274864Z In file included from ./score/mw/com/impl/proxy_base.h:18:
2026-10-07T14:58:24.2275437Z In file included from ./score/mw/com/impl/handle_type.h:18:
2026-10-07T14:58:24.2276079Z In file included from ./score/mw/com/impl/instance_identifier.h:16:
2026-10-07T14:58:24.2277559Z ./score/mw/com/impl/com_error.h:186:65: warning: 'kServiceInstanceAlreadyOffered' is deprecated: Value has never been used. Calls to OfferService shall be idempotent. [-Wdeprecated-declarations]
2026-10-07T14:58:24.2278948Z   186 |             case static_cast<score::result::ErrorCode>(ComErrc::kServiceInstanceAlreadyOffered):
2026-10-07T14:58:24.2279662Z       |                                                                 ^
2026-10-07T14:58:24.2280904Z ./score/mw/com/impl/com_error.h:58:11: note: 'kServiceInstanceAlreadyOffered' has been explicitly marked deprecated here
2026-10-07T14:58:24.2282093Z    58 |         [[deprecated("Value has never been used. Calls to OfferService shall be idempotent.")]],
2026-10-07T14:58:24.2282711Z       |           ^
2026-10-07T14:58:24.2283026Z 1 warning generated.
2026-10-07T14:58:25.9878386Z INFO: From Compiling score/mw/com/gateway/gateway_application/gateway_core_mock.cpp:
2026-10-07T14:58:25.9902987Z In file included from score/mw/com/gateway/gateway_application/gateway_core_mock.cpp:14:
2026-10-07T14:58:25.9912998Z In file included from ./score/mw/com/gateway/gateway_application/gateway_core_mock.h:17:
2026-10-07T14:58:25.9942996Z In file included from ./score/mw/com/gateway/gateway_application/gateway_core.h:16:
2026-10-07T14:58:25.9972974Z In file included from ./score/mw/com/gateway/transport_layer/transport.h:17:
2026-10-07T14:58:25.9992632Z In file included from ./score/mw/com/types.h:24:
2026-10-07T14:58:26.0003003Z In file included from ./score/mw/com/impl/generic_proxy.h:18:
2026-10-07T14:58:26.0032878Z In file included from ./score/mw/com/impl/generic_proxy_event.h:18:
2026-10-07T14:58:26.0062729Z In file included from ./score/mw/com/impl/proxy_base.h:18:
2026-10-07T14:58:26.0063628Z In file included from ./score/mw/com/impl/handle_type.h:18:
2026-10-07T14:58:26.0092859Z In file included from ./score/mw/com/impl/instance_identifier.h:16:
2026-10-07T14:58:26.0123735Z ./score/mw/com/impl/com_error.h:186:65: warning: 'kServiceInstanceAlreadyOffered' is deprecated: Value has never been used. Calls to OfferService shall be idempotent. [-Wdeprecated-declarations]
2026-10-07T14:58:26.0134835Z   186 |             case static_cast<score::result::ErrorCode>(ComErrc::kServiceInstanceAlreadyOffered):
2026-10-07T14:58:26.0153254Z       |                                                                 ^
2026-10-07T14:58:26.0179463Z ./score/mw/com/impl/com_error.h:58:11: note: 'kServiceInstanceAlreadyOffered' has been explicitly marked deprecated here
2026-10-07T14:58:26.0210824Z    58 |         [[deprecated("Value has never been used. Calls to OfferService shall be idempotent.")]],
2026-10-07T14:58:26.0212269Z       |           ^
2026-10-07T14:58:26.0212791Z 1 warning generated.
2026-10-07T14:58:27.5639599Z INFO: From Compiling score/mw/com/gateway/transport_layer/sample/bidirectional_transport_mock.cpp:
2026-10-07T14:58:27.5663559Z In file included from score/mw/com/gateway/transport_layer/sample/bidirectional_transport_mock.cpp:14:
2026-10-07T14:58:27.5693087Z In file included from ./score/mw/com/gateway/transport_layer/sample/bidirectional_transport_mock.h:17:
2026-10-07T14:58:27.5733051Z In file included from ./score/mw/com/gateway/transport_layer/sample/i_bidirectional_transport.h:16:
2026-10-07T14:58:27.5763176Z In file included from ./score/mw/com/gateway/transport_layer/sample/messages/gateway_messages.h:17:
2026-10-07T14:58:27.5792923Z In file included from ./score/mw/com/gateway/transport_layer/transport.h:17:
2026-10-07T14:58:27.5822609Z In file included from ./score/mw/com/types.h:24:
2026-10-07T14:58:27.5852818Z In file included from ./score/mw/com/impl/generic_proxy.h:18:
2026-10-07T14:58:27.5881536Z In file included from ./score/mw/com/impl/generic_proxy_event.h:18:
2026-10-07T14:58:27.5902875Z In file included from ./score/mw/com/impl/proxy_base.h:18:
2026-10-07T14:58:27.5912686Z In file included from ./score/mw/com/impl/handle_type.h:18:
2026-10-07T14:58:27.5941853Z In file included from ./score/mw/com/impl/instance_identifier.h:16:
2026-10-07T14:58:27.5970938Z ./score/mw/com/impl/com_error.h:186:65: warning: 'kServiceInstanceAlreadyOffered' is deprecated: Value has never been used. Calls to OfferService shall be idempotent. [-Wdeprecated-declarations]
2026-10-07T14:58:27.5990382Z   186 |             case static_cast<score::result::ErrorCode>(ComErrc::kServiceInstanceAlreadyOffered):
2026-10-07T14:58:27.6002730Z       |                                                                 ^
2026-10-07T14:58:27.6023143Z ./score/mw/com/impl/com_error.h:58:11: note: 'kServiceInstanceAlreadyOffered' has been explicitly marked deprecated here
2026-10-07T14:58:27.6024463Z    58 |         [[deprecated("Value has never been used. Calls to OfferService shall be idempotent.")]],
2026-10-07T14:58:27.6025081Z       |           ^
2026-10-07T14:58:27.6025406Z 1 warning generated.
2026-10-07T14:58:28.0452246Z INFO: From Compiling score/mw/com/test/fields/getter_setter_if_available/common_resources.cpp:
2026-10-07T14:58:28.0475839Z In file included from score/mw/com/test/fields/getter_setter_if_available/common_resources.cpp:14:
2026-10-07T14:58:28.0503295Z In file included from ./score/mw/com/test/fields/getter_setter_if_available/common_resources.h:16:
2026-10-07T14:58:28.0533412Z In file included from ./score/mw/com/test/fields/getter_setter_if_available/datatypes/getter_only_enabled_field.h:17:
2026-10-07T14:58:28.0542763Z In file included from ./score/mw/com/types.h:24:
2026-10-07T14:58:28.0562874Z In file included from ./score/mw/com/impl/generic_proxy.h:18:
2026-10-07T14:58:28.0587769Z In file included from ./score/mw/com/impl/generic_proxy_event.h:18:
2026-10-07T14:58:28.0612769Z In file included from ./score/mw/com/impl/proxy_base.h:18:
2026-10-07T14:58:28.0613449Z In file included from ./score/mw/com/impl/handle_type.h:18:
2026-10-07T14:58:28.0614150Z In file included from ./score/mw/com/impl/instance_identifier.h:16:
2026-10-07T14:58:28.0615659Z ./score/mw/com/impl/com_error.h:186:65: warning: 'kServiceInstanceAlreadyOffered' is deprecated: Value has never been used. Calls to OfferService shall be idempotent. [-Wdeprecated-declarations]
2026-10-07T14:58:28.0617050Z   186 |             case static_cast<score::result::ErrorCode>(ComErrc::kServiceInstanceAlreadyOffered):
2026-10-07T14:58:28.0618137Z       |                                                                 ^
2026-10-07T14:58:28.0619100Z ./score/mw/com/impl/com_error.h:58:11: note: 'kServiceInstanceAlreadyOffered' has been explicitly marked deprecated here
2026-10-07T14:58:28.0620173Z    58 |         [[deprecated("Value has never been used. Calls to OfferService shall be idempotent.")]],
2026-10-07T14:58:28.0620698Z       |           ^
2026-10-07T14:58:28.0620966Z 1 warning generated.
2026-10-07T14:58:29.5185723Z [13,309 / 14,175] 120 / 514 tests; Compiling score/mw/com/gateway/gateway_application/gateway_application_test.cpp; 7s disk-cache, linux-sandbox ... (4 actions, 3 running)
2026-10-07T14:58:30.8943805Z INFO: From Compiling score/mw/com/test/fields/getter_setter_if_available/datatypes/getter_only_enabled_field.cpp:
2026-10-07T14:58:30.8947861Z In file included from score/mw/com/test/fields/getter_setter_if_available/datatypes/getter_only_enabled_field.cpp:14:
2026-10-07T14:58:30.8973186Z In file included from ./score/mw/com/test/fields/getter_setter_if_available/datatypes/getter_only_enabled_field.h:17:
2026-10-07T14:58:30.9002609Z In file included from ./score/mw/com/types.h:24:
2026-10-07T14:58:30.9031400Z In file included from ./score/mw/com/impl/generic_proxy.h:18:
2026-10-07T14:58:30.9032447Z In file included from ./score/mw/com/impl/generic_proxy_event.h:18:
2026-10-07T14:58:30.9062737Z In file included from ./score/mw/com/impl/proxy_base.h:18:
2026-10-07T14:58:30.9085438Z In file included from ./score/mw/com/impl/handle_type.h:18:
2026-10-07T14:58:30.9116090Z In file included from ./score/mw/com/impl/instance_identifier.h:16:
2026-10-07T14:58:30.9138999Z ./score/mw/com/impl/com_error.h:186:65: warning: 'kServiceInstanceAlreadyOffered' is deprecated: Value has never been used. Calls to OfferService shall be idempotent. [-Wdeprecated-declarations]
2026-10-07T14:58:30.9172902Z   186 |             case static_cast<score::result::ErrorCode>(ComErrc::kServiceInstanceAlreadyOffered):
2026-10-07T14:58:30.9202608Z       |                                                                 ^
2026-10-07T14:58:30.9203699Z ./score/mw/com/impl/com_error.h:58:11: note: 'kServiceInstanceAlreadyOffered' has been explicitly marked deprecated here
2026-10-07T14:58:30.9205222Z    58 |         [[deprecated("Value has never been used. Calls to OfferService shall be idempotent.")]],
2026-10-07T14:58:30.9205781Z       |           ^
2026-10-07T14:58:30.9206066Z 1 warning generated.
2026-10-07T14:58:33.6353813Z INFO: From Compiling score/mw/com/test/fields/getter_setter_if_available/datatypes/notifier_only_enabled_field.cpp:
2026-10-07T14:58:33.6383225Z In file included from score/mw/com/test/fields/getter_setter_if_available/datatypes/notifier_only_enabled_field.cpp:14:
2026-10-07T14:58:33.6413642Z In file included from ./score/mw/com/test/fields/getter_setter_if_available/datatypes/notifier_only_enabled_field.h:17:
2026-10-07T14:58:33.6442626Z In file included from ./score/mw/com/types.h:24:
2026-10-07T14:58:33.6472730Z In file included from ./score/mw/com/impl/generic_proxy.h:18:
2026-10-07T14:58:33.6492827Z In file included from ./score/mw/com/impl/generic_proxy_event.h:18:
2026-10-07T14:58:33.6512683Z In file included from ./score/mw/com/impl/proxy_base.h:18:
2026-10-07T14:58:33.6532964Z In file included from ./score/mw/com/impl/handle_type.h:18:
2026-10-07T14:58:33.6582783Z In file included from ./score/mw/com/impl/instance_identifier.h:16:
2026-10-07T14:58:33.6593620Z ./score/mw/com/impl/com_error.h:186:65: warning: 'kServiceInstanceAlreadyOffered' is deprecated: Value has never been used. Calls to OfferService shall be idempotent. [-Wdeprecated-declarations]
2026-10-07T14:58:33.6595265Z   186 |             case static_cast<score::result::ErrorCode>(ComErrc::kServiceInstanceAlreadyOffered):
2026-10-07T14:58:33.6596137Z       |                                                                 ^
2026-10-07T14:58:33.6597283Z ./score/mw/com/impl/com_error.h:58:11: note: 'kServiceInstanceAlreadyOffered' has been explicitly marked deprecated here
2026-10-07T14:58:33.6598849Z    58 |         [[deprecated("Value has never been used. Calls to OfferService shall be idempotent.")]],
2026-10-07T14:58:33.6599479Z       |           ^
2026-10-07T14:58:33.6599804Z 1 warning generated.
2026-10-07T14:58:34.1648877Z INFO: From Compiling score/mw/com/gateway/transport_layer/sample/sample_hypervisor_transport_test.cpp:
2026-10-07T14:58:34.1673116Z In file included from score/mw/com/gateway/transport_layer/sample/sample_hypervisor_transport_test.cpp:13:
2026-10-07T14:58:34.1693003Z In file included from ./score/mw/com/gateway/transport_layer/sample/sample_hypervisor_transport.h:16:
2026-10-07T14:58:34.1694058Z In file included from ./score/mw/com/gateway/gateway_application/gateway_core.h:16:
2026-10-07T14:58:34.1732863Z In file included from ./score/mw/com/gateway/transport_layer/transport.h:17:
2026-10-07T14:58:34.1760462Z In file included from ./score/mw/com/types.h:24:
2026-10-07T14:58:34.1792734Z In file included from ./score/mw/com/impl/generic_proxy.h:18:
2026-10-07T14:58:34.1822750Z In file included from ./score/mw/com/impl/generic_proxy_event.h:18:
2026-10-07T14:58:34.1825854Z In file included from ./score/mw/com/impl/proxy_base.h:18:
2026-10-07T14:58:34.1852822Z In file included from ./score/mw/com/impl/handle_type.h:18:
2026-10-07T14:58:34.1882756Z In file included from ./score/mw/com/impl/instance_identifier.h:16:
2026-10-07T14:58:34.1913702Z ./score/mw/com/impl/com_error.h:186:65: warning: 'kServiceInstanceAlreadyOffered' is deprecated: Value has never been used. Calls to OfferService shall be idempotent. [-Wdeprecated-declarations]
2026-10-07T14:58:34.1943107Z   186 |             case static_cast<score::result::ErrorCode>(ComErrc::kServiceInstanceAlreadyOffered):
2026-10-07T14:58:34.1960525Z       |                                                                 ^
2026-10-07T14:58:34.1973104Z ./score/mw/com/impl/com_error.h:58:11: note: 'kServiceInstanceAlreadyOffered' has been explicitly marked deprecated here
2026-10-07T14:58:34.2002997Z    58 |         [[deprecated("Value has never been used. Calls to OfferService shall be idempotent.")]],
2026-10-07T14:58:34.2032424Z       |           ^
2026-10-07T14:58:34.2039706Z 1 warning generated.
2026-10-07T14:58:34.5817570Z INFO: From Compiling score/mw/com/gateway/gateway_application/gateway_application_test.cpp:
2026-10-07T14:58:34.5843265Z In file included from score/mw/com/gateway/gateway_application/gateway_application_test.cpp:13:
2026-10-07T14:58:34.5873144Z In file included from ./score/mw/com/gateway/gateway_application/gateway_application.h:19:
2026-10-07T14:58:34.5902961Z In file included from ./score/mw/com/gateway/gateway_application/gateway_core.h:16:
2026-10-07T14:58:34.5932876Z In file included from ./score/mw/com/gateway/transport_layer/transport.h:17:
2026-10-07T14:58:34.5933633Z In file included from ./score/mw/com/types.h:24:
2026-10-07T14:58:34.5934355Z In file included from ./score/mw/com/impl/generic_proxy.h:18:
2026-10-07T14:58:34.5935082Z In file included from ./score/mw/com/impl/generic_proxy_event.h:18:
2026-10-07T14:58:34.5992772Z In file included from ./score/mw/com/impl/proxy_base.h:18:
2026-10-07T14:58:34.6022666Z In file included from ./score/mw/com/impl/handle_type.h:18:
2026-10-07T14:58:34.6052739Z In file included from ./score/mw/com/impl/instance_identifier.h:16:
2026-10-07T14:58:34.6083583Z ./score/mw/com/impl/com_error.h:186:65: warning: 'kServiceInstanceAlreadyOffered' is deprecated: Value has never been used. Calls to OfferService shall be idempotent. [-Wdeprecated-declarations]
2026-10-07T14:58:34.6113065Z   186 |             case static_cast<score::result::ErrorCode>(ComErrc::kServiceInstanceAlreadyOffered):
2026-10-07T14:58:34.6142734Z       |                                                                 ^
2026-10-07T14:58:34.6143947Z ./score/mw/com/impl/com_error.h:58:11: note: 'kServiceInstanceAlreadyOffered' has been explicitly marked deprecated here
2026-10-07T14:58:34.6145275Z    58 |         [[deprecated("Value has never been used. Calls to OfferService shall be idempotent.")]],
2026-10-07T14:58:34.6145873Z       |           ^
2026-10-07T14:58:34.6146443Z 1 warning generated.
2026-10-07T14:58:36.4723737Z INFO: From Compiling score/mw/com/test/fields/getter_setter_if_available/datatypes/setter_and_getter_enabled_field.cpp:
2026-10-07T14:58:36.4763846Z In file included from score/mw/com/test/fields/getter_setter_if_available/datatypes/setter_and_getter_enabled_field.cpp:14:
2026-10-07T14:58:36.4793424Z In file included from ./score/mw/com/test/fields/getter_setter_if_available/datatypes/setter_and_getter_enabled_field.h:17:
2026-10-07T14:58:36.4822774Z In file included from ./score/mw/com/types.h:24:
2026-10-07T14:58:36.4852880Z In file included from ./score/mw/com/impl/generic_proxy.h:18:
2026-10-07T14:58:36.4877567Z In file included from ./score/mw/com/impl/generic_proxy_event.h:18:
2026-10-07T14:58:36.4903090Z In file included from ./score/mw/com/impl/proxy_base.h:18:
2026-10-07T14:58:36.4930911Z In file included from ./score/mw/com/impl/handle_type.h:18:
2026-10-07T14:58:36.4962809Z In file included from ./score/mw/com/impl/instance_identifier.h:16:
2026-10-07T14:58:36.4993739Z ./score/mw/com/impl/com_error.h:186:65: warning: 'kServiceInstanceAlreadyOffered' is deprecated: Value has never been used. Calls to OfferService shall be idempotent. [-Wdeprecated-declarations]
2026-10-07T14:58:36.5023042Z   186 |             case static_cast<score::result::ErrorCode>(ComErrc::kServiceInstanceAlreadyOffered):
2026-10-07T14:58:36.5052730Z       |                                                                 ^
2026-10-07T14:58:36.5083209Z ./score/mw/com/impl/com_error.h:58:11: note: 'kServiceInstanceAlreadyOffered' has been explicitly marked deprecated here
2026-10-07T14:58:36.5106934Z    58 |         [[deprecated("Value has never been used. Calls to OfferService shall be idempotent.")]],
2026-10-07T14:58:36.5152615Z       |           ^
2026-10-07T14:58:36.5212830Z 1 warning generated.
2026-10-07T14:58:38.2073783Z INFO: From Compiling score/mw/com/gateway/transport_layer/qemu/qemu_hypervisor_transport_test.cpp:
2026-10-07T14:58:38.2103379Z In file included from score/mw/com/gateway/transport_layer/qemu/qemu_hypervisor_transport_test.cpp:13:
2026-10-07T14:58:38.2124246Z In file included from ./score/mw/com/gateway/transport_layer/qemu/qemu_hypervisor_transport.h:16:
2026-10-07T14:58:38.2182910Z In file included from ./score/mw/com/gateway/gateway_application/gateway_core.h:16:
2026-10-07T14:58:38.2222914Z In file included from ./score/mw/com/gateway/transport_layer/transport.h:17:
2026-10-07T14:58:38.2242750Z In file included from ./score/mw/com/types.h:24:
2026-10-07T14:58:38.2302811Z In file included from ./score/mw/com/impl/generic_proxy.h:18:
2026-10-07T14:58:38.2351408Z In file included from ./score/mw/com/impl/generic_proxy_event.h:18:
2026-10-07T14:58:38.2362743Z In file included from ./score/mw/com/impl/proxy_base.h:18:
2026-10-07T14:58:38.2382836Z In file included from ./score/mw/com/impl/handle_type.h:18:
2026-10-07T14:58:38.2422806Z In file included from ./score/mw/com/impl/instance_identifier.h:16:
2026-10-07T14:58:38.2453749Z ./score/mw/com/impl/com_error.h:186:65: warning: 'kServiceInstanceAlreadyOffered' is deprecated: Value has never been used. Calls to OfferService shall be idempotent. [-Wdeprecated-declarations]
2026-10-07T14:58:38.2455482Z   186 |             case static_cast<score::result::ErrorCode>(ComErrc::kServiceInstanceAlreadyOffered):
2026-10-07T14:58:38.2456322Z       |                                                                 ^
2026-10-07T14:58:38.2457485Z ./score/mw/com/impl/com_error.h:58:11: note: 'kServiceInstanceAlreadyOffered' has been explicitly marked deprecated here
2026-10-07T14:58:38.2458754Z    58 |         [[deprecated("Value has never been used. Calls to OfferService shall be idempotent.")]],
2026-10-07T14:58:38.2459360Z       |           ^
2026-10-07T14:58:38.2459686Z 1 warning generated.
2026-10-07T14:58:38.4423537Z INFO: From Compiling score/mw/com/doc/tutorial/chapter_12/consumer/proxy_component.cpp:
2026-10-07T14:58:38.4443141Z In file included from score/mw/com/doc/tutorial/chapter_12/consumer/proxy_component.cpp:13:
2026-10-07T14:58:38.4473299Z In file included from ./score/mw/com/doc/tutorial/chapter_12/consumer/proxy_component.h:17:
2026-10-07T14:58:38.4503029Z In file included from ./score/mw/com/doc/tutorial/chapter_12/hello_world_service.h:16:
2026-10-07T14:58:38.4532617Z In file included from ./score/mw/com/types.h:24:
2026-10-07T14:58:38.4562735Z In file included from ./score/mw/com/impl/generic_proxy.h:18:
2026-10-07T14:58:38.4592771Z In file included from ./score/mw/com/impl/generic_proxy_event.h:18:
2026-10-07T14:58:38.4622766Z In file included from ./score/mw/com/impl/proxy_base.h:18:
2026-10-07T14:58:38.4623519Z In file included from ./score/mw/com/impl/handle_type.h:18:
2026-10-07T14:58:38.4624286Z In file included from ./score/mw/com/impl/instance_identifier.h:16:
2026-10-07T14:58:38.4626098Z ./score/mw/com/impl/com_error.h:186:65: warning: 'kServiceInstanceAlreadyOffered' is deprecated: Value has never been used. Calls to OfferService shall be idempotent. [-Wdeprecated-declarations]
2026-10-07T14:58:38.4627751Z   186 |             case static_cast<score::result::ErrorCode>(ComErrc::kServiceInstanceAlreadyOffered):
2026-10-07T14:58:38.4628796Z       |                                                                 ^
2026-10-07T14:58:38.4629915Z ./score/mw/com/impl/com_error.h:58:11: note: 'kServiceInstanceAlreadyOffered' has been explicitly marked deprecated here
2026-10-07T14:58:38.4631160Z    58 |         [[deprecated("Value has never been used. Calls to OfferService shall be idempotent.")]],
2026-10-07T14:58:38.4631770Z       |           ^
2026-10-07T14:58:38.4632207Z 1 warning generated.
2026-10-07T14:58:39.2283918Z INFO: From Compiling score/mw/com/test/fields/getter_setter_if_available/datatypes/setter_only_enabled_field.cpp:
2026-10-07T14:58:39.2323367Z In file included from score/mw/com/test/fields/getter_setter_if_available/datatypes/setter_only_enabled_field.cpp:14:
2026-10-07T14:58:39.2353189Z In file included from ./score/mw/com/test/fields/getter_setter_if_available/datatypes/setter_only_enabled_field.h:17:
2026-10-07T14:58:39.2382678Z In file included from ./score/mw/com/types.h:24:
2026-10-07T14:58:39.2412733Z In file included from ./score/mw/com/impl/generic_proxy.h:18:
2026-10-07T14:58:39.2442757Z In file included from ./score/mw/com/impl/generic_proxy_event.h:18:
2026-10-07T14:58:39.2472809Z In file included from ./score/mw/com/impl/proxy_base.h:18:
2026-10-07T14:58:39.2532742Z In file included from ./score/mw/com/impl/handle_type.h:18:
2026-10-07T14:58:39.2533542Z In file included from ./score/mw/com/impl/instance_identifier.h:16:
2026-10-07T14:58:39.2535290Z ./score/mw/com/impl/com_error.h:186:65: warning: 'kServiceInstanceAlreadyOffered' is deprecated: Value has never been used. Calls to OfferService shall be idempotent. [-Wdeprecated-declarations]
2026-10-07T14:58:39.2536947Z   186 |             case static_cast<score::result::ErrorCode>(ComErrc::kServiceInstanceAlreadyOffered):
2026-10-07T14:58:39.2537790Z       |                                                                 ^
2026-10-07T14:58:39.2538945Z ./score/mw/com/impl/com_error.h:58:11: note: 'kServiceInstanceAlreadyOffered' has been explicitly marked deprecated here
2026-10-07T14:58:39.2540191Z    58 |         [[deprecated("Value has never been used. Calls to OfferService shall be idempotent.")]],
2026-10-07T14:58:39.2540804Z       |           ^
2026-10-07T14:58:39.2541119Z 1 warning generated.
2026-10-07T14:58:39.6555581Z [13,323 / 14,178] 120 / 514 tests; Compiling score/mw/com/impl/generic_proxy_test.cpp; 4s disk-cache, linux-sandbox ... (4 actions running)
2026-10-07T14:58:41.7977630Z INFO: From Compiling score/mw/service/backend/mw_com/multiple_instantiation_strategy.cpp:
2026-10-07T14:58:41.8014003Z In file included from score/mw/service/backend/mw_com/multiple_instantiation_strategy.cpp:14:
2026-10-07T14:58:41.8033189Z In file included from ./score/mw/service/backend/mw_com/multiple_instantiation_strategy.h:20:
2026-10-07T14:58:41.8062900Z In file included from ./score/mw/service/backend/mw_com/proxy_holder.h:19:
2026-10-07T14:58:41.8093192Z In file included from ./score/mw/com/types.h:24:
2026-10-07T14:58:41.8122869Z In file included from ./score/mw/com/impl/generic_proxy.h:18:
2026-10-07T14:58:41.8143035Z In file included from ./score/mw/com/impl/generic_proxy_event.h:18:
2026-10-07T14:58:41.8152813Z In file included from ./score/mw/com/impl/proxy_base.h:18:
2026-10-07T14:58:41.8182870Z In file included from ./score/mw/com/impl/handle_type.h:18:
2026-10-07T14:58:41.8213103Z In file included from ./score/mw/com/impl/instance_identifier.h:16:
2026-10-07T14:58:41.8243502Z ./score/mw/com/impl/com_error.h:186:65: warning: 'kServiceInstanceAlreadyOffered' is deprecated: Value has never been used. Calls to OfferService shall be idempotent. [-Wdeprecated-declarations]
2026-10-07T14:58:41.8245036Z   186 |             case static_cast<score::result::ErrorCode>(ComErrc::kServiceInstanceAlreadyOffered):
2026-10-07T14:58:41.8272630Z       |                                                                 ^
2026-10-07T14:58:41.8299749Z ./score/mw/com/impl/com_error.h:58:11: note: 'kServiceInstanceAlreadyOffered' has been explicitly marked deprecated here
2026-10-07T14:58:41.8315692Z    58 |         [[deprecated("Value has never been used. Calls to OfferService shall be idempotent.")]],
2026-10-07T14:58:41.8316552Z       |           ^
2026-10-07T14:58:41.8316951Z 1 warning generated.
2026-10-07T14:58:42.8093871Z INFO: From Compiling score/mw/com/test/fields/set_and_get_and_notifier/main_consumer_and_provider.cpp:
2026-10-07T14:58:42.8134223Z In file included from score/mw/com/test/fields/set_and_get_and_notifier/main_consumer_and_provider.cpp:14:
2026-10-07T14:58:42.8135330Z In file included from ./score/mw/com/runtime.h:24:
2026-10-07T14:58:42.8162748Z In file included from ./score/mw/com/mocking/i_runtime.h:17:
2026-10-07T14:58:42.8192725Z In file included from ./score/mw/com/types.h:24:
2026-10-07T14:58:42.8208121Z In file included from ./score/mw/com/impl/generic_proxy.h:18:
2026-10-07T14:58:42.8222857Z In file included from ./score/mw/com/impl/generic_proxy_event.h:18:
2026-10-07T14:58:42.8252770Z In file included from ./score/mw/com/impl/proxy_base.h:18:
2026-10-07T14:58:42.8279669Z In file included from ./score/mw/com/impl/handle_type.h:18:
2026-10-07T14:58:42.8302845Z In file included from ./score/mw/com/impl/instance_identifier.h:16:
2026-10-07T14:58:42.8333802Z ./score/mw/com/impl/com_error.h:186:65: warning: 'kServiceInstanceAlreadyOffered' is deprecated: Value has never been used. Calls to OfferService shall be idempotent. [-Wdeprecated-declarations]
2026-10-07T14:58:42.8335620Z   186 |             case static_cast<score::result::ErrorCode>(ComErrc::kServiceInstanceAlreadyOffered):
2026-10-07T14:58:42.8362771Z       |                                                                 ^
2026-10-07T14:58:42.8393388Z ./score/mw/com/impl/com_error.h:58:11: note: 'kServiceInstanceAlreadyOffered' has been explicitly marked deprecated here
2026-10-07T14:58:42.8423084Z    58 |         [[deprecated("Value has never been used. Calls to OfferService shall be idempotent.")]],
2026-10-07T14:58:42.8423911Z       |           ^
2026-10-07T14:58:42.8452522Z 1 warning generated.
2026-10-07T14:58:44.6262943Z INFO: From Compiling score/mw/com/doc/tutorial/chapter_12/consumer/proxy_component_test.cpp:
2026-10-07T14:58:44.6291545Z In file included from score/mw/com/doc/tutorial/chapter_12/consumer/proxy_component_test.cpp:13:
2026-10-07T14:58:44.6322999Z In file included from ./score/mw/com/doc/tutorial/chapter_12/consumer/proxy_component.h:17:
2026-10-07T14:58:44.6352906Z In file included from ./score/mw/com/doc/tutorial/chapter_12/hello_world_service.h:16:
2026-10-07T14:58:44.6382632Z In file included from ./score/mw/com/types.h:24:
2026-10-07T14:58:44.6392704Z In file included from ./score/mw/com/impl/generic_proxy.h:18:
2026-10-07T14:58:44.6422809Z In file included from ./score/mw/com/impl/generic_proxy_event.h:18:
2026-10-07T14:58:44.6462900Z In file included from ./score/mw/com/impl/proxy_base.h:18:
2026-10-07T14:58:44.6503069Z In file included from ./score/mw/com/impl/handle_type.h:18:
2026-10-07T14:58:44.6532712Z In file included from ./score/mw/com/impl/instance_identifier.h:16:
2026-10-07T14:58:44.6563837Z ./score/mw/com/impl/com_error.h:186:65: warning: 'kServiceInstanceAlreadyOffered' is deprecated: Value has never been used. Calls to OfferService shall be idempotent. [-Wdeprecated-declarations]
2026-10-07T14:58:44.6587095Z   186 |             case static_cast<score::result::ErrorCode>(ComErrc::kServiceInstanceAlreadyOffered):
2026-10-07T14:58:44.6612604Z       |                                                                 ^
2026-10-07T14:58:44.6623176Z ./score/mw/com/impl/com_error.h:58:11: note: 'kServiceInstanceAlreadyOffered' has been explicitly marked deprecated here
2026-10-07T14:58:44.6624528Z    58 |         [[deprecated("Value has never been used. Calls to OfferService shall be idempotent.")]],
2026-10-07T14:58:44.6625164Z       |           ^
2026-10-07T14:58:44.6625504Z 1 warning generated.
2026-10-07T14:58:44.8098624Z INFO: From Compiling score/mw/com/impl/generic_proxy_test.cpp:
2026-10-07T14:58:44.8178304Z In file included from score/mw/com/impl/generic_proxy_test.cpp:18:
2026-10-07T14:58:44.8232826Z In file included from ./score/mw/com/impl/generic_proxy.h:18:
2026-10-07T14:58:44.8263080Z In file included from ./score/mw/com/impl/generic_proxy_event.h:18:
2026-10-07T14:58:44.8304903Z In file included from ./score/mw/com/impl/proxy_base.h:18:
2026-10-07T14:58:44.8364765Z In file included from ./score/mw/com/impl/handle_type.h:18:
2026-10-07T14:58:44.8412795Z In file included from ./score/mw/com/impl/instance_identifier.h:16:
2026-10-07T14:58:44.8443741Z ./score/mw/com/impl/com_error.h:186:65: warning: 'kServiceInstanceAlreadyOffered' is deprecated: Value has never been used. Calls to OfferService shall be idempotent. [-Wdeprecated-declarations]
2026-10-07T14:58:44.8445635Z   186 |             case static_cast<score::result::ErrorCode>(ComErrc::kServiceInstanceAlreadyOffered):
2026-10-07T14:58:44.8472690Z       |                                                                 ^
2026-10-07T14:58:44.8503280Z ./score/mw/com/impl/com_error.h:58:11: note: 'kServiceInstanceAlreadyOffered' has been explicitly marked deprecated here
2026-10-07T14:58:44.8533003Z    58 |         [[deprecated("Value has never been used. Calls to OfferService shall be idempotent.")]],
2026-10-07T14:58:44.8533864Z       |           ^
2026-10-07T14:58:44.8562530Z 1 warning generated.
2026-10-07T14:58:46.6106228Z INFO: From Compiling score/mw/service/backend/mw_com/multiple_instantiation_strategy_test.cpp:
2026-10-07T14:58:46.6145308Z In file included from score/mw/service/backend/mw_com/multiple_instantiation_strategy_test.cpp:14:
2026-10-07T14:58:46.6163579Z In file included from ./score/mw/service/backend/mw_com/multiple_instantiation_strategy.h:20:
2026-10-07T14:58:46.6173148Z In file included from ./score/mw/service/backend/mw_com/proxy_holder.h:19:
2026-10-07T14:58:46.6174139Z In file included from ./score/mw/com/types.h:24:
2026-10-07T14:58:46.6175172Z In file included from ./score/mw/com/impl/generic_proxy.h:18:
2026-10-07T14:58:46.6176125Z In file included from ./score/mw/com/impl/generic_proxy_event.h:18:
2026-10-07T14:58:46.6185281Z In file included from ./score/mw/com/impl/proxy_base.h:18:
2026-10-07T14:58:46.6186175Z In file included from ./score/mw/com/impl/handle_type.h:18:
2026-10-07T14:58:46.6187096Z In file included from ./score/mw/com/impl/instance_identifier.h:16:
2026-10-07T14:58:46.6189028Z ./score/mw/com/impl/com_error.h:186:65: warning: 'kServiceInstanceAlreadyOffered' is deprecated: Value has never been used. Calls to OfferService shall be idempotent. [-Wdeprecated-declarations]
2026-10-07T14:58:46.6190832Z   186 |             case static_cast<score::result::ErrorCode>(ComErrc::kServiceInstanceAlreadyOffered):
2026-10-07T14:58:46.6191847Z       |                                                                 ^
2026-10-07T14:58:46.6193474Z ./score/mw/com/impl/com_error.h:58:11: note: 'kServiceInstanceAlreadyOffered' has been explicitly marked deprecated here
2026-10-07T14:58:46.6195299Z    58 |         [[deprecated("Value has never been used. Calls to OfferService shall be idempotent.")]],
2026-10-07T14:58:46.6196097Z       |           ^
2026-10-07T14:58:46.6198865Z score/mw/service/backend/mw_com/multiple_instantiation_strategy_test.cpp:43:68: warning: 'Create<const char *const &>' is deprecated: Please use Create(std::string&&) instead for better performanceThe API will be removed from November 2025. A ticket is already created to track the removal: Ticket-214582 [-Wdeprecated-declarations]
2026-10-07T14:58:46.6201337Z    43 | const auto kInstanceSpecifier = score::mw::com::InstanceSpecifier::Create(kPortIdentifierString).value();
2026-10-07T14:58:46.6202547Z       |                                                                    ^
2026-10-07T14:58:46.6203905Z ./score/mw/com/impl/instance_specifier.h:61:7: note: 'Create<const char *const &>' has been explicitly marked deprecated here
2026-10-07T14:58:46.6204836Z    61 |     [[deprecated(
2026-10-07T14:58:46.6205322Z       |       ^
2026-10-07T14:58:46.6205881Z 2 warnings generated.
2026-10-07T14:58:48.5556631Z INFO: From Compiling score/mw/com/test/fields/set_and_get_and_notifier/consumer.cpp:
2026-10-07T14:58:48.5573170Z In file included from score/mw/com/test/fields/set_and_get_and_notifier/consumer.cpp:18:
2026-10-07T14:58:48.5602960Z In file included from ./score/mw/com/test/common_test_resources/proxy_container.h:17:
2026-10-07T14:58:48.5632679Z In file included from ./score/mw/com/types.h:24:
2026-10-07T14:58:48.5633562Z In file included from ./score/mw/com/impl/generic_proxy.h:18:
2026-10-07T14:58:48.5662981Z In file included from ./score/mw/com/impl/generic_proxy_event.h:18:
2026-10-07T14:58:48.5692781Z In file included from ./score/mw/com/impl/proxy_base.h:18:
2026-10-07T14:58:48.5713166Z In file included from ./score/mw/com/impl/handle_type.h:18:
2026-10-07T14:58:48.5733095Z In file included from ./score/mw/com/impl/instance_identifier.h:16:
2026-10-07T14:58:48.5764003Z ./score/mw/com/impl/com_error.h:186:65: warning: 'kServiceInstanceAlreadyOffered' is deprecated: Value has never been used. Calls to OfferService shall be idempotent. [-Wdeprecated-declarations]
2026-10-07T14:58:48.5793127Z   186 |             case static_cast<score::result::ErrorCode>(ComErrc::kServiceInstanceAlreadyOffered):
2026-10-07T14:58:48.5794326Z       |                                                                 ^
2026-10-07T14:58:48.5823300Z ./score/mw/com/impl/com_error.h:58:11: note: 'kServiceInstanceAlreadyOffered' has been explicitly marked deprecated here
2026-10-07T14:58:48.5853075Z    58 |         [[deprecated("Value has never been used. Calls to OfferService shall be idempotent.")]],
2026-10-07T14:58:48.5882512Z       |           ^
2026-10-07T14:58:48.5883142Z 1 warning generated.
2026-10-07T14:58:49.6604152Z [13,346 / 14,181] 120 / 514 tests; Compiling score/mw/com/test/loading_add_on_configuration/types/example_interface.cpp; 2s disk-cache, linux-sandbox ... (4 actions running)
2026-10-07T14:58:50.4777373Z INFO: From Compiling score/mw/com/test/loading_add_on_configuration/types/example_interface.cpp:
2026-10-07T14:58:50.4803076Z In file included from score/mw/com/test/loading_add_on_configuration/types/example_interface.cpp:14:
2026-10-07T14:58:50.4823042Z In file included from ./score/mw/com/test/loading_add_on_configuration/types/example_interface.h:17:
2026-10-07T14:58:50.4823904Z In file included from ./score/mw/com/types.h:24:
2026-10-07T14:58:50.4852852Z In file included from ./score/mw/com/impl/generic_proxy.h:18:
2026-10-07T14:58:50.4882940Z In file included from ./score/mw/com/impl/generic_proxy_event.h:18:
2026-10-07T14:58:50.4893030Z In file included from ./score/mw/com/impl/proxy_base.h:18:
2026-10-07T14:58:50.4922707Z In file included from ./score/mw/com/impl/handle_type.h:18:
2026-10-07T14:58:50.4942811Z In file included from ./score/mw/com/impl/instance_identifier.h:16:
2026-10-07T14:58:50.4974145Z ./score/mw/com/impl/com_error.h:186:65: warning: 'kServiceInstanceAlreadyOffered' is deprecated: Value has never been used. Calls to OfferService shall be idempotent. [-Wdeprecated-declarations]
2026-10-07T14:58:50.4975869Z   186 |             case static_cast<score::result::ErrorCode>(ComErrc::kServiceInstanceAlreadyOffered):
2026-10-07T14:58:50.4976777Z       |                                                                 ^
2026-10-07T14:58:50.4977969Z ./score/mw/com/impl/com_error.h:58:11: note: 'kServiceInstanceAlreadyOffered' has been explicitly marked deprecated here
2026-10-07T14:58:50.4979286Z    58 |         [[deprecated("Value has never been used. Calls to OfferService shall be idempotent.")]],
2026-10-07T14:58:50.4979913Z       |           ^
2026-10-07T14:58:50.4980248Z 1 warning generated.
2026-10-07T14:58:51.0019773Z INFO: From Compiling score/mw/com/test/loading_add_on_configuration/types/addon_interface.cpp:
2026-10-07T14:58:51.0053711Z In file included from score/mw/com/test/loading_add_on_configuration/types/addon_interface.cpp:14:
2026-10-07T14:58:51.0073096Z In file included from ./score/mw/com/test/loading_add_on_configuration/types/addon_interface.h:17:
2026-10-07T14:58:51.0092878Z In file included from ./score/mw/com/types.h:24:
2026-10-07T14:58:51.0103073Z In file included from ./score/mw/com/impl/generic_proxy.h:18:
2026-10-07T14:58:51.0132881Z In file included from ./score/mw/com/impl/generic_proxy_event.h:18:
2026-10-07T14:58:51.0162790Z In file included from ./score/mw/com/impl/proxy_base.h:18:
2026-10-07T14:58:51.0172884Z In file included from ./score/mw/com/impl/handle_type.h:18:
2026-10-07T14:58:51.0198218Z In file included from ./score/mw/com/impl/instance_identifier.h:16:
2026-10-07T14:58:51.0223791Z ./score/mw/com/impl/com_error.h:186:65: warning: 'kServiceInstanceAlreadyOffered' is deprecated: Value has never been used. Calls to OfferService shall be idempotent. [-Wdeprecated-declarations]
2026-10-07T14:58:51.0253095Z   186 |             case static_cast<score::result::ErrorCode>(ComErrc::kServiceInstanceAlreadyOffered):
2026-10-07T14:58:51.0271510Z       |                                                                 ^
2026-10-07T14:58:51.0283275Z ./score/mw/com/impl/com_error.h:58:11: note: 'kServiceInstanceAlreadyOffered' has been explicitly marked deprecated here
2026-10-07T14:58:51.0313072Z    58 |         [[deprecated("Value has never been used. Calls to OfferService shall be idempotent.")]],
2026-10-07T14:58:51.0342551Z       |           ^
2026-10-07T14:58:51.0362462Z 1 warning generated.
2026-10-07T14:58:52.9718867Z INFO: From Compiling score/mw/com/test/common_test_resources/skeleton_container.cpp:
2026-10-07T14:58:52.9762990Z In file included from score/mw/com/test/common_test_resources/skeleton_container.cpp:13:
2026-10-07T14:58:52.9792922Z In file included from ./score/mw/com/test/common_test_resources/skeleton_container.h:17:
2026-10-07T14:58:52.9842817Z In file included from ./score/mw/com/types.h:24:
2026-10-07T14:58:52.9895662Z In file included from ./score/mw/com/impl/generic_proxy.h:18:
2026-10-07T14:58:52.9942724Z In file included from ./score/mw/com/impl/generic_proxy_event.h:18:
2026-10-07T14:58:52.9962536Z In file included from ./score/mw/com/impl/proxy_base.h:18:
2026-10-07T14:58:53.0002786Z In file included from ./score/mw/com/impl/handle_type.h:18:
2026-10-07T14:58:53.0062762Z In file included from ./score/mw/com/impl/instance_identifier.h:16:
2026-10-07T14:58:53.0093726Z ./score/mw/com/impl/com_error.h:186:65: warning: 'kServiceInstanceAlreadyOffered' is deprecated: Value has never been used. Calls to OfferService shall be idempotent. [-Wdeprecated-declarations]
2026-10-07T14:58:53.0123140Z   186 |             case static_cast<score::result::ErrorCode>(ComErrc::kServiceInstanceAlreadyOffered):
2026-10-07T14:58:53.0143489Z       |                                                                 ^
2026-10-07T14:58:53.0183196Z ./score/mw/com/impl/com_error.h:58:11: note: 'kServiceInstanceAlreadyOffered' has been explicitly marked deprecated here
2026-10-07T14:58:53.0185060Z    58 |         [[deprecated("Value has never been used. Calls to OfferService shall be idempotent.")]],
2026-10-07T14:58:53.0212890Z       |           ^
2026-10-07T14:58:53.0242462Z 1 warning generated.
2026-10-07T14:58:53.3347281Z INFO: From Compiling score/mw/com/test/loading_add_on_configuration/test_constants.cpp:
2026-10-07T14:58:53.3371717Z In file included from score/mw/com/test/loading_add_on_configuration/test_constants.cpp:14:
2026-10-07T14:58:53.3373352Z In file included from ./score/mw/com/test/loading_add_on_configuration/test_constants.h:17:
2026-10-07T14:58:53.3383260Z In file included from ./score/mw/com/test/loading_add_on_configuration/types/addon_interface.h:17:
2026-10-07T14:58:53.3393204Z In file included from ./score/mw/com/types.h:24:
2026-10-07T14:58:53.3394186Z In file included from ./score/mw/com/impl/generic_proxy.h:18:
2026-10-07T14:58:53.3395168Z In file included from ./score/mw/com/impl/generic_proxy_event.h:18:
2026-10-07T14:58:53.3396082Z In file included from ./score/mw/com/impl/proxy_base.h:18:
2026-10-07T14:58:53.3397035Z In file included from ./score/mw/com/impl/handle_type.h:18:
2026-10-07T14:58:53.3398057Z In file included from ./score/mw/com/impl/instance_identifier.h:16:
2026-10-07T14:58:53.3399123Z ./score/mw/com/impl/com_error.h:186:65: warning: 'kServiceInstanceAlreadyOffered' is deprecated: Value has never been used. Calls to OfferService shall be idempotent. [-Wdeprecated-declarations]
2026-10-07T14:58:53.3400252Z   186 |             case static_cast<score::result::ErrorCode>(ComErrc::kServiceInstanceAlreadyOffered):
2026-10-07T14:58:53.3400883Z       |                                                                 ^
2026-10-07T14:58:53.3402168Z ./score/mw/com/impl/com_error.h:58:11: note: 'kServiceInstanceAlreadyOffered' has been explicitly marked deprecated here
2026-10-07T14:58:53.3403624Z    58 |         [[deprecated("Value has never been used. Calls to OfferService shall be idempotent.")]],
2026-10-07T14:58:53.3404230Z       |           ^
2026-10-07T14:58:53.3404548Z 1 warning generated.
2026-10-07T14:58:54.3283685Z INFO: From Compiling score/mw/com/test/fields/set_and_get_and_notifier/provider.cpp:
2026-10-07T14:58:54.3313077Z In file included from score/mw/com/test/fields/set_and_get_and_notifier/provider.cpp:18:
2026-10-07T14:58:54.3342953Z In file included from ./score/mw/com/test/common_test_resources/skeleton_container.h:17:
2026-10-07T14:58:54.3375006Z In file included from ./score/mw/com/types.h:24:
2026-10-07T14:58:54.3382807Z In file included from ./score/mw/com/impl/generic_proxy.h:18:
2026-10-07T14:58:54.3386243Z In file included from ./score/mw/com/impl/generic_proxy_event.h:18:
2026-10-07T14:58:54.3412946Z In file included from ./score/mw/com/impl/proxy_base.h:18:
2026-10-07T14:58:54.3433796Z In file included from ./score/mw/com/impl/handle_type.h:18:
2026-10-07T14:58:54.3434761Z In file included from ./score/mw/com/impl/instance_identifier.h:16:
2026-10-07T14:58:54.3436819Z ./score/mw/com/impl/com_error.h:186:65: warning: 'kServiceInstanceAlreadyOffered' is deprecated: Value has never been used. Calls to OfferService shall be idempotent. [-Wdeprecated-declarations]
2026-10-07T14:58:54.3438825Z   186 |             case static_cast<score::result::ErrorCode>(ComErrc::kServiceInstanceAlreadyOffered):
2026-10-07T14:58:54.3439927Z       |                                                                 ^
2026-10-07T14:58:54.3441269Z ./score/mw/com/impl/com_error.h:58:11: note: 'kServiceInstanceAlreadyOffered' has been explicitly marked deprecated here
2026-10-07T14:58:54.3442919Z    58 |         [[deprecated("Value has never been used. Calls to OfferService shall be idempotent.")]],
2026-10-07T14:58:54.3443764Z       |           ^
2026-10-07T14:58:54.3444274Z 1 warning generated.
2026-10-07T14:58:55.6823557Z INFO: From Compiling src/positional_options.cpp:
2026-10-07T14:58:55.6833929Z external/boost.program_options+/src/positional_options.cpp:28:45: warning: implicit conversion changes signedness: 'int' to 'size_type' (aka 'unsigned long') [-Wsign-conversion]
2026-10-07T14:58:55.6862937Z    28 |             m_names.resize(m_names.size() + max_count, name);
2026-10-07T14:58:55.6893022Z       |                                           ~ ^~~~~~~~~
2026-10-07T14:58:55.6922509Z 1 warning generated.
2026-10-07T14:58:59.0243598Z INFO: From Compiling score/mw/com/test/fields/set_and_get_and_notifier/test_constants.cpp:
2026-10-07T14:58:59.0271883Z In file included from score/mw/com/test/fields/set_and_get_and_notifier/test_constants.cpp:14:
2026-10-07T14:58:59.0273624Z In file included from ./score/mw/com/test/fields/set_and_get_and_notifier/test_constants.h:17:
2026-10-07T14:58:59.0303164Z In file included from ./score/mw/com/types.h:24:
2026-10-07T14:58:59.0329865Z In file included from ./score/mw/com/impl/generic_proxy.h:18:
2026-10-07T14:58:59.0354624Z In file included from ./score/mw/com/impl/generic_proxy_event.h:18:
2026-10-07T14:58:59.0362983Z In file included from ./score/mw/com/impl/proxy_base.h:18:
2026-10-07T14:58:59.0363926Z In file included from ./score/mw/com/impl/handle_type.h:18:
2026-10-07T14:58:59.0364875Z In file included from ./score/mw/com/impl/instance_identifier.h:16:
2026-10-07T14:58:59.0366868Z ./score/mw/com/impl/com_error.h:186:65: warning: 'kServiceInstanceAlreadyOffered' is deprecated: Value has never been used. Calls to OfferService shall be idempotent. [-Wdeprecated-declarations]
2026-10-07T14:58:59.0368761Z   186 |             case static_cast<score::result::ErrorCode>(ComErrc::kServiceInstanceAlreadyOffered):
2026-10-07T14:58:59.0369810Z       |                                                                 ^
2026-10-07T14:58:59.0371148Z ./score/mw/com/impl/com_error.h:58:11: note: 'kServiceInstanceAlreadyOffered' has been explicitly marked deprecated here
2026-10-07T14:58:59.0372892Z    58 |         [[deprecated("Value has never been used. Calls to OfferService shall be idempotent.")]],
2026-10-07T14:58:59.0373714Z       |           ^
2026-10-07T14:58:59.0374200Z 1 warning generated.
2026-10-07T14:58:59.1523548Z INFO: From Compiling src/cmdline.cpp:
2026-10-07T14:58:59.1533998Z external/boost.program_options+/src/cmdline.cpp:327:48: warning: implicit conversion changes signedness: 'unsigned int' to 'int' [-Wsign-conversion]
2026-10-07T14:58:59.1563252Z   327 |                 int can_take_more = max_tokens - static_cast<int>(opt.value.size());
2026-10-07T14:58:59.1592962Z       |                     ~~~~~~~~~~~~~   ~~~~~~~~~~~^~~~~~~~~~~~~~~~~~~~~~~~~~~~~~~~~~~~
2026-10-07T14:58:59.1623474Z external/boost.program_options+/src/cmdline.cpp:327:50: warning: implicit conversion changes signedness: 'int' to 'unsigned int' [-Wsign-conversion]
2026-10-07T14:58:59.1631474Z   327 |                 int can_take_more = max_tokens - static_cast<int>(opt.value.size());
2026-10-07T14:58:59.1632520Z       |                                                ~ ^~~~~~~~~~~~~~~~~~~~~~~~~~~~~~~~~~
2026-10-07T14:58:59.1632966Z 2 warnings generated.
2026-10-07T14:58:59.6578119Z [13,370 / 14,181] 120 / 514 tests; Compiling score/mw/com/test/common_test_resources/command_line_parser.cpp; 1s disk-cache, linux-sandbox ... (4 actions running)
2026-10-07T14:59:01.7716262Z INFO: From Compiling score/mw/com/test/fields/set_and_get_and_notifier/datatypes/get_and_notifier_enabled_field.cpp:
2026-10-07T14:59:01.7718768Z In file included from score/mw/com/test/fields/set_and_get_and_notifier/datatypes/get_and_notifier_enabled_field.cpp:14:
2026-10-07T14:59:01.7720490Z In file included from ./score/mw/com/test/fields/set_and_get_and_notifier/datatypes/get_and_notifier_enabled_field.h:17:
2026-10-07T14:59:01.7721632Z In file included from ./score/mw/com/types.h:24:
2026-10-07T14:59:01.7722620Z In file included from ./score/mw/com/impl/generic_proxy.h:18:
2026-10-07T14:59:01.7723563Z In file included from ./score/mw/com/impl/generic_proxy_event.h:18:
2026-10-07T14:59:01.7724482Z In file included from ./score/mw/com/impl/proxy_base.h:18:
2026-10-07T14:59:01.7725329Z In file included from ./score/mw/com/impl/handle_type.h:18:
2026-10-07T14:59:01.7726225Z In file included from ./score/mw/com/impl/instance_identifier.h:16:
2026-10-07T14:59:01.7728799Z ./score/mw/com/impl/com_error.h:186:65: warning: 'kServiceInstanceAlreadyOffered' is deprecated: Value has never been used. Calls to OfferService shall be idempotent. [-Wdeprecated-declarations]
2026-10-07T14:59:01.7730639Z   186 |             case static_cast<score::result::ErrorCode>(ComErrc::kServiceInstanceAlreadyOffered):
2026-10-07T14:59:01.7731610Z       |                                                                 ^
2026-10-07T14:59:01.7733331Z ./score/mw/com/impl/com_error.h:58:11: note: 'kServiceInstanceAlreadyOffered' has been explicitly marked deprecated here
2026-10-07T14:59:01.7734702Z    58 |         [[deprecated("Value has never been used. Calls to OfferService shall be idempotent.")]],
2026-10-07T14:59:01.7735549Z       |           ^
2026-10-07T14:59:01.7735990Z 1 warning generated.
2026-10-07T14:59:03.8883177Z INFO: From Compiling score/mw/com/test/loading_add_on_configuration/provider.cpp:
2026-10-07T14:59:03.8902889Z In file included from score/mw/com/test/loading_add_on_configuration/provider.cpp:14:
2026-10-07T14:59:03.8922981Z In file included from ./score/mw/com/test/loading_add_on_configuration/provider.h:17:
2026-10-07T14:59:03.8924119Z In file included from ./score/mw/com/test/loading_add_on_configuration/test_constants.h:17:
2026-10-07T14:59:03.8953034Z In file included from ./score/mw/com/test/loading_add_on_configuration/types/addon_interface.h:17:
2026-10-07T14:59:03.8972613Z In file included from ./score/mw/com/types.h:24:
2026-10-07T14:59:03.8982820Z In file included from ./score/mw/com/impl/generic_proxy.h:18:
2026-10-07T14:59:03.8983654Z In file included from ./score/mw/com/impl/generic_proxy_event.h:18:
2026-10-07T14:59:03.8984396Z In file included from ./score/mw/com/impl/proxy_base.h:18:
2026-10-07T14:59:03.8985079Z In file included from ./score/mw/com/impl/handle_type.h:18:
2026-10-07T14:59:03.8985828Z In file included from ./score/mw/com/impl/instance_identifier.h:16:
2026-10-07T14:59:03.8987627Z ./score/mw/com/impl/com_error.h:186:65: warning: 'kServiceInstanceAlreadyOffered' is deprecated: Value has never been used. Calls to OfferService shall be idempotent. [-Wdeprecated-declarations]
2026-10-07T14:59:03.8989296Z   186 |             case static_cast<score::result::ErrorCode>(ComErrc::kServiceInstanceAlreadyOffered):
2026-10-07T14:59:03.8990513Z       |                                                                 ^
2026-10-07T14:59:03.8991689Z ./score/mw/com/impl/com_error.h:58:11: note: 'kServiceInstanceAlreadyOffered' has been explicitly marked deprecated here
2026-10-07T14:59:03.8993144Z    58 |         [[deprecated("Value has never been used. Calls to OfferService shall be idempotent.")]],
2026-10-07T14:59:03.8993773Z       |           ^
2026-10-07T14:59:03.8994100Z 1 warning generated.
2026-10-07T14:59:04.6283684Z INFO: From Compiling score/mw/com/test/fields/set_and_get_and_notifier/datatypes/getter_only_enabled_field.cpp:
2026-10-07T14:59:04.6343311Z In file included from score/mw/com/test/fields/set_and_get_and_notifier/datatypes/getter_only_enabled_field.cpp:14:
2026-10-07T14:59:04.6344822Z In file included from ./score/mw/com/test/fields/set_and_get_and_notifier/datatypes/getter_only_enabled_field.h:17:
2026-10-07T14:59:04.6345726Z In file included from ./score/mw/com/types.h:24:
2026-10-07T14:59:04.6346424Z In file included from ./score/mw/com/impl/generic_proxy.h:18:
2026-10-07T14:59:04.6347178Z In file included from ./score/mw/com/impl/generic_proxy_event.h:18:
2026-10-07T14:59:04.6347891Z In file included from ./score/mw/com/impl/proxy_base.h:18:
2026-10-07T14:59:04.6348572Z In file included from ./score/mw/com/impl/handle_type.h:18:
2026-10-07T14:59:04.6349313Z In file included from ./score/mw/com/impl/instance_identifier.h:16:
2026-10-07T14:59:04.6351087Z ./score/mw/com/impl/com_error.h:186:65: warning: 'kServiceInstanceAlreadyOffered' is deprecated: Value has never been used. Calls to OfferService shall be idempotent. [-Wdeprecated-declarations]
2026-10-07T14:59:04.6352871Z   186 |             case static_cast<score::result::ErrorCode>(ComErrc::kServiceInstanceAlreadyOffered):
2026-10-07T14:59:04.6354015Z       |                                                                 ^
2026-10-07T14:59:04.6355162Z ./score/mw/com/impl/com_error.h:58:11: note: 'kServiceInstanceAlreadyOffered' has been explicitly marked deprecated here
2026-10-07T14:59:04.6356433Z    58 |         [[deprecated("Value has never been used. Calls to OfferService shall be idempotent.")]],
2026-10-07T14:59:04.6357068Z       |           ^
2026-10-07T14:59:04.6357400Z 1 warning generated.
2026-10-07T14:59:05.3823657Z INFO: From Compiling score/mw/com/test/loading_add_on_configuration/main_provider.cpp:
2026-10-07T14:59:05.3843251Z In file included from score/mw/com/test/loading_add_on_configuration/main_provider.cpp:15:
2026-10-07T14:59:05.3891793Z In file included from ./score/mw/com/test/loading_add_on_configuration/provider.h:17:
2026-10-07T14:59:05.3893050Z In file included from ./score/mw/com/test/loading_add_on_configuration/test_constants.h:17:
2026-10-07T14:59:05.3894270Z In file included from ./score/mw/com/test/loading_add_on_configuration/types/addon_interface.h:17:
2026-10-07T14:59:05.3922887Z In file included from ./score/mw/com/types.h:24:
2026-10-07T14:59:05.3951025Z In file included from ./score/mw/com/impl/generic_proxy.h:18:
2026-10-07T14:59:05.3982716Z In file included from ./score/mw/com/impl/generic_proxy_event.h:18:
2026-10-07T14:59:05.4012711Z In file included from ./score/mw/com/impl/proxy_base.h:18:
2026-10-07T14:59:05.4062922Z In file included from ./score/mw/com/impl/handle_type.h:18:
2026-10-07T14:59:05.4122981Z In file included from ./score/mw/com/impl/instance_identifier.h:16:
2026-10-07T14:59:05.4133541Z ./score/mw/com/impl/com_error.h:186:65: warning: 'kServiceInstanceAlreadyOffered' is deprecated: Value has never been used. Calls to OfferService shall be idempotent. [-Wdeprecated-declarations]
2026-10-07T14:59:05.4193136Z   186 |             case static_cast<score::result::ErrorCode>(ComErrc::kServiceInstanceAlreadyOffered):
2026-10-07T14:59:05.4202912Z       |                                                                 ^
2026-10-07T14:59:05.4233324Z ./score/mw/com/impl/com_error.h:58:11: note: 'kServiceInstanceAlreadyOffered' has been explicitly marked deprecated here
2026-10-07T14:59:05.4263045Z    58 |         [[deprecated("Value has never been used. Calls to OfferService shall be idempotent.")]],
2026-10-07T14:59:05.4282521Z       |           ^
2026-10-07T14:59:05.4309186Z 1 warning generated.
2026-10-07T14:59:05.5013843Z INFO: From Compiling score/mw/com/test/common_test_resources/proxy_event_state_change_notifier.cpp:
2026-10-07T14:59:05.5023402Z In file included from score/mw/com/test/common_test_resources/proxy_event_state_change_notifier.cpp:13:
2026-10-07T14:59:05.5026377Z In file included from ./score/mw/com/test/common_test_resources/proxy_event_state_change_notifier.h:18:
2026-10-07T14:59:05.5027632Z In file included from ./score/mw/com/types.h:24:
2026-10-07T14:59:05.5028556Z In file included from ./score/mw/com/impl/generic_proxy.h:18:
2026-10-07T14:59:05.5029564Z In file included from ./score/mw/com/impl/generic_proxy_event.h:18:
2026-10-07T14:59:05.5030522Z In file included from ./score/mw/com/impl/proxy_base.h:18:
2026-10-07T14:59:05.5031440Z In file included from ./score/mw/com/impl/handle_type.h:18:
2026-10-07T14:59:05.5032583Z In file included from ./score/mw/com/impl/instance_identifier.h:16:
2026-10-07T14:59:05.5034570Z ./score/mw/com/impl/com_error.h:186:65: warning: 'kServiceInstanceAlreadyOffered' is deprecated: Value has never been used. Calls to OfferService shall be idempotent. [-Wdeprecated-declarations]
2026-10-07T14:59:05.5036427Z   186 |             case static_cast<score::result::ErrorCode>(ComErrc::kServiceInstanceAlreadyOffered):
2026-10-07T14:59:05.5037483Z       |                                                                 ^
2026-10-07T14:59:05.5038849Z ./score/mw/com/impl/com_error.h:58:11: note: 'kServiceInstanceAlreadyOffered' has been explicitly marked deprecated here
2026-10-07T14:59:05.5040742Z    58 |         [[deprecated("Value has never been used. Calls to OfferService shall be idempotent.")]],
2026-10-07T14:59:05.5041641Z       |           ^
2026-10-07T14:59:05.5042624Z 1 warning generated.
2026-10-07T14:59:07.4653881Z INFO: From Compiling score/mw/com/test/fields/set_and_get_and_notifier/datatypes/notifier_only_enabled_field.cpp:
2026-10-07T14:59:07.4673295Z In file included from score/mw/com/test/fields/set_and_get_and_notifier/datatypes/notifier_only_enabled_field.cpp:14:
2026-10-07T14:59:07.4703137Z In file included from ./score/mw/com/test/fields/set_and_get_and_notifier/datatypes/notifier_only_enabled_field.h:17:
2026-10-07T14:59:07.4732608Z In file included from ./score/mw/com/types.h:24:
2026-10-07T14:59:07.4762757Z In file included from ./score/mw/com/impl/generic_proxy.h:18:
2026-10-07T14:59:07.4792767Z In file included from ./score/mw/com/impl/generic_proxy_event.h:18:
2026-10-07T14:59:07.4822739Z In file included from ./score/mw/com/impl/proxy_base.h:18:
2026-10-07T14:59:07.4852791Z In file included from ./score/mw/com/impl/handle_type.h:18:
2026-10-07T14:59:07.4863014Z In file included from ./score/mw/com/impl/instance_identifier.h:16:
2026-10-07T14:59:07.4913725Z ./score/mw/com/impl/com_error.h:186:65: warning: 'kServiceInstanceAlreadyOffered' is deprecated: Value has never been used. Calls to OfferService shall be idempotent. [-Wdeprecated-declarations]
2026-10-07T14:59:07.4943079Z   186 |             case static_cast<score::result::ErrorCode>(ComErrc::kServiceInstanceAlreadyOffered):
2026-10-07T14:59:07.4943982Z       |                                                                 ^
2026-10-07T14:59:07.4945136Z ./score/mw/com/impl/com_error.h:58:11: note: 'kServiceInstanceAlreadyOffered' has been explicitly marked deprecated here
2026-10-07T14:59:07.4946383Z    58 |         [[deprecated("Value has never been used. Calls to OfferService shall be idempotent.")]],
2026-10-07T14:59:07.4947016Z       |           ^
2026-10-07T14:59:07.4947352Z 1 warning generated.
2026-10-07T14:59:07.6228000Z INFO: From Compiling score/mw/com/test/common_test_resources/proxy_container.cpp:
2026-10-07T14:59:07.6255360Z In file included from score/mw/com/test/common_test_resources/proxy_container.cpp:13:
2026-10-07T14:59:07.6283056Z In file included from ./score/mw/com/test/common_test_resources/proxy_container.h:17:
2026-10-07T14:59:07.6312683Z In file included from ./score/mw/com/types.h:24:
2026-10-07T14:59:07.6325923Z In file included from ./score/mw/com/impl/generic_proxy.h:18:
2026-10-07T14:59:07.6332987Z In file included from ./score/mw/com/impl/generic_proxy_event.h:18:
2026-10-07T14:59:07.6333906Z In file included from ./score/mw/com/impl/proxy_base.h:18:
2026-10-07T14:59:07.6334835Z In file included from ./score/mw/com/impl/handle_type.h:18:
2026-10-07T14:59:07.6335791Z In file included from ./score/mw/com/impl/instance_identifier.h:16:
2026-10-07T14:59:07.6337706Z ./score/mw/com/impl/com_error.h:186:65: warning: 'kServiceInstanceAlreadyOffered' is deprecated: Value has never been used. Calls to OfferService shall be idempotent. [-Wdeprecated-declarations]
2026-10-07T14:59:07.6339490Z   186 |             case static_cast<score::result::ErrorCode>(ComErrc::kServiceInstanceAlreadyOffered):
2026-10-07T14:59:07.6340461Z       |                                                                 ^
2026-10-07T14:59:07.6341726Z ./score/mw/com/impl/com_error.h:58:11: note: 'kServiceInstanceAlreadyOffered' has been explicitly marked deprecated here
2026-10-07T14:59:07.6343285Z    58 |         [[deprecated("Value has never been used. Calls to OfferService shall be idempotent.")]],
2026-10-07T14:59:07.6344036Z       |           ^
2026-10-07T14:59:07.6344478Z 1 warning generated.
2026-10-07T14:59:08.3413620Z INFO: From Compiling score/mw/com/test/common_test_resources/assert_handler.cpp:
2026-10-07T14:59:08.3467982Z score/mw/com/test/common_test_resources/assert_handler.cpp:40:58: warning: 'operator<<' is deprecated: SPP_DEPRECATION(performance): Logging a plain character pointer is discouraged for performance reasons since that requires a length determination of the pointed-to character sequence at runtime and results in a sequential memory scan. Instead, since almost all string-like types are implicitly nothrow-convertible to `mw::log::LogString`, these should be logged as-is and not via their underlying character pointer! If that's not possible, a custom overload of `operator<<` for the particular user-defined type should be provided. [-Wdeprecated-declarations]
2026-10-07T14:59:08.3485606Z    40 |     score::mw::log::LogFatal("AsHa") << params.condition << params.message << params.file << params.line;
2026-10-07T14:59:08.3512707Z       |                                                          ^
2026-10-07T14:59:08.3523332Z external/score_baselibs+/score/mw/log/log_stream.h:244:9: note: 'operator<<' has been explicitly marked deprecated here
2026-10-07T14:59:08.3562574Z   244 |         operator<<(T char_ptr) &
2026-10-07T14:59:08.3572531Z       |         ^
2026-10-07T14:59:08.3607463Z score/mw/com/test/common_test_resources/assert_handler.cpp:40:58: warning: 'operator<<<const char *>' is deprecated: SPP_DEPRECATION(performance): Logging a plain character pointer is discouraged for performance reasons since that requires a length determination of the pointed-to character sequence at runtime and results in a sequential memory scan. Instead, since almost all string-like types are implicitly nothrow-convertible to `mw::log::LogString`, these should be logged as-is and not via their underlying character pointer! If that's not possible, a custom overload of `operator<<` for the particular user-defined type should be provided. [-Wdeprecated-declarations]
2026-10-07T14:59:08.3623204Z    40 |     score::mw::log::LogFatal("AsHa") << params.condition << params.message << params.file << params.line;
2026-10-07T14:59:08.3652620Z       |                                                          ^
2026-10-07T14:59:08.3663226Z external/score_baselibs+/score/mw/log/log_stream.h:236:7: note: 'operator<<<const char *>' has been explicitly marked deprecated here
2026-10-07T14:59:08.3682541Z   236 |     [[deprecated(
2026-10-07T14:59:08.3682942Z       |       ^
2026-10-07T14:59:08.3688077Z score/mw/com/test/common_test_resources/assert_handler.cpp:40:76: warning: 'operator<<' is deprecated: SPP_DEPRECATION(performance): Logging a plain character pointer is discouraged for performance reasons since that requires a length determination of the pointed-to character sequence at runtime and results in a sequential memory scan. Instead, since almost all string-like types are implicitly nothrow-convertible to `mw::log::LogString`, these should be logged as-is and not via their underlying character pointer! If that's not possible, a custom overload of `operator<<` for the particular user-defined type should be provided. [-Wdeprecated-declarations]
2026-10-07T14:59:08.3692339Z    40 |     score::mw::log::LogFatal("AsHa") << params.condition << params.message << params.file << params.line;
2026-10-07T14:59:08.3693226Z       |                                                                            ^
2026-10-07T14:59:08.3694352Z external/score_baselibs+/score/mw/log/log_stream.h:244:9: note: 'operator<<' has been explicitly marked deprecated here
2026-10-07T14:59:08.3695177Z   244 |         operator<<(T char_ptr) &
2026-10-07T14:59:08.3695562Z       |         ^
2026-10-07T14:59:08.3700716Z score/mw/com/test/common_test_resources/assert_handler.cpp:40:76: warning: 'operator<<<const char *>' is deprecated: SPP_DEPRECATION(performance): Logging a plain character pointer is discouraged for performance reasons since that requires a length determination of the pointed-to character sequence at runtime and results in a sequential memory scan. Instead, since almost all string-like types are implicitly nothrow-convertible to `mw::log::LogString`, these should be logged as-is and not via their underlying character pointer! If that's not possible, a custom overload of `operator<<` for the particular user-defined type should be provided. [-Wdeprecated-declarations]
2026-10-07T14:59:08.3704834Z    40 |     score::mw::log::LogFatal("AsHa") << params.condition << params.message << params.file << params.line;
2026-10-07T14:59:08.3705816Z       |                                                                            ^
2026-10-07T14:59:08.3707078Z external/score_baselibs+/score/mw/log/log_stream.h:236:7: note: 'operator<<<const char *>' has been explicitly marked deprecated here
2026-10-07T14:59:08.3722555Z   236 |     [[deprecated(
2026-10-07T14:59:08.3752422Z       |       ^
2026-10-07T14:59:08.3787144Z external/score_baselibs+/score/mw/log/log_stream.h:369:17: warning: 'operator<<' is deprecated: SPP_DEPRECATION(performance): Logging a plain character pointer is discouraged for performance reasons since that requires a length determination of the pointed-to character sequence at runtime and results in a sequential memory scan. Instead, since almost all string-like types are implicitly nothrow-convertible to `mw::log::LogString`, these should be logged as-is and not via their underlying character pointer! If that's not possible, a custom overload of `operator<<` for the particular user-defined type should be provided. [-Wdeprecated-declarations]
2026-10-07T14:59:08.3812621Z   369 |     return (out << std::forward<T>(value));
2026-10-07T14:59:08.3868568Z       |                 ^
2026-10-07T14:59:08.3883701Z score/mw/com/test/common_test_resources/assert_handler.cpp:40:38: note: in instantiation of function template specialization 'score::mw::log::operator<<<const char *const &>' requested here
2026-10-07T14:59:08.3913091Z    40 |     score::mw::log::LogFatal("AsHa") << params.condition << params.message << params.file << params.line;
2026-10-07T14:59:08.3922542Z       |                                      ^
2026-10-07T14:59:08.3923665Z external/score_baselibs+/score/mw/log/log_stream.h:244:9: note: 'operator<<' has been explicitly marked deprecated here
2026-10-07T14:59:08.3972553Z   244 |         operator<<(T char_ptr) &
2026-10-07T14:59:08.4022459Z       |         ^
2026-10-07T14:59:08.4037404Z external/score_baselibs+/score/mw/log/log_stream.h:369:17: warning: 'operator<<<const char *>' is deprecated: SPP_DEPRECATION(performance): Logging a plain character pointer is discouraged for performance reasons since that requires a length determination of the pointed-to character sequence at runtime and results in a sequential memory scan. Instead, since almost all string-like types are implicitly nothrow-convertible to `mw::log::LogString`, these should be logged as-is and not via their underlying character pointer! If that's not possible, a custom overload of `operator<<` for the particular user-defined type should be provided. [-Wdeprecated-declarations]
2026-10-07T14:59:08.4041047Z   369 |     return (out << std::forward<T>(value));
2026-10-07T14:59:08.4041516Z       |                 ^
2026-10-07T14:59:08.4042791Z external/score_baselibs+/score/mw/log/log_stream.h:236:7: note: 'operator<<<const char *>' has been explicitly marked deprecated here
2026-10-07T14:59:08.4043635Z   236 |     [[deprecated(
2026-10-07T14:59:08.4043985Z       |       ^
2026-10-07T14:59:08.4044313Z 6 warnings generated.
2026-10-07T14:59:09.0868371Z INFO: From Compiling score/mw/com/test/loading_add_on_configuration/consumer.cpp:
2026-10-07T14:59:09.0870530Z In file included from score/mw/com/test/loading_add_on_configuration/consumer.cpp:14:
2026-10-07T14:59:09.0875616Z In file included from ./score/mw/com/test/loading_add_on_configuration/consumer.h:17:
2026-10-07T14:59:09.0876950Z In file included from ./score/mw/com/test/loading_add_on_configuration/test_constants.h:17:
2026-10-07T14:59:09.0881209Z In file included from ./score/mw/com/test/loading_add_on_configuration/types/addon_interface.h:17:
2026-10-07T14:59:09.0882531Z In file included from ./score/mw/com/types.h:24:
2026-10-07T14:59:09.0883323Z In file included from ./score/mw/com/impl/generic_proxy.h:18:
2026-10-07T14:59:09.0884179Z In file included from ./score/mw/com/impl/generic_proxy_event.h:18:
2026-10-07T14:59:09.0885113Z In file included from ./score/mw/com/impl/proxy_base.h:18:
2026-10-07T14:59:09.0886352Z In file included from ./score/mw/com/impl/handle_type.h:18:
2026-10-07T14:59:09.0887318Z In file included from ./score/mw/com/impl/instance_identifier.h:16:
2026-10-07T14:59:09.0889248Z ./score/mw/com/impl/com_error.h:186:65: warning: 'kServiceInstanceAlreadyOffered' is deprecated: Value has never been used. Calls to OfferService shall be idempotent. [-Wdeprecated-declarations]
2026-10-07T14:59:09.0891019Z   186 |             case static_cast<score::result::ErrorCode>(ComErrc::kServiceInstanceAlreadyOffered):
2026-10-07T14:59:09.0892223Z       |                                                                 ^
2026-10-07T14:59:09.0893554Z ./score/mw/com/impl/com_error.h:58:11: note: 'kServiceInstanceAlreadyOffered' has been explicitly marked deprecated here
2026-10-07T14:59:09.0894977Z    58 |         [[deprecated("Value has never been used. Calls to OfferService shall be idempotent.")]],
2026-10-07T14:59:09.0895802Z       |           ^
2026-10-07T14:59:09.0896271Z 1 warning generated.
2026-10-07T14:59:09.8504027Z [13,390 / 14,184] 120 / 514 tests; Compiling score/mw/com/test/loading_add_on_configuration/main_consumer.cpp; 2s disk-cache, linux-sandbox ... (4 actions, 3 running)
2026-10-07T14:59:10.3073163Z INFO: From Compiling score/mw/com/test/fields/set_and_get_and_notifier/datatypes/set_and_get_and_notifier_enabled_field.cpp:
2026-10-07T14:59:10.3084858Z In file included from score/mw/com/test/fields/set_and_get_and_notifier/datatypes/set_and_get_and_notifier_enabled_field.cpp:14:
2026-10-07T14:59:10.3086784Z In file included from ./score/mw/com/test/fields/set_and_get_and_notifier/datatypes/set_and_get_and_notifier_enabled_field.h:17:
2026-10-07T14:59:10.3087939Z In file included from ./score/mw/com/types.h:24:
2026-10-07T14:59:10.3088888Z In file included from ./score/mw/com/impl/generic_proxy.h:18:
2026-10-07T14:59:10.3091056Z In file included from ./score/mw/com/impl/generic_proxy_event.h:18:
2026-10-07T14:59:10.3092316Z In file included from ./score/mw/com/impl/proxy_base.h:18:
2026-10-07T14:59:10.3093240Z In file included from ./score/mw/com/impl/handle_type.h:18:
2026-10-07T14:59:10.3094215Z In file included from ./score/mw/com/impl/instance_identifier.h:16:
2026-10-07T14:59:10.3096487Z ./score/mw/com/impl/com_error.h:186:65: warning: 'kServiceInstanceAlreadyOffered' is deprecated: Value has never been used. Calls to OfferService shall be idempotent. [-Wdeprecated-declarations]
2026-10-07T14:59:10.3098220Z   186 |             case static_cast<score::result::ErrorCode>(ComErrc::kServiceInstanceAlreadyOffered):
2026-10-07T14:59:10.3099416Z       |                                                                 ^
2026-10-07T14:59:10.3123322Z ./score/mw/com/impl/com_error.h:58:11: note: 'kServiceInstanceAlreadyOffered' has been explicitly marked deprecated here
2026-10-07T14:59:10.3134678Z    58 |         [[deprecated("Value has never been used. Calls to OfferService shall be idempotent.")]],
2026-10-07T14:59:10.3152427Z       |           ^
2026-10-07T14:59:10.3154491Z 1 warning generated.
2026-10-07T14:59:12.2212921Z INFO: From Compiling score/mw/com/test/loading_add_on_configuration/main_consumer.cpp:
2026-10-07T14:59:12.2233296Z In file included from score/mw/com/test/loading_add_on_configuration/main_consumer.cpp:15:
2026-10-07T14:59:12.2245730Z In file included from ./score/mw/com/test/loading_add_on_configuration/consumer.h:17:
2026-10-07T14:59:12.2247212Z In file included from ./score/mw/com/test/loading_add_on_configuration/test_constants.h:17:
2026-10-07T14:59:12.2248680Z In file included from ./score/mw/com/test/loading_add_on_configuration/types/addon_interface.h:17:
2026-10-07T14:59:12.2249737Z In file included from ./score/mw/com/types.h:24:
2026-10-07T14:59:12.2250700Z In file included from ./score/mw/com/impl/generic_proxy.h:18:
2026-10-07T14:59:12.2251732Z In file included from ./score/mw/com/impl/generic_proxy_event.h:18:
2026-10-07T14:59:12.2253051Z In file included from ./score/mw/com/impl/proxy_base.h:18:
2026-10-07T14:59:12.2254036Z In file included from ./score/mw/com/impl/handle_type.h:18:
2026-10-07T14:59:12.2255521Z In file included from ./score/mw/com/impl/instance_identifier.h:16:
2026-10-07T14:59:12.2257862Z ./score/mw/com/impl/com_error.h:186:65: warning: 'kServiceInstanceAlreadyOffered' is deprecated: Value has never been used. Calls to OfferService shall be idempotent. [-Wdeprecated-declarations]
2026-10-07T14:59:12.2260028Z   186 |             case static_cast<score::result::ErrorCode>(ComErrc::kServiceInstanceAlreadyOffered):
2026-10-07T14:59:12.2261187Z       |                                                                 ^
2026-10-07T14:59:12.2262826Z ./score/mw/com/impl/com_error.h:58:11: note: 'kServiceInstanceAlreadyOffered' has been explicitly marked deprecated here
2026-10-07T14:59:12.2264574Z    58 |         [[deprecated("Value has never been used. Calls to OfferService shall be idempotent.")]],
2026-10-07T14:59:12.2265502Z       |           ^
2026-10-07T14:59:12.2265962Z 1 warning generated.
2026-10-07T14:59:13.3135663Z INFO: From Compiling score/mw/com/test/move_semantics/skeleton_event/test_parameters.cpp:
2026-10-07T14:59:13.3149464Z In file included from score/mw/com/test/move_semantics/skeleton_event/test_parameters.cpp:13:
2026-10-07T14:59:13.3150822Z In file included from ./score/mw/com/test/move_semantics/skeleton_event/test_parameters.h:16:
2026-10-07T14:59:13.3152152Z In file included from ./score/mw/com/types.h:24:
2026-10-07T14:59:13.3153017Z In file included from ./score/mw/com/impl/generic_proxy.h:18:
2026-10-07T14:59:13.3153943Z In file included from ./score/mw/com/impl/generic_proxy_event.h:18:
2026-10-07T14:59:13.3154694Z In file included from ./score/mw/com/impl/proxy_base.h:18:
2026-10-07T14:59:13.3155384Z In file included from ./score/mw/com/impl/handle_type.h:18:
2026-10-07T14:59:13.3156141Z In file included from ./score/mw/com/impl/instance_identifier.h:16:
2026-10-07T14:59:13.3157942Z ./score/mw/com/impl/com_error.h:186:65: warning: 'kServiceInstanceAlreadyOffered' is deprecated: Value has never been used. Calls to OfferService shall be idempotent. [-Wdeprecated-declarations]
2026-10-07T14:59:13.3159519Z   186 |             case static_cast<score::result::ErrorCode>(ComErrc::kServiceInstanceAlreadyOffered):
2026-10-07T14:59:13.3160687Z       |                                                                 ^
2026-10-07T14:59:13.3161860Z ./score/mw/com/impl/com_error.h:58:11: note: 'kServiceInstanceAlreadyOffered' has been explicitly marked deprecated here
2026-10-07T14:59:13.3163356Z    58 |         [[deprecated("Value has never been used. Calls to OfferService shall be idempotent.")]],
2026-10-07T14:59:13.3164003Z       |           ^
2026-10-07T14:59:13.3164399Z 1 warning generated.
2026-10-07T14:59:13.3255180Z INFO: From Compiling score/mw/com/test/fields/set_and_get_and_notifier/datatypes/set_and_get_enabled_field.cpp:
2026-10-07T14:59:13.3272964Z In file included from score/mw/com/test/fields/set_and_get_and_notifier/datatypes/set_and_get_enabled_field.cpp:14:
2026-10-07T14:59:13.3303142Z In file included from ./score/mw/com/test/fields/set_and_get_and_notifier/datatypes/set_and_get_enabled_field.h:17:
2026-10-07T14:59:13.3332701Z In file included from ./score/mw/com/types.h:24:
2026-10-07T14:59:13.3333735Z In file included from ./score/mw/com/impl/generic_proxy.h:18:
2026-10-07T14:59:13.3362749Z In file included from ./score/mw/com/impl/generic_proxy_event.h:18:
2026-10-07T14:59:13.3392722Z In file included from ./score/mw/com/impl/proxy_base.h:18:
2026-10-07T14:59:13.3402760Z In file included from ./score/mw/com/impl/handle_type.h:18:
2026-10-07T14:59:13.3422825Z In file included from ./score/mw/com/impl/instance_identifier.h:16:
2026-10-07T14:59:13.3453941Z ./score/mw/com/impl/com_error.h:186:65: warning: 'kServiceInstanceAlreadyOffered' is deprecated: Value has never been used. Calls to OfferService shall be idempotent. [-Wdeprecated-declarations]
2026-10-07T14:59:13.3483022Z   186 |             case static_cast<score::result::ErrorCode>(ComErrc::kServiceInstanceAlreadyOffered):
2026-10-07T14:59:13.3492563Z       |                                                                 ^
2026-10-07T14:59:13.3513581Z ./score/mw/com/impl/com_error.h:58:11: note: 'kServiceInstanceAlreadyOffered' has been explicitly marked deprecated here
2026-10-07T14:59:13.3543147Z    58 |         [[deprecated("Value has never been used. Calls to OfferService shall be idempotent.")]],
2026-10-07T14:59:13.3572417Z       |           ^
2026-10-07T14:59:13.3582454Z 1 warning generated.
2026-10-07T14:59:16.1724119Z INFO: From Compiling score/mw/com/test/fields/set_and_get_and_notifier/datatypes/set_and_notifier_enabled_field.cpp:
2026-10-07T14:59:16.1725728Z In file included from score/mw/com/test/fields/set_and_get_and_notifier/datatypes/set_and_notifier_enabled_field.cpp:14:
2026-10-07T14:59:16.1727252Z In file included from ./score/mw/com/test/fields/set_and_get_and_notifier/datatypes/set_and_notifier_enabled_field.h:17:
2026-10-07T14:59:16.1728447Z In file included from ./score/mw/com/types.h:24:
2026-10-07T14:59:16.1729493Z In file included from ./score/mw/com/impl/generic_proxy.h:18:
2026-10-07T14:59:16.1730339Z In file included from ./score/mw/com/impl/generic_proxy_event.h:18:
2026-10-07T14:59:16.1731097Z In file included from ./score/mw/com/impl/proxy_base.h:18:
2026-10-07T14:59:16.1731859Z In file included from ./score/mw/com/impl/handle_type.h:18:
2026-10-07T14:59:16.1732837Z In file included from ./score/mw/com/impl/instance_identifier.h:16:
2026-10-07T14:59:16.1734932Z ./score/mw/com/impl/com_error.h:186:65: warning: 'kServiceInstanceAlreadyOffered' is deprecated: Value has never been used. Calls to OfferService shall be idempotent. [-Wdeprecated-declarations]
2026-10-07T14:59:16.1736903Z   186 |             case static_cast<score::result::ErrorCode>(ComErrc::kServiceInstanceAlreadyOffered):
2026-10-07T14:59:16.1762873Z       |                                                                 ^
2026-10-07T14:59:16.1767130Z ./score/mw/com/impl/com_error.h:58:11: note: 'kServiceInstanceAlreadyOffered' has been explicitly marked deprecated here
2026-10-07T14:59:16.1768588Z    58 |         [[deprecated("Value has never been used. Calls to OfferService shall be idempotent.")]],
2026-10-07T14:59:16.1769323Z       |           ^
2026-10-07T14:59:16.1770098Z 1 warning generated.
2026-10-07T14:59:16.1923433Z INFO: From Compiling score/mw/com/test/move_semantics/skeleton_event/test_event_datatype.cpp:
2026-10-07T14:59:16.1941475Z In file included from score/mw/com/test/move_semantics/skeleton_event/test_event_datatype.cpp:13:
2026-10-07T14:59:16.1943426Z In file included from ./score/mw/com/test/move_semantics/skeleton_event/test_event_datatype.h:16:
2026-10-07T14:59:16.1944485Z In file included from ./score/mw/com/types.h:24:
2026-10-07T14:59:16.1945459Z In file included from ./score/mw/com/impl/generic_proxy.h:18:
2026-10-07T14:59:16.1946425Z In file included from ./score/mw/com/impl/generic_proxy_event.h:18:
2026-10-07T14:59:16.1947289Z In file included from ./score/mw/com/impl/proxy_base.h:18:
2026-10-07T14:59:16.1948169Z In file included from ./score/mw/com/impl/handle_type.h:18:
2026-10-07T14:59:16.1949099Z In file included from ./score/mw/com/impl/instance_identifier.h:16:
2026-10-07T14:59:16.1951025Z ./score/mw/com/impl/com_error.h:186:65: warning: 'kServiceInstanceAlreadyOffered' is deprecated: Value has never been used. Calls to OfferService shall be idempotent. [-Wdeprecated-declarations]
2026-10-07T14:59:16.1953197Z   186 |             case static_cast<score::result::ErrorCode>(ComErrc::kServiceInstanceAlreadyOffered):
2026-10-07T14:59:16.1956274Z       |                                                                 ^
2026-10-07T14:59:16.1957674Z ./score/mw/com/impl/com_error.h:58:11: note: 'kServiceInstanceAlreadyOffered' has been explicitly marked deprecated here
2026-10-07T14:59:16.1958981Z    58 |         [[deprecated("Value has never been used. Calls to OfferService shall be idempotent.")]],
2026-10-07T14:59:16.1959607Z       |           ^
2026-10-07T14:59:16.1959932Z 1 warning generated.
2026-10-07T14:59:20.7173981Z INFO: From Compiling score/mw/com/test/move_semantics/skeleton_event/provider.cpp:
2026-10-07T14:59:20.7201834Z In file included from score/mw/com/test/move_semantics/skeleton_event/provider.cpp:13:
2026-10-07T14:59:20.7242203Z In file included from ./score/mw/com/test/move_semantics/skeleton_event/provider.h:16:
2026-10-07T14:59:20.7283428Z In file included from ./score/mw/com/test/move_semantics/skeleton_event/test_parameters.h:16:
2026-10-07T14:59:20.7312626Z In file included from ./score/mw/com/types.h:24:
2026-10-07T14:59:20.7323637Z In file included from ./score/mw/com/impl/generic_proxy.h:18:
2026-10-07T14:59:20.7349681Z In file included from ./score/mw/com/impl/generic_proxy_event.h:18:
2026-10-07T14:59:20.7372833Z In file included from ./score/mw/com/impl/proxy_base.h:18:
2026-10-07T14:59:20.7385664Z In file included from ./score/mw/com/impl/handle_type.h:18:
2026-10-07T14:59:20.7412750Z In file included from ./score/mw/com/impl/instance_identifier.h:16:
2026-10-07T14:59:20.7444317Z ./score/mw/com/impl/com_error.h:186:65: warning: 'kServiceInstanceAlreadyOffered' is deprecated: Value has never been used. Calls to OfferService shall be idempotent. [-Wdeprecated-declarations]
2026-10-07T14:59:20.7463419Z   186 |             case static_cast<score::result::ErrorCode>(ComErrc::kServiceInstanceAlreadyOffered):
2026-10-07T14:59:20.7483037Z       |                                                                 ^
2026-10-07T14:59:20.7503404Z ./score/mw/com/impl/com_error.h:58:11: note: 'kServiceInstanceAlreadyOffered' has been explicitly marked deprecated here
2026-10-07T14:59:20.7504929Z    58 |         [[deprecated("Value has never been used. Calls to OfferService shall be idempotent.")]],
2026-10-07T14:59:20.7533480Z       |           ^
2026-10-07T14:59:20.7534158Z 1 warning generated.
2026-10-07T14:59:20.7536273Z [13,411 / 14,186] 120 / 514 tests; OCI Image //score/mw/com/impl/test/methods/semi_dynamic_methods/integration_test:_image_semi_dynamic_methods_different_processes_test; 3s disk-cache, linux-sandbox ... (4 actions, 3 running)
2026-10-07T14:59:22.1282427Z INFO: From Compiling score/mw/com/test/receive_handler_unsubscribe/receive_handler_unsubscribe_application.cpp:
2026-10-07T14:59:22.1293579Z In file included from score/mw/com/test/receive_handler_unsubscribe/receive_handler_unsubscribe_application.cpp:16:
2026-10-07T14:59:22.1343404Z In file included from ./score/mw/com/test/common_test_resources/sample_sender_receiver.h:18:
2026-10-07T14:59:22.1344614Z In file included from ./score/mw/com/runtime.h:24:
2026-10-07T14:59:22.1373014Z In file included from ./score/mw/com/mocking/i_runtime.h:17:
2026-10-07T14:59:22.1402835Z In file included from ./score/mw/com/types.h:24:
2026-10-07T14:59:22.1403872Z In file included from ./score/mw/com/impl/generic_proxy.h:18:
2026-10-07T14:59:22.1433083Z In file included from ./score/mw/com/impl/generic_proxy_event.h:18:
2026-10-07T14:59:22.1455482Z In file included from ./score/mw/com/impl/proxy_base.h:18:
2026-10-07T14:59:22.1482969Z In file included from ./score/mw/com/impl/handle_type.h:18:
2026-10-07T14:59:22.1509615Z In file included from ./score/mw/com/impl/instance_identifier.h:16:
2026-10-07T14:59:22.1511621Z ./score/mw/com/impl/com_error.h:186:65: warning: 'kServiceInstanceAlreadyOffered' is deprecated: Value has never been used. Calls to OfferService shall be idempotent. [-Wdeprecated-declarations]
2026-10-07T14:59:22.1543217Z   186 |             case static_cast<score::result::ErrorCode>(ComErrc::kServiceInstanceAlreadyOffered):
2026-10-07T14:59:22.1572822Z       |                                                                 ^
2026-10-07T14:59:22.1603250Z ./score/mw/com/impl/com_error.h:58:11: note: 'kServiceInstanceAlreadyOffered' has been explicitly marked deprecated here
2026-10-07T14:59:22.1604766Z    58 |         [[deprecated("Value has never been used. Calls to OfferService shall be idempotent.")]],
2026-10-07T14:59:22.1632578Z       |           ^
2026-10-07T14:59:22.1662678Z 1 warning generated.
2026-10-07T14:59:22.6011191Z INFO: From Compiling score/mw/com/test/move_semantics/skeleton_event/consumer.cpp:
2026-10-07T14:59:22.6012762Z In file included from score/mw/com/test/move_semantics/skeleton_event/consumer.cpp:13:
2026-10-07T14:59:22.6013766Z In file included from ./score/mw/com/test/move_semantics/skeleton_event/consumer.h:16:
2026-10-07T14:59:22.6014848Z In file included from ./score/mw/com/test/move_semantics/skeleton_event/test_parameters.h:16:
2026-10-07T14:59:22.6015591Z In file included from ./score/mw/com/types.h:24:
2026-10-07T14:59:22.6016407Z In file included from ./score/mw/com/impl/generic_proxy.h:18:
2026-10-07T14:59:22.6017127Z In file included from ./score/mw/com/impl/generic_proxy_event.h:18:
2026-10-07T14:59:22.6017824Z In file included from ./score/mw/com/impl/proxy_base.h:18:
2026-10-07T14:59:22.6018474Z In file included from ./score/mw/com/impl/handle_type.h:18:
2026-10-07T14:59:22.6019181Z In file included from ./score/mw/com/impl/instance_identifier.h:16:
2026-10-07T14:59:22.6020925Z ./score/mw/com/impl/com_error.h:186:65: warning: 'kServiceInstanceAlreadyOffered' is deprecated: Value has never been used. Calls to OfferService shall be idempotent. [-Wdeprecated-declarations]
2026-10-07T14:59:22.6032941Z   186 |             case static_cast<score::result::ErrorCode>(ComErrc::kServiceInstanceAlreadyOffered):
2026-10-07T14:59:22.6033793Z       |                                                                 ^
2026-10-07T14:59:22.6034928Z ./score/mw/com/impl/com_error.h:58:11: note: 'kServiceInstanceAlreadyOffered' has been explicitly marked deprecated here
2026-10-07T14:59:22.6036144Z    58 |         [[deprecated("Value has never been used. Calls to OfferService shall be idempotent.")]],
2026-10-07T14:59:22.6036742Z       |           ^
2026-10-07T14:59:22.6037049Z 1 warning generated.
2026-10-07T14:59:25.6964650Z INFO: From Compiling score/mw/com/test/move_semantics/skeleton_event/main_consumer_and_provider.cpp:
2026-10-07T14:59:25.6969702Z In file included from score/mw/com/test/move_semantics/skeleton_event/main_consumer_and_provider.cpp:13:
2026-10-07T14:59:25.6970655Z In file included from ./score/mw/com/runtime.h:24:
2026-10-07T14:59:25.6971384Z In file included from ./score/mw/com/mocking/i_runtime.h:17:
2026-10-07T14:59:25.6972121Z In file included from ./score/mw/com/types.h:24:
2026-10-07T14:59:25.6973123Z In file included from ./score/mw/com/impl/generic_proxy.h:18:
2026-10-07T14:59:25.6973860Z In file included from ./score/mw/com/impl/generic_proxy_event.h:18:
2026-10-07T14:59:25.6974576Z In file included from ./score/mw/com/impl/proxy_base.h:18:
2026-10-07T14:59:25.6975274Z In file included from ./score/mw/com/impl/handle_type.h:18:
2026-10-07T14:59:25.6976038Z In file included from ./score/mw/com/impl/instance_identifier.h:16:
2026-10-07T14:59:25.6977807Z ./score/mw/com/impl/com_error.h:186:65: warning: 'kServiceInstanceAlreadyOffered' is deprecated: Value has never been used. Calls to OfferService shall be idempotent. [-Wdeprecated-declarations]
2026-10-07T14:59:25.6979437Z   186 |             case static_cast<score::result::ErrorCode>(ComErrc::kServiceInstanceAlreadyOffered):
2026-10-07T14:59:25.6980312Z       |                                                                 ^
2026-10-07T14:59:25.6981409Z ./score/mw/com/impl/com_error.h:58:11: note: 'kServiceInstanceAlreadyOffered' has been explicitly marked deprecated here
2026-10-07T14:59:25.6982988Z    58 |         [[deprecated("Value has never been used. Calls to OfferService shall be idempotent.")]],
2026-10-07T14:59:25.6983591Z       |           ^
2026-10-07T14:59:25.6983912Z 1 warning generated.
2026-10-07T14:59:29.3595757Z INFO: From Compiling score/mw/com/test/move_semantics/proxy_method/main_consumer_and_provider.cpp:
2026-10-07T14:59:29.3597033Z In file included from score/mw/com/test/move_semantics/proxy_method/main_consumer_and_provider.cpp:13:
2026-10-07T14:59:29.3597881Z In file included from ./score/mw/com/runtime.h:24:
2026-10-07T14:59:29.3604515Z In file included from ./score/mw/com/mocking/i_runtime.h:17:
2026-10-07T14:59:29.3605288Z In file included from ./score/mw/com/types.h:24:
2026-10-07T14:59:29.3606699Z In file included from ./score/mw/com/impl/generic_proxy.h:18:
2026-10-07T14:59:29.3607469Z In file included from ./score/mw/com/impl/generic_proxy_event.h:18:
2026-10-07T14:59:29.3608201Z In file included from ./score/mw/com/impl/proxy_base.h:18:
2026-10-07T14:59:29.3608834Z In file included from ./score/mw/com/impl/handle_type.h:18:
2026-10-07T14:59:29.3609513Z In file included from ./score/mw/com/impl/instance_identifier.h:16:
2026-10-07T14:59:29.3610830Z ./score/mw/com/impl/com_error.h:186:65: warning: 'kServiceInstanceAlreadyOffered' is deprecated: Value has never been used. Calls to OfferService shall be idempotent. [-Wdeprecated-declarations]
2026-10-07T14:59:29.3612453Z   186 |             case static_cast<score::result::ErrorCode>(ComErrc::kServiceInstanceAlreadyOffered):
2026-10-07T14:59:29.3613071Z       |                                                                 ^
2026-10-07T14:59:29.3613879Z ./score/mw/com/impl/com_error.h:58:11: note: 'kServiceInstanceAlreadyOffered' has been explicitly marked deprecated here
2026-10-07T14:59:29.3614759Z    58 |         [[deprecated("Value has never been used. Calls to OfferService shall be idempotent.")]],
2026-10-07T14:59:29.3615376Z       |           ^
2026-10-07T14:59:29.3615704Z 1 warning generated.
2026-10-07T14:59:32.4642118Z [13,469 / 14,191] 120 / 514 tests; OCI Image //score/mw/com/test/move_semantics/skeleton_event/integration_test:_image_move_construct_offered_skeleton_different_process_test; 3s disk-cache, linux-sandbox ... (4 actions, 3 running)
2026-10-07T14:59:33.3023691Z INFO: From Compiling score/mw/com/test/move_semantics/proxy_method/consumer.cpp:
2026-10-07T14:59:33.3025510Z In file included from score/mw/com/test/move_semantics/proxy_method/consumer.cpp:13:
2026-10-07T14:59:33.3053369Z In file included from ./score/mw/com/test/move_semantics/proxy_method/consumer.h:16:
2026-10-07T14:59:33.3078383Z In file included from ./score/mw/com/test/move_semantics/proxy_method/test_parameters.h:16:
2026-10-07T14:59:33.3102570Z In file included from ./score/mw/com/types.h:24:
2026-10-07T14:59:33.3137352Z In file included from ./score/mw/com/impl/generic_proxy.h:18:
2026-10-07T14:59:33.3162717Z In file included from ./score/mw/com/impl/generic_proxy_event.h:18:
2026-10-07T14:59:33.3163919Z In file included from ./score/mw/com/impl/proxy_base.h:18:
2026-10-07T14:59:33.3192695Z In file included from ./score/mw/com/impl/handle_type.h:18:
2026-10-07T14:59:33.3220985Z In file included from ./score/mw/com/impl/instance_identifier.h:16:
2026-10-07T14:59:33.3250619Z ./score/mw/com/impl/com_error.h:186:65: warning: 'kServiceInstanceAlreadyOffered' is deprecated: Value has never been used. Calls to OfferService shall be idempotent. [-Wdeprecated-declarations]
2026-10-07T14:59:33.3283223Z   186 |             case static_cast<score::result::ErrorCode>(ComErrc::kServiceInstanceAlreadyOffered):
2026-10-07T14:59:33.3302894Z       |                                                                 ^
2026-10-07T14:59:33.3313126Z ./score/mw/com/impl/com_error.h:58:11: note: 'kServiceInstanceAlreadyOffered' has been explicitly marked deprecated here
2026-10-07T14:59:33.3342956Z    58 |         [[deprecated("Value has never been used. Calls to OfferService shall be idempotent.")]],
2026-10-07T14:59:33.3372457Z       |           ^
2026-10-07T14:59:33.3402490Z 1 warning generated.
2026-10-07T14:59:37.5193718Z INFO: From Compiling score/mw/com/test/move_semantics/proxy_method/provider.cpp:
2026-10-07T14:59:37.5216712Z In file included from score/mw/com/test/move_semantics/proxy_method/provider.cpp:13:
2026-10-07T14:59:37.5239234Z In file included from ./score/mw/com/test/move_semantics/proxy_method/provider.h:16:
2026-10-07T14:59:37.5279405Z In file included from ./score/mw/com/test/move_semantics/proxy_method/test_parameters.h:16:
2026-10-07T14:59:37.5288047Z In file included from ./score/mw/com/types.h:24:
2026-10-07T14:59:37.5288960Z In file included from ./score/mw/com/impl/generic_proxy.h:18:
2026-10-07T14:59:37.5289904Z In file included from ./score/mw/com/impl/generic_proxy_event.h:18:
2026-10-07T14:59:37.5291152Z In file included from ./score/mw/com/impl/proxy_base.h:18:
2026-10-07T14:59:37.5292236Z In file included from ./score/mw/com/impl/handle_type.h:18:
2026-10-07T14:59:37.5293390Z In file included from ./score/mw/com/impl/instance_identifier.h:16:
2026-10-07T14:59:37.5295348Z ./score/mw/com/impl/com_error.h:186:65: warning: 'kServiceInstanceAlreadyOffered' is deprecated: Value has never been used. Calls to OfferService shall be idempotent. [-Wdeprecated-declarations]
2026-10-07T14:59:37.5297181Z   186 |             case static_cast<score::result::ErrorCode>(ComErrc::kServiceInstanceAlreadyOffered):
2026-10-07T14:59:37.5297834Z       |                                                                 ^
2026-10-07T14:59:37.5298648Z ./score/mw/com/impl/com_error.h:58:11: note: 'kServiceInstanceAlreadyOffered' has been explicitly marked deprecated here
2026-10-07T14:59:37.5299528Z    58 |         [[deprecated("Value has never been used. Calls to OfferService shall be idempotent.")]],
2026-10-07T14:59:37.5300022Z       |           ^
2026-10-07T14:59:37.5300343Z 1 warning generated.
2026-10-07T14:59:40.6705041Z INFO: From Compiling score/mw/com/test/move_semantics/proxy_method/test_method_datatype.cpp:
2026-10-07T14:59:40.6706551Z In file included from score/mw/com/test/move_semantics/proxy_method/test_method_datatype.cpp:13:
2026-10-07T14:59:40.6707913Z In file included from ./score/mw/com/test/move_semantics/proxy_method/test_method_datatype.h:16:
2026-10-07T14:59:40.6714047Z In file included from ./score/mw/com/types.h:24:
2026-10-07T14:59:40.6714899Z In file included from ./score/mw/com/impl/generic_proxy.h:18:
2026-10-07T14:59:40.6715817Z In file included from ./score/mw/com/impl/generic_proxy_event.h:18:
2026-10-07T14:59:40.6716661Z In file included from ./score/mw/com/impl/proxy_base.h:18:
2026-10-07T14:59:40.6717674Z In file included from ./score/mw/com/impl/handle_type.h:18:
2026-10-07T14:59:40.6718555Z In file included from ./score/mw/com/impl/instance_identifier.h:16:
2026-10-07T14:59:40.6720485Z ./score/mw/com/impl/com_error.h:186:65: warning: 'kServiceInstanceAlreadyOffered' is deprecated: Value has never been used. Calls to OfferService shall be idempotent. [-Wdeprecated-declarations]
2026-10-07T14:59:40.6722667Z   186 |             case static_cast<score::result::ErrorCode>(ComErrc::kServiceInstanceAlreadyOffered):
2026-10-07T14:59:40.6723612Z       |                                                                 ^
2026-10-07T14:59:40.6724822Z ./score/mw/com/impl/com_error.h:58:11: note: 'kServiceInstanceAlreadyOffered' has been explicitly marked deprecated here
2026-10-07T14:59:40.6726263Z    58 |         [[deprecated("Value has never been used. Calls to OfferService shall be idempotent.")]],
2026-10-07T14:59:40.6726983Z       |           ^
2026-10-07T14:59:40.6727412Z 1 warning generated.
2026-10-07T14:59:42.9489861Z [13,507 / 14,200] 120 / 514 tests; OCI Image //score/mw/com/test/move_semantics/skeleton_event/integration_test:_image_move_assign_offered_skeleton_same_process_test; 2s disk-cache, linux-sandbox ... (4 actions, 3 running)
2026-10-07T14:59:44.9534628Z INFO: From Compiling score/mw/com/test/move_semantics/proxy_method/test_parameters.cpp:
2026-10-07T14:59:44.9536012Z In file included from score/mw/com/test/move_semantics/proxy_method/test_parameters.cpp:13:
2026-10-07T14:59:44.9537297Z In file included from ./score/mw/com/test/move_semantics/proxy_method/test_parameters.h:16:
2026-10-07T14:59:44.9538259Z In file included from ./score/mw/com/types.h:24:
2026-10-07T14:59:44.9539094Z In file included from ./score/mw/com/impl/generic_proxy.h:18:
2026-10-07T14:59:44.9540026Z In file included from ./score/mw/com/impl/generic_proxy_event.h:18:
2026-10-07T14:59:44.9540979Z In file included from ./score/mw/com/impl/proxy_base.h:18:
2026-10-07T14:59:44.9541809Z In file included from ./score/mw/com/impl/handle_type.h:18:
2026-10-07T14:59:44.9542878Z In file included from ./score/mw/com/impl/instance_identifier.h:16:
2026-10-07T14:59:44.9545109Z ./score/mw/com/impl/com_error.h:186:65: warning: 'kServiceInstanceAlreadyOffered' is deprecated: Value has never been used. Calls to OfferService shall be idempotent. [-Wdeprecated-declarations]
2026-10-07T14:59:44.9547295Z   186 |             case static_cast<score::result::ErrorCode>(ComErrc::kServiceInstanceAlreadyOffered):
2026-10-07T14:59:44.9548276Z       |                                                                 ^
2026-10-07T14:59:44.9549598Z ./score/mw/com/impl/com_error.h:58:11: note: 'kServiceInstanceAlreadyOffered' has been explicitly marked deprecated here
2026-10-07T14:59:44.9551059Z    58 |         [[deprecated("Value has never been used. Calls to OfferService shall be idempotent.")]],
2026-10-07T14:59:44.9551856Z       |           ^
2026-10-07T14:59:44.9552501Z 1 warning generated.
2026-10-07T14:59:49.2293822Z INFO: From Compiling score/mw/com/test/common_test_resources/sctf_test_runner.cpp:
2026-10-07T14:59:49.2294878Z In file included from score/mw/com/test/common_test_resources/sctf_test_runner.cpp:16:
2026-10-07T14:59:49.2295662Z In file included from ./score/mw/com/runtime.h:24:
2026-10-07T14:59:49.2296285Z In file included from ./score/mw/com/mocking/i_runtime.h:17:
2026-10-07T14:59:49.2296887Z In file included from ./score/mw/com/types.h:24:
2026-10-07T14:59:49.2297503Z In file included from ./score/mw/com/impl/generic_proxy.h:18:
2026-10-07T14:59:49.2298223Z In file included from ./score/mw/com/impl/generic_proxy_event.h:18:
2026-10-07T14:59:49.2298895Z In file included from ./score/mw/com/impl/proxy_base.h:18:
2026-10-07T14:59:49.2299510Z In file included from ./score/mw/com/impl/handle_type.h:18:
2026-10-07T14:59:49.2300183Z In file included from ./score/mw/com/impl/instance_identifier.h:16:
2026-10-07T14:59:49.2301870Z ./score/mw/com/impl/com_error.h:186:65: warning: 'kServiceInstanceAlreadyOffered' is deprecated: Value has never been used. Calls to OfferService shall be idempotent. [-Wdeprecated-declarations]
2026-10-07T14:59:49.2304419Z   186 |             case static_cast<score::result::ErrorCode>(ComErrc::kServiceInstanceAlreadyOffered):
2026-10-07T14:59:49.2305247Z       |                                                                 ^
2026-10-07T14:59:49.2306333Z ./score/mw/com/impl/com_error.h:58:11: note: 'kServiceInstanceAlreadyOffered' has been explicitly marked deprecated here
2026-10-07T14:59:49.2307770Z    58 |         [[deprecated("Value has never been used. Calls to OfferService shall be idempotent.")]],
2026-10-07T14:59:49.2308344Z       |           ^
2026-10-07T14:59:49.2308642Z 1 warning generated.
2026-10-07T14:59:54.0558447Z [13,539 / 14,204] 120 / 514 tests; OCI Image //score/mw/com/test/fields/field_initial_value/integration_test:_image_test_field_initial_value; 2s disk-cache, linux-sandbox ... (4 actions, 3 running)
2026-10-07T15:00:05.1373971Z [13,575 / 14,213] 120 / 514 tests; OCI Image //score/mw/com/test/move_semantics/proxy_method/integration_test:_image_move_assign_after_method_call_same_process_test; 1s disk-cache, linux-sandbox ... (4 actions, 3 running)
2026-10-07T15:00:10.4501464Z INFO: From Compiling score/mw/com/test/all_service_elements/main_consumer_and_provider.cpp:
2026-10-07T15:00:10.4502793Z In file included from score/mw/com/test/all_service_elements/main_consumer_and_provider.cpp:14:
2026-10-07T15:00:10.4503607Z In file included from ./score/mw/com/runtime.h:24:
2026-10-07T15:00:10.4504252Z In file included from ./score/mw/com/mocking/i_runtime.h:17:
2026-10-07T15:00:10.4505178Z In file included from ./score/mw/com/types.h:24:
2026-10-07T15:00:10.4505818Z In file included from ./score/mw/com/impl/generic_proxy.h:18:
2026-10-07T15:00:10.4506537Z In file included from ./score/mw/com/impl/generic_proxy_event.h:18:
2026-10-07T15:00:10.4507235Z In file included from ./score/mw/com/impl/proxy_base.h:18:
2026-10-07T15:00:10.4507936Z In file included from ./score/mw/com/impl/handle_type.h:18:
2026-10-07T15:00:10.4508828Z In file included from ./score/mw/com/impl/instance_identifier.h:16:
2026-10-07T15:00:10.4510773Z ./score/mw/com/impl/com_error.h:186:65: warning: 'kServiceInstanceAlreadyOffered' is deprecated: Value has never been used. Calls to OfferService shall be idempotent. [-Wdeprecated-declarations]
2026-10-07T15:00:10.4512534Z   186 |             case static_cast<score::result::ErrorCode>(ComErrc::kServiceInstanceAlreadyOffered):
2026-10-07T15:00:10.4513277Z       |                                                                 ^
2026-10-07T15:00:10.4514244Z ./score/mw/com/impl/com_error.h:58:11: note: 'kServiceInstanceAlreadyOffered' has been explicitly marked deprecated here
2026-10-07T15:00:10.4515324Z    58 |         [[deprecated("Value has never been used. Calls to OfferService shall be idempotent.")]],
2026-10-07T15:00:10.4515853Z       |           ^
2026-10-07T15:00:10.4516126Z 1 warning generated.
2026-10-07T15:00:11.6868310Z INFO: From Compiling score/mw/com/test/common_test_resources/sample_sender_receiver.cpp:
2026-10-07T15:00:11.6874059Z In file included from score/mw/com/test/common_test_resources/sample_sender_receiver.cpp:14:
2026-10-07T15:00:11.6894186Z In file included from ./score/mw/com/test/common_test_resources/sample_sender_receiver.h:18:
2026-10-07T15:00:11.6913096Z In file included from ./score/mw/com/runtime.h:24:
2026-10-07T15:00:11.6913907Z In file included from ./score/mw/com/mocking/i_runtime.h:17:
2026-10-07T15:00:11.6914615Z In file included from ./score/mw/com/types.h:24:
2026-10-07T15:00:11.6915352Z In file included from ./score/mw/com/impl/generic_proxy.h:18:
2026-10-07T15:00:11.6916176Z In file included from ./score/mw/com/impl/generic_proxy_event.h:18:
2026-10-07T15:00:11.6916950Z In file included from ./score/mw/com/impl/proxy_base.h:18:
2026-10-07T15:00:11.6917662Z In file included from ./score/mw/com/impl/handle_type.h:18:
2026-10-07T15:00:11.6918617Z In file included from ./score/mw/com/impl/instance_identifier.h:16:
2026-10-07T15:00:11.6920276Z ./score/mw/com/impl/com_error.h:186:65: warning: 'kServiceInstanceAlreadyOffered' is deprecated: Value has never been used. Calls to OfferService shall be idempotent. [-Wdeprecated-declarations]
2026-10-07T15:00:11.6922340Z   186 |             case static_cast<score::result::ErrorCode>(ComErrc::kServiceInstanceAlreadyOffered):
2026-10-07T15:00:11.6923328Z       |                                                                 ^
2026-10-07T15:00:11.6924871Z ./score/mw/com/impl/com_error.h:58:11: note: 'kServiceInstanceAlreadyOffered' has been explicitly marked deprecated here
2026-10-07T15:00:11.6926294Z    58 |         [[deprecated("Value has never been used. Calls to OfferService shall be idempotent.")]],
2026-10-07T15:00:11.6927034Z       |           ^
2026-10-07T15:00:11.6927493Z 1 warning generated.
2026-10-07T15:00:16.1251622Z [13,602 / 14,218] 120 / 514 tests; Compiling score/mw/com/test/all_service_elements/consumer.cpp; 5s disk-cache, linux-sandbox ... (4 actions, 3 running)
2026-10-07T15:00:17.1779885Z INFO: From Compiling score/mw/com/test/all_service_elements/consumer.cpp:
2026-10-07T15:00:17.1798320Z In file included from score/mw/com/test/all_service_elements/consumer.cpp:15:
2026-10-07T15:00:17.1823799Z In file included from ./score/mw/com/test/all_service_elements/all_service_elements_datatype.h:16:
2026-10-07T15:00:17.1848950Z In file included from ./score/mw/com/types.h:24:
2026-10-07T15:00:17.1850082Z In file included from ./score/mw/com/impl/generic_proxy.h:18:
2026-10-07T15:00:17.1851280Z In file included from ./score/mw/com/impl/generic_proxy_event.h:18:
2026-10-07T15:00:17.1852648Z In file included from ./score/mw/com/impl/proxy_base.h:18:
2026-10-07T15:00:17.1868792Z In file included from ./score/mw/com/impl/handle_type.h:18:
2026-10-07T15:00:17.1872764Z In file included from ./score/mw/com/impl/instance_identifier.h:16:
2026-10-07T15:00:17.1874846Z ./score/mw/com/impl/com_error.h:186:65: warning: 'kServiceInstanceAlreadyOffered' is deprecated: Value has never been used. Calls to OfferService shall be idempotent. [-Wdeprecated-declarations]
2026-10-07T15:00:17.1877072Z   186 |             case static_cast<score::result::ErrorCode>(ComErrc::kServiceInstanceAlreadyOffered):
2026-10-07T15:00:17.1878468Z       |                                                                 ^
2026-10-07T15:00:17.1889735Z ./score/mw/com/impl/com_error.h:58:11: note: 'kServiceInstanceAlreadyOffered' has been explicitly marked deprecated here
2026-10-07T15:00:17.1891552Z    58 |         [[deprecated("Value has never been used. Calls to OfferService shall be idempotent.")]],
2026-10-07T15:00:17.1892533Z       |           ^
2026-10-07T15:00:17.1892854Z 1 warning generated.
2026-10-07T15:00:26.8455474Z [13,639 / 14,225] 120 / 514 tests; OCI Image //score/mw/com/test/fields/getter_setter_if_available/integration_test:_image_test_getter_only_same_process; 2s disk-cache, linux-sandbox ... (4 actions, 3 running)
2026-10-07T15:00:35.6093736Z INFO: From Compiling score/mw/com/test/multiple_proxies/multiple_proxies_application.cpp:
2026-10-07T15:00:35.6097509Z In file included from score/mw/com/test/multiple_proxies/multiple_proxies_application.cpp:16:
2026-10-07T15:00:35.6098880Z In file included from ./score/mw/com/test/common_test_resources/sample_sender_receiver.h:18:
2026-10-07T15:00:35.6113179Z In file included from ./score/mw/com/runtime.h:24:
2026-10-07T15:00:35.6114122Z In file included from ./score/mw/com/mocking/i_runtime.h:17:
2026-10-07T15:00:35.6114915Z In file included from ./score/mw/com/types.h:24:
2026-10-07T15:00:35.6115698Z In file included from ./score/mw/com/impl/generic_proxy.h:18:
2026-10-07T15:00:35.6116749Z In file included from ./score/mw/com/impl/generic_proxy_event.h:18:
2026-10-07T15:00:35.6117566Z In file included from ./score/mw/com/impl/proxy_base.h:18:
2026-10-07T15:00:35.6118320Z In file included from ./score/mw/com/impl/handle_type.h:18:
2026-10-07T15:00:35.6119167Z In file included from ./score/mw/com/impl/instance_identifier.h:16:
2026-10-07T15:00:35.6121111Z ./score/mw/com/impl/com_error.h:186:65: warning: 'kServiceInstanceAlreadyOffered' is deprecated: Value has never been used. Calls to OfferService shall be idempotent. [-Wdeprecated-declarations]
2026-10-07T15:00:35.6123874Z   186 |             case static_cast<score::result::ErrorCode>(ComErrc::kServiceInstanceAlreadyOffered):
2026-10-07T15:00:35.6124814Z       |                                                                 ^
2026-10-07T15:00:35.6126340Z ./score/mw/com/impl/com_error.h:58:11: note: 'kServiceInstanceAlreadyOffered' has been explicitly marked deprecated here
2026-10-07T15:00:35.6127899Z    58 |         [[deprecated("Value has never been used. Calls to OfferService shall be idempotent.")]],
2026-10-07T15:00:35.6128648Z       |           ^
2026-10-07T15:00:35.6129113Z 1 warning generated.
2026-10-07T15:00:37.0967615Z [13,666 / 14,230] 120 / 514 tests; OCI Image //score/mw/com/test/partial_restart/proxy_restart_shall_not_affect_other_proxies/integration_test:_image_proxy_restart_shall_not_affect_other_proxies_graceful; 4s disk-cache, linux-sandbox ... (4 actions, 3 running)
2026-10-07T15:00:47.1437306Z [13,702 / 14,237] 120 / 514 tests; OCI Image //score/mw/com/test/fields/set_and_get_and_notifier/integration_test:_image_test_set_and_notifier_different_process; 1s disk-cache, linux-sandbox ... (4 actions, 3 running)
2026-10-07T15:00:57.2105416Z [13,734 / 14,243] 120 / 514 tests; OCI Image //score/mw/com/test/fields/set_and_get_and_notifier/integration_test:_image_test_get_different_process; 3s disk-cache, linux-sandbox ... (4 actions, 3 running)
2026-10-07T15:01:07.2145340Z [13,769 / 14,252] 120 / 514 tests; Linking score/mw/com/test/methods/non_trivial_constructors/main_provider; 1s disk-cache, linux-sandbox ... (4 actions, 3 running)
2026-10-07T15:01:09.0894694Z INFO: From Compiling score/mw/com/test/all_service_elements/all_service_elements_datatype.cpp:
2026-10-07T15:01:09.0933521Z In file included from score/mw/com/test/all_service_elements/all_service_elements_datatype.cpp:14:
2026-10-07T15:01:09.0945377Z In file included from ./score/mw/com/test/all_service_elements/all_service_elements_datatype.h:16:
2026-10-07T15:01:09.0954268Z In file included from ./score/mw/com/types.h:24:
2026-10-07T15:01:09.0955806Z In file included from ./score/mw/com/impl/generic_proxy.h:18:
2026-10-07T15:01:09.0956994Z In file included from ./score/mw/com/impl/generic_proxy_event.h:18:
2026-10-07T15:01:09.0957947Z In file included from ./score/mw/com/impl/proxy_base.h:18:
2026-10-07T15:01:09.0959067Z In file included from ./score/mw/com/impl/handle_type.h:18:
2026-10-07T15:01:09.0960101Z In file included from ./score/mw/com/impl/instance_identifier.h:16:
2026-10-07T15:01:09.0962521Z ./score/mw/com/impl/com_error.h:186:65: warning: 'kServiceInstanceAlreadyOffered' is deprecated: Value has never been used. Calls to OfferService shall be idempotent. [-Wdeprecated-declarations]
2026-10-07T15:01:09.0964791Z   186 |             case static_cast<score::result::ErrorCode>(ComErrc::kServiceInstanceAlreadyOffered):
2026-10-07T15:01:09.0966080Z       |                                                                 ^
2026-10-07T15:01:09.0967440Z ./score/mw/com/impl/com_error.h:58:11: note: 'kServiceInstanceAlreadyOffered' has been explicitly marked deprecated here
2026-10-07T15:01:09.0969122Z    58 |         [[deprecated("Value has never been used. Calls to OfferService shall be idempotent.")]],
2026-10-07T15:01:09.0970050Z       |           ^
2026-10-07T15:01:09.0970554Z 1 warning generated.
2026-10-07T15:01:12.1256660Z INFO: From Compiling score/mw/com/test/all_service_elements/test_constants.cpp:
2026-10-07T15:01:12.1259509Z In file included from score/mw/com/test/all_service_elements/test_constants.cpp:14:
2026-10-07T15:01:12.1260983Z In file included from ./score/mw/com/test/all_service_elements/test_constants.h:17:
2026-10-07T15:01:12.1262649Z In file included from ./score/mw/com/test/all_service_elements/all_service_elements_datatype.h:16:
2026-10-07T15:01:12.1263548Z In file included from ./score/mw/com/types.h:24:
2026-10-07T15:01:12.1264382Z In file included from ./score/mw/com/impl/generic_proxy.h:18:
2026-10-07T15:01:12.1265327Z In file included from ./score/mw/com/impl/generic_proxy_event.h:18:
2026-10-07T15:01:12.1266121Z In file included from ./score/mw/com/impl/proxy_base.h:18:
2026-10-07T15:01:12.1266962Z In file included from ./score/mw/com/impl/handle_type.h:18:
2026-10-07T15:01:12.1267858Z In file included from ./score/mw/com/impl/instance_identifier.h:16:
2026-10-07T15:01:12.1269994Z ./score/mw/com/impl/com_error.h:186:65: warning: 'kServiceInstanceAlreadyOffered' is deprecated: Value has never been used. Calls to OfferService shall be idempotent. [-Wdeprecated-declarations]
2026-10-07T15:01:12.1271782Z   186 |             case static_cast<score::result::ErrorCode>(ComErrc::kServiceInstanceAlreadyOffered):
2026-10-07T15:01:12.1272985Z       |                                                                 ^
2026-10-07T15:01:12.1274242Z ./score/mw/com/impl/com_error.h:58:11: note: 'kServiceInstanceAlreadyOffered' has been explicitly marked deprecated here
2026-10-07T15:01:12.1275635Z    58 |         [[deprecated("Value has never been used. Calls to OfferService shall be idempotent.")]],
2026-10-07T15:01:12.1276483Z       |           ^
2026-10-07T15:01:12.1276932Z 1 warning generated.
2026-10-07T15:01:18.2206663Z [13,794 / 14,256] 120 / 514 tests; OCI Image //score/mw/com/test/fields/getter_setter_if_available/integration_test:_image_test_getter_only_different_process; 5s disk-cache, linux-sandbox ... (4 actions, 3 running)
2026-10-07T15:01:18.2757815Z INFO: From Compiling score/mw/com/test/all_service_elements/provider.cpp:
2026-10-07T15:01:18.2758845Z In file included from score/mw/com/test/all_service_elements/provider.cpp:15:
2026-10-07T15:01:18.2759931Z In file included from ./score/mw/com/test/all_service_elements/all_service_elements_datatype.h:16:
2026-10-07T15:01:18.2760769Z In file included from ./score/mw/com/types.h:24:
2026-10-07T15:01:18.2761452Z In file included from ./score/mw/com/impl/generic_proxy.h:18:
2026-10-07T15:01:18.2762344Z In file included from ./score/mw/com/impl/generic_proxy_event.h:18:
2026-10-07T15:01:18.2763098Z In file included from ./score/mw/com/impl/proxy_base.h:18:
2026-10-07T15:01:18.2763792Z In file included from ./score/mw/com/impl/handle_type.h:18:
2026-10-07T15:01:18.2764836Z In file included from ./score/mw/com/impl/instance_identifier.h:16:
2026-10-07T15:01:18.2766602Z ./score/mw/com/impl/com_error.h:186:65: warning: 'kServiceInstanceAlreadyOffered' is deprecated: Value has never been used. Calls to OfferService shall be idempotent. [-Wdeprecated-declarations]
2026-10-07T15:01:18.2768287Z   186 |             case static_cast<score::result::ErrorCode>(ComErrc::kServiceInstanceAlreadyOffered):
2026-10-07T15:01:18.2769191Z       |                                                                 ^
2026-10-07T15:01:18.2770372Z ./score/mw/com/impl/com_error.h:58:11: note: 'kServiceInstanceAlreadyOffered' has been explicitly marked deprecated here
2026-10-07T15:01:18.2771699Z    58 |         [[deprecated("Value has never been used. Calls to OfferService shall be idempotent.")]],
2026-10-07T15:01:18.2772766Z       |           ^
2026-10-07T15:01:18.2773093Z 1 warning generated.
2026-10-07T15:01:28.2365567Z [13,837 / 14,265] 124 / 514 tests; OCI Image //score/mw/com/test/all_service_elements/integration_test:_image_all_service_elements_same_process_test; 2s disk-cache, linux-sandbox ... (4 actions, 3 running)
2026-10-07T15:01:38.5018095Z [13,887 / 14,269] 153 / 514 tests; Testing //score/memory/shared/test/dynamic_array_in_shm_test:dynamic_array_in_shm_test; 4s disk-cache, linux-sandbox ... (4 actions, 3 running)
2026-10-07T15:01:48.5026395Z [13,914 / 14,273] 161 / 514 tests; Testing //score/mw/com/test/methods/basic_acceptance_test/integration_test:basic_acceptance_different_processes_test; 7s disk-cache, linux-sandbox ... (4 actions, 3 running)
2026-10-07T15:01:58.5108559Z [13,948 / 14,276] 183 / 514 tests; OCI Image //score/mw/com/test/methods/edge_cases_test/integration_test:_image_proxy_recreation_test; 3s disk-cache, linux-sandbox ... (4 actions running)
2026-10-07T15:02:08.5613897Z [13,982 / 14,280] 206 / 514 tests; Testing //score/mw/com/test/fields/mixed_criticality/integration_test:asilb_consumer_asilb_provider_test; 3s disk-cache, linux-sandbox ... (4 actions running)
2026-10-07T15:02:19.6750187Z [14,023 / 14,280] 246 / 514 tests; Testing //quality/integration_testing/test:test_hello_world; 4s disk-cache, linux-sandbox ... (4 actions running)
2026-10-07T15:02:29.6764867Z [14,036 / 14,280] 259 / 514 tests; Testing //score/mw/com/test/basic_rust_api/consumer_async_apis/integration_test:test_com_api_async; 14s disk-cache, linux-sandbox ... (4 actions running)
2026-10-07T15:02:41.4926466Z [14,049 / 14,280] 272 / 514 tests; Testing //score/mw/com/test/basic_rust_api/consumer_async_apis/integration_test:test_com_api_async; 26s disk-cache, linux-sandbox ... (4 actions running)
2026-10-07T15:02:51.5272362Z [14,079 / 14,280] 303 / 514 tests; Testing //score/mw/com/impl/bindings/lola/service_discovery:flag_file_test; 0s disk-cache, linux-sandbox ... (4 actions running)
2026-10-07T15:03:02.0561335Z [14,164 / 14,280] 388 / 514 tests; Testing //score/mw/com/impl/bindings/lola/messaging:message_passing_service_instance_test; 6s disk-cache, linux-sandbox ... (4 actions running)
2026-10-07T15:03:12.0587901Z [14,185 / 14,280] 408 / 514 tests; Testing //score/mw/com/impl/bindings/lola/messaging:message_passing_service_instance_test; 16s disk-cache, linux-sandbox ... (4 actions, 3 running)
2026-10-07T15:03:22.1184942Z [14,194 / 14,280] 418 / 514 tests; Testing //score/mw/com/test/loading_add_on_configuration/integration_test:test_add_on_loading; 9s disk-cache, linux-sandbox ... (4 actions running)
2026-10-07T15:03:32.9285122Z [14,196 / 14,280] 420 / 514 tests; Testing //score/mw/com/test/loading_add_on_configuration/integration_test:test_add_on_loading; 20s disk-cache, linux-sandbox ... (4 actions running)
2026-10-07T15:03:44.0875655Z [14,205 / 14,280] 429 / 514 tests; Testing //score/mw/com/test/loading_add_on_configuration/integration_test:test_add_on_loading; 31s disk-cache, linux-sandbox ... (4 actions running)
2026-10-07T15:03:55.5208845Z [14,209 / 14,280] 432 / 514 tests; Testing //score/mw/com/test/partial_restart/checks_number_of_allocations/integration_test:check_number_of_allocations; 11s disk-cache, linux-sandbox ... (4 actions running)
2026-10-07T15:04:05.5980339Z [14,217 / 14,280] 440 / 514 tests; Testing //score/mw/com/test/move_semantics/skeleton_method/integration_test:move_assign_after_offered_skeleton_different_process_test; 1s disk-cache, linux-sandbox ... (4 actions, 3 running)
2026-10-07T15:04:16.1015989Z [14,219 / 14,280] 443 / 514 tests; Testing //score/mw/com/test/unsubscribe_deadlock/integration_test:unsubscribe_deadlock; 11s disk-cache, linux-sandbox ... (4 actions running)
2026-10-07T15:04:29.4926739Z [14,223 / 14,280] 447 / 514 tests; Testing //score/mw/com/test/partial_restart/consumer_restart/integration_test:consumer_restart_kill; 13s disk-cache, linux-sandbox ... (4 actions running)
2026-10-07T15:04:39.6869704Z [14,226 / 14,280] 449 / 514 tests; Testing //score/mw/com/test/data_slots_read_only/integration_test:data_slots_read_only; 19s disk-cache, linux-sandbox ... (4 actions running)
2026-10-07T15:04:49.6850605Z [14,231 / 14,280] 454 / 514 tests; Testing //score/mw/com/test/data_slots_read_only/integration_test:data_slots_read_only; 29s disk-cache, linux-sandbox ... (4 actions running)
2026-10-07T15:04:59.7285942Z [14,234 / 14,280] 457 / 514 tests; Testing //score/mw/com/test/data_slots_read_only/integration_test:data_slots_read_only; 39s disk-cache, linux-sandbox ... (4 actions running)
2026-10-07T15:05:09.7042363Z [14,237 / 14,280] 461 / 514 tests; Testing //score/mw/com/test/data_slots_read_only/integration_test:data_slots_read_only; 49s disk-cache, linux-sandbox ... (4 actions running)
2026-10-07T15:05:25.2345640Z [14,240 / 14,280] 464 / 514 tests; Testing //score/mw/com/test/data_slots_read_only/integration_test:data_slots_read_only; 65s disk-cache, linux-sandbox ... (4 actions running)
2026-10-07T15:05:36.4198131Z [14,243 / 14,280] 467 / 514 tests; Testing //score/mw/com/test/data_slots_read_only/integration_test:data_slots_read_only; 76s disk-cache, linux-sandbox ... (4 actions running)
2026-10-07T15:05:48.5785165Z [14,248 / 14,280] 472 / 514 tests; Testing //score/mw/com/test/generic_skeleton/integration_test:test_generic_generic_interaction; 34s disk-cache, linux-sandbox ... (4 actions running)
2026-10-07T15:05:59.6868311Z [14,254 / 14,280] 477 / 514 tests; Testing //score/mw/com/test/generic_skeleton/integration_test:test_generic_generic_interaction; 45s disk-cache, linux-sandbox ... (4 actions running)
2026-10-07T15:06:09.6871291Z [14,259 / 14,280] 482 / 514 tests; Testing //score/mw/com/test/partial_restart/provider_restart/integration_test:provider_restart_kill; 8s disk-cache, linux-sandbox ... (4 actions running)
2026-10-07T15:06:19.7725937Z [14,263 / 14,280] 486 / 514 tests; Testing //score/mw/com/test/receive_handler_unsubscribe/integration_test:receive_handler_unsubscribe; 6s disk-cache, linux-sandbox ... (4 actions running)
2026-10-07T15:06:29.7903778Z [14,268 / 14,280] 491 / 514 tests; Testing //score/mw/com/test/receive_handler_unsubscribe/integration_test:receive_handler_unsubscribe; 16s disk-cache, linux-sandbox ... (4 actions running)
2026-10-07T15:06:40.1241482Z [14,274 / 14,280] 498 / 514 tests; Testing //score/mw/com/test/fields/set_and_get_and_notifier/integration_test:test_notifier_same_process; 5s disk-cache, linux-sandbox ... (4 actions running)
2026-10-07T15:06:48.7277236Z INFO: Found 514 test targets...
2026-10-07T15:06:49.2122910Z INFO: Elapsed time: 1989.507s, Critical Path: 245.71s
2026-10-07T15:06:49.2124281Z INFO: 14283 processes: 6130 internal, 8133 linux-sandbox, 16 local, 4 worker.
2026-10-07T15:06:49.2130795Z INFO: Build completed successfully, 14283 total actions
2026-10-07T15:06:49.2433265Z //quality/integration_testing/environments/dual_qemu/example_xvm:test_lib_memory_ivshmem_xvm SKIPPED
2026-10-07T15:06:49.2434449Z //score/memory/shared/typedshm/typedshm_wrapper:typed_memory_test       SKIPPED
2026-10-07T15:06:49.2435429Z //score/message_passing:qnx_dispatch_test                               SKIPPED
2026-10-07T15:06:49.2436457Z //score/mw/com/example/com-api-example:com-api-example-tokio-integration-test SKIPPED
2026-10-07T15:06:49.2437935Z //score/mw/com/gateway/transport_layer/qemu/test/integration_test:test_qemu_transport SKIPPED
2026-10-07T15:06:49.2439020Z //score/mw/com/impl/plumbing/rust:sample_allocatee_ptr_test_rs_qnx      SKIPPED
2026-10-07T15:06:49.2439970Z //score/mw/com/impl/plumbing/rust:sample_ptr_test_rs_qnx                SKIPPED
2026-10-07T15:06:49.2440957Z //score/mw/com/rust/score_com_concept:score_com_concept-macros-unit-tests_qnx SKIPPED
2026-10-07T15:06:49.2442109Z //:format_test_C++_with_clang-format                                     PASSED in 34.8s
2026-10-07T15:06:49.2443091Z //:format_test_Python_with_ruff                                          PASSED in 0.4s
2026-10-07T15:06:49.2443833Z //:format_test_Rust_with_rustfmt                                         PASSED in 1.2s
2026-10-07T15:06:49.2444636Z //:format_test_Starlark_with_buildifier                                  PASSED in 0.7s
2026-10-07T15:06:49.2445620Z //:pip_requirements.test                                                 PASSED in 24.3s
2026-10-07T15:06:49.2446513Z //:sync_skills.check                                                     PASSED in 0.1s
2026-10-07T15:06:49.2447456Z //bazel/tools:invalid_schema_and_valid_json_test                         PASSED in 0.1s
2026-10-07T15:06:49.2448452Z //bazel/tools:valid_schema_and_valid_json_test                           PASSED in 0.0s
2026-10-07T15:06:49.2449691Z //bazel/tools:valid_schema_with_disabled_additional_props_and_valid_json_with_extra_property_test PASSED in 0.1s
2026-10-07T15:06:49.2450898Z //bazel/tools:valid_schema_with_enabled_additional_props_and_valid_json_test PASSED in 0.0s
2026-10-07T15:06:49.2452102Z //quality/api_surface/tests:all_private_api_test                         PASSED in 0.1s
2026-10-07T15:06:49.2453121Z //quality/api_surface/tests:api_extraction_validation_test               PASSED in 0.1s
2026-10-07T15:06:49.2453916Z //quality/api_surface/tests:basic_class_api_test                         PASSED in 0.1s
2026-10-07T15:06:49.2454493Z //quality/api_surface/tests:constexpr_members_api_test                   PASSED in 0.2s
2026-10-07T15:06:49.2455309Z //quality/api_surface/tests:cpp_attributes_api_test                      PASSED in 0.1s
2026-10-07T15:06:49.2459323Z //quality/api_surface/tests:enum_and_free_functions_api_test             PASSED in 0.1s
2026-10-07T15:06:49.2464032Z //quality/api_surface/tests:extern_c_api_test                            PASSED in 0.3s
2026-10-07T15:06:49.2466955Z //quality/api_surface/tests:extern_explicit_api_test                     PASSED in 0.1s
2026-10-07T15:06:49.2470166Z //quality/api_surface/tests:extract_api_test                             PASSED in 18.8s
2026-10-07T15:06:49.2472285Z //quality/api_surface/tests:forward_declared_api_test                    PASSED in 0.1s
2026-10-07T15:06:49.2474350Z //quality/api_surface/tests:globals_api_test                             PASSED in 0.1s
2026-10-07T15:06:49.2476583Z //quality/api_surface/tests:inheritance_api_test                         PASSED in 0.1s
2026-10-07T15:06:49.2478981Z //quality/api_surface/tests:internal_namespace_api_test                  PASSED in 0.1s
2026-10-07T15:06:49.2482400Z //quality/api_surface/tests:member_function_templates_api_test           PASSED in 0.1s
2026-10-07T15:06:49.2485379Z //quality/api_surface/tests:multi_inheritance_api_test                   PASSED in 0.1s
2026-10-07T15:06:49.2495362Z //quality/api_surface/tests:private_changes_api_test                     PASSED in 0.1s
2026-10-07T15:06:49.2498137Z //quality/api_surface/tests:private_changes_v2_api_test                  PASSED in 0.1s
2026-10-07T15:06:49.2501097Z //quality/api_surface/tests:protected_methods_api_test                   PASSED in 0.1s
2026-10-07T15:06:49.2504124Z //quality/api_surface/tests:ref_qualifiers_api_test                      PASSED in 0.1s
2026-10-07T15:06:49.2507069Z //quality/api_surface/tests:result_type_regression_api_test              PASSED in 0.1s
2026-10-07T15:06:49.2509462Z //quality/api_surface/tests:sfinae_api_test                              PASSED in 0.1s
2026-10-07T15:06:49.2511634Z //quality/api_surface/tests:template_alias_api_test                      PASSED in 0.1s
2026-10-07T15:06:49.2513764Z //quality/api_surface/tests:test_diff_api                                PASSED in 0.2s
2026-10-07T15:06:49.2517659Z //quality/api_surface/tests:type_alias_api_test                          PASSED in 0.1s
2026-10-07T15:06:49.2520327Z //quality/api_surface/tests:types_in_signatures_api_test                 PASSED in 0.1s
2026-10-07T15:06:49.2522830Z //quality/compiler_warnings/test:fail_cast_qual_build_error_test         PASSED in 0.0s
2026-10-07T15:06:49.2526600Z //quality/compiler_warnings/test:fail_conversion_build_error_test        PASSED in 0.1s
2026-10-07T15:06:49.2529297Z //quality/compiler_warnings/test:fail_delete_non_virtual_dtor_build_error_test PASSED in 0.1s
2026-10-07T15:06:49.2532803Z //quality/compiler_warnings/test:fail_overloaded_virtual_build_error_test PASSED in 0.0s
2026-10-07T15:06:49.2537911Z //quality/compiler_warnings/test:fail_shadow_build_error_test            PASSED in 0.0s
2026-10-07T15:06:49.2540855Z //quality/compiler_warnings/test:fail_sign_compare_build_error_test      PASSED in 0.1s
2026-10-07T15:06:49.2543488Z //quality/compiler_warnings/test:fail_undef_build_error_test             PASSED in 0.1s
2026-10-07T15:06:49.2546276Z //quality/compiler_warnings/test:fp_build_test                           PASSED in 0.1s
2026-10-07T15:06:49.2547263Z //quality/compiler_warnings/test:tp_build_test                           PASSED in 0.0s
2026-10-07T15:06:49.2549873Z //quality/dashboard:generate_dashboard_test                              PASSED in 0.3s
2026-10-07T15:06:49.2552495Z //quality/dependency_compatibility_checker/tests:test_config_schema      PASSED in 0.2s
2026-10-07T15:06:49.2555422Z //quality/dependency_compatibility_checker/tests:test_generate_matrix    PASSED in 0.2s
2026-10-07T15:06:49.2557870Z //quality/dependency_compatibility_checker/tests:test_generate_report    PASSED in 0.3s
2026-10-07T15:06:49.2560884Z //quality/dependency_compatibility_checker/tests:test_module_rewriter    PASSED in 0.2s
2026-10-07T15:06:49.2562367Z //quality/integration_testing/test:test_hello_world                      PASSED in 12.8s
2026-10-07T15:06:49.2571329Z //quality/scripts:flaky_reports_test                                     PASSED in 0.2s
2026-10-07T15:06:49.2577390Z //quality/visibility_guard:visibility_guard_test                         PASSED in 27.0s
2026-10-07T15:06:49.2583297Z //score/memory/shared:containers_compatibility_test                      PASSED in 0.1s
2026-10-07T15:06:49.2589517Z //score/memory/shared:lock_file_test                                     PASSED in 0.3s
2026-10-07T15:06:49.2592459Z //score/memory/shared:managed_memory_resource_test                       PASSED in 0.2s
2026-10-07T15:06:49.2595296Z //score/memory/shared:map_test                                           PASSED in 0.2s
2026-10-07T15:06:49.2596264Z //score/memory/shared:memory_region_bounds_test                          PASSED in 0.1s
2026-10-07T15:06:49.2599085Z //score/memory/shared:memory_region_map_test                             PASSED in 1.6s
2026-10-07T15:06:49.2602548Z //score/memory/shared:memory_resource_proxy_test                         PASSED in 0.2s
2026-10-07T15:06:49.2605976Z //score/memory/shared:memory_resource_registry_test                      PASSED in 0.3s
2026-10-07T15:06:49.2615897Z //score/memory/shared:new_delete_delegate_resource_test                  PASSED in 0.7s
2026-10-07T15:06:49.2617264Z //score/memory/shared:pointer_arithmetic_util_calculate_aligned_size_test PASSED in 0.1s
2026-10-07T15:06:49.2628514Z //score/memory/shared:pointer_arithmetic_util_precondition_violation_test PASSED in 0.1s
2026-10-07T15:06:49.2629884Z //score/memory/shared:polymorphic_offset_ptr_allocator_test              PASSED in 0.2s
2026-10-07T15:06:49.2633039Z //score/memory/shared:shared_memory_error_test                           PASSED in 0.1s
2026-10-07T15:06:49.2663167Z //score/memory/shared:shared_memory_factory_test                         PASSED in 0.3s
2026-10-07T15:06:49.2666056Z //score/memory/shared:shared_memory_resource_allocate_test               PASSED in 0.2s
2026-10-07T15:06:49.2668873Z //score/memory/shared:shared_memory_resource_create_anonymous_test       PASSED in 0.2s
2026-10-07T15:06:49.2671320Z //score/memory/shared:shared_memory_resource_create_or_open_test         PASSED in 0.2s
2026-10-07T15:06:49.2674249Z //score/memory/shared:shared_memory_resource_create_test                 PASSED in 0.2s
2026-10-07T15:06:49.2675513Z //score/memory/shared:shared_memory_resource_misc_test                   PASSED in 0.2s
2026-10-07T15:06:49.2678366Z //score/memory/shared:shared_memory_resource_open_test                   PASSED in 0.9s
2026-10-07T15:06:49.2681231Z //score/memory/shared:string_test                                        PASSED in 0.1s
2026-10-07T15:06:49.2702380Z //score/memory/shared:vector_test                                        PASSED in 0.2s
2026-10-07T15:06:49.2705209Z //score/memory/shared/flock:unit_test                                    PASSED in 0.2s
2026-10-07T15:06:49.2706506Z //score/memory/shared/sealedshm/sealedshm_wrapper:unit_test              PASSED in 0.1s
2026-10-07T15:06:49.2734547Z //score/memory/shared/test/dynamic_array_in_shm_test:dynamic_array_in_shm_test PASSED in 11.7s
2026-10-07T15:06:49.2737166Z //score/memory/shared/test/test_offset_ptr:offset_ptr_precondition_violation_test PASSED in 0.5s
2026-10-07T15:06:49.2739991Z //score/memory/shared/test/test_offset_ptr:offset_ptr_test               PASSED in 0.4s
2026-10-07T15:06:49.2741338Z //score/memory/shared/test/test_offset_ref:offset_ref_precondition_violation_test PASSED in 0.1s
2026-10-07T15:06:49.2744384Z //score/memory/shared/test/test_offset_ref:offset_ref_test               PASSED in 0.2s
2026-10-07T15:06:49.2747277Z //score/message_passing:client_connection_test                           PASSED in 0.4s
2026-10-07T15:06:49.2751722Z //score/message_passing:qnx_resource_path_test                           PASSED in 0.1s
2026-10-07T15:06:49.2754641Z //score/message_passing:timed_command_queue_test                         PASSED in 0.1s
2026-10-07T15:06:49.2755833Z //score/message_passing:unix_domain_test                                 PASSED in 0.8s
2026-10-07T15:06:49.2759001Z //score/message_passing/dependability/assumed_system:aous_test           PASSED in 0.2s
2026-10-07T15:06:49.2762135Z //score/message_passing/dependability/assumed_system:assumed_system_requirements_test PASSED in 0.2s
2026-10-07T15:06:49.2764613Z //score/message_passing/dependability/requirements:component_requirements_test PASSED in 0.2s
2026-10-07T15:06:49.2767459Z //score/message_passing/dependability/requirements:feature_requirements_test PASSED in 0.3s
2026-10-07T15:06:49.2768795Z //score/message_passing/log:log_test                                     PASSED in 0.1s
2026-10-07T15:06:49.2772476Z //score/message_passing/log:logging_callback_test                        PASSED in 0.1s
2026-10-07T15:06:49.2775381Z //score/message_passing/non_allocating_future:non_allocating_future_test PASSED in 0.2s
2026-10-07T15:06:49.2777742Z //score/mw/com:api_surface_test                                          PASSED in 0.1s
2026-10-07T15:06:49.2780553Z //score/mw/com:runtime_configuration_test                                PASSED in 0.2s
2026-10-07T15:06:49.2781754Z //score/mw/com:unit_test                                                 PASSED in 0.8s
2026-10-07T15:06:49.2793026Z //score/mw/com/dependability:mw_com                                      PASSED in 0.1s
2026-10-07T15:06:49.2796114Z //score/mw/com/dependability/assumed_system:assumed_system_requirements_test PASSED in 0.3s
2026-10-07T15:06:49.2799016Z //score/mw/com/dependability/requirements/component_requirements:component_requirements_ipc_test PASSED in 0.9s
2026-10-07T15:06:49.2802564Z //score/mw/com/dependability/requirements/feature_requirements:feature_requirements_ipc_test PASSED in 0.3s
2026-10-07T15:06:49.2805805Z //score/mw/com/dependability/safety_analysis:aous_test                   PASSED in 0.4s
2026-10-07T15:06:49.2832590Z //score/mw/com/dependability/safety_analysis:mw_com_dependability_analysis PASSED in 0.2s
2026-10-07T15:06:49.2835516Z //score/mw/com/doc/tutorial/chapter_12:proxy_component_test              PASSED in 0.6s
2026-10-07T15:06:49.2838265Z //score/mw/com/doc/tutorial/chapter_12:skeleton_component_test           PASSED in 0.7s
2026-10-07T15:06:49.2839581Z //score/mw/com/gateway/gateway_application:gateway_application_test      PASSED in 0.6s
2026-10-07T15:06:49.2842736Z //score/mw/com/gateway/gateway_application:gateway_error_test            PASSED in 0.1s
2026-10-07T15:06:49.2844103Z //score/mw/com/gateway/gateway_application/configuration:gateway_config_parser_test PASSED in 0.2s
2026-10-07T15:06:49.2846392Z //score/mw/com/gateway/gateway_application/configuration:validate_gateway_config_schema PASSED in 0.1s
2026-10-07T15:06:49.2849165Z //score/mw/com/gateway/transport_layer:transport_error_test              PASSED in 0.1s
2026-10-07T15:06:49.2850349Z //score/mw/com/gateway/transport_layer/qemu:qemu_hypervisor_transport_test PASSED in 0.5s
2026-10-07T15:06:49.2851622Z //score/mw/com/gateway/transport_layer/qemu/configuration:qemu_transport_config_parser_test PASSED in 0.2s
2026-10-07T15:06:49.2853043Z //score/mw/com/gateway/transport_layer/qemu/ivshmem:ivshmem_bar_discovery_test PASSED in 0.1s
2026-10-07T15:06:49.2854255Z //score/mw/com/gateway/transport_layer/qemu/ivshmem:ivshmem_typed_memory_provider_test PASSED in 0.2s
2026-10-07T15:06:49.2855406Z //score/mw/com/gateway/transport_layer/sample:bidirectional_transport_test PASSED in 2.6s
2026-10-07T15:06:49.2856192Z //score/mw/com/gateway/transport_layer/sample:message_framer_test        PASSED in 0.8s
2026-10-07T15:06:49.2856811Z //score/mw/com/gateway/transport_layer/sample:pending_request_tracker_test PASSED in 0.2s
2026-10-07T15:06:49.2857621Z //score/mw/com/gateway/transport_layer/sample:sample_hypervisor_transport_test PASSED in 1.2s
2026-10-07T15:06:49.2858305Z //score/mw/com/gateway/transport_layer/sample:unique_socket_test         PASSED in 0.1s
2026-10-07T15:06:49.2859120Z //score/mw/com/gateway/transport_layer/sample/configuration:sample_transport_config_parser_test PASSED in 0.2s
2026-10-07T15:06:49.2860358Z //score/mw/com/gateway/transport_layer/sample/configuration:validate_sample_transport_config_schema PASSED in 0.0s
2026-10-07T15:06:49.2861359Z //score/mw/com/gateway/transport_layer/sample/messages:gateway_messages_test PASSED in 0.8s
2026-10-07T15:06:49.2862203Z //score/mw/com/gateway/transport_layer/sample/messages:message_error_test PASSED in 0.1s
2026-10-07T15:06:49.2863076Z //score/mw/com/gateway/transport_layer/sample/messages:serialization_test PASSED in 0.6s
2026-10-07T15:06:49.2864355Z //score/mw/com/gateway/transport_layer/sample/test/integration_test:test_bidirectional_transport_communication PASSED in 17.4s
2026-10-07T15:06:49.2865625Z //score/mw/com/gateway/transport_layer/sample/test/integration_test:test_bidirectional_transport_reconnect PASSED in 14.7s
2026-10-07T15:06:49.2866829Z //score/mw/com/impl:com_error_test                                       PASSED in 0.1s
2026-10-07T15:06:49.2867818Z //score/mw/com/impl:data_type_meta_info_test                             PASSED in 0.1s
2026-10-07T15:06:49.2868831Z //score/mw/com/impl:enable_reference_to_moveable_from_this_test          PASSED in 0.0s
2026-10-07T15:06:49.2869874Z //score/mw/com/impl:enriched_instance_identifier_test                    PASSED in 0.2s
2026-10-07T15:06:49.2870869Z //score/mw/com/impl:error_serializer_test                                PASSED in 0.1s
2026-10-07T15:06:49.2871836Z //score/mw/com/impl:field_tags_store_test                                PASSED in 0.0s
2026-10-07T15:06:49.2872938Z //score/mw/com/impl:field_tags_test                                      PASSED in 0.1s
2026-10-07T15:06:49.2873922Z //score/mw/com/impl:find_service_handle_test                             PASSED in 0.2s
2026-10-07T15:06:49.2874910Z //score/mw/com/impl:flag_owner_test                                      PASSED in 0.1s
2026-10-07T15:06:49.2876109Z //score/mw/com/impl:generic_proxy_event_test                             PASSED in 0.8s
2026-10-07T15:06:49.2877100Z //score/mw/com/impl:generic_proxy_test                                   PASSED in 0.5s
2026-10-07T15:06:49.2878108Z //score/mw/com/impl:generic_skeleton_event_binding_test                  PASSED in 0.3s
2026-10-07T15:06:49.2879117Z //score/mw/com/impl:generic_skeleton_event_test                          PASSED in 0.6s
2026-10-07T15:06:49.2880116Z //score/mw/com/impl:generic_skeleton_test                                PASSED in 0.6s
2026-10-07T15:06:49.2881095Z //score/mw/com/impl:handle_type_test                                     PASSED in 0.2s
2026-10-07T15:06:49.2882259Z //score/mw/com/impl:instance_identifier_test                             PASSED in 0.4s
2026-10-07T15:06:49.2883299Z //score/mw/com/impl:instance_specifier_test                              PASSED in 0.1s
2026-10-07T15:06:49.2884316Z //score/mw/com/impl:method_type_test                                     PASSED in 0.1s
2026-10-07T15:06:49.2885286Z //score/mw/com/impl:proxy_base_test                                      PASSED in 0.8s
2026-10-07T15:06:49.2886271Z //score/mw/com/impl:proxy_binding_test                                   PASSED in 0.3s
2026-10-07T15:06:49.2887264Z //score/mw/com/impl:proxy_event_base_test                                PASSED in 0.6s
2026-10-07T15:06:49.2888256Z //score/mw/com/impl:proxy_event_binding_test                             PASSED in 0.4s
2026-10-07T15:06:49.2889237Z //score/mw/com/impl:proxy_event_test                                     PASSED in 0.9s
2026-10-07T15:06:49.2890203Z //score/mw/com/impl:proxy_field_test                                     PASSED in 0.7s
2026-10-07T15:06:49.2891184Z //score/mw/com/impl:reference_to_moveable_test                           PASSED in 0.1s
2026-10-07T15:06:49.2892270Z //score/mw/com/impl:runtime_test                                         PASSED in 0.4s
2026-10-07T15:06:49.2893253Z //score/mw/com/impl:sample_allocatee_guard_test                          PASSED in 0.2s
2026-10-07T15:06:49.2894251Z //score/mw/com/impl:sample_allocatee_tracker_test                        PASSED in 0.2s
2026-10-07T15:06:49.2895500Z //score/mw/com/impl:sample_reference_tracker_test                        PASSED in 0.3s
2026-10-07T15:06:49.2896513Z //score/mw/com/impl:service_discovery_test                               PASSED in 1.7s
2026-10-07T15:06:49.2897507Z //score/mw/com/impl:service_element_map_view_test                        PASSED in 0.1s
2026-10-07T15:06:49.2898504Z //score/mw/com/impl:service_element_type_test                            PASSED in 0.2s
2026-10-07T15:06:49.2899484Z //score/mw/com/impl:skeleton_base_test                                   PASSED in 0.8s
2026-10-07T15:06:49.2900477Z //score/mw/com/impl:skeleton_binding_test                                PASSED in 0.2s
2026-10-07T15:06:49.2901465Z //score/mw/com/impl:skeleton_event_base_test                             PASSED in 0.6s
2026-10-07T15:06:49.2902611Z //score/mw/com/impl:skeleton_event_binding_test                          PASSED in 0.3s
2026-10-07T15:06:49.2903623Z //score/mw/com/impl:skeleton_event_test                                  PASSED in 0.8s
2026-10-07T15:06:49.2904606Z //score/mw/com/impl:skeleton_field_base_test                             PASSED in 0.7s
2026-10-07T15:06:49.2905598Z //score/mw/com/impl:skeleton_field_test                                  PASSED in 1.0s
2026-10-07T15:06:49.2906570Z //score/mw/com/impl:traits_test                                          PASSED in 0.9s
2026-10-07T15:06:49.2907534Z //score/mw/com/impl:unit_test_runtime_single_exec                        PASSED in 2.6s
2026-10-07T15:06:49.2908578Z //score/mw/com/impl/bindings/lola:application_id_pid_mapping_test        PASSED in 1.6s
2026-10-07T15:06:49.2909683Z //score/mw/com/impl/bindings/lola:consumer_event_data_control_local_view_test PASSED in 0.2s
2026-10-07T15:06:49.2910776Z //score/mw/com/impl/bindings/lola:dynamic_array_bounds_checking_test     PASSED in 0.2s
2026-10-07T15:06:49.2912122Z //score/mw/com/impl/bindings/lola:element_fq_id_test                     PASSED in 0.2s
2026-10-07T15:06:49.2913178Z //score/mw/com/impl/bindings/lola:event_data_control_composite_test      PASSED in 0.5s
2026-10-07T15:06:49.2914214Z //score/mw/com/impl/bindings/lola:event_data_control_test                PASSED in 0.2s
2026-10-07T15:06:49.2915230Z //score/mw/com/impl/bindings/lola:event_data_storage_test                PASSED in 0.2s
2026-10-07T15:06:49.2916252Z //score/mw/com/impl/bindings/lola:event_slot_status_test                 PASSED in 0.1s
2026-10-07T15:06:49.2917292Z //score/mw/com/impl/bindings/lola:event_subscription_control_test        PASSED in 3.4s
2026-10-07T15:06:49.2918346Z //score/mw/com/impl/bindings/lola:linear_search_map_test                 PASSED in 0.2s
2026-10-07T15:06:49.2919405Z //score/mw/com/impl/bindings/lola:partial_restart_path_builder_test      PASSED in 0.2s
2026-10-07T15:06:49.2920527Z //score/mw/com/impl/bindings/lola:provider_event_data_control_local_view_test PASSED in 0.4s
2026-10-07T15:06:49.2921653Z //score/mw/com/impl/bindings/lola:proxy_event_get_new_samples_test       PASSED in 0.6s
2026-10-07T15:06:49.2923967Z //score/mw/com/impl/bindings/lola:proxy_event_subscription_test          PASSED in 0.5s
2026-10-07T15:06:49.2925043Z //score/mw/com/impl/bindings/lola:proxy_event_test                       PASSED in 0.5s
2026-10-07T15:06:49.2926069Z //score/mw/com/impl/bindings/lola:proxy_instance_identifier_test         PASSED in 0.2s
2026-10-07T15:06:49.2927113Z //score/mw/com/impl/bindings/lola:proxy_method_handling_test             PASSED in 0.8s
2026-10-07T15:06:49.2928135Z //score/mw/com/impl/bindings/lola:proxy_method_test                      PASSED in 0.6s
2026-10-07T15:06:49.2929147Z //score/mw/com/impl/bindings/lola:proxy_test                             PASSED in 1.7s
2026-10-07T15:06:49.2930178Z //score/mw/com/impl/bindings/lola:runtime_application_id_test            PASSED in 0.5s
2026-10-07T15:06:49.2931210Z //score/mw/com/impl/bindings/lola:runtime_test                           PASSED in 0.6s
2026-10-07T15:06:49.2932369Z //score/mw/com/impl/bindings/lola:sample_allocatee_ptr_test              PASSED in 0.3s
2026-10-07T15:06:49.2933592Z //score/mw/com/impl/bindings/lola:sample_ptr_test                        PASSED in 0.5s
2026-10-07T15:06:49.2934653Z //score/mw/com/impl/bindings/lola:service_data_control_test              PASSED in 0.2s
2026-10-07T15:06:49.2937456Z //score/mw/com/impl/bindings/lola:service_data_storage_test              PASSED in 0.4s
2026-10-07T15:06:49.2940367Z //score/mw/com/impl/bindings/lola:shm_path_builder_test                  PASSED in 0.2s
2026-10-07T15:06:49.2964840Z //score/mw/com/impl/bindings/lola:skeleton_event_test                    PASSED in 1.2s
2026-10-07T15:06:49.2967671Z //score/mw/com/impl/bindings/lola:skeleton_event_tracing_test            PASSED in 0.6s
2026-10-07T15:06:49.2970345Z //score/mw/com/impl/bindings/lola:skeleton_instance_identifier_test      PASSED in 0.2s
2026-10-07T15:06:49.2971597Z //score/mw/com/impl/bindings/lola:skeleton_method_handling_test          PASSED in 0.6s
2026-10-07T15:06:49.2974563Z //score/mw/com/impl/bindings/lola:skeleton_method_test                   PASSED in 0.7s
2026-10-07T15:06:49.2977189Z //score/mw/com/impl/bindings/lola:skeleton_test                          PASSED in 0.9s
2026-10-07T15:06:49.2979812Z //score/mw/com/impl/bindings/lola:slot_collector_test                    PASSED in 0.4s
2026-10-07T15:06:49.2982622Z //score/mw/com/impl/bindings/lola:slot_decrementer_test                  PASSED in 0.2s
2026-10-07T15:06:49.2983896Z //score/mw/com/impl/bindings/lola:subscription_helpers_test              PASSED in 0.4s
2026-10-07T15:06:49.2986617Z //score/mw/com/impl/bindings/lola:subscription_state_machine_events_test PASSED in 0.5s
2026-10-07T15:06:49.2989345Z //score/mw/com/impl/bindings/lola:subscription_state_machine_methods_test PASSED in 0.7s
2026-10-07T15:06:49.2991516Z //score/mw/com/impl/bindings/lola:subscription_state_machine_states_test PASSED in 0.4s
2026-10-07T15:06:49.2992947Z //score/mw/com/impl/bindings/lola:subscription_state_machine_stress_test PASSED in 0.6s
2026-10-07T15:06:49.2995761Z //score/mw/com/impl/bindings/lola:transaction_log_local_view_test        PASSED in 0.8s
2026-10-07T15:06:49.2998470Z //score/mw/com/impl/bindings/lola:transaction_log_registration_guard_test PASSED in 0.7s
2026-10-07T15:06:49.3001113Z //score/mw/com/impl/bindings/lola:transaction_log_rollback_executor_test PASSED in 0.7s
2026-10-07T15:06:49.3002410Z //score/mw/com/impl/bindings/lola:transaction_log_set_test               PASSED in 0.8s
2026-10-07T15:06:49.3005008Z //score/mw/com/impl/bindings/lola:transaction_log_slot_test              PASSED in 0.1s
2026-10-07T15:06:49.3013232Z //score/mw/com/impl/bindings/lola:type_erased_sample_ptrs_guard_test     PASSED in 0.3s
2026-10-07T15:06:49.3016032Z //score/mw/com/impl/bindings/lola/messaging:message_passing_client_cache_test PASSED in 15.9s
2026-10-07T15:06:49.3017532Z //score/mw/com/impl/bindings/lola/messaging:message_passing_service_instance_methods_test PASSED in 0.3s
2026-10-07T15:06:49.3020568Z //score/mw/com/impl/bindings/lola/messaging:message_passing_service_instance_test PASSED in 22.7s
2026-10-07T15:06:49.3033065Z //score/mw/com/impl/bindings/lola/messaging:message_passing_service_test PASSED in 0.4s
2026-10-07T15:06:49.3036218Z //score/mw/com/impl/bindings/lola/messaging:method_call_registration_guard_test PASSED in 0.2s
2026-10-07T15:06:49.3039453Z //score/mw/com/impl/bindings/lola/messaging:method_subscription_registration_guard_test PASSED in 0.2s
2026-10-07T15:06:49.3040818Z //score/mw/com/impl/bindings/lola/messaging:mw_log_logger_test           PASSED in 0.2s
2026-10-07T15:06:49.3043839Z //score/mw/com/impl/bindings/lola/messaging:node_identifier_copier_test  PASSED in 0.2s
2026-10-07T15:06:49.3046902Z //score/mw/com/impl/bindings/lola/messaging:thread_abstraction_test      PASSED in 0.1s
2026-10-07T15:06:49.3049833Z //score/mw/com/impl/bindings/lola/methods:method_data_test               PASSED in 0.2s
2026-10-07T15:06:49.3057900Z //score/mw/com/impl/bindings/lola/methods:method_error_test              PASSED in 0.2s
2026-10-07T15:06:49.3059593Z //score/mw/com/impl/bindings/lola/methods:method_resource_map_test       PASSED in 0.3s
2026-10-07T15:06:49.3063107Z //score/mw/com/impl/bindings/lola/methods:offered_state_machine_test     PASSED in 0.1s
2026-10-07T15:06:49.3066474Z //score/mw/com/impl/bindings/lola/methods:proxy_method_instance_identifier_test PASSED in 0.2s
2026-10-07T15:06:49.3080567Z //score/mw/com/impl/bindings/lola/methods:type_erased_call_queue_test    PASSED in 0.2s
2026-10-07T15:06:49.3082214Z //score/mw/com/impl/bindings/lola/methods:unique_method_identifier_test  PASSED in 0.2s
2026-10-07T15:06:49.3088807Z //score/mw/com/impl/bindings/lola/service_discovery:flag_file_crawler_test PASSED in 0.7s
2026-10-07T15:06:49.3091456Z //score/mw/com/impl/bindings/lola/service_discovery:flag_file_test       PASSED in 1.0s
2026-10-07T15:06:49.3094475Z //score/mw/com/impl/bindings/lola/service_discovery:known_instances_container_test PASSED in 0.2s
2026-10-07T15:06:49.3099853Z //score/mw/com/impl/bindings/lola/service_discovery:lola_service_instance_identifier_test PASSED in 0.2s
2026-10-07T15:06:49.3101539Z //score/mw/com/impl/bindings/lola/service_discovery/client:service_discovery_client_test PASSED in 2.2s
2026-10-07T15:06:49.3105136Z //score/mw/com/impl/bindings/lola/test:proxy_component_test              PASSED in 1.3s
2026-10-07T15:06:49.3108165Z //score/mw/com/impl/bindings/lola/test:skeleton_component_test           PASSED in 0.5s
2026-10-07T15:06:49.3112498Z //score/mw/com/impl/bindings/lola/test:skeleton_event_component_test     PASSED in 0.4s
2026-10-07T15:06:49.3115589Z //score/mw/com/impl/bindings/lola/tracing:tracing_runtime_test           PASSED in 0.5s
2026-10-07T15:06:49.3119644Z //score/mw/com/impl/bindings/someip/test:event_data_storage_test         PASSED in 0.1s
2026-10-07T15:06:49.3125276Z //score/mw/com/impl/bindings/someip/test:skeleton_event_test             PASSED in 0.2s
2026-10-07T15:06:49.3128520Z //score/mw/com/impl/bindings/someip/test:slot_allocation_control_test    PASSED in 0.1s
2026-10-07T15:06:49.3135395Z //score/mw/com/impl/configuration:config_parser_methods_test             PASSED in 0.2s
2026-10-07T15:06:49.3137951Z //score/mw/com/impl/configuration:config_parser_test                     PASSED in 0.3s
2026-10-07T15:06:49.3139249Z //score/mw/com/impl/configuration:config_validate_test                   PASSED in 0.2s
2026-10-07T15:06:49.3142544Z //score/mw/com/impl/configuration:configuration_common_resources_test    PASSED in 0.2s
2026-10-07T15:06:49.3145338Z //score/mw/com/impl/configuration:configuration_error_test               PASSED in 0.1s
2026-10-07T15:06:49.3148668Z //score/mw/com/impl/configuration:configuration_json_parsing_strategy_test PASSED in 0.5s
2026-10-07T15:06:49.3151048Z //score/mw/com/impl/configuration:configuration_test                     PASSED in 0.3s
2026-10-07T15:06:49.3154111Z //score/mw/com/impl/configuration:global_configuration_test              PASSED in 0.3s
2026-10-07T15:06:49.3158090Z //score/mw/com/impl/configuration:lola_event_instance_deployment_test    PASSED in 0.2s
2026-10-07T15:06:49.3160819Z //score/mw/com/impl/configuration:lola_field_instance_deployment_test    PASSED in 0.3s
2026-10-07T15:06:49.3165345Z //score/mw/com/impl/configuration:lola_method_instance_deployment_test   PASSED in 0.1s
2026-10-07T15:06:49.3167467Z //score/mw/com/impl/configuration:lola_service_instance_deployment_test  PASSED in 0.3s
2026-10-07T15:06:49.3168253Z //score/mw/com/impl/configuration:lola_service_instance_id_test          PASSED in 0.2s
2026-10-07T15:06:49.3170081Z //score/mw/com/impl/configuration:lola_service_type_deployment_test      PASSED in 0.3s
2026-10-07T15:06:49.3170708Z //score/mw/com/impl/configuration:quality_type_test                      PASSED in 0.1s
2026-10-07T15:06:49.3171302Z //score/mw/com/impl/configuration:schema_drift_test                      PASSED in 0.1s
2026-10-07T15:06:49.3171913Z //score/mw/com/impl/configuration:service_identifier_type_test           PASSED in 0.2s
2026-10-07T15:06:49.3172656Z //score/mw/com/impl/configuration:service_instance_deployment_test       PASSED in 0.3s
2026-10-07T15:06:49.3173442Z //score/mw/com/impl/configuration:service_instance_id_test               PASSED in 0.2s
2026-10-07T15:06:49.3174060Z //score/mw/com/impl/configuration:service_type_deployment_test           PASSED in 0.2s
2026-10-07T15:06:49.3174647Z //score/mw/com/impl/configuration:service_version_type_test              PASSED in 0.3s
2026-10-07T15:06:49.3175219Z //score/mw/com/impl/configuration:shm_size_calc_mode_test                PASSED in 0.1s
2026-10-07T15:06:49.3175811Z //score/mw/com/impl/configuration:someip_service_instance_deployment_test PASSED in 0.2s
2026-10-07T15:06:49.3176409Z //score/mw/com/impl/configuration:tracing_configuration_test             PASSED in 0.2s
2026-10-07T15:06:49.3176991Z //score/mw/com/impl/configuration:validate_mw_com_config_schema          PASSED in 0.0s
2026-10-07T15:06:49.3177590Z //score/mw/com/impl/configuration/test:invalid_json_incomplete_binding   PASSED in 0.1s
2026-10-07T15:06:49.3178179Z //score/mw/com/impl/configuration/test:invalid_json_incomplete_event     PASSED in 0.1s
2026-10-07T15:06:49.3178760Z //score/mw/com/impl/configuration/test:invalid_json_incomplete_field     PASSED in 0.1s
2026-10-07T15:06:49.3179342Z //score/mw/com/impl/configuration/test:invalid_json_incomplete_instance  PASSED in 0.1s
2026-10-07T15:06:49.3179964Z //score/mw/com/impl/configuration/test:invalid_json_incomplete_instance_event PASSED in 0.0s
2026-10-07T15:06:49.3180600Z //score/mw/com/impl/configuration/test:invalid_json_incomplete_instance_field PASSED in 0.2s
2026-10-07T15:06:49.3181238Z //score/mw/com/impl/configuration/test:invalid_json_incomplete_service_instance PASSED in 0.1s
2026-10-07T15:06:49.3181870Z //score/mw/com/impl/configuration/test:invalid_json_incomplete_service_type PASSED in 0.1s
2026-10-07T15:06:49.3182787Z //score/mw/com/impl/configuration/test:invalid_json_unknown_permission_check_value PASSED in 0.1s
2026-10-07T15:06:49.3183428Z //score/mw/com/impl/configuration/test:invalid_json_wrong_consumer_name  PASSED in 0.1s
2026-10-07T15:06:49.3184030Z //score/mw/com/impl/configuration/test:invalid_json_wrong_provider_name  PASSED in 0.0s
2026-10-07T15:06:49.3184617Z //score/mw/com/impl/methods:callable_traits_test                         PASSED in 0.1s
2026-10-07T15:06:49.3185182Z //score/mw/com/impl/methods:method_signature_element_ptr_test            PASSED in 0.1s
2026-10-07T15:06:49.3185742Z //score/mw/com/impl/methods:method_traits_checker_test                   PASSED in 0.1s
2026-10-07T15:06:49.3186299Z //score/mw/com/impl/methods:proxy_method_test                            PASSED in 0.8s
2026-10-07T15:06:49.3186849Z //score/mw/com/impl/methods:skeleton_method_base_test                    PASSED in 0.4s
2026-10-07T15:06:49.3187404Z //score/mw/com/impl/methods:skeleton_method_test                         PASSED in 0.5s
2026-10-07T15:06:49.3188055Z //score/mw/com/impl/mocking:proxy_event_mock_test                        PASSED in 0.6s
2026-10-07T15:06:49.3188618Z //score/mw/com/impl/mocking:proxy_wrapper_class_test_view_test           PASSED in 0.9s
2026-10-07T15:06:49.3189184Z //score/mw/com/impl/mocking:skeleton_base_mock_test                      PASSED in 0.6s
2026-10-07T15:06:49.3189744Z //score/mw/com/impl/mocking:skeleton_event_mock_test                     PASSED in 0.6s
2026-10-07T15:06:49.3190299Z //score/mw/com/impl/mocking:skeleton_field_mock_test                     PASSED in 0.4s
2026-10-07T15:06:49.3190860Z //score/mw/com/impl/mocking:skeleton_wrapper_class_test_view_test        PASSED in 0.9s
2026-10-07T15:06:49.3191431Z //score/mw/com/impl/mocking:test_type_utilities_test                     PASSED in 0.2s
2026-10-07T15:06:49.3192088Z //score/mw/com/impl/plumbing:binding_factory_error_test                  PASSED in 0.1s
2026-10-07T15:06:49.3192664Z //score/mw/com/impl/plumbing:binding_runtime_factory_test                PASSED in 0.5s
2026-10-07T15:06:49.3193238Z //score/mw/com/impl/plumbing:proxy_event_binding_factory_test            PASSED in 0.4s
2026-10-07T15:06:49.3193809Z //score/mw/com/impl/plumbing:proxy_event_field_binding_factory_test      PASSED in 0.8s
2026-10-07T15:06:49.3194525Z //score/mw/com/impl/plumbing:proxy_field_binding_factory_test            PASSED in 0.5s
2026-10-07T15:06:49.3195096Z //score/mw/com/impl/plumbing:proxy_method_binding_factory_test           PASSED in 1.3s
2026-10-07T15:06:49.3195666Z //score/mw/com/impl/plumbing:skeleton_event_binding_factory_test         PASSED in 0.8s
2026-10-07T15:06:49.3196242Z //score/mw/com/impl/plumbing:skeleton_field_binding_factory_test         PASSED in 0.6s
2026-10-07T15:06:49.3196811Z //score/mw/com/impl/plumbing:skeleton_method_binding_factory_test        PASSED in 0.7s
2026-10-07T15:06:49.3198079Z //score/mw/com/impl/plumbing:skeleton_service_element_binding_factory_test PASSED in 1.1s
2026-10-07T15:06:49.3199983Z //score/mw/com/impl/plumbing:unit_test                                   PASSED in 0.5s
2026-10-07T15:06:49.3201015Z //score/mw/com/impl/plumbing/rust:sample_allocatee_ptr_test_rs           PASSED in 0.1s
2026-10-07T15:06:49.3201625Z //score/mw/com/impl/plumbing/rust:sample_ptr_test_rs                     PASSED in 0.1s
2026-10-07T15:06:49.3202792Z //score/mw/com/impl/rust/com-api/com-api-runtime-lola:com-api-runtime-lola-doc-tests PASSED in 0.2s
2026-10-07T15:06:49.3206324Z //score/mw/com/impl/rust/com-api/com-api-runtime-lola:com-api-runtime-lola-tests PASSED in 0.1s
2026-10-07T15:06:49.3207911Z //score/mw/com/impl/test/check_values_created_from_config/integration_test:test_check_values_created_from_config PASSED in 5.9s
2026-10-07T15:06:49.3209278Z //score/mw/com/impl/test/methods/semi_dynamic_methods:runtime_sized_array_test PASSED in 0.0s
2026-10-07T15:06:49.3210417Z //score/mw/com/impl/test/methods/semi_dynamic_methods:validate_config_schema PASSED in 0.3s
2026-10-07T15:06:49.3212298Z //score/mw/com/impl/test/methods/semi_dynamic_methods/integration_test:semi_dynamic_methods_different_processes_test PASSED in 8.9s
2026-10-07T15:06:49.3213378Z //score/mw/com/impl/test/methods/semi_dynamic_methods/integration_test:semi_dynamic_methods_same_process_test PASSED in 9.1s
2026-10-07T15:06:49.3214335Z //score/mw/com/impl/test/reserving_skeleton_slots/integration_test:reserving_skeleton_slots PASSED in 13.1s
2026-10-07T15:06:49.3215610Z //score/mw/com/impl/test/shared_memory_storage/integration_test:shared_memory_storage PASSED in 7.2s
2026-10-07T15:06:49.3216266Z //score/mw/com/impl/tracing:common_event_tracing_test                    PASSED in 0.4s
2026-10-07T15:06:49.3217157Z //score/mw/com/impl/tracing:proxy_event_tracing_data_test                PASSED in 0.1s
2026-10-07T15:06:49.3218173Z //score/mw/com/impl/tracing:proxy_event_tracing_test                     PASSED in 0.4s
2026-10-07T15:06:49.3218892Z //score/mw/com/impl/tracing:service_element_tracing_data_test            PASSED in 0.1s
2026-10-07T15:06:49.3219564Z //score/mw/com/impl/tracing:skeleton_event_tracing_data_test             PASSED in 0.2s
2026-10-07T15:06:49.3220605Z //score/mw/com/impl/tracing:skeleton_event_tracing_test                  PASSED in 0.8s
2026-10-07T15:06:49.3221181Z //score/mw/com/impl/tracing:skeleton_tracing_test                        PASSED in 0.8s
2026-10-07T15:06:49.3226715Z //score/mw/com/impl/tracing:trace_error_test                             PASSED in 0.1s
2026-10-07T15:06:49.3229423Z //score/mw/com/impl/tracing:tracing_runtime_test                         PASSED in 0.8s
2026-10-07T15:06:49.3230564Z //score/mw/com/impl/tracing/configuration:hash_helper_utility_test       PASSED in 0.0s
2026-10-07T15:06:49.3232881Z //score/mw/com/impl/tracing/configuration:proxy_event_trace_point_type_test PASSED in 0.0s
2026-10-07T15:06:49.3234424Z //score/mw/com/impl/tracing/configuration:proxy_field_trace_point_type_test PASSED in 0.1s
2026-10-07T15:06:49.3240279Z //score/mw/com/impl/tracing/configuration:service_element_identifier_test PASSED in 0.2s
2026-10-07T15:06:49.3249609Z //score/mw/com/impl/tracing/configuration:service_element_identifier_view_test PASSED in 0.2s
2026-10-07T15:06:49.3250935Z //score/mw/com/impl/tracing/configuration:service_element_instance_identifier_view_test PASSED in 0.2s
2026-10-07T15:06:49.3252868Z //score/mw/com/impl/tracing/configuration:skeleton_event_trace_point_type_test PASSED in 0.1s
2026-10-07T15:06:49.3254245Z //score/mw/com/impl/tracing/configuration:skeleton_field_trace_point_type_test PASSED in 0.0s
2026-10-07T15:06:49.3255809Z //score/mw/com/impl/tracing/configuration:trace_point_key_test           PASSED in 0.2s
2026-10-07T15:06:49.3257193Z //score/mw/com/impl/tracing/configuration:tracing_filter_config_parser_test PASSED in 0.5s
2026-10-07T15:06:49.3260604Z //score/mw/com/impl/tracing/configuration:tracing_filter_config_test     PASSED in 0.3s
2026-10-07T15:06:49.3262148Z //score/mw/com/impl/tracing/configuration:validate_comtrace_filter_config_schema PASSED in 0.0s
2026-10-07T15:06:49.3263638Z //score/mw/com/impl/tracing/test:proxy_event_tracing_test                PASSED in 0.7s
2026-10-07T15:06:49.3264978Z //score/mw/com/impl/tracing/test:skeleton_event_tracing_test             PASSED in 0.6s
2026-10-07T15:06:49.3266262Z //score/mw/com/impl/tracing/test:skeleton_field_tracing_test             PASSED in 0.6s
2026-10-07T15:06:49.3267814Z //score/mw/com/impl/tracing/test:skeleton_tracing_test                   PASSED in 1.0s
2026-10-07T15:06:49.3270897Z //score/mw/com/impl/util/test:arithmetic_utils_addition_build_error_test PASSED in 0.1s
2026-10-07T15:06:49.3272590Z //score/mw/com/impl/util/test:arithmetic_utils_multiplication_build_error_test PASSED in 0.0s
2026-10-07T15:06:49.3273916Z //score/mw/com/impl/util/test:arithmetic_utils_test                      PASSED in 0.1s
2026-10-07T15:06:49.3276732Z //score/mw/com/impl/util/test:copyable_atomic_test                       PASSED in 0.1s
2026-10-07T15:06:49.3278156Z //score/mw/com/impl/util/test:type_erased_storage_test                   PASSED in 0.1s
2026-10-07T15:06:49.3282780Z //score/mw/com/mocking:runtime_mock_test                                 PASSED in 0.8s
2026-10-07T15:06:49.3283917Z //score/mw/com/performance_benchmarks/macro_benchmark:common_resources_test PASSED in 0.7s
2026-10-07T15:06:49.3285242Z //score/mw/com/performance_benchmarks/macro_benchmark:json_parsing_convenience_wrappers_test PASSED in 0.6s
2026-10-07T15:06:49.3286692Z //score/mw/com/performance_benchmarks/macro_benchmark/config:validate_joined_benchmark_config_schema PASSED in 0.0s
2026-10-07T15:06:49.3288008Z //score/mw/com/performance_benchmarks/macro_benchmark/config:validate_lola_schema PASSED in 0.0s
2026-10-07T15:06:49.3289163Z //score/mw/com/rust/score_com_concept:score_com_concept-macros-unit-tests PASSED in 0.1s
2026-10-07T15:06:49.3290235Z //score/mw/com/rust/score_com_concept:score_com_concept-test             PASSED in 0.1s
2026-10-07T15:06:49.3291302Z //score/mw/com/rust/score_com_macros:score-com-macros-tests              PASSED in 1.6s
2026-10-07T15:06:49.3295161Z //score/mw/com/test/all_service_elements:validate_lola_schema            PASSED in 0.1s
2026-10-07T15:06:49.3296525Z //score/mw/com/test/all_service_elements/integration_test:all_service_elements_different_processes_test PASSED in 8.1s
2026-10-07T15:06:49.3301759Z //score/mw/com/test/all_service_elements/integration_test:all_service_elements_same_process_test PASSED in 10.1s
2026-10-07T15:06:49.3303827Z //score/mw/com/test/api:generated_api_test                               PASSED in 0.7s
2026-10-07T15:06:49.3305879Z //score/mw/com/test/api_idempotency:validate_lola_schema                 PASSED in 0.1s
2026-10-07T15:06:49.3307402Z //score/mw/com/test/api_idempotency/integration_test:api_idempotency_test PASSED in 7.5s
2026-10-07T15:06:49.3309033Z //score/mw/com/test/basic_rust_api/consumer_async_apis/integration_test:test_com_api_async PASSED in 35.1s
2026-10-07T15:06:49.3310747Z //score/mw/com/test/basic_rust_api/consumer_sync_apis/integration_test:test_com_api_sync PASSED in 32.0s
2026-10-07T15:06:49.3313873Z //score/mw/com/test/bigdata/integration_test:test_bigdata_exchange       PASSED in 14.4s
2026-10-07T15:06:49.3315288Z //score/mw/com/test/common_test_resources:command_line_parser_test       PASSED in 0.6s
2026-10-07T15:06:49.3318392Z //score/mw/com/test/concurrent_skeleton_creation/integration_test:concurrent_skeleton_creation PASSED in 6.8s
2026-10-07T15:06:49.3319917Z //score/mw/com/test/data_slots_read_only/integration_test:data_slots_read_only PASSED in 75.4s
2026-10-07T15:06:49.3321029Z //score/mw/com/test/fields/field_initial_value:validate_lola_schema      PASSED in 0.1s
2026-10-07T15:06:49.3322402Z //score/mw/com/test/fields/field_initial_value/integration_test:test_field_initial_value PASSED in 11.3s
2026-10-07T15:06:49.3323643Z //score/mw/com/test/fields/getter_setter_if_available:validate_lola_schema PASSED in 0.1s
2026-10-07T15:06:49.3325012Z //score/mw/com/test/fields/getter_setter_if_available/integration_test:test_getter_only_different_process PASSED in 5.9s
2026-10-07T15:06:49.3326471Z //score/mw/com/test/fields/getter_setter_if_available/integration_test:test_getter_only_same_process PASSED in 3.8s
2026-10-07T15:06:49.3327961Z //score/mw/com/test/fields/getter_setter_if_available/integration_test:test_notifier_only_different_process PASSED in 4.8s
2026-10-07T15:06:49.3329423Z //score/mw/com/test/fields/getter_setter_if_available/integration_test:test_notifier_only_same_process PASSED in 3.0s
2026-10-07T15:06:49.3330932Z //score/mw/com/test/fields/getter_setter_if_available/integration_test:test_setter_and_getter_different_process PASSED in 8.1s
2026-10-07T15:06:49.3332557Z //score/mw/com/test/fields/getter_setter_if_available/integration_test:test_setter_and_getter_same_process PASSED in 5.9s
2026-10-07T15:06:49.3334054Z //score/mw/com/test/fields/getter_setter_if_available/integration_test:test_setter_only_different_process PASSED in 4.2s
2026-10-07T15:06:49.3335512Z //score/mw/com/test/fields/getter_setter_if_available/integration_test:test_setter_only_same_process PASSED in 3.6s
2026-10-07T15:06:49.3337015Z //score/mw/com/test/fields/mixed_criticality:validate_config_schema_asil_b_to_asil_b PASSED in 0.0s
2026-10-07T15:06:49.3338246Z //score/mw/com/test/fields/mixed_criticality:validate_config_schema_asil_b_to_qm PASSED in 0.1s
2026-10-07T15:06:49.3339408Z //score/mw/com/test/fields/mixed_criticality:validate_config_schema_qm_to_qm PASSED in 0.0s
2026-10-07T15:06:49.3340710Z //score/mw/com/test/fields/mixed_criticality/integration_test:asilb_consumer_asilb_provider_test PASSED in 7.9s
2026-10-07T15:06:49.3342360Z //score/mw/com/test/fields/mixed_criticality/integration_test:asilb_consumer_qm_provider_test PASSED in 5.7s
2026-10-07T15:06:49.3343715Z //score/mw/com/test/fields/mixed_criticality/integration_test:qm_consumer_asilb_provider_test PASSED in 5.3s
2026-10-07T15:06:49.3345043Z //score/mw/com/test/fields/mixed_criticality/integration_test:qm_consumer_qm_provider_test PASSED in 3.1s
2026-10-07T15:06:49.3346202Z //score/mw/com/test/fields/set_and_get_and_notifier:validate_lola_schema PASSED in 0.1s
2026-10-07T15:06:49.3347587Z //score/mw/com/test/fields/set_and_get_and_notifier/integration_test:test_get_and_notifier_different_process PASSED in 3.7s
2026-10-07T15:06:49.3349085Z //score/mw/com/test/fields/set_and_get_and_notifier/integration_test:test_get_and_notifier_same_process PASSED in 7.6s
2026-10-07T15:06:49.3350495Z //score/mw/com/test/fields/set_and_get_and_notifier/integration_test:test_get_different_process PASSED in 3.0s
2026-10-07T15:06:49.3351834Z //score/mw/com/test/fields/set_and_get_and_notifier/integration_test:test_get_same_process PASSED in 3.0s
2026-10-07T15:06:49.3353351Z //score/mw/com/test/fields/set_and_get_and_notifier/integration_test:test_notifier_different_process PASSED in 7.9s
2026-10-07T15:06:49.3354744Z //score/mw/com/test/fields/set_and_get_and_notifier/integration_test:test_notifier_same_process PASSED in 5.3s
2026-10-07T15:06:49.3356170Z //score/mw/com/test/fields/set_and_get_and_notifier/integration_test:test_set_and_get_different_process PASSED in 5.5s
2026-10-07T15:06:49.3357606Z //score/mw/com/test/fields/set_and_get_and_notifier/integration_test:test_set_and_get_same_process PASSED in 3.4s
2026-10-07T15:06:49.3359070Z //score/mw/com/test/fields/set_and_get_and_notifier/integration_test:test_set_and_notifier_different_process PASSED in 2.9s
2026-10-07T15:06:49.3360713Z //score/mw/com/test/fields/set_and_get_and_notifier/integration_test:test_set_and_notifier_same_process PASSED in 6.6s
2026-10-07T15:06:49.3362432Z //score/mw/com/test/fields/set_and_get_and_notifier/integration_test:test_set_get_and_notifier_different_process PASSED in 8.1s
2026-10-07T15:06:49.3363970Z //score/mw/com/test/fields/set_and_get_and_notifier/integration_test:test_set_get_and_notifier_same_process PASSED in 5.3s
2026-10-07T15:06:49.3365202Z //score/mw/com/test/find_any_semantics:validate_lola_client_schema       PASSED in 0.1s
2026-10-07T15:06:49.3366263Z //score/mw/com/test/find_any_semantics:validate_lola_service_schema      PASSED in 0.0s
2026-10-07T15:06:49.3367400Z //score/mw/com/test/find_any_semantics/integration_test:test_find_any_semantics PASSED in 8.4s
2026-10-07T15:06:49.3368533Z //score/mw/com/test/generic_proxy/integration_test:generic_proxy         PASSED in 9.9s
2026-10-07T15:06:49.3369721Z //score/mw/com/test/generic_skeleton/integration_test:test_generic_generic_interaction PASSED in 49.7s
2026-10-07T15:06:49.3370989Z //score/mw/com/test/generic_skeleton/integration_test:test_generic_typed_interaction PASSED in 41.7s
2026-10-07T15:06:49.3372087Z //score/mw/com/test/inotify/integration_test:inotify                     PASSED in 6.8s
2026-10-07T15:06:49.3373011Z //score/mw/com/test/inotify_stress_test/integration_test:inotify_stress_test PASSED in 11.7s
2026-10-07T15:06:49.3374238Z //score/mw/com/test/loading_add_on_configuration/integration_test:test_add_on_loading PASSED in 31.8s
2026-10-07T15:06:49.3375394Z //score/mw/com/test/methods/basic_acceptance_test:validate_config_schema PASSED in 0.1s
2026-10-07T15:06:49.3376782Z //score/mw/com/test/methods/basic_acceptance_test/integration_test:basic_acceptance_different_processes_test PASSED in 9.6s
2026-10-07T15:06:49.3378441Z //score/mw/com/test/methods/basic_acceptance_test/integration_test:basic_acceptance_same_process_test PASSED in 9.1s
2026-10-07T15:06:49.3379774Z //score/mw/com/test/methods/edge_cases_test/integration_test:disabled_method_test PASSED in 7.2s
2026-10-07T15:06:49.3381007Z //score/mw/com/test/methods/edge_cases_test/integration_test:incomplete_handlers_test PASSED in 3.5s
2026-10-07T15:06:49.3382342Z //score/mw/com/test/methods/edge_cases_test/integration_test:proxy_recreation_test PASSED in 9.5s
2026-10-07T15:06:49.3383578Z //score/mw/com/test/methods/edge_cases_test/integration_test:skeleton_recreation_test PASSED in 3.9s
2026-10-07T15:06:49.3384818Z //score/mw/com/test/methods/mixed_criticality:validate_config_schema_asil_b_to_asil_b PASSED in 0.1s
2026-10-07T15:06:49.3386019Z //score/mw/com/test/methods/mixed_criticality:validate_config_schema_asil_b_to_qm PASSED in 0.1s
2026-10-07T15:06:49.3387174Z //score/mw/com/test/methods/mixed_criticality:validate_config_schema_qm_to_qm PASSED in 0.1s
2026-10-07T15:06:49.3388470Z //score/mw/com/test/methods/mixed_criticality/integration_test:asilb_consumer_asilb_provider_test PASSED in 3.6s
2026-10-07T15:06:49.3389863Z //score/mw/com/test/methods/mixed_criticality/integration_test:asilb_consumer_qm_provider_test PASSED in 5.9s
2026-10-07T15:06:49.3391234Z //score/mw/com/test/methods/mixed_criticality/integration_test:qm_consumer_asilb_provider_test PASSED in 5.3s
2026-10-07T15:06:49.3392790Z //score/mw/com/test/methods/mixed_criticality/integration_test:qm_consumer_qm_provider_test PASSED in 3.9s
2026-10-07T15:06:49.3394004Z //score/mw/com/test/methods/non_trivial_constructors:validate_config_schema PASSED in 0.1s
2026-10-07T15:06:49.3395344Z //score/mw/com/test/methods/non_trivial_constructors/integration_test:non_trivial_constructors_test PASSED in 9.3s
2026-10-07T15:06:49.3396654Z //score/mw/com/test/methods/stop_offer_during_call:validate_mw_com_config_schema PASSED in 0.0s
2026-10-07T15:06:49.3397940Z //score/mw/com/test/methods/stop_offer_during_call/integration_test:stop_offer_during_call PASSED in 7.1s
2026-10-07T15:06:49.3399102Z //score/mw/com/test/move_semantics/proxy_method:validate_config_schema   PASSED in 0.1s
2026-10-07T15:06:49.3400717Z //score/mw/com/test/move_semantics/proxy_method/integration_test:move_assign_after_method_call_different_process_test PASSED in 7.5s
2026-10-07T15:06:49.3402559Z //score/mw/com/test/move_semantics/proxy_method/integration_test:move_assign_after_method_call_same_process_test PASSED in 5.0s
2026-10-07T15:06:49.3404221Z //score/mw/com/test/move_semantics/proxy_method/integration_test:move_construct_after_method_call_different_process_test PASSED in 11.4s
2026-10-07T15:06:49.3405876Z //score/mw/com/test/move_semantics/proxy_method/integration_test:move_construct_after_method_call_same_process_test PASSED in 8.3s
2026-10-07T15:06:49.3407145Z //score/mw/com/test/move_semantics/skeleton_event:validate_config_schema PASSED in 0.0s
2026-10-07T15:06:49.3408626Z //score/mw/com/test/move_semantics/skeleton_event/integration_test:move_assign_not_offered_skeleton_different_process_test PASSED in 3.3s
2026-10-07T15:06:49.3410290Z //score/mw/com/test/move_semantics/skeleton_event/integration_test:move_assign_not_offered_skeleton_same_process_test PASSED in 10.7s
2026-10-07T15:06:49.3412071Z //score/mw/com/test/move_semantics/skeleton_event/integration_test:move_assign_offered_skeleton_different_process_test PASSED in 11.1s
2026-10-07T15:06:49.3413700Z //score/mw/com/test/move_semantics/skeleton_event/integration_test:move_assign_offered_skeleton_same_process_test PASSED in 3.3s
2026-10-07T15:06:49.3415417Z //score/mw/com/test/move_semantics/skeleton_event/integration_test:move_construct_not_offered_skeleton_different_process_test PASSED in 4.8s
2026-10-07T15:06:49.3416831Z //score/mw/com/test/move_semantics/skeleton_event/integration_test:move_construct_not_offered_skeleton_same_process_test PASSED in 4.7s
2026-10-07T15:06:49.3417926Z //score/mw/com/test/move_semantics/skeleton_event/integration_test:move_construct_offered_skeleton_different_process_test PASSED in 8.8s
2026-10-07T15:06:49.3419461Z //score/mw/com/test/move_semantics/skeleton_event/integration_test:move_construct_offered_skeleton_same_process_test PASSED in 3.3s
2026-10-07T15:06:49.3420750Z //score/mw/com/test/move_semantics/skeleton_method:validate_config_schema PASSED in 0.1s
2026-10-07T15:06:49.3422439Z //score/mw/com/test/move_semantics/skeleton_method/integration_test:move_assign_after_offered_skeleton_different_process_test PASSED in 7.1s
2026-10-07T15:06:49.3424196Z //score/mw/com/test/move_semantics/skeleton_method/integration_test:move_assign_after_offered_skeleton_same_process_test PASSED in 2.6s
2026-10-07T15:06:49.3425905Z //score/mw/com/test/move_semantics/skeleton_method/integration_test:move_assign_before_offered_skeleton_different_process_test PASSED in 7.2s
2026-10-07T15:06:49.3427599Z //score/mw/com/test/move_semantics/skeleton_method/integration_test:move_assign_before_offered_skeleton_same_process_test PASSED in 1.9s
2026-10-07T15:06:49.3428869Z //score/mw/com/test/move_semantics/skeleton_method/integration_test:move_construct_after_offered_skeleton_different_process_test PASSED in 11.9s
2026-10-07T15:06:49.3430634Z //score/mw/com/test/move_semantics/skeleton_method/integration_test:move_construct_after_offered_skeleton_same_process_test PASSED in 3.3s
2026-10-07T15:06:49.3432670Z //score/mw/com/test/move_semantics/skeleton_method/integration_test:move_construct_before_offered_skeleton_different_process_test PASSED in 3.9s
2026-10-07T15:06:49.3434441Z //score/mw/com/test/move_semantics/skeleton_method/integration_test:move_construct_before_offered_skeleton_same_process_test PASSED in 6.1s
2026-10-07T15:06:49.3435768Z //score/mw/com/test/multiple_proxies/integration_test:multiple_proxies   PASSED in 9.9s
2026-10-07T15:06:49.3437036Z //score/mw/com/test/partial_restart/checks_number_of_allocations:validate_mw_com_config_schema PASSED in 0.1s
2026-10-07T15:06:49.3438189Z //score/mw/com/test/partial_restart/checks_number_of_allocations/integration_test:check_number_of_allocations PASSED in 11.8s
2026-10-07T15:06:49.3438939Z //score/mw/com/test/partial_restart/consumer_restart:validate_mw_com_config_schema PASSED in 0.1s
2026-10-07T15:06:49.3439848Z //score/mw/com/test/partial_restart/consumer_restart/integration_test:consumer_restart_graceful PASSED in 13.2s
2026-10-07T15:06:49.3440592Z //score/mw/com/test/partial_restart/consumer_restart/integration_test:consumer_restart_kill PASSED in 15.7s
2026-10-07T15:06:49.3441280Z //score/mw/com/test/partial_restart/provider_restart:validate_mw_com_config_schema PASSED in 0.1s
2026-10-07T15:06:49.3442190Z //score/mw/com/test/partial_restart/provider_restart/integration_test:provider_restart_graceful PASSED in 12.5s
2026-10-07T15:06:49.3443006Z //score/mw/com/test/partial_restart/provider_restart/integration_test:provider_restart_graceful_no_proxy PASSED in 16.2s
2026-10-07T15:06:49.3443770Z //score/mw/com/test/partial_restart/provider_restart/integration_test:provider_restart_kill PASSED in 15.6s
2026-10-07T15:06:49.3444536Z //score/mw/com/test/partial_restart/provider_restart/integration_test:provider_restart_kill_no_proxy PASSED in 2.7s
2026-10-07T15:06:49.3445387Z //score/mw/com/test/partial_restart/provider_restart_max_subscribers:validate_mw_com_config_schema PASSED in 0.0s
2026-10-07T15:06:49.3446629Z //score/mw/com/test/partial_restart/provider_restart_max_subscribers/integration_test:provider_restart_max_subscribers_no_proxy PASSED in 12.0s
2026-10-07T15:06:49.3447932Z //score/mw/com/test/partial_restart/provider_restart_max_subscribers/integration_test:provider_restart_max_subscribers_with_proxy PASSED in 12.2s
2026-10-07T15:06:49.3449071Z //score/mw/com/test/partial_restart/proxy_restart_shall_not_affect_other_proxies:validate_mw_com_config_schema_consumer_1 PASSED in 0.0s
2026-10-07T15:06:49.3450294Z //score/mw/com/test/partial_restart/proxy_restart_shall_not_affect_other_proxies:validate_mw_com_config_schema_consumer_2 PASSED in 0.1s
2026-10-07T15:06:49.3451510Z //score/mw/com/test/partial_restart/proxy_restart_shall_not_affect_other_proxies:validate_mw_com_config_schema_provider PASSED in 0.1s
2026-10-07T15:06:49.3452814Z //score/mw/com/test/partial_restart/proxy_restart_shall_not_affect_other_proxies/integration_test:proxy_restart_shall_not_affect_other_proxies_graceful PASSED in 8.7s
2026-10-07T15:06:49.3454109Z //score/mw/com/test/partial_restart/proxy_restart_shall_not_affect_other_proxies/integration_test:proxy_restart_shall_not_affect_other_proxies_kill PASSED in 4.3s
2026-10-07T15:06:49.3455195Z //score/mw/com/test/receive_handler_unsubscribe/integration_test:receive_handler_unsubscribe PASSED in 18.0s
2026-10-07T15:06:49.3456153Z //score/mw/com/test/receive_handler_usage/integration_test:test_receive_handler_usage PASSED in 5.9s
2026-10-07T15:06:49.3456910Z //score/mw/com/test/service_discovery_during_consumer_crash:validate_mw_com_config_schema PASSED in 0.0s
2026-10-07T15:06:49.3457916Z //score/mw/com/test/service_discovery_during_consumer_crash/integration_test:service_discovery_during_consumer_crash PASSED in 7.5s
2026-10-07T15:06:49.3458869Z //score/mw/com/test/service_discovery_during_provider_crash:validate_mw_com_config_schema PASSED in 0.0s
2026-10-07T15:06:49.3459750Z //score/mw/com/test/service_discovery_during_provider_crash/integration_test:service_discovery_during_provider_crash PASSED in 9.3s
2026-10-07T15:06:49.3460964Z //score/mw/com/test/service_discovery_offer_and_search:validate_lola_client_schema PASSED in 0.0s
2026-10-07T15:06:49.3462211Z //score/mw/com/test/service_discovery_offer_and_search:validate_lola_service_schema PASSED in 0.1s
2026-10-07T15:06:49.3463103Z //score/mw/com/test/service_discovery_offer_and_search/integration_test:test_service_discovery_offer_and_search PASSED in 6.2s
2026-10-07T15:06:49.3463956Z //score/mw/com/test/service_discovery_search_and_offer:validate_lola_schema PASSED in 0.0s
2026-10-07T15:06:49.3465001Z //score/mw/com/test/service_discovery_search_and_offer/integration_test:test_service_discovery_search_and_offer PASSED in 10.7s
2026-10-07T15:06:49.3465702Z //score/mw/com/test/smokeyeyes:validate_lola_schema                      PASSED in 0.1s
2026-10-07T15:06:49.3466410Z //score/mw/com/test/subscribe_handler/integration_test:subscribe_handler PASSED in 5.6s
2026-10-07T15:06:49.3467326Z //score/mw/com/test/unsubscribe_deadlock/integration_test:unsubscribe_deadlock PASSED in 15.2s
2026-10-07T15:06:49.3467945Z //score/mw/service:multi_instance_holder_test                            PASSED in 0.3s
2026-10-07T15:06:49.3468743Z //score/mw/service:provided_services_container_test                      PASSED in 0.1s
2026-10-07T15:06:49.3469309Z //score/mw/service:proxy_container_test                                  PASSED in 0.2s
2026-10-07T15:06:49.3469982Z //score/mw/service:proxy_future_test                                     PASSED in 0.1s
2026-10-07T15:06:49.3470558Z //score/mw/service:proxy_needs_factory_test                              PASSED in 0.1s
2026-10-07T15:06:49.3471197Z //score/mw/service:proxy_needs_test                                      PASSED in 0.3s
2026-10-07T15:06:49.3471792Z //score/mw/service:single_instance_holder_test                           PASSED in 0.1s
2026-10-07T15:06:49.3472961Z //score/mw/service/backend/common:port_identifier_checking_test          PASSED in 0.0s
2026-10-07T15:06:49.3473668Z //score/mw/service/backend/common/test:instantiation_strategy_base_test  PASSED in 0.1s
2026-10-07T15:06:49.3474476Z //score/mw/service/backend/common/test:multiple_immediate_instantiation_strategy_test PASSED in 0.1s
2026-10-07T15:06:49.3475293Z //score/mw/service/backend/common/test:single_immediate_instantiation_strategy_test PASSED in 0.1s
2026-10-07T15:06:49.3476089Z //score/mw/service/backend/mw_com:multiple_instantiation_strategy_test   PASSED in 0.6s
2026-10-07T15:06:49.3476663Z //score/mw/service/backend/mw_com:proxy_holder_robustness_test           PASSED in 0.7s
2026-10-07T15:06:49.3477425Z //score/mw/service/backend/mw_com:proxy_holder_test                      PASSED in 1.1s
2026-10-07T15:06:49.3478176Z //score/mw/service/backend/mw_com:single_instantiation_strategy_test     PASSED in 0.8s
2026-10-07T15:06:49.3478987Z //score/mw/service/details:proxy_builder_test                            PASSED in 0.5s
2026-10-07T15:06:49.3479866Z //score/mw/service/details:proxy_spec_traits_test                        PASSED in 0.1s
2026-10-07T15:06:49.3480820Z //score/mw/service/utils/shared_optional_proxy_holder:shared_optional_proxy_holder_test PASSED in 0.1s
2026-10-07T15:06:49.3481721Z //third_party/codeql:pip_requirements.test                               PASSED in 4.9s
2026-10-07T15:06:49.3482668Z //third_party/score_baselibs:bitmanipulation                             PASSED in 0.1s
2026-10-07T15:06:49.3483502Z //third_party/score_baselibs:bitmanipulation_component                   PASSED in 0.2s
2026-10-07T15:06:49.3484312Z //third_party/score_baselibs:containers                                  PASSED in 0.2s
2026-10-07T15:06:49.3485113Z //third_party/score_baselibs:containers_component                        PASSED in 0.2s
2026-10-07T15:06:49.3485914Z //third_party/score_baselibs:futurecpp                                   PASSED in 0.1s
2026-10-07T15:06:49.3486740Z //third_party/score_baselibs:futurecpp_component                         PASSED in 0.2s
2026-10-07T15:06:49.3487525Z //third_party/score_baselibs:os                                          PASSED in 0.1s
2026-10-07T15:06:49.3488292Z //third_party/score_baselibs:os_component                                PASSED in 0.1s
2026-10-07T15:06:49.3489100Z //third_party/score_requirement_model:requirement_metamodel_test         PASSED in 0.2s
2026-10-07T15:06:49.3489929Z //tools/review-checklists:requirements.test                              PASSED in 9.5s
2026-10-07T15:06:49.3490765Z //tools/review-checklists/scripts:check_acknowledgements_test            PASSED in 2.6s
2026-10-07T15:06:49.3491687Z //tools/review-checklists/scripts:dismiss_and_invalidate_test            PASSED in 2.2s
2026-10-07T15:06:49.3494544Z //tools/review-checklists/scripts:helpers_test                           PASSED in 1.3s
2026-10-07T15:06:49.3495637Z //tools/review-checklists/scripts:post_checklists_test                   PASSED in 3.9s
2026-10-07T15:06:49.3496318Z 
2026-10-07T15:06:49.3496790Z Executed 506 out of 514 tests: 506 tests pass and 8 were skipped.
2026-10-07T15:06:49.3498133Z There were tests whose specified size is too big. Use the --test_verbose_timeout_warnings command line option to see which ones these are.
2026-10-07T15:06:49.5476194Z Post job cleanup.
2026-10-07T15:06:49.5500289Z ##[start-action display=Register post cache save hook and restore caches;id=__d4ff7715-8004-42b9-ad31-3980e9d4799c.__self]
2026-10-07T15:06:49.5546980Z Post job cleanup.
2026-10-07T15:06:49.7600880Z Cache mode 'read-only' — skipping save.
2026-10-07T15:06:49.7738628Z ##[end-action id=__d4ff7715-8004-42b9-ad31-3980e9d4799c.__self;outcome=success;conclusion=success;duration_ms=223]
2026-10-07T15:06:49.7742740Z ##[start-action display=Install Bazelisk;id=__d4ff7715-8004-42b9-ad31-3980e9d4799c.__bazel-contrib_setup-bazel]
2026-10-07T15:06:49.7795015Z Post job cleanup.
2026-10-07T15:06:49.9046423Z Cache saving is disabled (cache-save: false)
2026-10-07T15:06:49.9434437Z ##[end-action id=__d4ff7715-8004-42b9-ad31-3980e9d4799c.__bazel-contrib_setup-bazel;outcome=success;conclusion=success;duration_ms=168]
2026-10-07T15:06:49.9438774Z ##[start-action display=Free Disk Space (Ubuntu);id=__d4ff7715-8004-42b9-ad31-3980e9d4799c.__eclipse-score_more-disk-space]
2026-10-07T15:06:49.9471072Z Post job cleanup.
2026-10-07T15:06:49.9719009Z 
2026-10-07T15:06:49.9721105Z 📊 Final disk space report
2026-10-07T15:06:49.9721518Z ==========================
2026-10-07T15:06:49.9755546Z Space before action:   85 GiB
2026-10-07T15:06:49.9756043Z Space freed by action: 30 GiB
2026-10-07T15:06:49.9756567Z Space used by build:   56 GiB
2026-10-07T15:06:49.9756988Z Available now:         59 GiB
2026-10-07T15:06:49.9757176Z 
2026-10-07T15:06:49.9758700Z ✅ Good buffer remaining (59 GiB).
2026-10-07T15:06:49.9797394Z ##[end-action id=__d4ff7715-8004-42b9-ad31-3980e9d4799c.__eclipse-score_more-disk-space;outcome=success;conclusion=success;duration_ms=35]
2026-10-07T15:06:49.9858089Z Post job cleanup.
2026-10-07T15:06:50.1682757Z [command]/usr/bin/git version
2026-10-07T15:06:50.1725754Z git version 2.55.0
2026-10-07T15:06:50.1778004Z Temporarily overriding HOME='/home/runner/work/_temp/b917e3f6-aaa4-4950-8c8a-6c2e5db57e61' before making global git config changes
2026-10-07T15:06:50.1779290Z Adding repository directory to the temporary git global config as a safe directory
2026-10-07T15:06:50.1780362Z [command]/usr/bin/git config --global --add safe.directory /home/runner/work/communication/communication
2026-10-07T15:06:50.1813231Z Removing SSH command configuration
2026-10-07T15:06:50.1822835Z [command]/usr/bin/git config --local --name-only --get-regexp core\.sshCommand
2026-10-07T15:06:50.1865641Z [command]/usr/bin/git submodule foreach --recursive sh -c "git config --local --name-only --get-regexp 'core\.sshCommand' && git config --local --unset-all 'core.sshCommand' || :"
2026-10-07T15:06:50.2123488Z Removing HTTP extra header
2026-10-07T15:06:50.2128408Z [command]/usr/bin/git config --local --name-only --get-regexp http\.https\:\/\/github\.com\/\.extraheader
2026-10-07T15:06:50.2163959Z [command]/usr/bin/git submodule foreach --recursive sh -c "git config --local --name-only --get-regexp 'http\.https\:\/\/github\.com\/\.extraheader' && git config --local --unset-all 'http.https://github.com/.extraheader' || :"
2026-10-07T15:06:50.2374730Z Removing includeIf entries pointing to credentials config files
2026-10-07T15:06:50.2382374Z [command]/usr/bin/git config --local --name-only --get-regexp ^includeIf\.gitdir:
2026-10-07T15:06:50.2491716Z includeif.gitdir:/home/runner/work/communication/communication/.git.path
2026-10-07T15:06:50.2505724Z includeif.gitdir:/home/runner/work/communication/communication/.git/worktrees/*.path
2026-10-07T15:06:50.2509589Z includeif.gitdir:/github/workspace/.git.path
2026-10-07T15:06:50.2513385Z includeif.gitdir:/github/workspace/.git/worktrees/*.path
2026-10-07T15:06:50.2516228Z [command]/usr/bin/git config --local --get-all includeif.gitdir:/home/runner/work/communication/communication/.git.path
2026-10-07T15:06:50.2549184Z /home/runner/work/_temp/git-credentials-67827584-b5f3-4d46-9183-7bb97ad1b408.config
2026-10-07T15:06:50.2559087Z [command]/usr/bin/git config --local --unset includeif.gitdir:/home/runner/work/communication/communication/.git.path /home/runner/work/_temp/git-credentials-67827584-b5f3-4d46-9183-7bb97ad1b408.config
2026-10-07T15:06:50.2604501Z [command]/usr/bin/git config --local --get-all includeif.gitdir:/home/runner/work/communication/communication/.git/worktrees/*.path
2026-10-07T15:06:50.2642947Z /home/runner/work/_temp/git-credentials-67827584-b5f3-4d46-9183-7bb97ad1b408.config
2026-10-07T15:06:50.2645560Z [command]/usr/bin/git config --local --unset includeif.gitdir:/home/runner/work/communication/communication/.git/worktrees/*.path /home/runner/work/_temp/git-credentials-67827584-b5f3-4d46-9183-7bb97ad1b408.config
2026-10-07T15:06:50.2676825Z [command]/usr/bin/git config --local --get-all includeif.gitdir:/github/workspace/.git.path
2026-10-07T15:06:50.2701085Z /github/runner_temp/git-credentials-67827584-b5f3-4d46-9183-7bb97ad1b408.config
2026-10-07T15:06:50.2709571Z [command]/usr/bin/git config --local --unset includeif.gitdir:/github/workspace/.git.path /github/runner_temp/git-credentials-67827584-b5f3-4d46-9183-7bb97ad1b408.config
2026-10-07T15:06:50.2747942Z [command]/usr/bin/git config --local --get-all includeif.gitdir:/github/workspace/.git/worktrees/*.path
2026-10-07T15:06:50.2776040Z /github/runner_temp/git-credentials-67827584-b5f3-4d46-9183-7bb97ad1b408.config
2026-10-07T15:06:50.2785945Z [command]/usr/bin/git config --local --unset includeif.gitdir:/github/workspace/.git/worktrees/*.path /github/runner_temp/git-credentials-67827584-b5f3-4d46-9183-7bb97ad1b408.config
2026-10-07T15:06:50.2829048Z [command]/usr/bin/git submodule foreach --recursive git config --local --show-origin --name-only --get-regexp remote.origin.url
2026-10-07T15:06:50.3084074Z Removing credentials config '/home/runner/work/_temp/git-credentials-67827584-b5f3-4d46-9183-7bb97ad1b408.config'
2026-10-07T15:06:50.3877306Z Cleaning up orphan processes
2026-10-07T15:06:50.4789067Z Terminate orphan process: pid (2177) (java.lang=ALL-UNNAMED)
