$TEST_TMPDIR defined, some defaults will be overridden
OpenJDK 64-Bit Server VM warning: Options -Xverify:none and -noverify were deprecated in JDK 13 and will likely be removed in a future release.
 no actions running
Loading: 0 packages loaded
Loading: 312 packages loaded
    currently loading: tools/review-checklists/scripts
Loading: 312 packages loaded
    currently loading: tools/review-checklists/scripts
Loading: 312 packages loaded
    currently loading: tools/review-checklists/scripts
Loading: 312 packages loaded
    currently loading: tools/review-checklists/scripts
py_venv_rule rule //:copyright.check.venv
py_venv_rule rule //:copyright.fix.venv
alias rule //:pip_requirements_test
toolchain rule //bazel/toolchains:score_communication_libclang_toolchain
toolchain rule //bazel/toolchains:sphinx_toolchain
py_binary rule //docs/sphinx:sphinx_doc.serve
config_setting rule //docs/sphinx/utils:use_native
config_setting rule //docs/sphinx/utils:use_wrapper
genrule rule //quality/compiler_warnings/test:fail_cast_qual_build_error_test_0__deps
_check_messages rule //quality/compiler_warnings/test:fail_cast_qual_build_error_test__0
_try_build rule //quality/compiler_warnings/test:fail_cast_qual_build_error_test__0__0
genrule rule //quality/compiler_warnings/test:fail_conversion_build_error_test_0__deps
_check_messages rule //quality/compiler_warnings/test:fail_conversion_build_error_test__0
_try_build rule //quality/compiler_warnings/test:fail_conversion_build_error_test__0__0
genrule rule //quality/compiler_warnings/test:fail_delete_non_virtual_dtor_build_error_test_0__deps
_check_messages rule //quality/compiler_warnings/test:fail_delete_non_virtual_dtor_build_error_test__0
_try_build rule //quality/compiler_warnings/test:fail_delete_non_virtual_dtor_build_error_test__0__0
genrule rule //quality/compiler_warnings/test:fail_overloaded_virtual_build_error_test_0__deps
_check_messages rule //quality/compiler_warnings/test:fail_overloaded_virtual_build_error_test__0
_try_build rule //quality/compiler_warnings/test:fail_overloaded_virtual_build_error_test__0__0
genrule rule //quality/compiler_warnings/test:fail_shadow_build_error_test_0__deps
_check_messages rule //quality/compiler_warnings/test:fail_shadow_build_error_test__0
_try_build rule //quality/compiler_warnings/test:fail_shadow_build_error_test__0__0
genrule rule //quality/compiler_warnings/test:fail_sign_compare_build_error_test_0__deps
_check_messages rule //quality/compiler_warnings/test:fail_sign_compare_build_error_test__0
_try_build rule //quality/compiler_warnings/test:fail_sign_compare_build_error_test__0__0
genrule rule //quality/compiler_warnings/test:fail_undef_build_error_test_0__deps
_check_messages rule //quality/compiler_warnings/test:fail_undef_build_error_test__0
_try_build rule //quality/compiler_warnings/test:fail_undef_build_error_test__0__0
genrule rule //quality/compiler_warnings/test:fp_build_test_0__deps
genrule rule //quality/compiler_warnings/test:tp_build_test_0__deps
genrule rule //quality/compiler_warnings/test:tp_build_test_1__deps
genrule rule //quality/compiler_warnings/test:tp_build_test_2__deps
genrule rule //quality/compiler_warnings/test:tp_build_test_3__deps
genrule rule //quality/compiler_warnings/test:tp_build_test_4__deps
genrule rule //quality/compiler_warnings/test:tp_build_test_5__deps
genrule rule //quality/compiler_warnings/test:tp_build_test_6__deps
cc_library rule //quality/compiler_warnings/test:tp_cast_qual
cc_library rule //quality/compiler_warnings/test:tp_conversion
cc_library rule //quality/compiler_warnings/test:tp_delete_non_virtual_dtor
cc_library rule //quality/compiler_warnings/test:tp_overloaded_virtual
cc_library rule //quality/compiler_warnings/test:tp_shadow
cc_library rule //quality/compiler_warnings/test:tp_sign_compare
cc_library rule //quality/compiler_warnings/test:tp_undef
py_test rule //quality/integration_testing/environments/dual_qemu/example_xvm:test_lib_memory_ivshmem_xvm.test_binary
py_test rule //quality/integration_testing/test:test_hello_world.test_binary
cc_test rule //score/memory/shared:containers_compatibility_test_linux
sh_test rule //score/memory/shared:containers_compatibility_test_qnx
genrule rule //score/memory/shared:containers_compatibility_test_qnx_excluded_tests_filter
pkg_files rule //score/memory/shared:containers_compatibility_test_qnx_filter_file
pkg_filegroup rule //score/memory/shared:containers_compatibility_test_qnx_pkg
pkg_tar_impl rule //score/memory/shared:containers_compatibility_test_qnx_pkg_tar
sh_binary rule //score/memory/shared:containers_compatibility_test_qnx_shell
_get_so_libs rule //score/memory/shared:containers_compatibility_test_qnx_so_libs
pkg_files rule //score/memory/shared:containers_compatibility_test_qnx_so_libs_pkg
_get_test_and_data rule //score/memory/shared:containers_compatibility_test_qnx_test_and_data
pkg_files rule //score/memory/shared:containers_compatibility_test_qnx_test_and_runfiles
cc_test rule //score/memory/shared:lock_file_test_linux
sh_test rule //score/memory/shared:lock_file_test_qnx
genrule rule //score/memory/shared:lock_file_test_qnx_excluded_tests_filter
pkg_files rule //score/memory/shared:lock_file_test_qnx_filter_file
pkg_filegroup rule //score/memory/shared:lock_file_test_qnx_pkg
pkg_tar_impl rule //score/memory/shared:lock_file_test_qnx_pkg_tar
sh_binary rule //score/memory/shared:lock_file_test_qnx_shell
_get_so_libs rule //score/memory/shared:lock_file_test_qnx_so_libs
pkg_files rule //score/memory/shared:lock_file_test_qnx_so_libs_pkg
_get_test_and_data rule //score/memory/shared:lock_file_test_qnx_test_and_data
pkg_files rule //score/memory/shared:lock_file_test_qnx_test_and_runfiles
cc_test rule //score/memory/shared:managed_memory_resource_test_linux
sh_test rule //score/memory/shared:managed_memory_resource_test_qnx
genrule rule //score/memory/shared:managed_memory_resource_test_qnx_excluded_tests_filter
pkg_files rule //score/memory/shared:managed_memory_resource_test_qnx_filter_file
pkg_filegroup rule //score/memory/shared:managed_memory_resource_test_qnx_pkg
pkg_tar_impl rule //score/memory/shared:managed_memory_resource_test_qnx_pkg_tar
sh_binary rule //score/memory/shared:managed_memory_resource_test_qnx_shell
_get_so_libs rule //score/memory/shared:managed_memory_resource_test_qnx_so_libs
pkg_files rule //score/memory/shared:managed_memory_resource_test_qnx_so_libs_pkg
_get_test_and_data rule //score/memory/shared:managed_memory_resource_test_qnx_test_and_data
pkg_files rule //score/memory/shared:managed_memory_resource_test_qnx_test_and_runfiles
cc_test rule //score/memory/shared:map_test_linux
sh_test rule //score/memory/shared:map_test_qnx
genrule rule //score/memory/shared:map_test_qnx_excluded_tests_filter
pkg_files rule //score/memory/shared:map_test_qnx_filter_file
pkg_filegroup rule //score/memory/shared:map_test_qnx_pkg
pkg_tar_impl rule //score/memory/shared:map_test_qnx_pkg_tar
sh_binary rule //score/memory/shared:map_test_qnx_shell
_get_so_libs rule //score/memory/shared:map_test_qnx_so_libs
pkg_files rule //score/memory/shared:map_test_qnx_so_libs_pkg
_get_test_and_data rule //score/memory/shared:map_test_qnx_test_and_data
pkg_files rule //score/memory/shared:map_test_qnx_test_and_runfiles
cc_test rule //score/memory/shared:memory_region_bounds_test_linux
sh_test rule //score/memory/shared:memory_region_bounds_test_qnx
genrule rule //score/memory/shared:memory_region_bounds_test_qnx_excluded_tests_filter
pkg_files rule //score/memory/shared:memory_region_bounds_test_qnx_filter_file
pkg_filegroup rule //score/memory/shared:memory_region_bounds_test_qnx_pkg
pkg_tar_impl rule //score/memory/shared:memory_region_bounds_test_qnx_pkg_tar
sh_binary rule //score/memory/shared:memory_region_bounds_test_qnx_shell
_get_so_libs rule //score/memory/shared:memory_region_bounds_test_qnx_so_libs
pkg_files rule //score/memory/shared:memory_region_bounds_test_qnx_so_libs_pkg
_get_test_and_data rule //score/memory/shared:memory_region_bounds_test_qnx_test_and_data
pkg_files rule //score/memory/shared:memory_region_bounds_test_qnx_test_and_runfiles
cc_test rule //score/memory/shared:memory_region_map_test_linux
sh_test rule //score/memory/shared:memory_region_map_test_qnx
genrule rule //score/memory/shared:memory_region_map_test_qnx_excluded_tests_filter
pkg_files rule //score/memory/shared:memory_region_map_test_qnx_filter_file
pkg_filegroup rule //score/memory/shared:memory_region_map_test_qnx_pkg
pkg_tar_impl rule //score/memory/shared:memory_region_map_test_qnx_pkg_tar
sh_binary rule //score/memory/shared:memory_region_map_test_qnx_shell
_get_so_libs rule //score/memory/shared:memory_region_map_test_qnx_so_libs
pkg_files rule //score/memory/shared:memory_region_map_test_qnx_so_libs_pkg
_get_test_and_data rule //score/memory/shared:memory_region_map_test_qnx_test_and_data
pkg_files rule //score/memory/shared:memory_region_map_test_qnx_test_and_runfiles
cc_test rule //score/memory/shared:memory_resource_proxy_test_linux
sh_test rule //score/memory/shared:memory_resource_proxy_test_qnx
genrule rule //score/memory/shared:memory_resource_proxy_test_qnx_excluded_tests_filter
pkg_files rule //score/memory/shared:memory_resource_proxy_test_qnx_filter_file
pkg_filegroup rule //score/memory/shared:memory_resource_proxy_test_qnx_pkg
pkg_tar_impl rule //score/memory/shared:memory_resource_proxy_test_qnx_pkg_tar
sh_binary rule //score/memory/shared:memory_resource_proxy_test_qnx_shell
_get_so_libs rule //score/memory/shared:memory_resource_proxy_test_qnx_so_libs
pkg_files rule //score/memory/shared:memory_resource_proxy_test_qnx_so_libs_pkg
_get_test_and_data rule //score/memory/shared:memory_resource_proxy_test_qnx_test_and_data
pkg_files rule //score/memory/shared:memory_resource_proxy_test_qnx_test_and_runfiles
cc_test rule //score/memory/shared:memory_resource_registry_test_linux
sh_test rule //score/memory/shared:memory_resource_registry_test_qnx
genrule rule //score/memory/shared:memory_resource_registry_test_qnx_excluded_tests_filter
pkg_files rule //score/memory/shared:memory_resource_registry_test_qnx_filter_file
pkg_filegroup rule //score/memory/shared:memory_resource_registry_test_qnx_pkg
pkg_tar_impl rule //score/memory/shared:memory_resource_registry_test_qnx_pkg_tar
sh_binary rule //score/memory/shared:memory_resource_registry_test_qnx_shell
_get_so_libs rule //score/memory/shared:memory_resource_registry_test_qnx_so_libs
pkg_files rule //score/memory/shared:memory_resource_registry_test_qnx_so_libs_pkg
_get_test_and_data rule //score/memory/shared:memory_resource_registry_test_qnx_test_and_data
pkg_files rule //score/memory/shared:memory_resource_registry_test_qnx_test_and_runfiles
cc_test rule //score/memory/shared:new_delete_delegate_resource_test_linux
sh_test rule //score/memory/shared:new_delete_delegate_resource_test_qnx
genrule rule //score/memory/shared:new_delete_delegate_resource_test_qnx_excluded_tests_filter
pkg_files rule //score/memory/shared:new_delete_delegate_resource_test_qnx_filter_file
pkg_filegroup rule //score/memory/shared:new_delete_delegate_resource_test_qnx_pkg
pkg_tar_impl rule //score/memory/shared:new_delete_delegate_resource_test_qnx_pkg_tar
sh_binary rule //score/memory/shared:new_delete_delegate_resource_test_qnx_shell
_get_so_libs rule //score/memory/shared:new_delete_delegate_resource_test_qnx_so_libs
pkg_files rule //score/memory/shared:new_delete_delegate_resource_test_qnx_so_libs_pkg
_get_test_and_data rule //score/memory/shared:new_delete_delegate_resource_test_qnx_test_and_data
pkg_files rule //score/memory/shared:new_delete_delegate_resource_test_qnx_test_and_runfiles
cc_test rule //score/memory/shared:pointer_arithmetic_util_calculate_aligned_size_test_linux
sh_test rule //score/memory/shared:pointer_arithmetic_util_calculate_aligned_size_test_qnx
genrule rule //score/memory/shared:pointer_arithmetic_util_calculate_aligned_size_test_qnx_excluded_tests_filter
pkg_files rule //score/memory/shared:pointer_arithmetic_util_calculate_aligned_size_test_qnx_filter_file
pkg_filegroup rule //score/memory/shared:pointer_arithmetic_util_calculate_aligned_size_test_qnx_pkg
pkg_tar_impl rule //score/memory/shared:pointer_arithmetic_util_calculate_aligned_size_test_qnx_pkg_tar
sh_binary rule //score/memory/shared:pointer_arithmetic_util_calculate_aligned_size_test_qnx_shell
_get_so_libs rule //score/memory/shared:pointer_arithmetic_util_calculate_aligned_size_test_qnx_so_libs
pkg_files rule //score/memory/shared:pointer_arithmetic_util_calculate_aligned_size_test_qnx_so_libs_pkg
_get_test_and_data rule //score/memory/shared:pointer_arithmetic_util_calculate_aligned_size_test_qnx_test_and_data
pkg_files rule //score/memory/shared:pointer_arithmetic_util_calculate_aligned_size_test_qnx_test_and_runfiles
cc_test rule //score/memory/shared:pointer_arithmetic_util_precondition_violation_test_linux
sh_test rule //score/memory/shared:pointer_arithmetic_util_precondition_violation_test_qnx
genrule rule //score/memory/shared:pointer_arithmetic_util_precondition_violation_test_qnx_excluded_tests_filter
pkg_files rule //score/memory/shared:pointer_arithmetic_util_precondition_violation_test_qnx_filter_file
pkg_filegroup rule //score/memory/shared:pointer_arithmetic_util_precondition_violation_test_qnx_pkg
pkg_tar_impl rule //score/memory/shared:pointer_arithmetic_util_precondition_violation_test_qnx_pkg_tar
sh_binary rule //score/memory/shared:pointer_arithmetic_util_precondition_violation_test_qnx_shell
_get_so_libs rule //score/memory/shared:pointer_arithmetic_util_precondition_violation_test_qnx_so_libs
pkg_files rule //score/memory/shared:pointer_arithmetic_util_precondition_violation_test_qnx_so_libs_pkg
_get_test_and_data rule //score/memory/shared:pointer_arithmetic_util_precondition_violation_test_qnx_test_and_data
pkg_files rule //score/memory/shared:pointer_arithmetic_util_precondition_violation_test_qnx_test_and_runfiles
cc_test rule //score/memory/shared:polymorphic_offset_ptr_allocator_test_linux
sh_test rule //score/memory/shared:polymorphic_offset_ptr_allocator_test_qnx
genrule rule //score/memory/shared:polymorphic_offset_ptr_allocator_test_qnx_excluded_tests_filter
pkg_files rule //score/memory/shared:polymorphic_offset_ptr_allocator_test_qnx_filter_file
pkg_filegroup rule //score/memory/shared:polymorphic_offset_ptr_allocator_test_qnx_pkg
pkg_tar_impl rule //score/memory/shared:polymorphic_offset_ptr_allocator_test_qnx_pkg_tar
sh_binary rule //score/memory/shared:polymorphic_offset_ptr_allocator_test_qnx_shell
_get_so_libs rule //score/memory/shared:polymorphic_offset_ptr_allocator_test_qnx_so_libs
pkg_files rule //score/memory/shared:polymorphic_offset_ptr_allocator_test_qnx_so_libs_pkg
_get_test_and_data rule //score/memory/shared:polymorphic_offset_ptr_allocator_test_qnx_test_and_data
pkg_files rule //score/memory/shared:polymorphic_offset_ptr_allocator_test_qnx_test_and_runfiles
cc_test rule //score/memory/shared:shared_memory_error_test_linux
sh_test rule //score/memory/shared:shared_memory_error_test_qnx
genrule rule //score/memory/shared:shared_memory_error_test_qnx_excluded_tests_filter
pkg_files rule //score/memory/shared:shared_memory_error_test_qnx_filter_file
pkg_filegroup rule //score/memory/shared:shared_memory_error_test_qnx_pkg
pkg_tar_impl rule //score/memory/shared:shared_memory_error_test_qnx_pkg_tar
sh_binary rule //score/memory/shared:shared_memory_error_test_qnx_shell
_get_so_libs rule //score/memory/shared:shared_memory_error_test_qnx_so_libs
pkg_files rule //score/memory/shared:shared_memory_error_test_qnx_so_libs_pkg
_get_test_and_data rule //score/memory/shared:shared_memory_error_test_qnx_test_and_data
pkg_files rule //score/memory/shared:shared_memory_error_test_qnx_test_and_runfiles
cc_test rule //score/memory/shared:shared_memory_factory_test_linux
sh_test rule //score/memory/shared:shared_memory_factory_test_qnx
genrule rule //score/memory/shared:shared_memory_factory_test_qnx_excluded_tests_filter
pkg_files rule //score/memory/shared:shared_memory_factory_test_qnx_filter_file
pkg_filegroup rule //score/memory/shared:shared_memory_factory_test_qnx_pkg
pkg_tar_impl rule //score/memory/shared:shared_memory_factory_test_qnx_pkg_tar
sh_binary rule //score/memory/shared:shared_memory_factory_test_qnx_shell
_get_so_libs rule //score/memory/shared:shared_memory_factory_test_qnx_so_libs
pkg_files rule //score/memory/shared:shared_memory_factory_test_qnx_so_libs_pkg
_get_test_and_data rule //score/memory/shared:shared_memory_factory_test_qnx_test_and_data
pkg_files rule //score/memory/shared:shared_memory_factory_test_qnx_test_and_runfiles
cc_test rule //score/memory/shared:shared_memory_resource_allocate_test_linux
sh_test rule //score/memory/shared:shared_memory_resource_allocate_test_qnx
genrule rule //score/memory/shared:shared_memory_resource_allocate_test_qnx_excluded_tests_filter
pkg_files rule //score/memory/shared:shared_memory_resource_allocate_test_qnx_filter_file
pkg_filegroup rule //score/memory/shared:shared_memory_resource_allocate_test_qnx_pkg
pkg_tar_impl rule //score/memory/shared:shared_memory_resource_allocate_test_qnx_pkg_tar
sh_binary rule //score/memory/shared:shared_memory_resource_allocate_test_qnx_shell
_get_so_libs rule //score/memory/shared:shared_memory_resource_allocate_test_qnx_so_libs
pkg_files rule //score/memory/shared:shared_memory_resource_allocate_test_qnx_so_libs_pkg
_get_test_and_data rule //score/memory/shared:shared_memory_resource_allocate_test_qnx_test_and_data
pkg_files rule //score/memory/shared:shared_memory_resource_allocate_test_qnx_test_and_runfiles
cc_test rule //score/memory/shared:shared_memory_resource_create_anonymous_test_linux
sh_test rule //score/memory/shared:shared_memory_resource_create_anonymous_test_qnx
genrule rule //score/memory/shared:shared_memory_resource_create_anonymous_test_qnx_excluded_tests_filter
pkg_files rule //score/memory/shared:shared_memory_resource_create_anonymous_test_qnx_filter_file
pkg_filegroup rule //score/memory/shared:shared_memory_resource_create_anonymous_test_qnx_pkg
pkg_tar_impl rule //score/memory/shared:shared_memory_resource_create_anonymous_test_qnx_pkg_tar
sh_binary rule //score/memory/shared:shared_memory_resource_create_anonymous_test_qnx_shell
_get_so_libs rule //score/memory/shared:shared_memory_resource_create_anonymous_test_qnx_so_libs
pkg_files rule //score/memory/shared:shared_memory_resource_create_anonymous_test_qnx_so_libs_pkg
_get_test_and_data rule //score/memory/shared:shared_memory_resource_create_anonymous_test_qnx_test_and_data
pkg_files rule //score/memory/shared:shared_memory_resource_create_anonymous_test_qnx_test_and_runfiles
cc_test rule //score/memory/shared:shared_memory_resource_create_or_open_test_linux
sh_test rule //score/memory/shared:shared_memory_resource_create_or_open_test_qnx
genrule rule //score/memory/shared:shared_memory_resource_create_or_open_test_qnx_excluded_tests_filter
pkg_files rule //score/memory/shared:shared_memory_resource_create_or_open_test_qnx_filter_file
pkg_filegroup rule //score/memory/shared:shared_memory_resource_create_or_open_test_qnx_pkg
pkg_tar_impl rule //score/memory/shared:shared_memory_resource_create_or_open_test_qnx_pkg_tar
sh_binary rule //score/memory/shared:shared_memory_resource_create_or_open_test_qnx_shell
_get_so_libs rule //score/memory/shared:shared_memory_resource_create_or_open_test_qnx_so_libs
pkg_files rule //score/memory/shared:shared_memory_resource_create_or_open_test_qnx_so_libs_pkg
_get_test_and_data rule //score/memory/shared:shared_memory_resource_create_or_open_test_qnx_test_and_data
pkg_files rule //score/memory/shared:shared_memory_resource_create_or_open_test_qnx_test_and_runfiles
cc_test rule //score/memory/shared:shared_memory_resource_create_test_linux
sh_test rule //score/memory/shared:shared_memory_resource_create_test_qnx
genrule rule //score/memory/shared:shared_memory_resource_create_test_qnx_excluded_tests_filter
pkg_files rule //score/memory/shared:shared_memory_resource_create_test_qnx_filter_file
pkg_filegroup rule //score/memory/shared:shared_memory_resource_create_test_qnx_pkg
pkg_tar_impl rule //score/memory/shared:shared_memory_resource_create_test_qnx_pkg_tar
sh_binary rule //score/memory/shared:shared_memory_resource_create_test_qnx_shell
_get_so_libs rule //score/memory/shared:shared_memory_resource_create_test_qnx_so_libs
pkg_files rule //score/memory/shared:shared_memory_resource_create_test_qnx_so_libs_pkg
_get_test_and_data rule //score/memory/shared:shared_memory_resource_create_test_qnx_test_and_data
pkg_files rule //score/memory/shared:shared_memory_resource_create_test_qnx_test_and_runfiles
cc_test rule //score/memory/shared:shared_memory_resource_misc_test_linux
sh_test rule //score/memory/shared:shared_memory_resource_misc_test_qnx
genrule rule //score/memory/shared:shared_memory_resource_misc_test_qnx_excluded_tests_filter
pkg_files rule //score/memory/shared:shared_memory_resource_misc_test_qnx_filter_file
pkg_filegroup rule //score/memory/shared:shared_memory_resource_misc_test_qnx_pkg
pkg_tar_impl rule //score/memory/shared:shared_memory_resource_misc_test_qnx_pkg_tar
sh_binary rule //score/memory/shared:shared_memory_resource_misc_test_qnx_shell
_get_so_libs rule //score/memory/shared:shared_memory_resource_misc_test_qnx_so_libs
pkg_files rule //score/memory/shared:shared_memory_resource_misc_test_qnx_so_libs_pkg
_get_test_and_data rule //score/memory/shared:shared_memory_resource_misc_test_qnx_test_and_data
pkg_files rule //score/memory/shared:shared_memory_resource_misc_test_qnx_test_and_runfiles
cc_test rule //score/memory/shared:shared_memory_resource_open_test_linux
sh_test rule //score/memory/shared:shared_memory_resource_open_test_qnx
genrule rule //score/memory/shared:shared_memory_resource_open_test_qnx_excluded_tests_filter
pkg_files rule //score/memory/shared:shared_memory_resource_open_test_qnx_filter_file
pkg_filegroup rule //score/memory/shared:shared_memory_resource_open_test_qnx_pkg
pkg_tar_impl rule //score/memory/shared:shared_memory_resource_open_test_qnx_pkg_tar
sh_binary rule //score/memory/shared:shared_memory_resource_open_test_qnx_shell
_get_so_libs rule //score/memory/shared:shared_memory_resource_open_test_qnx_so_libs
pkg_files rule //score/memory/shared:shared_memory_resource_open_test_qnx_so_libs_pkg
_get_test_and_data rule //score/memory/shared:shared_memory_resource_open_test_qnx_test_and_data
pkg_files rule //score/memory/shared:shared_memory_resource_open_test_qnx_test_and_runfiles
cc_test rule //score/memory/shared:string_test_linux
sh_test rule //score/memory/shared:string_test_qnx
genrule rule //score/memory/shared:string_test_qnx_excluded_tests_filter
pkg_files rule //score/memory/shared:string_test_qnx_filter_file
pkg_filegroup rule //score/memory/shared:string_test_qnx_pkg
pkg_tar_impl rule //score/memory/shared:string_test_qnx_pkg_tar
sh_binary rule //score/memory/shared:string_test_qnx_shell
_get_so_libs rule //score/memory/shared:string_test_qnx_so_libs
pkg_files rule //score/memory/shared:string_test_qnx_so_libs_pkg
_get_test_and_data rule //score/memory/shared:string_test_qnx_test_and_data
pkg_files rule //score/memory/shared:string_test_qnx_test_and_runfiles
cc_test rule //score/memory/shared:vector_test_linux
sh_test rule //score/memory/shared:vector_test_qnx
genrule rule //score/memory/shared:vector_test_qnx_excluded_tests_filter
pkg_files rule //score/memory/shared:vector_test_qnx_filter_file
pkg_filegroup rule //score/memory/shared:vector_test_qnx_pkg
pkg_tar_impl rule //score/memory/shared:vector_test_qnx_pkg_tar
sh_binary rule //score/memory/shared:vector_test_qnx_shell
_get_so_libs rule //score/memory/shared:vector_test_qnx_so_libs
pkg_files rule //score/memory/shared:vector_test_qnx_so_libs_pkg
_get_test_and_data rule //score/memory/shared:vector_test_qnx_test_and_data
pkg_files rule //score/memory/shared:vector_test_qnx_test_and_runfiles
config_setting rule //score/memory/shared/flags:config_use_typedshmd
cc_test rule //score/memory/shared/flock:unit_test_linux
sh_test rule //score/memory/shared/flock:unit_test_qnx
genrule rule //score/memory/shared/flock:unit_test_qnx_excluded_tests_filter
pkg_files rule //score/memory/shared/flock:unit_test_qnx_filter_file
pkg_filegroup rule //score/memory/shared/flock:unit_test_qnx_pkg
pkg_tar_impl rule //score/memory/shared/flock:unit_test_qnx_pkg_tar
sh_binary rule //score/memory/shared/flock:unit_test_qnx_shell
_get_so_libs rule //score/memory/shared/flock:unit_test_qnx_so_libs
pkg_files rule //score/memory/shared/flock:unit_test_qnx_so_libs_pkg
_get_test_and_data rule //score/memory/shared/flock:unit_test_qnx_test_and_data
pkg_files rule //score/memory/shared/flock:unit_test_qnx_test_and_runfiles
cc_test rule //score/memory/shared/sealedshm/sealedshm_wrapper:unit_test_linux
sh_test rule //score/memory/shared/sealedshm/sealedshm_wrapper:unit_test_qnx
genrule rule //score/memory/shared/sealedshm/sealedshm_wrapper:unit_test_qnx_excluded_tests_filter
pkg_files rule //score/memory/shared/sealedshm/sealedshm_wrapper:unit_test_qnx_filter_file
pkg_filegroup rule //score/memory/shared/sealedshm/sealedshm_wrapper:unit_test_qnx_pkg
pkg_tar_impl rule //score/memory/shared/sealedshm/sealedshm_wrapper:unit_test_qnx_pkg_tar
sh_binary rule //score/memory/shared/sealedshm/sealedshm_wrapper:unit_test_qnx_shell
_get_so_libs rule //score/memory/shared/sealedshm/sealedshm_wrapper:unit_test_qnx_so_libs
pkg_files rule //score/memory/shared/sealedshm/sealedshm_wrapper:unit_test_qnx_so_libs_pkg
_get_test_and_data rule //score/memory/shared/sealedshm/sealedshm_wrapper:unit_test_qnx_test_and_data
pkg_files rule //score/memory/shared/sealedshm/sealedshm_wrapper:unit_test_qnx_test_and_runfiles
py_test rule //score/memory/shared/test/dynamic_array_in_shm_test:dynamic_array_in_shm_test.test_binary
cc_test rule //score/memory/shared/test/test_offset_ptr:offset_ptr_precondition_violation_test_linux
sh_test rule //score/memory/shared/test/test_offset_ptr:offset_ptr_precondition_violation_test_qnx
genrule rule //score/memory/shared/test/test_offset_ptr:offset_ptr_precondition_violation_test_qnx_excluded_tests_filter
pkg_files rule //score/memory/shared/test/test_offset_ptr:offset_ptr_precondition_violation_test_qnx_filter_file
pkg_filegroup rule //score/memory/shared/test/test_offset_ptr:offset_ptr_precondition_violation_test_qnx_pkg
pkg_tar_impl rule //score/memory/shared/test/test_offset_ptr:offset_ptr_precondition_violation_test_qnx_pkg_tar
sh_binary rule //score/memory/shared/test/test_offset_ptr:offset_ptr_precondition_violation_test_qnx_shell
_get_so_libs rule //score/memory/shared/test/test_offset_ptr:offset_ptr_precondition_violation_test_qnx_so_libs
pkg_files rule //score/memory/shared/test/test_offset_ptr:offset_ptr_precondition_violation_test_qnx_so_libs_pkg
_get_test_and_data rule //score/memory/shared/test/test_offset_ptr:offset_ptr_precondition_violation_test_qnx_test_and_data
pkg_files rule //score/memory/shared/test/test_offset_ptr:offset_ptr_precondition_violation_test_qnx_test_and_runfiles
cc_test rule //score/memory/shared/test/test_offset_ptr:offset_ptr_test_linux
sh_test rule //score/memory/shared/test/test_offset_ptr:offset_ptr_test_qnx
genrule rule //score/memory/shared/test/test_offset_ptr:offset_ptr_test_qnx_excluded_tests_filter
pkg_files rule //score/memory/shared/test/test_offset_ptr:offset_ptr_test_qnx_filter_file
pkg_filegroup rule //score/memory/shared/test/test_offset_ptr:offset_ptr_test_qnx_pkg
pkg_tar_impl rule //score/memory/shared/test/test_offset_ptr:offset_ptr_test_qnx_pkg_tar
sh_binary rule //score/memory/shared/test/test_offset_ptr:offset_ptr_test_qnx_shell
_get_so_libs rule //score/memory/shared/test/test_offset_ptr:offset_ptr_test_qnx_so_libs
pkg_files rule //score/memory/shared/test/test_offset_ptr:offset_ptr_test_qnx_so_libs_pkg
_get_test_and_data rule //score/memory/shared/test/test_offset_ptr:offset_ptr_test_qnx_test_and_data
pkg_files rule //score/memory/shared/test/test_offset_ptr:offset_ptr_test_qnx_test_and_runfiles
cc_test rule //score/memory/shared/test/test_offset_ref:offset_ref_precondition_violation_test_linux
sh_test rule //score/memory/shared/test/test_offset_ref:offset_ref_precondition_violation_test_qnx
genrule rule //score/memory/shared/test/test_offset_ref:offset_ref_precondition_violation_test_qnx_excluded_tests_filter
pkg_files rule //score/memory/shared/test/test_offset_ref:offset_ref_precondition_violation_test_qnx_filter_file
pkg_filegroup rule //score/memory/shared/test/test_offset_ref:offset_ref_precondition_violation_test_qnx_pkg
pkg_tar_impl rule //score/memory/shared/test/test_offset_ref:offset_ref_precondition_violation_test_qnx_pkg_tar
sh_binary rule //score/memory/shared/test/test_offset_ref:offset_ref_precondition_violation_test_qnx_shell
_get_so_libs rule //score/memory/shared/test/test_offset_ref:offset_ref_precondition_violation_test_qnx_so_libs
pkg_files rule //score/memory/shared/test/test_offset_ref:offset_ref_precondition_violation_test_qnx_so_libs_pkg
_get_test_and_data rule //score/memory/shared/test/test_offset_ref:offset_ref_precondition_violation_test_qnx_test_and_data
pkg_files rule //score/memory/shared/test/test_offset_ref:offset_ref_precondition_violation_test_qnx_test_and_runfiles
cc_test rule //score/memory/shared/test/test_offset_ref:offset_ref_test_linux
sh_test rule //score/memory/shared/test/test_offset_ref:offset_ref_test_qnx
genrule rule //score/memory/shared/test/test_offset_ref:offset_ref_test_qnx_excluded_tests_filter
pkg_files rule //score/memory/shared/test/test_offset_ref:offset_ref_test_qnx_filter_file
pkg_filegroup rule //score/memory/shared/test/test_offset_ref:offset_ref_test_qnx_pkg
pkg_tar_impl rule //score/memory/shared/test/test_offset_ref:offset_ref_test_qnx_pkg_tar
sh_binary rule //score/memory/shared/test/test_offset_ref:offset_ref_test_qnx_shell
_get_so_libs rule //score/memory/shared/test/test_offset_ref:offset_ref_test_qnx_so_libs
pkg_files rule //score/memory/shared/test/test_offset_ref:offset_ref_test_qnx_so_libs_pkg
_get_test_and_data rule //score/memory/shared/test/test_offset_ref:offset_ref_test_qnx_test_and_data
pkg_files rule //score/memory/shared/test/test_offset_ref:offset_ref_test_qnx_test_and_runfiles
cc_test rule //score/memory/shared/typedshm/typedshm_wrapper:typed_memory_test_linux
sh_test rule //score/memory/shared/typedshm/typedshm_wrapper:typed_memory_test_qnx
genrule rule //score/memory/shared/typedshm/typedshm_wrapper:typed_memory_test_qnx_excluded_tests_filter
pkg_files rule //score/memory/shared/typedshm/typedshm_wrapper:typed_memory_test_qnx_filter_file
pkg_filegroup rule //score/memory/shared/typedshm/typedshm_wrapper:typed_memory_test_qnx_pkg
pkg_tar_impl rule //score/memory/shared/typedshm/typedshm_wrapper:typed_memory_test_qnx_pkg_tar
sh_binary rule //score/memory/shared/typedshm/typedshm_wrapper:typed_memory_test_qnx_shell
_get_so_libs rule //score/memory/shared/typedshm/typedshm_wrapper:typed_memory_test_qnx_so_libs
pkg_files rule //score/memory/shared/typedshm/typedshm_wrapper:typed_memory_test_qnx_so_libs_pkg
_get_test_and_data rule //score/memory/shared/typedshm/typedshm_wrapper:typed_memory_test_qnx_test_and_data
pkg_files rule //score/memory/shared/typedshm/typedshm_wrapper:typed_memory_test_qnx_test_and_runfiles
cc_test rule //score/message_passing:client_connection_test_linux
sh_test rule //score/message_passing:client_connection_test_qnx
genrule rule //score/message_passing:client_connection_test_qnx_excluded_tests_filter
pkg_files rule //score/message_passing:client_connection_test_qnx_filter_file
pkg_filegroup rule //score/message_passing:client_connection_test_qnx_pkg
pkg_tar_impl rule //score/message_passing:client_connection_test_qnx_pkg_tar
sh_binary rule //score/message_passing:client_connection_test_qnx_shell
_get_so_libs rule //score/message_passing:client_connection_test_qnx_so_libs
pkg_files rule //score/message_passing:client_connection_test_qnx_so_libs_pkg
_get_test_and_data rule //score/message_passing:client_connection_test_qnx_test_and_data
pkg_files rule //score/message_passing:client_connection_test_qnx_test_and_runfiles
cc_test rule //score/message_passing:qnx_dispatch_test_linux
sh_test rule //score/message_passing:qnx_dispatch_test_qnx
genrule rule //score/message_passing:qnx_dispatch_test_qnx_excluded_tests_filter
pkg_files rule //score/message_passing:qnx_dispatch_test_qnx_filter_file
pkg_filegroup rule //score/message_passing:qnx_dispatch_test_qnx_pkg
pkg_tar_impl rule //score/message_passing:qnx_dispatch_test_qnx_pkg_tar
sh_binary rule //score/message_passing:qnx_dispatch_test_qnx_shell
_get_so_libs rule //score/message_passing:qnx_dispatch_test_qnx_so_libs
pkg_files rule //score/message_passing:qnx_dispatch_test_qnx_so_libs_pkg
_get_test_and_data rule //score/message_passing:qnx_dispatch_test_qnx_test_and_data
pkg_files rule //score/message_passing:qnx_dispatch_test_qnx_test_and_runfiles
cc_test rule //score/message_passing:qnx_resource_path_test_linux
sh_test rule //score/message_passing:qnx_resource_path_test_qnx
genrule rule //score/message_passing:qnx_resource_path_test_qnx_excluded_tests_filter
pkg_files rule //score/message_passing:qnx_resource_path_test_qnx_filter_file
pkg_filegroup rule //score/message_passing:qnx_resource_path_test_qnx_pkg
pkg_tar_impl rule //score/message_passing:qnx_resource_path_test_qnx_pkg_tar
sh_binary rule //score/message_passing:qnx_resource_path_test_qnx_shell
_get_so_libs rule //score/message_passing:qnx_resource_path_test_qnx_so_libs
pkg_files rule //score/message_passing:qnx_resource_path_test_qnx_so_libs_pkg
_get_test_and_data rule //score/message_passing:qnx_resource_path_test_qnx_test_and_data
pkg_files rule //score/message_passing:qnx_resource_path_test_qnx_test_and_runfiles
cc_test rule //score/message_passing:timed_command_queue_test_linux
sh_test rule //score/message_passing:timed_command_queue_test_qnx
genrule rule //score/message_passing:timed_command_queue_test_qnx_excluded_tests_filter
pkg_files rule //score/message_passing:timed_command_queue_test_qnx_filter_file
pkg_filegroup rule //score/message_passing:timed_command_queue_test_qnx_pkg
pkg_tar_impl rule //score/message_passing:timed_command_queue_test_qnx_pkg_tar
sh_binary rule //score/message_passing:timed_command_queue_test_qnx_shell
_get_so_libs rule //score/message_passing:timed_command_queue_test_qnx_so_libs
pkg_files rule //score/message_passing:timed_command_queue_test_qnx_so_libs_pkg
_get_test_and_data rule //score/message_passing:timed_command_queue_test_qnx_test_and_data
pkg_files rule //score/message_passing:timed_command_queue_test_qnx_test_and_runfiles
cc_test rule //score/message_passing:unix_domain_test_linux
sh_test rule //score/message_passing:unix_domain_test_qnx
genrule rule //score/message_passing:unix_domain_test_qnx_excluded_tests_filter
pkg_files rule //score/message_passing:unix_domain_test_qnx_filter_file
pkg_filegroup rule //score/message_passing:unix_domain_test_qnx_pkg
pkg_tar_impl rule //score/message_passing:unix_domain_test_qnx_pkg_tar
sh_binary rule //score/message_passing:unix_domain_test_qnx_shell
_get_so_libs rule //score/message_passing:unix_domain_test_qnx_so_libs
pkg_files rule //score/message_passing:unix_domain_test_qnx_so_libs_pkg
_get_test_and_data rule //score/message_passing:unix_domain_test_qnx_test_and_data
pkg_files rule //score/message_passing:unix_domain_test_qnx_test_and_runfiles
_component_test rule //score/message_passing/dependability:component_message_passing
_dependable_element_test rule //score/message_passing/dependability:dependable_element_message_passing
alias rule //score/message_passing/dependability:dependable_element_message_passing.serve
_score_html rule //score/message_passing/dependability:dependable_element_message_passing_doc
py_binary rule //score/message_passing/dependability:dependable_element_message_passing_doc.serve
_score_conf rule //score/message_passing/dependability:dependable_element_message_passing_doc_conf
_score_needs rule //score/message_passing/dependability:dependable_element_message_passing_doc_needs
_score_conf rule //score/message_passing/dependability:dependable_element_message_passing_doc_needs_conf
_dependable_element_index rule //score/message_passing/dependability:dependable_element_message_passing_index
sphinx_docs_library rule //score/message_passing/dependability:dependable_element_message_passing_rst
_component_test rule //score/message_passing/dependability:dispatch
_trlc_requirements_ai_test rule //score/message_passing/dependability/requirements:feature_requirements_ai_check
_dependability_analysis_test rule //score/message_passing/dependability/safety_analysis:message_passing_dependability_analysis
cc_test rule //score/message_passing/log:log_test_linux
sh_test rule //score/message_passing/log:log_test_qnx
genrule rule //score/message_passing/log:log_test_qnx_excluded_tests_filter
pkg_files rule //score/message_passing/log:log_test_qnx_filter_file
pkg_filegroup rule //score/message_passing/log:log_test_qnx_pkg
pkg_tar_impl rule //score/message_passing/log:log_test_qnx_pkg_tar
sh_binary rule //score/message_passing/log:log_test_qnx_shell
_get_so_libs rule //score/message_passing/log:log_test_qnx_so_libs
pkg_files rule //score/message_passing/log:log_test_qnx_so_libs_pkg
_get_test_and_data rule //score/message_passing/log:log_test_qnx_test_and_data
pkg_files rule //score/message_passing/log:log_test_qnx_test_and_runfiles
cc_test rule //score/message_passing/log:logging_callback_test_linux
sh_test rule //score/message_passing/log:logging_callback_test_qnx
genrule rule //score/message_passing/log:logging_callback_test_qnx_excluded_tests_filter
pkg_files rule //score/message_passing/log:logging_callback_test_qnx_filter_file
pkg_filegroup rule //score/message_passing/log:logging_callback_test_qnx_pkg
pkg_tar_impl rule //score/message_passing/log:logging_callback_test_qnx_pkg_tar
sh_binary rule //score/message_passing/log:logging_callback_test_qnx_shell
_get_so_libs rule //score/message_passing/log:logging_callback_test_qnx_so_libs
pkg_files rule //score/message_passing/log:logging_callback_test_qnx_so_libs_pkg
_get_test_and_data rule //score/message_passing/log:logging_callback_test_qnx_test_and_data
pkg_files rule //score/message_passing/log:logging_callback_test_qnx_test_and_runfiles
cc_test rule //score/message_passing/non_allocating_future:non_allocating_future_test_linux
sh_test rule //score/message_passing/non_allocating_future:non_allocating_future_test_qnx
genrule rule //score/message_passing/non_allocating_future:non_allocating_future_test_qnx_excluded_tests_filter
pkg_files rule //score/message_passing/non_allocating_future:non_allocating_future_test_qnx_filter_file
pkg_filegroup rule //score/message_passing/non_allocating_future:non_allocating_future_test_qnx_pkg
pkg_tar_impl rule //score/message_passing/non_allocating_future:non_allocating_future_test_qnx_pkg_tar
sh_binary rule //score/message_passing/non_allocating_future:non_allocating_future_test_qnx_shell
_get_so_libs rule //score/message_passing/non_allocating_future:non_allocating_future_test_qnx_so_libs
pkg_files rule //score/message_passing/non_allocating_future:non_allocating_future_test_qnx_so_libs_pkg
_get_test_and_data rule //score/message_passing/non_allocating_future:non_allocating_future_test_qnx_test_and_data
pkg_files rule //score/message_passing/non_allocating_future:non_allocating_future_test_qnx_test_and_runfiles
_api_surface_compare_test rule //score/mw/com:api_surface_docs_test
_api_surface_update_rule rule //score/mw/com:api_surface_docs_test.update
_api_surface_gen rule //score/mw/com:api_surface_docs_test_gen
cc_test rule //score/mw/com:runtime_configuration_test_linux
sh_test rule //score/mw/com:runtime_configuration_test_qnx
genrule rule //score/mw/com:runtime_configuration_test_qnx_excluded_tests_filter
pkg_files rule //score/mw/com:runtime_configuration_test_qnx_filter_file
pkg_filegroup rule //score/mw/com:runtime_configuration_test_qnx_pkg
pkg_tar_impl rule //score/mw/com:runtime_configuration_test_qnx_pkg_tar
sh_binary rule //score/mw/com:runtime_configuration_test_qnx_shell
_get_so_libs rule //score/mw/com:runtime_configuration_test_qnx_so_libs
pkg_files rule //score/mw/com:runtime_configuration_test_qnx_so_libs_pkg
_get_test_and_data rule //score/mw/com:runtime_configuration_test_qnx_test_and_data
pkg_files rule //score/mw/com:runtime_configuration_test_qnx_test_and_runfiles
cc_test rule //score/mw/com:unit_test_linux
sh_test rule //score/mw/com:unit_test_qnx
genrule rule //score/mw/com:unit_test_qnx_excluded_tests_filter
pkg_files rule //score/mw/com:unit_test_qnx_filter_file
pkg_filegroup rule //score/mw/com:unit_test_qnx_pkg
pkg_tar_impl rule //score/mw/com:unit_test_qnx_pkg_tar
sh_binary rule //score/mw/com:unit_test_qnx_shell
_get_so_libs rule //score/mw/com:unit_test_qnx_so_libs
pkg_files rule //score/mw/com:unit_test_qnx_so_libs_pkg
_get_test_and_data rule //score/mw/com:unit_test_qnx_test_and_data
pkg_files rule //score/mw/com:unit_test_qnx_test_and_runfiles
alias rule //score/mw/com/dependability:mw_com.serve
py_binary rule //score/mw/com/dependability:mw_com_doc.serve
_trlc_requirements_ai_test rule //score/mw/com/dependability/assumed_system:requirements_ai_check
_trlc_requirements_ai_test rule //score/mw/com/dependability/requirements/component_requirements:requirements_ai_check
_trlc_requirements_ai_test rule //score/mw/com/dependability/requirements/feature_requirements:requirements_ai_check
cc_test rule //score/mw/com/doc/tutorial/chapter_12:proxy_component_test_linux
sh_test rule //score/mw/com/doc/tutorial/chapter_12:proxy_component_test_qnx
genrule rule //score/mw/com/doc/tutorial/chapter_12:proxy_component_test_qnx_excluded_tests_filter
pkg_files rule //score/mw/com/doc/tutorial/chapter_12:proxy_component_test_qnx_filter_file
pkg_filegroup rule //score/mw/com/doc/tutorial/chapter_12:proxy_component_test_qnx_pkg
pkg_tar_impl rule //score/mw/com/doc/tutorial/chapter_12:proxy_component_test_qnx_pkg_tar
sh_binary rule //score/mw/com/doc/tutorial/chapter_12:proxy_component_test_qnx_shell
_get_so_libs rule //score/mw/com/doc/tutorial/chapter_12:proxy_component_test_qnx_so_libs
pkg_files rule //score/mw/com/doc/tutorial/chapter_12:proxy_component_test_qnx_so_libs_pkg
_get_test_and_data rule //score/mw/com/doc/tutorial/chapter_12:proxy_component_test_qnx_test_and_data
pkg_files rule //score/mw/com/doc/tutorial/chapter_12:proxy_component_test_qnx_test_and_runfiles
cc_test rule //score/mw/com/doc/tutorial/chapter_12:skeleton_component_test_linux
sh_test rule //score/mw/com/doc/tutorial/chapter_12:skeleton_component_test_qnx
genrule rule //score/mw/com/doc/tutorial/chapter_12:skeleton_component_test_qnx_excluded_tests_filter
pkg_files rule //score/mw/com/doc/tutorial/chapter_12:skeleton_component_test_qnx_filter_file
pkg_filegroup rule //score/mw/com/doc/tutorial/chapter_12:skeleton_component_test_qnx_pkg
pkg_tar_impl rule //score/mw/com/doc/tutorial/chapter_12:skeleton_component_test_qnx_pkg_tar
sh_binary rule //score/mw/com/doc/tutorial/chapter_12:skeleton_component_test_qnx_shell
_get_so_libs rule //score/mw/com/doc/tutorial/chapter_12:skeleton_component_test_qnx_so_libs
pkg_files rule //score/mw/com/doc/tutorial/chapter_12:skeleton_component_test_qnx_so_libs_pkg
_get_test_and_data rule //score/mw/com/doc/tutorial/chapter_12:skeleton_component_test_qnx_test_and_data
pkg_files rule //score/mw/com/doc/tutorial/chapter_12:skeleton_component_test_qnx_test_and_runfiles
config_setting rule //score/mw/com/flags:flatbuffers_enabled
cc_test rule //score/mw/com/gateway/gateway_application:gateway_application_test_linux
sh_test rule //score/mw/com/gateway/gateway_application:gateway_application_test_qnx
genrule rule //score/mw/com/gateway/gateway_application:gateway_application_test_qnx_excluded_tests_filter
pkg_files rule //score/mw/com/gateway/gateway_application:gateway_application_test_qnx_filter_file
pkg_filegroup rule //score/mw/com/gateway/gateway_application:gateway_application_test_qnx_pkg
pkg_tar_impl rule //score/mw/com/gateway/gateway_application:gateway_application_test_qnx_pkg_tar
sh_binary rule //score/mw/com/gateway/gateway_application:gateway_application_test_qnx_shell
_get_so_libs rule //score/mw/com/gateway/gateway_application:gateway_application_test_qnx_so_libs
pkg_files rule //score/mw/com/gateway/gateway_application:gateway_application_test_qnx_so_libs_pkg
_get_test_and_data rule //score/mw/com/gateway/gateway_application:gateway_application_test_qnx_test_and_data
pkg_files rule //score/mw/com/gateway/gateway_application:gateway_application_test_qnx_test_and_runfiles
cc_test rule //score/mw/com/gateway/gateway_application:gateway_error_test_linux
sh_test rule //score/mw/com/gateway/gateway_application:gateway_error_test_qnx
genrule rule //score/mw/com/gateway/gateway_application:gateway_error_test_qnx_excluded_tests_filter
pkg_files rule //score/mw/com/gateway/gateway_application:gateway_error_test_qnx_filter_file
pkg_filegroup rule //score/mw/com/gateway/gateway_application:gateway_error_test_qnx_pkg
pkg_tar_impl rule //score/mw/com/gateway/gateway_application:gateway_error_test_qnx_pkg_tar
sh_binary rule //score/mw/com/gateway/gateway_application:gateway_error_test_qnx_shell
_get_so_libs rule //score/mw/com/gateway/gateway_application:gateway_error_test_qnx_so_libs
pkg_files rule //score/mw/com/gateway/gateway_application:gateway_error_test_qnx_so_libs_pkg
_get_test_and_data rule //score/mw/com/gateway/gateway_application:gateway_error_test_qnx_test_and_data
pkg_files rule //score/mw/com/gateway/gateway_application:gateway_error_test_qnx_test_and_runfiles
cc_test rule //score/mw/com/gateway/gateway_application/configuration:gateway_config_parser_test_linux
sh_test rule //score/mw/com/gateway/gateway_application/configuration:gateway_config_parser_test_qnx
genrule rule //score/mw/com/gateway/gateway_application/configuration:gateway_config_parser_test_qnx_excluded_tests_filter
pkg_files rule //score/mw/com/gateway/gateway_application/configuration:gateway_config_parser_test_qnx_filter_file
pkg_filegroup rule //score/mw/com/gateway/gateway_application/configuration:gateway_config_parser_test_qnx_pkg
pkg_tar_impl rule //score/mw/com/gateway/gateway_application/configuration:gateway_config_parser_test_qnx_pkg_tar
sh_binary rule //score/mw/com/gateway/gateway_application/configuration:gateway_config_parser_test_qnx_shell
_get_so_libs rule //score/mw/com/gateway/gateway_application/configuration:gateway_config_parser_test_qnx_so_libs
pkg_files rule //score/mw/com/gateway/gateway_application/configuration:gateway_config_parser_test_qnx_so_libs_pkg
_get_test_and_data rule //score/mw/com/gateway/gateway_application/configuration:gateway_config_parser_test_qnx_test_and_data
pkg_files rule //score/mw/com/gateway/gateway_application/configuration:gateway_config_parser_test_qnx_test_and_runfiles
cc_test rule //score/mw/com/gateway/transport_layer:transport_error_test_linux
sh_test rule //score/mw/com/gateway/transport_layer:transport_error_test_qnx
genrule rule //score/mw/com/gateway/transport_layer:transport_error_test_qnx_excluded_tests_filter
pkg_files rule //score/mw/com/gateway/transport_layer:transport_error_test_qnx_filter_file
pkg_filegroup rule //score/mw/com/gateway/transport_layer:transport_error_test_qnx_pkg
pkg_tar_impl rule //score/mw/com/gateway/transport_layer:transport_error_test_qnx_pkg_tar
sh_binary rule //score/mw/com/gateway/transport_layer:transport_error_test_qnx_shell
_get_so_libs rule //score/mw/com/gateway/transport_layer:transport_error_test_qnx_so_libs
pkg_files rule //score/mw/com/gateway/transport_layer:transport_error_test_qnx_so_libs_pkg
_get_test_and_data rule //score/mw/com/gateway/transport_layer:transport_error_test_qnx_test_and_data
pkg_files rule //score/mw/com/gateway/transport_layer:transport_error_test_qnx_test_and_runfiles
cc_test rule //score/mw/com/gateway/transport_layer/qemu:qemu_hypervisor_transport_test_linux
sh_test rule //score/mw/com/gateway/transport_layer/qemu:qemu_hypervisor_transport_test_qnx
genrule rule //score/mw/com/gateway/transport_layer/qemu:qemu_hypervisor_transport_test_qnx_excluded_tests_filter
pkg_files rule //score/mw/com/gateway/transport_layer/qemu:qemu_hypervisor_transport_test_qnx_filter_file
pkg_filegroup rule //score/mw/com/gateway/transport_layer/qemu:qemu_hypervisor_transport_test_qnx_pkg
pkg_tar_impl rule //score/mw/com/gateway/transport_layer/qemu:qemu_hypervisor_transport_test_qnx_pkg_tar
sh_binary rule //score/mw/com/gateway/transport_layer/qemu:qemu_hypervisor_transport_test_qnx_shell
_get_so_libs rule //score/mw/com/gateway/transport_layer/qemu:qemu_hypervisor_transport_test_qnx_so_libs
pkg_files rule //score/mw/com/gateway/transport_layer/qemu:qemu_hypervisor_transport_test_qnx_so_libs_pkg
_get_test_and_data rule //score/mw/com/gateway/transport_layer/qemu:qemu_hypervisor_transport_test_qnx_test_and_data
pkg_files rule //score/mw/com/gateway/transport_layer/qemu:qemu_hypervisor_transport_test_qnx_test_and_runfiles
cc_test rule //score/mw/com/gateway/transport_layer/qemu/configuration:qemu_transport_config_parser_test_linux
sh_test rule //score/mw/com/gateway/transport_layer/qemu/configuration:qemu_transport_config_parser_test_qnx
genrule rule //score/mw/com/gateway/transport_layer/qemu/configuration:qemu_transport_config_parser_test_qnx_excluded_tests_filter
pkg_files rule //score/mw/com/gateway/transport_layer/qemu/configuration:qemu_transport_config_parser_test_qnx_filter_file
pkg_filegroup rule //score/mw/com/gateway/transport_layer/qemu/configuration:qemu_transport_config_parser_test_qnx_pkg
pkg_tar_impl rule //score/mw/com/gateway/transport_layer/qemu/configuration:qemu_transport_config_parser_test_qnx_pkg_tar
sh_binary rule //score/mw/com/gateway/transport_layer/qemu/configuration:qemu_transport_config_parser_test_qnx_shell
_get_so_libs rule //score/mw/com/gateway/transport_layer/qemu/configuration:qemu_transport_config_parser_test_qnx_so_libs
pkg_files rule //score/mw/com/gateway/transport_layer/qemu/configuration:qemu_transport_config_parser_test_qnx_so_libs_pkg
_get_test_and_data rule //score/mw/com/gateway/transport_layer/qemu/configuration:qemu_transport_config_parser_test_qnx_test_and_data
pkg_files rule //score/mw/com/gateway/transport_layer/qemu/configuration:qemu_transport_config_parser_test_qnx_test_and_runfiles
cc_test rule //score/mw/com/gateway/transport_layer/qemu/ivshmem:ivshmem_bar_discovery_test_linux
sh_test rule //score/mw/com/gateway/transport_layer/qemu/ivshmem:ivshmem_bar_discovery_test_qnx
genrule rule //score/mw/com/gateway/transport_layer/qemu/ivshmem:ivshmem_bar_discovery_test_qnx_excluded_tests_filter
pkg_files rule //score/mw/com/gateway/transport_layer/qemu/ivshmem:ivshmem_bar_discovery_test_qnx_filter_file
pkg_filegroup rule //score/mw/com/gateway/transport_layer/qemu/ivshmem:ivshmem_bar_discovery_test_qnx_pkg
pkg_tar_impl rule //score/mw/com/gateway/transport_layer/qemu/ivshmem:ivshmem_bar_discovery_test_qnx_pkg_tar
sh_binary rule //score/mw/com/gateway/transport_layer/qemu/ivshmem:ivshmem_bar_discovery_test_qnx_shell
_get_so_libs rule //score/mw/com/gateway/transport_layer/qemu/ivshmem:ivshmem_bar_discovery_test_qnx_so_libs
pkg_files rule //score/mw/com/gateway/transport_layer/qemu/ivshmem:ivshmem_bar_discovery_test_qnx_so_libs_pkg
_get_test_and_data rule //score/mw/com/gateway/transport_layer/qemu/ivshmem:ivshmem_bar_discovery_test_qnx_test_and_data
pkg_files rule //score/mw/com/gateway/transport_layer/qemu/ivshmem:ivshmem_bar_discovery_test_qnx_test_and_runfiles
cc_test rule //score/mw/com/gateway/transport_layer/qemu/ivshmem:ivshmem_typed_memory_provider_test_linux
sh_test rule //score/mw/com/gateway/transport_layer/qemu/ivshmem:ivshmem_typed_memory_provider_test_qnx
genrule rule //score/mw/com/gateway/transport_layer/qemu/ivshmem:ivshmem_typed_memory_provider_test_qnx_excluded_tests_filter
pkg_files rule //score/mw/com/gateway/transport_layer/qemu/ivshmem:ivshmem_typed_memory_provider_test_qnx_filter_file
pkg_filegroup rule //score/mw/com/gateway/transport_layer/qemu/ivshmem:ivshmem_typed_memory_provider_test_qnx_pkg
pkg_tar_impl rule //score/mw/com/gateway/transport_layer/qemu/ivshmem:ivshmem_typed_memory_provider_test_qnx_pkg_tar
sh_binary rule //score/mw/com/gateway/transport_layer/qemu/ivshmem:ivshmem_typed_memory_provider_test_qnx_shell
_get_so_libs rule //score/mw/com/gateway/transport_layer/qemu/ivshmem:ivshmem_typed_memory_provider_test_qnx_so_libs
pkg_files rule //score/mw/com/gateway/transport_layer/qemu/ivshmem:ivshmem_typed_memory_provider_test_qnx_so_libs_pkg
_get_test_and_data rule //score/mw/com/gateway/transport_layer/qemu/ivshmem:ivshmem_typed_memory_provider_test_qnx_test_and_data
pkg_files rule //score/mw/com/gateway/transport_layer/qemu/ivshmem:ivshmem_typed_memory_provider_test_qnx_test_and_runfiles
py_test rule //score/mw/com/gateway/transport_layer/qemu/test/integration_test:test_qemu_transport.test_binary
cc_test rule //score/mw/com/gateway/transport_layer/sample:message_framer_test_linux
sh_test rule //score/mw/com/gateway/transport_layer/sample:message_framer_test_qnx
genrule rule //score/mw/com/gateway/transport_layer/sample:message_framer_test_qnx_excluded_tests_filter
pkg_files rule //score/mw/com/gateway/transport_layer/sample:message_framer_test_qnx_filter_file
pkg_filegroup rule //score/mw/com/gateway/transport_layer/sample:message_framer_test_qnx_pkg
pkg_tar_impl rule //score/mw/com/gateway/transport_layer/sample:message_framer_test_qnx_pkg_tar
sh_binary rule //score/mw/com/gateway/transport_layer/sample:message_framer_test_qnx_shell
_get_so_libs rule //score/mw/com/gateway/transport_layer/sample:message_framer_test_qnx_so_libs
pkg_files rule //score/mw/com/gateway/transport_layer/sample:message_framer_test_qnx_so_libs_pkg
_get_test_and_data rule //score/mw/com/gateway/transport_layer/sample:message_framer_test_qnx_test_and_data
pkg_files rule //score/mw/com/gateway/transport_layer/sample:message_framer_test_qnx_test_and_runfiles
cc_test rule //score/mw/com/gateway/transport_layer/sample:pending_request_tracker_test_linux
sh_test rule //score/mw/com/gateway/transport_layer/sample:pending_request_tracker_test_qnx
genrule rule //score/mw/com/gateway/transport_layer/sample:pending_request_tracker_test_qnx_excluded_tests_filter
pkg_files rule //score/mw/com/gateway/transport_layer/sample:pending_request_tracker_test_qnx_filter_file
pkg_filegroup rule //score/mw/com/gateway/transport_layer/sample:pending_request_tracker_test_qnx_pkg
pkg_tar_impl rule //score/mw/com/gateway/transport_layer/sample:pending_request_tracker_test_qnx_pkg_tar
sh_binary rule //score/mw/com/gateway/transport_layer/sample:pending_request_tracker_test_qnx_shell
_get_so_libs rule //score/mw/com/gateway/transport_layer/sample:pending_request_tracker_test_qnx_so_libs
pkg_files rule //score/mw/com/gateway/transport_layer/sample:pending_request_tracker_test_qnx_so_libs_pkg
_get_test_and_data rule //score/mw/com/gateway/transport_layer/sample:pending_request_tracker_test_qnx_test_and_data
pkg_files rule //score/mw/com/gateway/transport_layer/sample:pending_request_tracker_test_qnx_test_and_runfiles
cc_test rule //score/mw/com/gateway/transport_layer/sample:sample_hypervisor_transport_test_linux
sh_test rule //score/mw/com/gateway/transport_layer/sample:sample_hypervisor_transport_test_qnx
genrule rule //score/mw/com/gateway/transport_layer/sample:sample_hypervisor_transport_test_qnx_excluded_tests_filter
pkg_files rule //score/mw/com/gateway/transport_layer/sample:sample_hypervisor_transport_test_qnx_filter_file
pkg_filegroup rule //score/mw/com/gateway/transport_layer/sample:sample_hypervisor_transport_test_qnx_pkg
pkg_tar_impl rule //score/mw/com/gateway/transport_layer/sample:sample_hypervisor_transport_test_qnx_pkg_tar
sh_binary rule //score/mw/com/gateway/transport_layer/sample:sample_hypervisor_transport_test_qnx_shell
_get_so_libs rule //score/mw/com/gateway/transport_layer/sample:sample_hypervisor_transport_test_qnx_so_libs
pkg_files rule //score/mw/com/gateway/transport_layer/sample:sample_hypervisor_transport_test_qnx_so_libs_pkg
_get_test_and_data rule //score/mw/com/gateway/transport_layer/sample:sample_hypervisor_transport_test_qnx_test_and_data
pkg_files rule //score/mw/com/gateway/transport_layer/sample:sample_hypervisor_transport_test_qnx_test_and_runfiles
cc_test rule //score/mw/com/gateway/transport_layer/sample:unique_socket_test_linux
sh_test rule //score/mw/com/gateway/transport_layer/sample:unique_socket_test_qnx
genrule rule //score/mw/com/gateway/transport_layer/sample:unique_socket_test_qnx_excluded_tests_filter
pkg_files rule //score/mw/com/gateway/transport_layer/sample:unique_socket_test_qnx_filter_file
pkg_filegroup rule //score/mw/com/gateway/transport_layer/sample:unique_socket_test_qnx_pkg
pkg_tar_impl rule //score/mw/com/gateway/transport_layer/sample:unique_socket_test_qnx_pkg_tar
sh_binary rule //score/mw/com/gateway/transport_layer/sample:unique_socket_test_qnx_shell
_get_so_libs rule //score/mw/com/gateway/transport_layer/sample:unique_socket_test_qnx_so_libs
pkg_files rule //score/mw/com/gateway/transport_layer/sample:unique_socket_test_qnx_so_libs_pkg
_get_test_and_data rule //score/mw/com/gateway/transport_layer/sample:unique_socket_test_qnx_test_and_data
pkg_files rule //score/mw/com/gateway/transport_layer/sample:unique_socket_test_qnx_test_and_runfiles
cc_test rule //score/mw/com/gateway/transport_layer/sample/configuration:sample_transport_config_parser_test_linux
sh_test rule //score/mw/com/gateway/transport_layer/sample/configuration:sample_transport_config_parser_test_qnx
genrule rule //score/mw/com/gateway/transport_layer/sample/configuration:sample_transport_config_parser_test_qnx_excluded_tests_filter
pkg_files rule //score/mw/com/gateway/transport_layer/sample/configuration:sample_transport_config_parser_test_qnx_filter_file
pkg_filegroup rule //score/mw/com/gateway/transport_layer/sample/configuration:sample_transport_config_parser_test_qnx_pkg
pkg_tar_impl rule //score/mw/com/gateway/transport_layer/sample/configuration:sample_transport_config_parser_test_qnx_pkg_tar
sh_binary rule //score/mw/com/gateway/transport_layer/sample/configuration:sample_transport_config_parser_test_qnx_shell
_get_so_libs rule //score/mw/com/gateway/transport_layer/sample/configuration:sample_transport_config_parser_test_qnx_so_libs
pkg_files rule //score/mw/com/gateway/transport_layer/sample/configuration:sample_transport_config_parser_test_qnx_so_libs_pkg
_get_test_and_data rule //score/mw/com/gateway/transport_layer/sample/configuration:sample_transport_config_parser_test_qnx_test_and_data
pkg_files rule //score/mw/com/gateway/transport_layer/sample/configuration:sample_transport_config_parser_test_qnx_test_and_runfiles
cc_test rule //score/mw/com/gateway/transport_layer/sample/messages:gateway_messages_test_linux
sh_test rule //score/mw/com/gateway/transport_layer/sample/messages:gateway_messages_test_qnx
genrule rule //score/mw/com/gateway/transport_layer/sample/messages:gateway_messages_test_qnx_excluded_tests_filter
pkg_files rule //score/mw/com/gateway/transport_layer/sample/messages:gateway_messages_test_qnx_filter_file
pkg_filegroup rule //score/mw/com/gateway/transport_layer/sample/messages:gateway_messages_test_qnx_pkg
pkg_tar_impl rule //score/mw/com/gateway/transport_layer/sample/messages:gateway_messages_test_qnx_pkg_tar
sh_binary rule //score/mw/com/gateway/transport_layer/sample/messages:gateway_messages_test_qnx_shell
_get_so_libs rule //score/mw/com/gateway/transport_layer/sample/messages:gateway_messages_test_qnx_so_libs
pkg_files rule //score/mw/com/gateway/transport_layer/sample/messages:gateway_messages_test_qnx_so_libs_pkg
_get_test_and_data rule //score/mw/com/gateway/transport_layer/sample/messages:gateway_messages_test_qnx_test_and_data
pkg_files rule //score/mw/com/gateway/transport_layer/sample/messages:gateway_messages_test_qnx_test_and_runfiles
cc_test rule //score/mw/com/gateway/transport_layer/sample/messages:message_error_test_linux
sh_test rule //score/mw/com/gateway/transport_layer/sample/messages:message_error_test_qnx
genrule rule //score/mw/com/gateway/transport_layer/sample/messages:message_error_test_qnx_excluded_tests_filter
pkg_files rule //score/mw/com/gateway/transport_layer/sample/messages:message_error_test_qnx_filter_file
pkg_filegroup rule //score/mw/com/gateway/transport_layer/sample/messages:message_error_test_qnx_pkg
pkg_tar_impl rule //score/mw/com/gateway/transport_layer/sample/messages:message_error_test_qnx_pkg_tar
sh_binary rule //score/mw/com/gateway/transport_layer/sample/messages:message_error_test_qnx_shell
_get_so_libs rule //score/mw/com/gateway/transport_layer/sample/messages:message_error_test_qnx_so_libs
pkg_files rule //score/mw/com/gateway/transport_layer/sample/messages:message_error_test_qnx_so_libs_pkg
_get_test_and_data rule //score/mw/com/gateway/transport_layer/sample/messages:message_error_test_qnx_test_and_data
pkg_files rule //score/mw/com/gateway/transport_layer/sample/messages:message_error_test_qnx_test_and_runfiles
cc_test rule //score/mw/com/gateway/transport_layer/sample/messages:serialization_test_linux
sh_test rule //score/mw/com/gateway/transport_layer/sample/messages:serialization_test_qnx
genrule rule //score/mw/com/gateway/transport_layer/sample/messages:serialization_test_qnx_excluded_tests_filter
pkg_files rule //score/mw/com/gateway/transport_layer/sample/messages:serialization_test_qnx_filter_file
pkg_filegroup rule //score/mw/com/gateway/transport_layer/sample/messages:serialization_test_qnx_pkg
pkg_tar_impl rule //score/mw/com/gateway/transport_layer/sample/messages:serialization_test_qnx_pkg_tar
sh_binary rule //score/mw/com/gateway/transport_layer/sample/messages:serialization_test_qnx_shell
_get_so_libs rule //score/mw/com/gateway/transport_layer/sample/messages:serialization_test_qnx_so_libs
pkg_files rule //score/mw/com/gateway/transport_layer/sample/messages:serialization_test_qnx_so_libs_pkg
_get_test_and_data rule //score/mw/com/gateway/transport_layer/sample/messages:serialization_test_qnx_test_and_data
pkg_files rule //score/mw/com/gateway/transport_layer/sample/messages:serialization_test_qnx_test_and_runfiles
py_test rule //score/mw/com/gateway/transport_layer/sample/test/integration_test:test_bidirectional_transport_communication.test_binary
py_test rule //score/mw/com/gateway/transport_layer/sample/test/integration_test:test_bidirectional_transport_reconnect.test_binary
cc_test rule //score/mw/com/impl:com_error_test_linux
sh_test rule //score/mw/com/impl:com_error_test_qnx
genrule rule //score/mw/com/impl:com_error_test_qnx_excluded_tests_filter
pkg_files rule //score/mw/com/impl:com_error_test_qnx_filter_file
pkg_filegroup rule //score/mw/com/impl:com_error_test_qnx_pkg
pkg_tar_impl rule //score/mw/com/impl:com_error_test_qnx_pkg_tar
sh_binary rule //score/mw/com/impl:com_error_test_qnx_shell
_get_so_libs rule //score/mw/com/impl:com_error_test_qnx_so_libs
pkg_files rule //score/mw/com/impl:com_error_test_qnx_so_libs_pkg
_get_test_and_data rule //score/mw/com/impl:com_error_test_qnx_test_and_data
pkg_files rule //score/mw/com/impl:com_error_test_qnx_test_and_runfiles
cc_test rule //score/mw/com/impl:data_type_meta_info_test_linux
sh_test rule //score/mw/com/impl:data_type_meta_info_test_qnx
genrule rule //score/mw/com/impl:data_type_meta_info_test_qnx_excluded_tests_filter
pkg_files rule //score/mw/com/impl:data_type_meta_info_test_qnx_filter_file
pkg_filegroup rule //score/mw/com/impl:data_type_meta_info_test_qnx_pkg
pkg_tar_impl rule //score/mw/com/impl:data_type_meta_info_test_qnx_pkg_tar
sh_binary rule //score/mw/com/impl:data_type_meta_info_test_qnx_shell
_get_so_libs rule //score/mw/com/impl:data_type_meta_info_test_qnx_so_libs
pkg_files rule //score/mw/com/impl:data_type_meta_info_test_qnx_so_libs_pkg
_get_test_and_data rule //score/mw/com/impl:data_type_meta_info_test_qnx_test_and_data
pkg_files rule //score/mw/com/impl:data_type_meta_info_test_qnx_test_and_runfiles
cc_test rule //score/mw/com/impl:enable_reference_to_moveable_from_this_test_linux
sh_test rule //score/mw/com/impl:enable_reference_to_moveable_from_this_test_qnx
genrule rule //score/mw/com/impl:enable_reference_to_moveable_from_this_test_qnx_excluded_tests_filter
pkg_files rule //score/mw/com/impl:enable_reference_to_moveable_from_this_test_qnx_filter_file
pkg_filegroup rule //score/mw/com/impl:enable_reference_to_moveable_from_this_test_qnx_pkg
pkg_tar_impl rule //score/mw/com/impl:enable_reference_to_moveable_from_this_test_qnx_pkg_tar
sh_binary rule //score/mw/com/impl:enable_reference_to_moveable_from_this_test_qnx_shell
_get_so_libs rule //score/mw/com/impl:enable_reference_to_moveable_from_this_test_qnx_so_libs
pkg_files rule //score/mw/com/impl:enable_reference_to_moveable_from_this_test_qnx_so_libs_pkg
_get_test_and_data rule //score/mw/com/impl:enable_reference_to_moveable_from_this_test_qnx_test_and_data
pkg_files rule //score/mw/com/impl:enable_reference_to_moveable_from_this_test_qnx_test_and_runfiles
cc_test rule //score/mw/com/impl:enriched_instance_identifier_test_linux
sh_test rule //score/mw/com/impl:enriched_instance_identifier_test_qnx
genrule rule //score/mw/com/impl:enriched_instance_identifier_test_qnx_excluded_tests_filter
pkg_files rule //score/mw/com/impl:enriched_instance_identifier_test_qnx_filter_file
pkg_filegroup rule //score/mw/com/impl:enriched_instance_identifier_test_qnx_pkg
pkg_tar_impl rule //score/mw/com/impl:enriched_instance_identifier_test_qnx_pkg_tar
sh_binary rule //score/mw/com/impl:enriched_instance_identifier_test_qnx_shell
_get_so_libs rule //score/mw/com/impl:enriched_instance_identifier_test_qnx_so_libs
pkg_files rule //score/mw/com/impl:enriched_instance_identifier_test_qnx_so_libs_pkg
_get_test_and_data rule //score/mw/com/impl:enriched_instance_identifier_test_qnx_test_and_data
pkg_files rule //score/mw/com/impl:enriched_instance_identifier_test_qnx_test_and_runfiles
cc_test rule //score/mw/com/impl:error_serializer_test_linux
sh_test rule //score/mw/com/impl:error_serializer_test_qnx
genrule rule //score/mw/com/impl:error_serializer_test_qnx_excluded_tests_filter
pkg_files rule //score/mw/com/impl:error_serializer_test_qnx_filter_file
pkg_filegroup rule //score/mw/com/impl:error_serializer_test_qnx_pkg
pkg_tar_impl rule //score/mw/com/impl:error_serializer_test_qnx_pkg_tar
sh_binary rule //score/mw/com/impl:error_serializer_test_qnx_shell
_get_so_libs rule //score/mw/com/impl:error_serializer_test_qnx_so_libs
pkg_files rule //score/mw/com/impl:error_serializer_test_qnx_so_libs_pkg
_get_test_and_data rule //score/mw/com/impl:error_serializer_test_qnx_test_and_data
pkg_files rule //score/mw/com/impl:error_serializer_test_qnx_test_and_runfiles
cc_test rule //score/mw/com/impl:field_tags_store_test_linux
sh_test rule //score/mw/com/impl:field_tags_store_test_qnx
genrule rule //score/mw/com/impl:field_tags_store_test_qnx_excluded_tests_filter
pkg_files rule //score/mw/com/impl:field_tags_store_test_qnx_filter_file
pkg_filegroup rule //score/mw/com/impl:field_tags_store_test_qnx_pkg
pkg_tar_impl rule //score/mw/com/impl:field_tags_store_test_qnx_pkg_tar
sh_binary rule //score/mw/com/impl:field_tags_store_test_qnx_shell
_get_so_libs rule //score/mw/com/impl:field_tags_store_test_qnx_so_libs
pkg_files rule //score/mw/com/impl:field_tags_store_test_qnx_so_libs_pkg
_get_test_and_data rule //score/mw/com/impl:field_tags_store_test_qnx_test_and_data
pkg_files rule //score/mw/com/impl:field_tags_store_test_qnx_test_and_runfiles
cc_test rule //score/mw/com/impl:field_tags_test_linux
sh_test rule //score/mw/com/impl:field_tags_test_qnx
genrule rule //score/mw/com/impl:field_tags_test_qnx_excluded_tests_filter
pkg_files rule //score/mw/com/impl:field_tags_test_qnx_filter_file
pkg_filegroup rule //score/mw/com/impl:field_tags_test_qnx_pkg
pkg_tar_impl rule //score/mw/com/impl:field_tags_test_qnx_pkg_tar
sh_binary rule //score/mw/com/impl:field_tags_test_qnx_shell
_get_so_libs rule //score/mw/com/impl:field_tags_test_qnx_so_libs
pkg_files rule //score/mw/com/impl:field_tags_test_qnx_so_libs_pkg
_get_test_and_data rule //score/mw/com/impl:field_tags_test_qnx_test_and_data
pkg_files rule //score/mw/com/impl:field_tags_test_qnx_test_and_runfiles
cc_test rule //score/mw/com/impl:find_service_handle_test_linux
sh_test rule //score/mw/com/impl:find_service_handle_test_qnx
genrule rule //score/mw/com/impl:find_service_handle_test_qnx_excluded_tests_filter
pkg_files rule //score/mw/com/impl:find_service_handle_test_qnx_filter_file
pkg_filegroup rule //score/mw/com/impl:find_service_handle_test_qnx_pkg
pkg_tar_impl rule //score/mw/com/impl:find_service_handle_test_qnx_pkg_tar
sh_binary rule //score/mw/com/impl:find_service_handle_test_qnx_shell
_get_so_libs rule //score/mw/com/impl:find_service_handle_test_qnx_so_libs
pkg_files rule //score/mw/com/impl:find_service_handle_test_qnx_so_libs_pkg
_get_test_and_data rule //score/mw/com/impl:find_service_handle_test_qnx_test_and_data
pkg_files rule //score/mw/com/impl:find_service_handle_test_qnx_test_and_runfiles
cc_test rule //score/mw/com/impl:flag_owner_test_linux
sh_test rule //score/mw/com/impl:flag_owner_test_qnx
genrule rule //score/mw/com/impl:flag_owner_test_qnx_excluded_tests_filter
pkg_files rule //score/mw/com/impl:flag_owner_test_qnx_filter_file
pkg_filegroup rule //score/mw/com/impl:flag_owner_test_qnx_pkg
pkg_tar_impl rule //score/mw/com/impl:flag_owner_test_qnx_pkg_tar
sh_binary rule //score/mw/com/impl:flag_owner_test_qnx_shell
_get_so_libs rule //score/mw/com/impl:flag_owner_test_qnx_so_libs
pkg_files rule //score/mw/com/impl:flag_owner_test_qnx_so_libs_pkg
_get_test_and_data rule //score/mw/com/impl:flag_owner_test_qnx_test_and_data
pkg_files rule //score/mw/com/impl:flag_owner_test_qnx_test_and_runfiles
cc_test rule //score/mw/com/impl:generic_proxy_event_test_linux
sh_test rule //score/mw/com/impl:generic_proxy_event_test_qnx
genrule rule //score/mw/com/impl:generic_proxy_event_test_qnx_excluded_tests_filter
pkg_files rule //score/mw/com/impl:generic_proxy_event_test_qnx_filter_file
pkg_filegroup rule //score/mw/com/impl:generic_proxy_event_test_qnx_pkg
pkg_tar_impl rule //score/mw/com/impl:generic_proxy_event_test_qnx_pkg_tar
sh_binary rule //score/mw/com/impl:generic_proxy_event_test_qnx_shell
_get_so_libs rule //score/mw/com/impl:generic_proxy_event_test_qnx_so_libs
pkg_files rule //score/mw/com/impl:generic_proxy_event_test_qnx_so_libs_pkg
_get_test_and_data rule //score/mw/com/impl:generic_proxy_event_test_qnx_test_and_data
pkg_files rule //score/mw/com/impl:generic_proxy_event_test_qnx_test_and_runfiles
cc_test rule //score/mw/com/impl:generic_proxy_test_linux
sh_test rule //score/mw/com/impl:generic_proxy_test_qnx
genrule rule //score/mw/com/impl:generic_proxy_test_qnx_excluded_tests_filter
pkg_files rule //score/mw/com/impl:generic_proxy_test_qnx_filter_file
pkg_filegroup rule //score/mw/com/impl:generic_proxy_test_qnx_pkg
pkg_tar_impl rule //score/mw/com/impl:generic_proxy_test_qnx_pkg_tar
sh_binary rule //score/mw/com/impl:generic_proxy_test_qnx_shell
_get_so_libs rule //score/mw/com/impl:generic_proxy_test_qnx_so_libs
pkg_files rule //score/mw/com/impl:generic_proxy_test_qnx_so_libs_pkg
_get_test_and_data rule //score/mw/com/impl:generic_proxy_test_qnx_test_and_data
pkg_files rule //score/mw/com/impl:generic_proxy_test_qnx_test_and_runfiles
cc_test rule //score/mw/com/impl:generic_skeleton_event_binding_test_linux
sh_test rule //score/mw/com/impl:generic_skeleton_event_binding_test_qnx
genrule rule //score/mw/com/impl:generic_skeleton_event_binding_test_qnx_excluded_tests_filter
pkg_files rule //score/mw/com/impl:generic_skeleton_event_binding_test_qnx_filter_file
pkg_filegroup rule //score/mw/com/impl:generic_skeleton_event_binding_test_qnx_pkg
pkg_tar_impl rule //score/mw/com/impl:generic_skeleton_event_binding_test_qnx_pkg_tar
sh_binary rule //score/mw/com/impl:generic_skeleton_event_binding_test_qnx_shell
_get_so_libs rule //score/mw/com/impl:generic_skeleton_event_binding_test_qnx_so_libs
pkg_files rule //score/mw/com/impl:generic_skeleton_event_binding_test_qnx_so_libs_pkg
_get_test_and_data rule //score/mw/com/impl:generic_skeleton_event_binding_test_qnx_test_and_data
pkg_files rule //score/mw/com/impl:generic_skeleton_event_binding_test_qnx_test_and_runfiles
cc_test rule //score/mw/com/impl:generic_skeleton_event_test_linux
sh_test rule //score/mw/com/impl:generic_skeleton_event_test_qnx
genrule rule //score/mw/com/impl:generic_skeleton_event_test_qnx_excluded_tests_filter
pkg_files rule //score/mw/com/impl:generic_skeleton_event_test_qnx_filter_file
pkg_filegroup rule //score/mw/com/impl:generic_skeleton_event_test_qnx_pkg
pkg_tar_impl rule //score/mw/com/impl:generic_skeleton_event_test_qnx_pkg_tar
sh_binary rule //score/mw/com/impl:generic_skeleton_event_test_qnx_shell
_get_so_libs rule //score/mw/com/impl:generic_skeleton_event_test_qnx_so_libs
pkg_files rule //score/mw/com/impl:generic_skeleton_event_test_qnx_so_libs_pkg
_get_test_and_data rule //score/mw/com/impl:generic_skeleton_event_test_qnx_test_and_data
pkg_files rule //score/mw/com/impl:generic_skeleton_event_test_qnx_test_and_runfiles
cc_test rule //score/mw/com/impl:generic_skeleton_test_linux
sh_test rule //score/mw/com/impl:generic_skeleton_test_qnx
genrule rule //score/mw/com/impl:generic_skeleton_test_qnx_excluded_tests_filter
pkg_files rule //score/mw/com/impl:generic_skeleton_test_qnx_filter_file
pkg_filegroup rule //score/mw/com/impl:generic_skeleton_test_qnx_pkg
pkg_tar_impl rule //score/mw/com/impl:generic_skeleton_test_qnx_pkg_tar
sh_binary rule //score/mw/com/impl:generic_skeleton_test_qnx_shell
_get_so_libs rule //score/mw/com/impl:generic_skeleton_test_qnx_so_libs
pkg_files rule //score/mw/com/impl:generic_skeleton_test_qnx_so_libs_pkg
_get_test_and_data rule //score/mw/com/impl:generic_skeleton_test_qnx_test_and_data
pkg_files rule //score/mw/com/impl:generic_skeleton_test_qnx_test_and_runfiles
cc_test rule //score/mw/com/impl:handle_type_test_linux
sh_test rule //score/mw/com/impl:handle_type_test_qnx
genrule rule //score/mw/com/impl:handle_type_test_qnx_excluded_tests_filter
pkg_files rule //score/mw/com/impl:handle_type_test_qnx_filter_file
pkg_filegroup rule //score/mw/com/impl:handle_type_test_qnx_pkg
pkg_tar_impl rule //score/mw/com/impl:handle_type_test_qnx_pkg_tar
sh_binary rule //score/mw/com/impl:handle_type_test_qnx_shell
_get_so_libs rule //score/mw/com/impl:handle_type_test_qnx_so_libs
pkg_files rule //score/mw/com/impl:handle_type_test_qnx_so_libs_pkg
_get_test_and_data rule //score/mw/com/impl:handle_type_test_qnx_test_and_data
pkg_files rule //score/mw/com/impl:handle_type_test_qnx_test_and_runfiles
cc_test rule //score/mw/com/impl:instance_identifier_test_linux
sh_test rule //score/mw/com/impl:instance_identifier_test_qnx
genrule rule //score/mw/com/impl:instance_identifier_test_qnx_excluded_tests_filter
pkg_files rule //score/mw/com/impl:instance_identifier_test_qnx_filter_file
pkg_filegroup rule //score/mw/com/impl:instance_identifier_test_qnx_pkg
pkg_tar_impl rule //score/mw/com/impl:instance_identifier_test_qnx_pkg_tar
sh_binary rule //score/mw/com/impl:instance_identifier_test_qnx_shell
_get_so_libs rule //score/mw/com/impl:instance_identifier_test_qnx_so_libs
pkg_files rule //score/mw/com/impl:instance_identifier_test_qnx_so_libs_pkg
_get_test_and_data rule //score/mw/com/impl:instance_identifier_test_qnx_test_and_data
pkg_files rule //score/mw/com/impl:instance_identifier_test_qnx_test_and_runfiles
cc_test rule //score/mw/com/impl:instance_specifier_test_linux
sh_test rule //score/mw/com/impl:instance_specifier_test_qnx
genrule rule //score/mw/com/impl:instance_specifier_test_qnx_excluded_tests_filter
pkg_files rule //score/mw/com/impl:instance_specifier_test_qnx_filter_file
pkg_filegroup rule //score/mw/com/impl:instance_specifier_test_qnx_pkg
pkg_tar_impl rule //score/mw/com/impl:instance_specifier_test_qnx_pkg_tar
sh_binary rule //score/mw/com/impl:instance_specifier_test_qnx_shell
_get_so_libs rule //score/mw/com/impl:instance_specifier_test_qnx_so_libs
pkg_files rule //score/mw/com/impl:instance_specifier_test_qnx_so_libs_pkg
_get_test_and_data rule //score/mw/com/impl:instance_specifier_test_qnx_test_and_data
pkg_files rule //score/mw/com/impl:instance_specifier_test_qnx_test_and_runfiles
cc_test rule //score/mw/com/impl:method_type_test_linux
sh_test rule //score/mw/com/impl:method_type_test_qnx
genrule rule //score/mw/com/impl:method_type_test_qnx_excluded_tests_filter
pkg_files rule //score/mw/com/impl:method_type_test_qnx_filter_file
pkg_filegroup rule //score/mw/com/impl:method_type_test_qnx_pkg
pkg_tar_impl rule //score/mw/com/impl:method_type_test_qnx_pkg_tar
sh_binary rule //score/mw/com/impl:method_type_test_qnx_shell
_get_so_libs rule //score/mw/com/impl:method_type_test_qnx_so_libs
pkg_files rule //score/mw/com/impl:method_type_test_qnx_so_libs_pkg
_get_test_and_data rule //score/mw/com/impl:method_type_test_qnx_test_and_data
pkg_files rule //score/mw/com/impl:method_type_test_qnx_test_and_runfiles
cc_test rule //score/mw/com/impl:proxy_base_test_linux
sh_test rule //score/mw/com/impl:proxy_base_test_qnx
genrule rule //score/mw/com/impl:proxy_base_test_qnx_excluded_tests_filter
pkg_files rule //score/mw/com/impl:proxy_base_test_qnx_filter_file
pkg_filegroup rule //score/mw/com/impl:proxy_base_test_qnx_pkg
pkg_tar_impl rule //score/mw/com/impl:proxy_base_test_qnx_pkg_tar
sh_binary rule //score/mw/com/impl:proxy_base_test_qnx_shell
_get_so_libs rule //score/mw/com/impl:proxy_base_test_qnx_so_libs
pkg_files rule //score/mw/com/impl:proxy_base_test_qnx_so_libs_pkg
_get_test_and_data rule //score/mw/com/impl:proxy_base_test_qnx_test_and_data
pkg_files rule //score/mw/com/impl:proxy_base_test_qnx_test_and_runfiles
cc_test rule //score/mw/com/impl:proxy_binding_test_linux
sh_test rule //score/mw/com/impl:proxy_binding_test_qnx
genrule rule //score/mw/com/impl:proxy_binding_test_qnx_excluded_tests_filter
pkg_files rule //score/mw/com/impl:proxy_binding_test_qnx_filter_file
pkg_filegroup rule //score/mw/com/impl:proxy_binding_test_qnx_pkg
pkg_tar_impl rule //score/mw/com/impl:proxy_binding_test_qnx_pkg_tar
sh_binary rule //score/mw/com/impl:proxy_binding_test_qnx_shell
_get_so_libs rule //score/mw/com/impl:proxy_binding_test_qnx_so_libs
pkg_files rule //score/mw/com/impl:proxy_binding_test_qnx_so_libs_pkg
_get_test_and_data rule //score/mw/com/impl:proxy_binding_test_qnx_test_and_data
pkg_files rule //score/mw/com/impl:proxy_binding_test_qnx_test_and_runfiles
cc_test rule //score/mw/com/impl:proxy_event_base_test_linux
sh_test rule //score/mw/com/impl:proxy_event_base_test_qnx
genrule rule //score/mw/com/impl:proxy_event_base_test_qnx_excluded_tests_filter
pkg_files rule //score/mw/com/impl:proxy_event_base_test_qnx_filter_file
pkg_filegroup rule //score/mw/com/impl:proxy_event_base_test_qnx_pkg
pkg_tar_impl rule //score/mw/com/impl:proxy_event_base_test_qnx_pkg_tar
sh_binary rule //score/mw/com/impl:proxy_event_base_test_qnx_shell
_get_so_libs rule //score/mw/com/impl:proxy_event_base_test_qnx_so_libs
pkg_files rule //score/mw/com/impl:proxy_event_base_test_qnx_so_libs_pkg
_get_test_and_data rule //score/mw/com/impl:proxy_event_base_test_qnx_test_and_data
pkg_files rule //score/mw/com/impl:proxy_event_base_test_qnx_test_and_runfiles
cc_test rule //score/mw/com/impl:proxy_event_binding_test_linux
sh_test rule //score/mw/com/impl:proxy_event_binding_test_qnx
genrule rule //score/mw/com/impl:proxy_event_binding_test_qnx_excluded_tests_filter
pkg_files rule //score/mw/com/impl:proxy_event_binding_test_qnx_filter_file
pkg_filegroup rule //score/mw/com/impl:proxy_event_binding_test_qnx_pkg
pkg_tar_impl rule //score/mw/com/impl:proxy_event_binding_test_qnx_pkg_tar
sh_binary rule //score/mw/com/impl:proxy_event_binding_test_qnx_shell
_get_so_libs rule //score/mw/com/impl:proxy_event_binding_test_qnx_so_libs
pkg_files rule //score/mw/com/impl:proxy_event_binding_test_qnx_so_libs_pkg
_get_test_and_data rule //score/mw/com/impl:proxy_event_binding_test_qnx_test_and_data
pkg_files rule //score/mw/com/impl:proxy_event_binding_test_qnx_test_and_runfiles
cc_test rule //score/mw/com/impl:proxy_event_test_linux
sh_test rule //score/mw/com/impl:proxy_event_test_qnx
genrule rule //score/mw/com/impl:proxy_event_test_qnx_excluded_tests_filter
pkg_files rule //score/mw/com/impl:proxy_event_test_qnx_filter_file
pkg_filegroup rule //score/mw/com/impl:proxy_event_test_qnx_pkg
pkg_tar_impl rule //score/mw/com/impl:proxy_event_test_qnx_pkg_tar
sh_binary rule //score/mw/com/impl:proxy_event_test_qnx_shell
_get_so_libs rule //score/mw/com/impl:proxy_event_test_qnx_so_libs
pkg_files rule //score/mw/com/impl:proxy_event_test_qnx_so_libs_pkg
_get_test_and_data rule //score/mw/com/impl:proxy_event_test_qnx_test_and_data
pkg_files rule //score/mw/com/impl:proxy_event_test_qnx_test_and_runfiles
cc_test rule //score/mw/com/impl:proxy_field_test_linux
sh_test rule //score/mw/com/impl:proxy_field_test_qnx
genrule rule //score/mw/com/impl:proxy_field_test_qnx_excluded_tests_filter
pkg_files rule //score/mw/com/impl:proxy_field_test_qnx_filter_file
pkg_filegroup rule //score/mw/com/impl:proxy_field_test_qnx_pkg
pkg_tar_impl rule //score/mw/com/impl:proxy_field_test_qnx_pkg_tar
sh_binary rule //score/mw/com/impl:proxy_field_test_qnx_shell
_get_so_libs rule //score/mw/com/impl:proxy_field_test_qnx_so_libs
pkg_files rule //score/mw/com/impl:proxy_field_test_qnx_so_libs_pkg
_get_test_and_data rule //score/mw/com/impl:proxy_field_test_qnx_test_and_data
pkg_files rule //score/mw/com/impl:proxy_field_test_qnx_test_and_runfiles
cc_test rule //score/mw/com/impl:reference_to_moveable_test_linux
sh_test rule //score/mw/com/impl:reference_to_moveable_test_qnx
genrule rule //score/mw/com/impl:reference_to_moveable_test_qnx_excluded_tests_filter
pkg_files rule //score/mw/com/impl:reference_to_moveable_test_qnx_filter_file
pkg_filegroup rule //score/mw/com/impl:reference_to_moveable_test_qnx_pkg
pkg_tar_impl rule //score/mw/com/impl:reference_to_moveable_test_qnx_pkg_tar
sh_binary rule //score/mw/com/impl:reference_to_moveable_test_qnx_shell
_get_so_libs rule //score/mw/com/impl:reference_to_moveable_test_qnx_so_libs
pkg_files rule //score/mw/com/impl:reference_to_moveable_test_qnx_so_libs_pkg
_get_test_and_data rule //score/mw/com/impl:reference_to_moveable_test_qnx_test_and_data
pkg_files rule //score/mw/com/impl:reference_to_moveable_test_qnx_test_and_runfiles
cc_test rule //score/mw/com/impl:runtime_test_linux
sh_test rule //score/mw/com/impl:runtime_test_qnx
genrule rule //score/mw/com/impl:runtime_test_qnx_excluded_tests_filter
pkg_files rule //score/mw/com/impl:runtime_test_qnx_filter_file
pkg_filegroup rule //score/mw/com/impl:runtime_test_qnx_pkg
pkg_tar_impl rule //score/mw/com/impl:runtime_test_qnx_pkg_tar
sh_binary rule //score/mw/com/impl:runtime_test_qnx_shell
_get_so_libs rule //score/mw/com/impl:runtime_test_qnx_so_libs
pkg_files rule //score/mw/com/impl:runtime_test_qnx_so_libs_pkg
_get_test_and_data rule //score/mw/com/impl:runtime_test_qnx_test_and_data
pkg_files rule //score/mw/com/impl:runtime_test_qnx_test_and_runfiles
cc_test rule //score/mw/com/impl:sample_allocatee_guard_test_linux
sh_test rule //score/mw/com/impl:sample_allocatee_guard_test_qnx
genrule rule //score/mw/com/impl:sample_allocatee_guard_test_qnx_excluded_tests_filter
pkg_files rule //score/mw/com/impl:sample_allocatee_guard_test_qnx_filter_file
pkg_filegroup rule //score/mw/com/impl:sample_allocatee_guard_test_qnx_pkg
pkg_tar_impl rule //score/mw/com/impl:sample_allocatee_guard_test_qnx_pkg_tar
sh_binary rule //score/mw/com/impl:sample_allocatee_guard_test_qnx_shell
_get_so_libs rule //score/mw/com/impl:sample_allocatee_guard_test_qnx_so_libs
pkg_files rule //score/mw/com/impl:sample_allocatee_guard_test_qnx_so_libs_pkg
_get_test_and_data rule //score/mw/com/impl:sample_allocatee_guard_test_qnx_test_and_data
pkg_files rule //score/mw/com/impl:sample_allocatee_guard_test_qnx_test_and_runfiles
cc_test rule //score/mw/com/impl:sample_allocatee_tracker_test_linux
sh_test rule //score/mw/com/impl:sample_allocatee_tracker_test_qnx
genrule rule //score/mw/com/impl:sample_allocatee_tracker_test_qnx_excluded_tests_filter
pkg_files rule //score/mw/com/impl:sample_allocatee_tracker_test_qnx_filter_file
pkg_filegroup rule //score/mw/com/impl:sample_allocatee_tracker_test_qnx_pkg
pkg_tar_impl rule //score/mw/com/impl:sample_allocatee_tracker_test_qnx_pkg_tar
sh_binary rule //score/mw/com/impl:sample_allocatee_tracker_test_qnx_shell
_get_so_libs rule //score/mw/com/impl:sample_allocatee_tracker_test_qnx_so_libs
pkg_files rule //score/mw/com/impl:sample_allocatee_tracker_test_qnx_so_libs_pkg
_get_test_and_data rule //score/mw/com/impl:sample_allocatee_tracker_test_qnx_test_and_data
pkg_files rule //score/mw/com/impl:sample_allocatee_tracker_test_qnx_test_and_runfiles
cc_test rule //score/mw/com/impl:sample_reference_tracker_test_linux
sh_test rule //score/mw/com/impl:sample_reference_tracker_test_qnx
genrule rule //score/mw/com/impl:sample_reference_tracker_test_qnx_excluded_tests_filter
pkg_files rule //score/mw/com/impl:sample_reference_tracker_test_qnx_filter_file
pkg_filegroup rule //score/mw/com/impl:sample_reference_tracker_test_qnx_pkg
pkg_tar_impl rule //score/mw/com/impl:sample_reference_tracker_test_qnx_pkg_tar
sh_binary rule //score/mw/com/impl:sample_reference_tracker_test_qnx_shell
_get_so_libs rule //score/mw/com/impl:sample_reference_tracker_test_qnx_so_libs
pkg_files rule //score/mw/com/impl:sample_reference_tracker_test_qnx_so_libs_pkg
_get_test_and_data rule //score/mw/com/impl:sample_reference_tracker_test_qnx_test_and_data
pkg_files rule //score/mw/com/impl:sample_reference_tracker_test_qnx_test_and_runfiles
cc_test rule //score/mw/com/impl:service_discovery_test_linux
sh_test rule //score/mw/com/impl:service_discovery_test_qnx
genrule rule //score/mw/com/impl:service_discovery_test_qnx_excluded_tests_filter
pkg_files rule //score/mw/com/impl:service_discovery_test_qnx_filter_file
pkg_filegroup rule //score/mw/com/impl:service_discovery_test_qnx_pkg
pkg_tar_impl rule //score/mw/com/impl:service_discovery_test_qnx_pkg_tar
sh_binary rule //score/mw/com/impl:service_discovery_test_qnx_shell
_get_so_libs rule //score/mw/com/impl:service_discovery_test_qnx_so_libs
pkg_files rule //score/mw/com/impl:service_discovery_test_qnx_so_libs_pkg
_get_test_and_data rule //score/mw/com/impl:service_discovery_test_qnx_test_and_data
pkg_files rule //score/mw/com/impl:service_discovery_test_qnx_test_and_runfiles
cc_test rule //score/mw/com/impl:service_element_map_view_test_linux
sh_test rule //score/mw/com/impl:service_element_map_view_test_qnx
genrule rule //score/mw/com/impl:service_element_map_view_test_qnx_excluded_tests_filter
pkg_files rule //score/mw/com/impl:service_element_map_view_test_qnx_filter_file
pkg_filegroup rule //score/mw/com/impl:service_element_map_view_test_qnx_pkg
pkg_tar_impl rule //score/mw/com/impl:service_element_map_view_test_qnx_pkg_tar
sh_binary rule //score/mw/com/impl:service_element_map_view_test_qnx_shell
_get_so_libs rule //score/mw/com/impl:service_element_map_view_test_qnx_so_libs
pkg_files rule //score/mw/com/impl:service_element_map_view_test_qnx_so_libs_pkg
_get_test_and_data rule //score/mw/com/impl:service_element_map_view_test_qnx_test_and_data
pkg_files rule //score/mw/com/impl:service_element_map_view_test_qnx_test_and_runfiles
cc_test rule //score/mw/com/impl:service_element_type_test_linux
sh_test rule //score/mw/com/impl:service_element_type_test_qnx
genrule rule //score/mw/com/impl:service_element_type_test_qnx_excluded_tests_filter
pkg_files rule //score/mw/com/impl:service_element_type_test_qnx_filter_file
pkg_filegroup rule //score/mw/com/impl:service_element_type_test_qnx_pkg
pkg_tar_impl rule //score/mw/com/impl:service_element_type_test_qnx_pkg_tar
sh_binary rule //score/mw/com/impl:service_element_type_test_qnx_shell
_get_so_libs rule //score/mw/com/impl:service_element_type_test_qnx_so_libs
pkg_files rule //score/mw/com/impl:service_element_type_test_qnx_so_libs_pkg
_get_test_and_data rule //score/mw/com/impl:service_element_type_test_qnx_test_and_data
pkg_files rule //score/mw/com/impl:service_element_type_test_qnx_test_and_runfiles
cc_test rule //score/mw/com/impl:skeleton_base_test_linux
sh_test rule //score/mw/com/impl:skeleton_base_test_qnx
genrule rule //score/mw/com/impl:skeleton_base_test_qnx_excluded_tests_filter
pkg_files rule //score/mw/com/impl:skeleton_base_test_qnx_filter_file
pkg_filegroup rule //score/mw/com/impl:skeleton_base_test_qnx_pkg
pkg_tar_impl rule //score/mw/com/impl:skeleton_base_test_qnx_pkg_tar
sh_binary rule //score/mw/com/impl:skeleton_base_test_qnx_shell
_get_so_libs rule //score/mw/com/impl:skeleton_base_test_qnx_so_libs
pkg_files rule //score/mw/com/impl:skeleton_base_test_qnx_so_libs_pkg
_get_test_and_data rule //score/mw/com/impl:skeleton_base_test_qnx_test_and_data
pkg_files rule //score/mw/com/impl:skeleton_base_test_qnx_test_and_runfiles
cc_test rule //score/mw/com/impl:skeleton_binding_test_linux
sh_test rule //score/mw/com/impl:skeleton_binding_test_qnx
genrule rule //score/mw/com/impl:skeleton_binding_test_qnx_excluded_tests_filter
pkg_files rule //score/mw/com/impl:skeleton_binding_test_qnx_filter_file
pkg_filegroup rule //score/mw/com/impl:skeleton_binding_test_qnx_pkg
pkg_tar_impl rule //score/mw/com/impl:skeleton_binding_test_qnx_pkg_tar
sh_binary rule //score/mw/com/impl:skeleton_binding_test_qnx_shell
_get_so_libs rule //score/mw/com/impl:skeleton_binding_test_qnx_so_libs
pkg_files rule //score/mw/com/impl:skeleton_binding_test_qnx_so_libs_pkg
_get_test_and_data rule //score/mw/com/impl:skeleton_binding_test_qnx_test_and_data
pkg_files rule //score/mw/com/impl:skeleton_binding_test_qnx_test_and_runfiles
cc_test rule //score/mw/com/impl:skeleton_event_base_test_linux
sh_test rule //score/mw/com/impl:skeleton_event_base_test_qnx
genrule rule //score/mw/com/impl:skeleton_event_base_test_qnx_excluded_tests_filter
pkg_files rule //score/mw/com/impl:skeleton_event_base_test_qnx_filter_file
pkg_filegroup rule //score/mw/com/impl:skeleton_event_base_test_qnx_pkg
pkg_tar_impl rule //score/mw/com/impl:skeleton_event_base_test_qnx_pkg_tar
sh_binary rule //score/mw/com/impl:skeleton_event_base_test_qnx_shell
_get_so_libs rule //score/mw/com/impl:skeleton_event_base_test_qnx_so_libs
pkg_files rule //score/mw/com/impl:skeleton_event_base_test_qnx_so_libs_pkg
_get_test_and_data rule //score/mw/com/impl:skeleton_event_base_test_qnx_test_and_data
pkg_files rule //score/mw/com/impl:skeleton_event_base_test_qnx_test_and_runfiles
cc_test rule //score/mw/com/impl:skeleton_event_binding_test_linux
sh_test rule //score/mw/com/impl:skeleton_event_binding_test_qnx
genrule rule //score/mw/com/impl:skeleton_event_binding_test_qnx_excluded_tests_filter
pkg_files rule //score/mw/com/impl:skeleton_event_binding_test_qnx_filter_file
pkg_filegroup rule //score/mw/com/impl:skeleton_event_binding_test_qnx_pkg
pkg_tar_impl rule //score/mw/com/impl:skeleton_event_binding_test_qnx_pkg_tar
sh_binary rule //score/mw/com/impl:skeleton_event_binding_test_qnx_shell
_get_so_libs rule //score/mw/com/impl:skeleton_event_binding_test_qnx_so_libs
pkg_files rule //score/mw/com/impl:skeleton_event_binding_test_qnx_so_libs_pkg
_get_test_and_data rule //score/mw/com/impl:skeleton_event_binding_test_qnx_test_and_data
pkg_files rule //score/mw/com/impl:skeleton_event_binding_test_qnx_test_and_runfiles
cc_test rule //score/mw/com/impl:skeleton_event_test_linux
sh_test rule //score/mw/com/impl:skeleton_event_test_qnx
genrule rule //score/mw/com/impl:skeleton_event_test_qnx_excluded_tests_filter
pkg_files rule //score/mw/com/impl:skeleton_event_test_qnx_filter_file
pkg_filegroup rule //score/mw/com/impl:skeleton_event_test_qnx_pkg
pkg_tar_impl rule //score/mw/com/impl:skeleton_event_test_qnx_pkg_tar
sh_binary rule //score/mw/com/impl:skeleton_event_test_qnx_shell
_get_so_libs rule //score/mw/com/impl:skeleton_event_test_qnx_so_libs
pkg_files rule //score/mw/com/impl:skeleton_event_test_qnx_so_libs_pkg
_get_test_and_data rule //score/mw/com/impl:skeleton_event_test_qnx_test_and_data
pkg_files rule //score/mw/com/impl:skeleton_event_test_qnx_test_and_runfiles
cc_test rule //score/mw/com/impl:skeleton_field_base_test_linux
sh_test rule //score/mw/com/impl:skeleton_field_base_test_qnx
genrule rule //score/mw/com/impl:skeleton_field_base_test_qnx_excluded_tests_filter
pkg_files rule //score/mw/com/impl:skeleton_field_base_test_qnx_filter_file
pkg_filegroup rule //score/mw/com/impl:skeleton_field_base_test_qnx_pkg
pkg_tar_impl rule //score/mw/com/impl:skeleton_field_base_test_qnx_pkg_tar
sh_binary rule //score/mw/com/impl:skeleton_field_base_test_qnx_shell
_get_so_libs rule //score/mw/com/impl:skeleton_field_base_test_qnx_so_libs
pkg_files rule //score/mw/com/impl:skeleton_field_base_test_qnx_so_libs_pkg
_get_test_and_data rule //score/mw/com/impl:skeleton_field_base_test_qnx_test_and_data
pkg_files rule //score/mw/com/impl:skeleton_field_base_test_qnx_test_and_runfiles
cc_test rule //score/mw/com/impl:skeleton_field_test_linux
sh_test rule //score/mw/com/impl:skeleton_field_test_qnx
genrule rule //score/mw/com/impl:skeleton_field_test_qnx_excluded_tests_filter
pkg_files rule //score/mw/com/impl:skeleton_field_test_qnx_filter_file
pkg_filegroup rule //score/mw/com/impl:skeleton_field_test_qnx_pkg
pkg_tar_impl rule //score/mw/com/impl:skeleton_field_test_qnx_pkg_tar
sh_binary rule //score/mw/com/impl:skeleton_field_test_qnx_shell
_get_so_libs rule //score/mw/com/impl:skeleton_field_test_qnx_so_libs
pkg_files rule //score/mw/com/impl:skeleton_field_test_qnx_so_libs_pkg
_get_test_and_data rule //score/mw/com/impl:skeleton_field_test_qnx_test_and_data
pkg_files rule //score/mw/com/impl:skeleton_field_test_qnx_test_and_runfiles
cc_test rule //score/mw/com/impl:traits_test_linux
sh_test rule //score/mw/com/impl:traits_test_qnx
genrule rule //score/mw/com/impl:traits_test_qnx_excluded_tests_filter
pkg_files rule //score/mw/com/impl:traits_test_qnx_filter_file
pkg_filegroup rule //score/mw/com/impl:traits_test_qnx_pkg
pkg_tar_impl rule //score/mw/com/impl:traits_test_qnx_pkg_tar
sh_binary rule //score/mw/com/impl:traits_test_qnx_shell
_get_so_libs rule //score/mw/com/impl:traits_test_qnx_so_libs
pkg_files rule //score/mw/com/impl:traits_test_qnx_so_libs_pkg
_get_test_and_data rule //score/mw/com/impl:traits_test_qnx_test_and_data
pkg_files rule //score/mw/com/impl:traits_test_qnx_test_and_runfiles
cc_test rule //score/mw/com/impl:unit_test_runtime_single_exec_linux
sh_test rule //score/mw/com/impl:unit_test_runtime_single_exec_qnx
genrule rule //score/mw/com/impl:unit_test_runtime_single_exec_qnx_excluded_tests_filter
pkg_files rule //score/mw/com/impl:unit_test_runtime_single_exec_qnx_filter_file
pkg_filegroup rule //score/mw/com/impl:unit_test_runtime_single_exec_qnx_pkg
pkg_tar_impl rule //score/mw/com/impl:unit_test_runtime_single_exec_qnx_pkg_tar
sh_binary rule //score/mw/com/impl:unit_test_runtime_single_exec_qnx_shell
_get_so_libs rule //score/mw/com/impl:unit_test_runtime_single_exec_qnx_so_libs
pkg_files rule //score/mw/com/impl:unit_test_runtime_single_exec_qnx_so_libs_pkg
_get_test_and_data rule //score/mw/com/impl:unit_test_runtime_single_exec_qnx_test_and_data
pkg_files rule //score/mw/com/impl:unit_test_runtime_single_exec_qnx_test_and_runfiles
cc_test rule //score/mw/com/impl/bindings/lola:application_id_pid_mapping_test_linux
sh_test rule //score/mw/com/impl/bindings/lola:application_id_pid_mapping_test_qnx
genrule rule //score/mw/com/impl/bindings/lola:application_id_pid_mapping_test_qnx_excluded_tests_filter
pkg_files rule //score/mw/com/impl/bindings/lola:application_id_pid_mapping_test_qnx_filter_file
pkg_filegroup rule //score/mw/com/impl/bindings/lola:application_id_pid_mapping_test_qnx_pkg
pkg_tar_impl rule //score/mw/com/impl/bindings/lola:application_id_pid_mapping_test_qnx_pkg_tar
sh_binary rule //score/mw/com/impl/bindings/lola:application_id_pid_mapping_test_qnx_shell
_get_so_libs rule //score/mw/com/impl/bindings/lola:application_id_pid_mapping_test_qnx_so_libs
pkg_files rule //score/mw/com/impl/bindings/lola:application_id_pid_mapping_test_qnx_so_libs_pkg
_get_test_and_data rule //score/mw/com/impl/bindings/lola:application_id_pid_mapping_test_qnx_test_and_data
pkg_files rule //score/mw/com/impl/bindings/lola:application_id_pid_mapping_test_qnx_test_and_runfiles
cc_test rule //score/mw/com/impl/bindings/lola:consumer_event_data_control_local_view_test_linux
sh_test rule //score/mw/com/impl/bindings/lola:consumer_event_data_control_local_view_test_qnx
genrule rule //score/mw/com/impl/bindings/lola:consumer_event_data_control_local_view_test_qnx_excluded_tests_filter
pkg_files rule //score/mw/com/impl/bindings/lola:consumer_event_data_control_local_view_test_qnx_filter_file
pkg_filegroup rule //score/mw/com/impl/bindings/lola:consumer_event_data_control_local_view_test_qnx_pkg
pkg_tar_impl rule //score/mw/com/impl/bindings/lola:consumer_event_data_control_local_view_test_qnx_pkg_tar
sh_binary rule //score/mw/com/impl/bindings/lola:consumer_event_data_control_local_view_test_qnx_shell
_get_so_libs rule //score/mw/com/impl/bindings/lola:consumer_event_data_control_local_view_test_qnx_so_libs
pkg_files rule //score/mw/com/impl/bindings/lola:consumer_event_data_control_local_view_test_qnx_so_libs_pkg
_get_test_and_data rule //score/mw/com/impl/bindings/lola:consumer_event_data_control_local_view_test_qnx_test_and_data
pkg_files rule //score/mw/com/impl/bindings/lola:consumer_event_data_control_local_view_test_qnx_test_and_runfiles
cc_test rule //score/mw/com/impl/bindings/lola:dynamic_array_bounds_checking_test_linux
sh_test rule //score/mw/com/impl/bindings/lola:dynamic_array_bounds_checking_test_qnx
genrule rule //score/mw/com/impl/bindings/lola:dynamic_array_bounds_checking_test_qnx_excluded_tests_filter
pkg_files rule //score/mw/com/impl/bindings/lola:dynamic_array_bounds_checking_test_qnx_filter_file
pkg_filegroup rule //score/mw/com/impl/bindings/lola:dynamic_array_bounds_checking_test_qnx_pkg
pkg_tar_impl rule //score/mw/com/impl/bindings/lola:dynamic_array_bounds_checking_test_qnx_pkg_tar
sh_binary rule //score/mw/com/impl/bindings/lola:dynamic_array_bounds_checking_test_qnx_shell
_get_so_libs rule //score/mw/com/impl/bindings/lola:dynamic_array_bounds_checking_test_qnx_so_libs
pkg_files rule //score/mw/com/impl/bindings/lola:dynamic_array_bounds_checking_test_qnx_so_libs_pkg
_get_test_and_data rule //score/mw/com/impl/bindings/lola:dynamic_array_bounds_checking_test_qnx_test_and_data
pkg_files rule //score/mw/com/impl/bindings/lola:dynamic_array_bounds_checking_test_qnx_test_and_runfiles
cc_test rule //score/mw/com/impl/bindings/lola:element_fq_id_test_linux
sh_test rule //score/mw/com/impl/bindings/lola:element_fq_id_test_qnx
genrule rule //score/mw/com/impl/bindings/lola:element_fq_id_test_qnx_excluded_tests_filter
pkg_files rule //score/mw/com/impl/bindings/lola:element_fq_id_test_qnx_filter_file
pkg_filegroup rule //score/mw/com/impl/bindings/lola:element_fq_id_test_qnx_pkg
pkg_tar_impl rule //score/mw/com/impl/bindings/lola:element_fq_id_test_qnx_pkg_tar
sh_binary rule //score/mw/com/impl/bindings/lola:element_fq_id_test_qnx_shell
_get_so_libs rule //score/mw/com/impl/bindings/lola:element_fq_id_test_qnx_so_libs
pkg_files rule //score/mw/com/impl/bindings/lola:element_fq_id_test_qnx_so_libs_pkg
_get_test_and_data rule //score/mw/com/impl/bindings/lola:element_fq_id_test_qnx_test_and_data
pkg_files rule //score/mw/com/impl/bindings/lola:element_fq_id_test_qnx_test_and_runfiles
cc_test rule //score/mw/com/impl/bindings/lola:event_data_control_composite_test_linux
sh_test rule //score/mw/com/impl/bindings/lola:event_data_control_composite_test_qnx
genrule rule //score/mw/com/impl/bindings/lola:event_data_control_composite_test_qnx_excluded_tests_filter
pkg_files rule //score/mw/com/impl/bindings/lola:event_data_control_composite_test_qnx_filter_file
pkg_filegroup rule //score/mw/com/impl/bindings/lola:event_data_control_composite_test_qnx_pkg
pkg_tar_impl rule //score/mw/com/impl/bindings/lola:event_data_control_composite_test_qnx_pkg_tar
sh_binary rule //score/mw/com/impl/bindings/lola:event_data_control_composite_test_qnx_shell
_get_so_libs rule //score/mw/com/impl/bindings/lola:event_data_control_composite_test_qnx_so_libs
pkg_files rule //score/mw/com/impl/bindings/lola:event_data_control_composite_test_qnx_so_libs_pkg
_get_test_and_data rule //score/mw/com/impl/bindings/lola:event_data_control_composite_test_qnx_test_and_data
pkg_files rule //score/mw/com/impl/bindings/lola:event_data_control_composite_test_qnx_test_and_runfiles
cc_test rule //score/mw/com/impl/bindings/lola:event_data_control_test_linux
sh_test rule //score/mw/com/impl/bindings/lola:event_data_control_test_qnx
genrule rule //score/mw/com/impl/bindings/lola:event_data_control_test_qnx_excluded_tests_filter
pkg_files rule //score/mw/com/impl/bindings/lola:event_data_control_test_qnx_filter_file
pkg_filegroup rule //score/mw/com/impl/bindings/lola:event_data_control_test_qnx_pkg
pkg_tar_impl rule //score/mw/com/impl/bindings/lola:event_data_control_test_qnx_pkg_tar
sh_binary rule //score/mw/com/impl/bindings/lola:event_data_control_test_qnx_shell
_get_so_libs rule //score/mw/com/impl/bindings/lola:event_data_control_test_qnx_so_libs
pkg_files rule //score/mw/com/impl/bindings/lola:event_data_control_test_qnx_so_libs_pkg
_get_test_and_data rule //score/mw/com/impl/bindings/lola:event_data_control_test_qnx_test_and_data
pkg_files rule //score/mw/com/impl/bindings/lola:event_data_control_test_qnx_test_and_runfiles
cc_test rule //score/mw/com/impl/bindings/lola:event_data_storage_test_linux
sh_test rule //score/mw/com/impl/bindings/lola:event_data_storage_test_qnx
genrule rule //score/mw/com/impl/bindings/lola:event_data_storage_test_qnx_excluded_tests_filter
pkg_files rule //score/mw/com/impl/bindings/lola:event_data_storage_test_qnx_filter_file
pkg_filegroup rule //score/mw/com/impl/bindings/lola:event_data_storage_test_qnx_pkg
pkg_tar_impl rule //score/mw/com/impl/bindings/lola:event_data_storage_test_qnx_pkg_tar
sh_binary rule //score/mw/com/impl/bindings/lola:event_data_storage_test_qnx_shell
_get_so_libs rule //score/mw/com/impl/bindings/lola:event_data_storage_test_qnx_so_libs
pkg_files rule //score/mw/com/impl/bindings/lola:event_data_storage_test_qnx_so_libs_pkg
_get_test_and_data rule //score/mw/com/impl/bindings/lola:event_data_storage_test_qnx_test_and_data
pkg_files rule //score/mw/com/impl/bindings/lola:event_data_storage_test_qnx_test_and_runfiles
cc_test rule //score/mw/com/impl/bindings/lola:event_slot_status_test_linux
sh_test rule //score/mw/com/impl/bindings/lola:event_slot_status_test_qnx
genrule rule //score/mw/com/impl/bindings/lola:event_slot_status_test_qnx_excluded_tests_filter
pkg_files rule //score/mw/com/impl/bindings/lola:event_slot_status_test_qnx_filter_file
pkg_filegroup rule //score/mw/com/impl/bindings/lola:event_slot_status_test_qnx_pkg
pkg_tar_impl rule //score/mw/com/impl/bindings/lola:event_slot_status_test_qnx_pkg_tar
sh_binary rule //score/mw/com/impl/bindings/lola:event_slot_status_test_qnx_shell
_get_so_libs rule //score/mw/com/impl/bindings/lola:event_slot_status_test_qnx_so_libs
pkg_files rule //score/mw/com/impl/bindings/lola:event_slot_status_test_qnx_so_libs_pkg
_get_test_and_data rule //score/mw/com/impl/bindings/lola:event_slot_status_test_qnx_test_and_data
pkg_files rule //score/mw/com/impl/bindings/lola:event_slot_status_test_qnx_test_and_runfiles
cc_test rule //score/mw/com/impl/bindings/lola:event_subscription_control_test_linux
sh_test rule //score/mw/com/impl/bindings/lola:event_subscription_control_test_qnx
genrule rule //score/mw/com/impl/bindings/lola:event_subscription_control_test_qnx_excluded_tests_filter
pkg_files rule //score/mw/com/impl/bindings/lola:event_subscription_control_test_qnx_filter_file
pkg_filegroup rule //score/mw/com/impl/bindings/lola:event_subscription_control_test_qnx_pkg
pkg_tar_impl rule //score/mw/com/impl/bindings/lola:event_subscription_control_test_qnx_pkg_tar
sh_binary rule //score/mw/com/impl/bindings/lola:event_subscription_control_test_qnx_shell
_get_so_libs rule //score/mw/com/impl/bindings/lola:event_subscription_control_test_qnx_so_libs
pkg_files rule //score/mw/com/impl/bindings/lola:event_subscription_control_test_qnx_so_libs_pkg
_get_test_and_data rule //score/mw/com/impl/bindings/lola:event_subscription_control_test_qnx_test_and_data
pkg_files rule //score/mw/com/impl/bindings/lola:event_subscription_control_test_qnx_test_and_runfiles
cc_test rule //score/mw/com/impl/bindings/lola:linear_search_map_test_linux
sh_test rule //score/mw/com/impl/bindings/lola:linear_search_map_test_qnx
genrule rule //score/mw/com/impl/bindings/lola:linear_search_map_test_qnx_excluded_tests_filter
pkg_files rule //score/mw/com/impl/bindings/lola:linear_search_map_test_qnx_filter_file
pkg_filegroup rule //score/mw/com/impl/bindings/lola:linear_search_map_test_qnx_pkg
pkg_tar_impl rule //score/mw/com/impl/bindings/lola:linear_search_map_test_qnx_pkg_tar
sh_binary rule //score/mw/com/impl/bindings/lola:linear_search_map_test_qnx_shell
_get_so_libs rule //score/mw/com/impl/bindings/lola:linear_search_map_test_qnx_so_libs
pkg_files rule //score/mw/com/impl/bindings/lola:linear_search_map_test_qnx_so_libs_pkg
_get_test_and_data rule //score/mw/com/impl/bindings/lola:linear_search_map_test_qnx_test_and_data
pkg_files rule //score/mw/com/impl/bindings/lola:linear_search_map_test_qnx_test_and_runfiles
cc_test rule //score/mw/com/impl/bindings/lola:partial_restart_path_builder_test_linux
sh_test rule //score/mw/com/impl/bindings/lola:partial_restart_path_builder_test_qnx
genrule rule //score/mw/com/impl/bindings/lola:partial_restart_path_builder_test_qnx_excluded_tests_filter
pkg_files rule //score/mw/com/impl/bindings/lola:partial_restart_path_builder_test_qnx_filter_file
pkg_filegroup rule //score/mw/com/impl/bindings/lola:partial_restart_path_builder_test_qnx_pkg
pkg_tar_impl rule //score/mw/com/impl/bindings/lola:partial_restart_path_builder_test_qnx_pkg_tar
sh_binary rule //score/mw/com/impl/bindings/lola:partial_restart_path_builder_test_qnx_shell
_get_so_libs rule //score/mw/com/impl/bindings/lola:partial_restart_path_builder_test_qnx_so_libs
pkg_files rule //score/mw/com/impl/bindings/lola:partial_restart_path_builder_test_qnx_so_libs_pkg
_get_test_and_data rule //score/mw/com/impl/bindings/lola:partial_restart_path_builder_test_qnx_test_and_data
pkg_files rule //score/mw/com/impl/bindings/lola:partial_restart_path_builder_test_qnx_test_and_runfiles
cc_test rule //score/mw/com/impl/bindings/lola:provider_event_data_control_local_view_test_linux
sh_test rule //score/mw/com/impl/bindings/lola:provider_event_data_control_local_view_test_qnx
genrule rule //score/mw/com/impl/bindings/lola:provider_event_data_control_local_view_test_qnx_excluded_tests_filter
pkg_files rule //score/mw/com/impl/bindings/lola:provider_event_data_control_local_view_test_qnx_filter_file
pkg_filegroup rule //score/mw/com/impl/bindings/lola:provider_event_data_control_local_view_test_qnx_pkg
pkg_tar_impl rule //score/mw/com/impl/bindings/lola:provider_event_data_control_local_view_test_qnx_pkg_tar
sh_binary rule //score/mw/com/impl/bindings/lola:provider_event_data_control_local_view_test_qnx_shell
_get_so_libs rule //score/mw/com/impl/bindings/lola:provider_event_data_control_local_view_test_qnx_so_libs
pkg_files rule //score/mw/com/impl/bindings/lola:provider_event_data_control_local_view_test_qnx_so_libs_pkg
_get_test_and_data rule //score/mw/com/impl/bindings/lola:provider_event_data_control_local_view_test_qnx_test_and_data
pkg_files rule //score/mw/com/impl/bindings/lola:provider_event_data_control_local_view_test_qnx_test_and_runfiles
cc_test rule //score/mw/com/impl/bindings/lola:proxy_event_get_new_samples_test_linux
sh_test rule //score/mw/com/impl/bindings/lola:proxy_event_get_new_samples_test_qnx
genrule rule //score/mw/com/impl/bindings/lola:proxy_event_get_new_samples_test_qnx_excluded_tests_filter
pkg_files rule //score/mw/com/impl/bindings/lola:proxy_event_get_new_samples_test_qnx_filter_file
pkg_filegroup rule //score/mw/com/impl/bindings/lola:proxy_event_get_new_samples_test_qnx_pkg
pkg_tar_impl rule //score/mw/com/impl/bindings/lola:proxy_event_get_new_samples_test_qnx_pkg_tar
sh_binary rule //score/mw/com/impl/bindings/lola:proxy_event_get_new_samples_test_qnx_shell
_get_so_libs rule //score/mw/com/impl/bindings/lola:proxy_event_get_new_samples_test_qnx_so_libs
pkg_files rule //score/mw/com/impl/bindings/lola:proxy_event_get_new_samples_test_qnx_so_libs_pkg
_get_test_and_data rule //score/mw/com/impl/bindings/lola:proxy_event_get_new_samples_test_qnx_test_and_data
pkg_files rule //score/mw/com/impl/bindings/lola:proxy_event_get_new_samples_test_qnx_test_and_runfiles
cc_test rule //score/mw/com/impl/bindings/lola:proxy_event_subscription_test_linux
sh_test rule //score/mw/com/impl/bindings/lola:proxy_event_subscription_test_qnx
genrule rule //score/mw/com/impl/bindings/lola:proxy_event_subscription_test_qnx_excluded_tests_filter
pkg_files rule //score/mw/com/impl/bindings/lola:proxy_event_subscription_test_qnx_filter_file
pkg_filegroup rule //score/mw/com/impl/bindings/lola:proxy_event_subscription_test_qnx_pkg
pkg_tar_impl rule //score/mw/com/impl/bindings/lola:proxy_event_subscription_test_qnx_pkg_tar
sh_binary rule //score/mw/com/impl/bindings/lola:proxy_event_subscription_test_qnx_shell
_get_so_libs rule //score/mw/com/impl/bindings/lola:proxy_event_subscription_test_qnx_so_libs
pkg_files rule //score/mw/com/impl/bindings/lola:proxy_event_subscription_test_qnx_so_libs_pkg
_get_test_and_data rule //score/mw/com/impl/bindings/lola:proxy_event_subscription_test_qnx_test_and_data
pkg_files rule //score/mw/com/impl/bindings/lola:proxy_event_subscription_test_qnx_test_and_runfiles
cc_test rule //score/mw/com/impl/bindings/lola:proxy_event_test_linux
sh_test rule //score/mw/com/impl/bindings/lola:proxy_event_test_qnx
genrule rule //score/mw/com/impl/bindings/lola:proxy_event_test_qnx_excluded_tests_filter
pkg_files rule //score/mw/com/impl/bindings/lola:proxy_event_test_qnx_filter_file
pkg_filegroup rule //score/mw/com/impl/bindings/lola:proxy_event_test_qnx_pkg
pkg_tar_impl rule //score/mw/com/impl/bindings/lola:proxy_event_test_qnx_pkg_tar
sh_binary rule //score/mw/com/impl/bindings/lola:proxy_event_test_qnx_shell
_get_so_libs rule //score/mw/com/impl/bindings/lola:proxy_event_test_qnx_so_libs
pkg_files rule //score/mw/com/impl/bindings/lola:proxy_event_test_qnx_so_libs_pkg
_get_test_and_data rule //score/mw/com/impl/bindings/lola:proxy_event_test_qnx_test_and_data
pkg_files rule //score/mw/com/impl/bindings/lola:proxy_event_test_qnx_test_and_runfiles
cc_test rule //score/mw/com/impl/bindings/lola:proxy_instance_identifier_test_linux
sh_test rule //score/mw/com/impl/bindings/lola:proxy_instance_identifier_test_qnx
genrule rule //score/mw/com/impl/bindings/lola:proxy_instance_identifier_test_qnx_excluded_tests_filter
pkg_files rule //score/mw/com/impl/bindings/lola:proxy_instance_identifier_test_qnx_filter_file
pkg_filegroup rule //score/mw/com/impl/bindings/lola:proxy_instance_identifier_test_qnx_pkg
pkg_tar_impl rule //score/mw/com/impl/bindings/lola:proxy_instance_identifier_test_qnx_pkg_tar
sh_binary rule //score/mw/com/impl/bindings/lola:proxy_instance_identifier_test_qnx_shell
_get_so_libs rule //score/mw/com/impl/bindings/lola:proxy_instance_identifier_test_qnx_so_libs
pkg_files rule //score/mw/com/impl/bindings/lola:proxy_instance_identifier_test_qnx_so_libs_pkg
_get_test_and_data rule //score/mw/com/impl/bindings/lola:proxy_instance_identifier_test_qnx_test_and_data
pkg_files rule //score/mw/com/impl/bindings/lola:proxy_instance_identifier_test_qnx_test_and_runfiles
cc_test rule //score/mw/com/impl/bindings/lola:proxy_method_handling_test_linux
sh_test rule //score/mw/com/impl/bindings/lola:proxy_method_handling_test_qnx
genrule rule //score/mw/com/impl/bindings/lola:proxy_method_handling_test_qnx_excluded_tests_filter
pkg_files rule //score/mw/com/impl/bindings/lola:proxy_method_handling_test_qnx_filter_file
pkg_filegroup rule //score/mw/com/impl/bindings/lola:proxy_method_handling_test_qnx_pkg
pkg_tar_impl rule //score/mw/com/impl/bindings/lola:proxy_method_handling_test_qnx_pkg_tar
sh_binary rule //score/mw/com/impl/bindings/lola:proxy_method_handling_test_qnx_shell
_get_so_libs rule //score/mw/com/impl/bindings/lola:proxy_method_handling_test_qnx_so_libs
pkg_files rule //score/mw/com/impl/bindings/lola:proxy_method_handling_test_qnx_so_libs_pkg
_get_test_and_data rule //score/mw/com/impl/bindings/lola:proxy_method_handling_test_qnx_test_and_data
pkg_files rule //score/mw/com/impl/bindings/lola:proxy_method_handling_test_qnx_test_and_runfiles
cc_test rule //score/mw/com/impl/bindings/lola:proxy_method_test_linux
sh_test rule //score/mw/com/impl/bindings/lola:proxy_method_test_qnx
genrule rule //score/mw/com/impl/bindings/lola:proxy_method_test_qnx_excluded_tests_filter
pkg_files rule //score/mw/com/impl/bindings/lola:proxy_method_test_qnx_filter_file
pkg_filegroup rule //score/mw/com/impl/bindings/lola:proxy_method_test_qnx_pkg
pkg_tar_impl rule //score/mw/com/impl/bindings/lola:proxy_method_test_qnx_pkg_tar
sh_binary rule //score/mw/com/impl/bindings/lola:proxy_method_test_qnx_shell
_get_so_libs rule //score/mw/com/impl/bindings/lola:proxy_method_test_qnx_so_libs
pkg_files rule //score/mw/com/impl/bindings/lola:proxy_method_test_qnx_so_libs_pkg
_get_test_and_data rule //score/mw/com/impl/bindings/lola:proxy_method_test_qnx_test_and_data
pkg_files rule //score/mw/com/impl/bindings/lola:proxy_method_test_qnx_test_and_runfiles
cc_test rule //score/mw/com/impl/bindings/lola:proxy_test_linux
sh_test rule //score/mw/com/impl/bindings/lola:proxy_test_qnx
genrule rule //score/mw/com/impl/bindings/lola:proxy_test_qnx_excluded_tests_filter
pkg_files rule //score/mw/com/impl/bindings/lola:proxy_test_qnx_filter_file
pkg_filegroup rule //score/mw/com/impl/bindings/lola:proxy_test_qnx_pkg
pkg_tar_impl rule //score/mw/com/impl/bindings/lola:proxy_test_qnx_pkg_tar
sh_binary rule //score/mw/com/impl/bindings/lola:proxy_test_qnx_shell
_get_so_libs rule //score/mw/com/impl/bindings/lola:proxy_test_qnx_so_libs
pkg_files rule //score/mw/com/impl/bindings/lola:proxy_test_qnx_so_libs_pkg
_get_test_and_data rule //score/mw/com/impl/bindings/lola:proxy_test_qnx_test_and_data
pkg_files rule //score/mw/com/impl/bindings/lola:proxy_test_qnx_test_and_runfiles
cc_test rule //score/mw/com/impl/bindings/lola:runtime_application_id_test_linux
sh_test rule //score/mw/com/impl/bindings/lola:runtime_application_id_test_qnx
genrule rule //score/mw/com/impl/bindings/lola:runtime_application_id_test_qnx_excluded_tests_filter
pkg_files rule //score/mw/com/impl/bindings/lola:runtime_application_id_test_qnx_filter_file
pkg_filegroup rule //score/mw/com/impl/bindings/lola:runtime_application_id_test_qnx_pkg
pkg_tar_impl rule //score/mw/com/impl/bindings/lola:runtime_application_id_test_qnx_pkg_tar
sh_binary rule //score/mw/com/impl/bindings/lola:runtime_application_id_test_qnx_shell
_get_so_libs rule //score/mw/com/impl/bindings/lola:runtime_application_id_test_qnx_so_libs
pkg_files rule //score/mw/com/impl/bindings/lola:runtime_application_id_test_qnx_so_libs_pkg
_get_test_and_data rule //score/mw/com/impl/bindings/lola:runtime_application_id_test_qnx_test_and_data
pkg_files rule //score/mw/com/impl/bindings/lola:runtime_application_id_test_qnx_test_and_runfiles
cc_test rule //score/mw/com/impl/bindings/lola:runtime_test_linux
sh_test rule //score/mw/com/impl/bindings/lola:runtime_test_qnx
genrule rule //score/mw/com/impl/bindings/lola:runtime_test_qnx_excluded_tests_filter
pkg_files rule //score/mw/com/impl/bindings/lola:runtime_test_qnx_filter_file
pkg_filegroup rule //score/mw/com/impl/bindings/lola:runtime_test_qnx_pkg
pkg_tar_impl rule //score/mw/com/impl/bindings/lola:runtime_test_qnx_pkg_tar
sh_binary rule //score/mw/com/impl/bindings/lola:runtime_test_qnx_shell
_get_so_libs rule //score/mw/com/impl/bindings/lola:runtime_test_qnx_so_libs
pkg_files rule //score/mw/com/impl/bindings/lola:runtime_test_qnx_so_libs_pkg
_get_test_and_data rule //score/mw/com/impl/bindings/lola:runtime_test_qnx_test_and_data
pkg_files rule //score/mw/com/impl/bindings/lola:runtime_test_qnx_test_and_runfiles
cc_test rule //score/mw/com/impl/bindings/lola:sample_allocatee_ptr_test_linux
sh_test rule //score/mw/com/impl/bindings/lola:sample_allocatee_ptr_test_qnx
genrule rule //score/mw/com/impl/bindings/lola:sample_allocatee_ptr_test_qnx_excluded_tests_filter
pkg_files rule //score/mw/com/impl/bindings/lola:sample_allocatee_ptr_test_qnx_filter_file
pkg_filegroup rule //score/mw/com/impl/bindings/lola:sample_allocatee_ptr_test_qnx_pkg
pkg_tar_impl rule //score/mw/com/impl/bindings/lola:sample_allocatee_ptr_test_qnx_pkg_tar
sh_binary rule //score/mw/com/impl/bindings/lola:sample_allocatee_ptr_test_qnx_shell
_get_so_libs rule //score/mw/com/impl/bindings/lola:sample_allocatee_ptr_test_qnx_so_libs
pkg_files rule //score/mw/com/impl/bindings/lola:sample_allocatee_ptr_test_qnx_so_libs_pkg
_get_test_and_data rule //score/mw/com/impl/bindings/lola:sample_allocatee_ptr_test_qnx_test_and_data
pkg_files rule //score/mw/com/impl/bindings/lola:sample_allocatee_ptr_test_qnx_test_and_runfiles
cc_test rule //score/mw/com/impl/bindings/lola:sample_ptr_test_linux
sh_test rule //score/mw/com/impl/bindings/lola:sample_ptr_test_qnx
genrule rule //score/mw/com/impl/bindings/lola:sample_ptr_test_qnx_excluded_tests_filter
pkg_files rule //score/mw/com/impl/bindings/lola:sample_ptr_test_qnx_filter_file
pkg_filegroup rule //score/mw/com/impl/bindings/lola:sample_ptr_test_qnx_pkg
pkg_tar_impl rule //score/mw/com/impl/bindings/lola:sample_ptr_test_qnx_pkg_tar
sh_binary rule //score/mw/com/impl/bindings/lola:sample_ptr_test_qnx_shell
_get_so_libs rule //score/mw/com/impl/bindings/lola:sample_ptr_test_qnx_so_libs
pkg_files rule //score/mw/com/impl/bindings/lola:sample_ptr_test_qnx_so_libs_pkg
_get_test_and_data rule //score/mw/com/impl/bindings/lola:sample_ptr_test_qnx_test_and_data
pkg_files rule //score/mw/com/impl/bindings/lola:sample_ptr_test_qnx_test_and_runfiles
cc_test rule //score/mw/com/impl/bindings/lola:service_data_control_test_linux
sh_test rule //score/mw/com/impl/bindings/lola:service_data_control_test_qnx
genrule rule //score/mw/com/impl/bindings/lola:service_data_control_test_qnx_excluded_tests_filter
pkg_files rule //score/mw/com/impl/bindings/lola:service_data_control_test_qnx_filter_file
pkg_filegroup rule //score/mw/com/impl/bindings/lola:service_data_control_test_qnx_pkg
pkg_tar_impl rule //score/mw/com/impl/bindings/lola:service_data_control_test_qnx_pkg_tar
sh_binary rule //score/mw/com/impl/bindings/lola:service_data_control_test_qnx_shell
_get_so_libs rule //score/mw/com/impl/bindings/lola:service_data_control_test_qnx_so_libs
pkg_files rule //score/mw/com/impl/bindings/lola:service_data_control_test_qnx_so_libs_pkg
_get_test_and_data rule //score/mw/com/impl/bindings/lola:service_data_control_test_qnx_test_and_data
pkg_files rule //score/mw/com/impl/bindings/lola:service_data_control_test_qnx_test_and_runfiles
cc_test rule //score/mw/com/impl/bindings/lola:service_data_storage_test_linux
sh_test rule //score/mw/com/impl/bindings/lola:service_data_storage_test_qnx
genrule rule //score/mw/com/impl/bindings/lola:service_data_storage_test_qnx_excluded_tests_filter
pkg_files rule //score/mw/com/impl/bindings/lola:service_data_storage_test_qnx_filter_file
pkg_filegroup rule //score/mw/com/impl/bindings/lola:service_data_storage_test_qnx_pkg
pkg_tar_impl rule //score/mw/com/impl/bindings/lola:service_data_storage_test_qnx_pkg_tar
sh_binary rule //score/mw/com/impl/bindings/lola:service_data_storage_test_qnx_shell
_get_so_libs rule //score/mw/com/impl/bindings/lola:service_data_storage_test_qnx_so_libs
pkg_files rule //score/mw/com/impl/bindings/lola:service_data_storage_test_qnx_so_libs_pkg
_get_test_and_data rule //score/mw/com/impl/bindings/lola:service_data_storage_test_qnx_test_and_data
pkg_files rule //score/mw/com/impl/bindings/lola:service_data_storage_test_qnx_test_and_runfiles
cc_test rule //score/mw/com/impl/bindings/lola:shm_path_builder_test_linux
sh_test rule //score/mw/com/impl/bindings/lola:shm_path_builder_test_qnx
genrule rule //score/mw/com/impl/bindings/lola:shm_path_builder_test_qnx_excluded_tests_filter
pkg_files rule //score/mw/com/impl/bindings/lola:shm_path_builder_test_qnx_filter_file
pkg_filegroup rule //score/mw/com/impl/bindings/lola:shm_path_builder_test_qnx_pkg
pkg_tar_impl rule //score/mw/com/impl/bindings/lola:shm_path_builder_test_qnx_pkg_tar
sh_binary rule //score/mw/com/impl/bindings/lola:shm_path_builder_test_qnx_shell
_get_so_libs rule //score/mw/com/impl/bindings/lola:shm_path_builder_test_qnx_so_libs
pkg_files rule //score/mw/com/impl/bindings/lola:shm_path_builder_test_qnx_so_libs_pkg
_get_test_and_data rule //score/mw/com/impl/bindings/lola:shm_path_builder_test_qnx_test_and_data
pkg_files rule //score/mw/com/impl/bindings/lola:shm_path_builder_test_qnx_test_and_runfiles
cc_test rule //score/mw/com/impl/bindings/lola:skeleton_event_test_linux
sh_test rule //score/mw/com/impl/bindings/lola:skeleton_event_test_qnx
genrule rule //score/mw/com/impl/bindings/lola:skeleton_event_test_qnx_excluded_tests_filter
pkg_files rule //score/mw/com/impl/bindings/lola:skeleton_event_test_qnx_filter_file
pkg_filegroup rule //score/mw/com/impl/bindings/lola:skeleton_event_test_qnx_pkg
pkg_tar_impl rule //score/mw/com/impl/bindings/lola:skeleton_event_test_qnx_pkg_tar
sh_binary rule //score/mw/com/impl/bindings/lola:skeleton_event_test_qnx_shell
_get_so_libs rule //score/mw/com/impl/bindings/lola:skeleton_event_test_qnx_so_libs
pkg_files rule //score/mw/com/impl/bindings/lola:skeleton_event_test_qnx_so_libs_pkg
_get_test_and_data rule //score/mw/com/impl/bindings/lola:skeleton_event_test_qnx_test_and_data
pkg_files rule //score/mw/com/impl/bindings/lola:skeleton_event_test_qnx_test_and_runfiles
cc_test rule //score/mw/com/impl/bindings/lola:skeleton_event_tracing_test_linux
sh_test rule //score/mw/com/impl/bindings/lola:skeleton_event_tracing_test_qnx
genrule rule //score/mw/com/impl/bindings/lola:skeleton_event_tracing_test_qnx_excluded_tests_filter
pkg_files rule //score/mw/com/impl/bindings/lola:skeleton_event_tracing_test_qnx_filter_file
pkg_filegroup rule //score/mw/com/impl/bindings/lola:skeleton_event_tracing_test_qnx_pkg
pkg_tar_impl rule //score/mw/com/impl/bindings/lola:skeleton_event_tracing_test_qnx_pkg_tar
sh_binary rule //score/mw/com/impl/bindings/lola:skeleton_event_tracing_test_qnx_shell
_get_so_libs rule //score/mw/com/impl/bindings/lola:skeleton_event_tracing_test_qnx_so_libs
pkg_files rule //score/mw/com/impl/bindings/lola:skeleton_event_tracing_test_qnx_so_libs_pkg
_get_test_and_data rule //score/mw/com/impl/bindings/lola:skeleton_event_tracing_test_qnx_test_and_data
pkg_files rule //score/mw/com/impl/bindings/lola:skeleton_event_tracing_test_qnx_test_and_runfiles
cc_test rule //score/mw/com/impl/bindings/lola:skeleton_instance_identifier_test_linux
sh_test rule //score/mw/com/impl/bindings/lola:skeleton_instance_identifier_test_qnx
genrule rule //score/mw/com/impl/bindings/lola:skeleton_instance_identifier_test_qnx_excluded_tests_filter
pkg_files rule //score/mw/com/impl/bindings/lola:skeleton_instance_identifier_test_qnx_filter_file
pkg_filegroup rule //score/mw/com/impl/bindings/lola:skeleton_instance_identifier_test_qnx_pkg
pkg_tar_impl rule //score/mw/com/impl/bindings/lola:skeleton_instance_identifier_test_qnx_pkg_tar
sh_binary rule //score/mw/com/impl/bindings/lola:skeleton_instance_identifier_test_qnx_shell
_get_so_libs rule //score/mw/com/impl/bindings/lola:skeleton_instance_identifier_test_qnx_so_libs
pkg_files rule //score/mw/com/impl/bindings/lola:skeleton_instance_identifier_test_qnx_so_libs_pkg
_get_test_and_data rule //score/mw/com/impl/bindings/lola:skeleton_instance_identifier_test_qnx_test_and_data
pkg_files rule //score/mw/com/impl/bindings/lola:skeleton_instance_identifier_test_qnx_test_and_runfiles
cc_test rule //score/mw/com/impl/bindings/lola:skeleton_method_handling_test_linux
sh_test rule //score/mw/com/impl/bindings/lola:skeleton_method_handling_test_qnx
genrule rule //score/mw/com/impl/bindings/lola:skeleton_method_handling_test_qnx_excluded_tests_filter
pkg_files rule //score/mw/com/impl/bindings/lola:skeleton_method_handling_test_qnx_filter_file
pkg_filegroup rule //score/mw/com/impl/bindings/lola:skeleton_method_handling_test_qnx_pkg
pkg_tar_impl rule //score/mw/com/impl/bindings/lola:skeleton_method_handling_test_qnx_pkg_tar
sh_binary rule //score/mw/com/impl/bindings/lola:skeleton_method_handling_test_qnx_shell
_get_so_libs rule //score/mw/com/impl/bindings/lola:skeleton_method_handling_test_qnx_so_libs
pkg_files rule //score/mw/com/impl/bindings/lola:skeleton_method_handling_test_qnx_so_libs_pkg
_get_test_and_data rule //score/mw/com/impl/bindings/lola:skeleton_method_handling_test_qnx_test_and_data
pkg_files rule //score/mw/com/impl/bindings/lola:skeleton_method_handling_test_qnx_test_and_runfiles
cc_test rule //score/mw/com/impl/bindings/lola:skeleton_method_test_linux
sh_test rule //score/mw/com/impl/bindings/lola:skeleton_method_test_qnx
genrule rule //score/mw/com/impl/bindings/lola:skeleton_method_test_qnx_excluded_tests_filter
pkg_files rule //score/mw/com/impl/bindings/lola:skeleton_method_test_qnx_filter_file
pkg_filegroup rule //score/mw/com/impl/bindings/lola:skeleton_method_test_qnx_pkg
pkg_tar_impl rule //score/mw/com/impl/bindings/lola:skeleton_method_test_qnx_pkg_tar
sh_binary rule //score/mw/com/impl/bindings/lola:skeleton_method_test_qnx_shell
_get_so_libs rule //score/mw/com/impl/bindings/lola:skeleton_method_test_qnx_so_libs
pkg_files rule //score/mw/com/impl/bindings/lola:skeleton_method_test_qnx_so_libs_pkg
_get_test_and_data rule //score/mw/com/impl/bindings/lola:skeleton_method_test_qnx_test_and_data
pkg_files rule //score/mw/com/impl/bindings/lola:skeleton_method_test_qnx_test_and_runfiles
cc_test rule //score/mw/com/impl/bindings/lola:skeleton_test_linux
sh_test rule //score/mw/com/impl/bindings/lola:skeleton_test_qnx
genrule rule //score/mw/com/impl/bindings/lola:skeleton_test_qnx_excluded_tests_filter
pkg_files rule //score/mw/com/impl/bindings/lola:skeleton_test_qnx_filter_file
pkg_filegroup rule //score/mw/com/impl/bindings/lola:skeleton_test_qnx_pkg
pkg_tar_impl rule //score/mw/com/impl/bindings/lola:skeleton_test_qnx_pkg_tar
sh_binary rule //score/mw/com/impl/bindings/lola:skeleton_test_qnx_shell
_get_so_libs rule //score/mw/com/impl/bindings/lola:skeleton_test_qnx_so_libs
pkg_files rule //score/mw/com/impl/bindings/lola:skeleton_test_qnx_so_libs_pkg
_get_test_and_data rule //score/mw/com/impl/bindings/lola:skeleton_test_qnx_test_and_data
pkg_files rule //score/mw/com/impl/bindings/lola:skeleton_test_qnx_test_and_runfiles
cc_test rule //score/mw/com/impl/bindings/lola:slot_collector_test_linux
sh_test rule //score/mw/com/impl/bindings/lola:slot_collector_test_qnx
genrule rule //score/mw/com/impl/bindings/lola:slot_collector_test_qnx_excluded_tests_filter
pkg_files rule //score/mw/com/impl/bindings/lola:slot_collector_test_qnx_filter_file
pkg_filegroup rule //score/mw/com/impl/bindings/lola:slot_collector_test_qnx_pkg
pkg_tar_impl rule //score/mw/com/impl/bindings/lola:slot_collector_test_qnx_pkg_tar
sh_binary rule //score/mw/com/impl/bindings/lola:slot_collector_test_qnx_shell
_get_so_libs rule //score/mw/com/impl/bindings/lola:slot_collector_test_qnx_so_libs
pkg_files rule //score/mw/com/impl/bindings/lola:slot_collector_test_qnx_so_libs_pkg
_get_test_and_data rule //score/mw/com/impl/bindings/lola:slot_collector_test_qnx_test_and_data
pkg_files rule //score/mw/com/impl/bindings/lola:slot_collector_test_qnx_test_and_runfiles
cc_test rule //score/mw/com/impl/bindings/lola:slot_decrementer_test_linux
sh_test rule //score/mw/com/impl/bindings/lola:slot_decrementer_test_qnx
genrule rule //score/mw/com/impl/bindings/lola:slot_decrementer_test_qnx_excluded_tests_filter
pkg_files rule //score/mw/com/impl/bindings/lola:slot_decrementer_test_qnx_filter_file
pkg_filegroup rule //score/mw/com/impl/bindings/lola:slot_decrementer_test_qnx_pkg
pkg_tar_impl rule //score/mw/com/impl/bindings/lola:slot_decrementer_test_qnx_pkg_tar
sh_binary rule //score/mw/com/impl/bindings/lola:slot_decrementer_test_qnx_shell
_get_so_libs rule //score/mw/com/impl/bindings/lola:slot_decrementer_test_qnx_so_libs
pkg_files rule //score/mw/com/impl/bindings/lola:slot_decrementer_test_qnx_so_libs_pkg
_get_test_and_data rule //score/mw/com/impl/bindings/lola:slot_decrementer_test_qnx_test_and_data
pkg_files rule //score/mw/com/impl/bindings/lola:slot_decrementer_test_qnx_test_and_runfiles
cc_test rule //score/mw/com/impl/bindings/lola:subscription_helpers_test_linux
sh_test rule //score/mw/com/impl/bindings/lola:subscription_helpers_test_qnx
genrule rule //score/mw/com/impl/bindings/lola:subscription_helpers_test_qnx_excluded_tests_filter
pkg_files rule //score/mw/com/impl/bindings/lola:subscription_helpers_test_qnx_filter_file
pkg_filegroup rule //score/mw/com/impl/bindings/lola:subscription_helpers_test_qnx_pkg
pkg_tar_impl rule //score/mw/com/impl/bindings/lola:subscription_helpers_test_qnx_pkg_tar
sh_binary rule //score/mw/com/impl/bindings/lola:subscription_helpers_test_qnx_shell
_get_so_libs rule //score/mw/com/impl/bindings/lola:subscription_helpers_test_qnx_so_libs
pkg_files rule //score/mw/com/impl/bindings/lola:subscription_helpers_test_qnx_so_libs_pkg
_get_test_and_data rule //score/mw/com/impl/bindings/lola:subscription_helpers_test_qnx_test_and_data
pkg_files rule //score/mw/com/impl/bindings/lola:subscription_helpers_test_qnx_test_and_runfiles
cc_test rule //score/mw/com/impl/bindings/lola:subscription_state_machine_events_test_linux
sh_test rule //score/mw/com/impl/bindings/lola:subscription_state_machine_events_test_qnx
genrule rule //score/mw/com/impl/bindings/lola:subscription_state_machine_events_test_qnx_excluded_tests_filter
pkg_files rule //score/mw/com/impl/bindings/lola:subscription_state_machine_events_test_qnx_filter_file
pkg_filegroup rule //score/mw/com/impl/bindings/lola:subscription_state_machine_events_test_qnx_pkg
pkg_tar_impl rule //score/mw/com/impl/bindings/lola:subscription_state_machine_events_test_qnx_pkg_tar
sh_binary rule //score/mw/com/impl/bindings/lola:subscription_state_machine_events_test_qnx_shell
_get_so_libs rule //score/mw/com/impl/bindings/lola:subscription_state_machine_events_test_qnx_so_libs
pkg_files rule //score/mw/com/impl/bindings/lola:subscription_state_machine_events_test_qnx_so_libs_pkg
_get_test_and_data rule //score/mw/com/impl/bindings/lola:subscription_state_machine_events_test_qnx_test_and_data
pkg_files rule //score/mw/com/impl/bindings/lola:subscription_state_machine_events_test_qnx_test_and_runfiles
cc_test rule //score/mw/com/impl/bindings/lola:subscription_state_machine_methods_test_linux
sh_test rule //score/mw/com/impl/bindings/lola:subscription_state_machine_methods_test_qnx
genrule rule //score/mw/com/impl/bindings/lola:subscription_state_machine_methods_test_qnx_excluded_tests_filter
pkg_files rule //score/mw/com/impl/bindings/lola:subscription_state_machine_methods_test_qnx_filter_file
pkg_filegroup rule //score/mw/com/impl/bindings/lola:subscription_state_machine_methods_test_qnx_pkg
pkg_tar_impl rule //score/mw/com/impl/bindings/lola:subscription_state_machine_methods_test_qnx_pkg_tar
sh_binary rule //score/mw/com/impl/bindings/lola:subscription_state_machine_methods_test_qnx_shell
_get_so_libs rule //score/mw/com/impl/bindings/lola:subscription_state_machine_methods_test_qnx_so_libs
pkg_files rule //score/mw/com/impl/bindings/lola:subscription_state_machine_methods_test_qnx_so_libs_pkg
_get_test_and_data rule //score/mw/com/impl/bindings/lola:subscription_state_machine_methods_test_qnx_test_and_data
pkg_files rule //score/mw/com/impl/bindings/lola:subscription_state_machine_methods_test_qnx_test_and_runfiles
cc_test rule //score/mw/com/impl/bindings/lola:subscription_state_machine_states_test_linux
sh_test rule //score/mw/com/impl/bindings/lola:subscription_state_machine_states_test_qnx
genrule rule //score/mw/com/impl/bindings/lola:subscription_state_machine_states_test_qnx_excluded_tests_filter
pkg_files rule //score/mw/com/impl/bindings/lola:subscription_state_machine_states_test_qnx_filter_file
pkg_filegroup rule //score/mw/com/impl/bindings/lola:subscription_state_machine_states_test_qnx_pkg
pkg_tar_impl rule //score/mw/com/impl/bindings/lola:subscription_state_machine_states_test_qnx_pkg_tar
sh_binary rule //score/mw/com/impl/bindings/lola:subscription_state_machine_states_test_qnx_shell
_get_so_libs rule //score/mw/com/impl/bindings/lola:subscription_state_machine_states_test_qnx_so_libs
pkg_files rule //score/mw/com/impl/bindings/lola:subscription_state_machine_states_test_qnx_so_libs_pkg
_get_test_and_data rule //score/mw/com/impl/bindings/lola:subscription_state_machine_states_test_qnx_test_and_data
pkg_files rule //score/mw/com/impl/bindings/lola:subscription_state_machine_states_test_qnx_test_and_runfiles
cc_test rule //score/mw/com/impl/bindings/lola:subscription_state_machine_stress_test_linux
sh_test rule //score/mw/com/impl/bindings/lola:subscription_state_machine_stress_test_qnx
genrule rule //score/mw/com/impl/bindings/lola:subscription_state_machine_stress_test_qnx_excluded_tests_filter
pkg_files rule //score/mw/com/impl/bindings/lola:subscription_state_machine_stress_test_qnx_filter_file
pkg_filegroup rule //score/mw/com/impl/bindings/lola:subscription_state_machine_stress_test_qnx_pkg
pkg_tar_impl rule //score/mw/com/impl/bindings/lola:subscription_state_machine_stress_test_qnx_pkg_tar
sh_binary rule //score/mw/com/impl/bindings/lola:subscription_state_machine_stress_test_qnx_shell
_get_so_libs rule //score/mw/com/impl/bindings/lola:subscription_state_machine_stress_test_qnx_so_libs
pkg_files rule //score/mw/com/impl/bindings/lola:subscription_state_machine_stress_test_qnx_so_libs_pkg
_get_test_and_data rule //score/mw/com/impl/bindings/lola:subscription_state_machine_stress_test_qnx_test_and_data
pkg_files rule //score/mw/com/impl/bindings/lola:subscription_state_machine_stress_test_qnx_test_and_runfiles
cc_test rule //score/mw/com/impl/bindings/lola:transaction_log_local_view_test_linux
sh_test rule //score/mw/com/impl/bindings/lola:transaction_log_local_view_test_qnx
genrule rule //score/mw/com/impl/bindings/lola:transaction_log_local_view_test_qnx_excluded_tests_filter
pkg_files rule //score/mw/com/impl/bindings/lola:transaction_log_local_view_test_qnx_filter_file
pkg_filegroup rule //score/mw/com/impl/bindings/lola:transaction_log_local_view_test_qnx_pkg
pkg_tar_impl rule //score/mw/com/impl/bindings/lola:transaction_log_local_view_test_qnx_pkg_tar
sh_binary rule //score/mw/com/impl/bindings/lola:transaction_log_local_view_test_qnx_shell
_get_so_libs rule //score/mw/com/impl/bindings/lola:transaction_log_local_view_test_qnx_so_libs
pkg_files rule //score/mw/com/impl/bindings/lola:transaction_log_local_view_test_qnx_so_libs_pkg
_get_test_and_data rule //score/mw/com/impl/bindings/lola:transaction_log_local_view_test_qnx_test_and_data
pkg_files rule //score/mw/com/impl/bindings/lola:transaction_log_local_view_test_qnx_test_and_runfiles
cc_test rule //score/mw/com/impl/bindings/lola:transaction_log_registration_guard_test_linux
sh_test rule //score/mw/com/impl/bindings/lola:transaction_log_registration_guard_test_qnx
genrule rule //score/mw/com/impl/bindings/lola:transaction_log_registration_guard_test_qnx_excluded_tests_filter
pkg_files rule //score/mw/com/impl/bindings/lola:transaction_log_registration_guard_test_qnx_filter_file
pkg_filegroup rule //score/mw/com/impl/bindings/lola:transaction_log_registration_guard_test_qnx_pkg
pkg_tar_impl rule //score/mw/com/impl/bindings/lola:transaction_log_registration_guard_test_qnx_pkg_tar
sh_binary rule //score/mw/com/impl/bindings/lola:transaction_log_registration_guard_test_qnx_shell
_get_so_libs rule //score/mw/com/impl/bindings/lola:transaction_log_registration_guard_test_qnx_so_libs
pkg_files rule //score/mw/com/impl/bindings/lola:transaction_log_registration_guard_test_qnx_so_libs_pkg
_get_test_and_data rule //score/mw/com/impl/bindings/lola:transaction_log_registration_guard_test_qnx_test_and_data
pkg_files rule //score/mw/com/impl/bindings/lola:transaction_log_registration_guard_test_qnx_test_and_runfiles
cc_test rule //score/mw/com/impl/bindings/lola:transaction_log_rollback_executor_test_linux
sh_test rule //score/mw/com/impl/bindings/lola:transaction_log_rollback_executor_test_qnx
genrule rule //score/mw/com/impl/bindings/lola:transaction_log_rollback_executor_test_qnx_excluded_tests_filter
pkg_files rule //score/mw/com/impl/bindings/lola:transaction_log_rollback_executor_test_qnx_filter_file
pkg_filegroup rule //score/mw/com/impl/bindings/lola:transaction_log_rollback_executor_test_qnx_pkg
pkg_tar_impl rule //score/mw/com/impl/bindings/lola:transaction_log_rollback_executor_test_qnx_pkg_tar
sh_binary rule //score/mw/com/impl/bindings/lola:transaction_log_rollback_executor_test_qnx_shell
_get_so_libs rule //score/mw/com/impl/bindings/lola:transaction_log_rollback_executor_test_qnx_so_libs
pkg_files rule //score/mw/com/impl/bindings/lola:transaction_log_rollback_executor_test_qnx_so_libs_pkg
_get_test_and_data rule //score/mw/com/impl/bindings/lola:transaction_log_rollback_executor_test_qnx_test_and_data
pkg_files rule //score/mw/com/impl/bindings/lola:transaction_log_rollback_executor_test_qnx_test_and_runfiles
cc_test rule //score/mw/com/impl/bindings/lola:transaction_log_set_test_linux
sh_test rule //score/mw/com/impl/bindings/lola:transaction_log_set_test_qnx
genrule rule //score/mw/com/impl/bindings/lola:transaction_log_set_test_qnx_excluded_tests_filter
pkg_files rule //score/mw/com/impl/bindings/lola:transaction_log_set_test_qnx_filter_file
pkg_filegroup rule //score/mw/com/impl/bindings/lola:transaction_log_set_test_qnx_pkg
pkg_tar_impl rule //score/mw/com/impl/bindings/lola:transaction_log_set_test_qnx_pkg_tar
sh_binary rule //score/mw/com/impl/bindings/lola:transaction_log_set_test_qnx_shell
_get_so_libs rule //score/mw/com/impl/bindings/lola:transaction_log_set_test_qnx_so_libs
pkg_files rule //score/mw/com/impl/bindings/lola:transaction_log_set_test_qnx_so_libs_pkg
_get_test_and_data rule //score/mw/com/impl/bindings/lola:transaction_log_set_test_qnx_test_and_data
pkg_files rule //score/mw/com/impl/bindings/lola:transaction_log_set_test_qnx_test_and_runfiles
cc_test rule //score/mw/com/impl/bindings/lola:transaction_log_slot_test_linux
sh_test rule //score/mw/com/impl/bindings/lola:transaction_log_slot_test_qnx
genrule rule //score/mw/com/impl/bindings/lola:transaction_log_slot_test_qnx_excluded_tests_filter
pkg_files rule //score/mw/com/impl/bindings/lola:transaction_log_slot_test_qnx_filter_file
pkg_filegroup rule //score/mw/com/impl/bindings/lola:transaction_log_slot_test_qnx_pkg
pkg_tar_impl rule //score/mw/com/impl/bindings/lola:transaction_log_slot_test_qnx_pkg_tar
sh_binary rule //score/mw/com/impl/bindings/lola:transaction_log_slot_test_qnx_shell
_get_so_libs rule //score/mw/com/impl/bindings/lola:transaction_log_slot_test_qnx_so_libs
pkg_files rule //score/mw/com/impl/bindings/lola:transaction_log_slot_test_qnx_so_libs_pkg
_get_test_and_data rule //score/mw/com/impl/bindings/lola:transaction_log_slot_test_qnx_test_and_data
pkg_files rule //score/mw/com/impl/bindings/lola:transaction_log_slot_test_qnx_test_and_runfiles
cc_test rule //score/mw/com/impl/bindings/lola:type_erased_sample_ptrs_guard_test_linux
sh_test rule //score/mw/com/impl/bindings/lola:type_erased_sample_ptrs_guard_test_qnx
genrule rule //score/mw/com/impl/bindings/lola:type_erased_sample_ptrs_guard_test_qnx_excluded_tests_filter
pkg_files rule //score/mw/com/impl/bindings/lola:type_erased_sample_ptrs_guard_test_qnx_filter_file
pkg_filegroup rule //score/mw/com/impl/bindings/lola:type_erased_sample_ptrs_guard_test_qnx_pkg
pkg_tar_impl rule //score/mw/com/impl/bindings/lola:type_erased_sample_ptrs_guard_test_qnx_pkg_tar
sh_binary rule //score/mw/com/impl/bindings/lola:type_erased_sample_ptrs_guard_test_qnx_shell
_get_so_libs rule //score/mw/com/impl/bindings/lola:type_erased_sample_ptrs_guard_test_qnx_so_libs
pkg_files rule //score/mw/com/impl/bindings/lola:type_erased_sample_ptrs_guard_test_qnx_so_libs_pkg
_get_test_and_data rule //score/mw/com/impl/bindings/lola:type_erased_sample_ptrs_guard_test_qnx_test_and_data
pkg_files rule //score/mw/com/impl/bindings/lola:type_erased_sample_ptrs_guard_test_qnx_test_and_runfiles
cc_test rule //score/mw/com/impl/bindings/lola/messaging:message_passing_client_cache_test_linux
sh_test rule //score/mw/com/impl/bindings/lola/messaging:message_passing_client_cache_test_qnx
genrule rule //score/mw/com/impl/bindings/lola/messaging:message_passing_client_cache_test_qnx_excluded_tests_filter
pkg_files rule //score/mw/com/impl/bindings/lola/messaging:message_passing_client_cache_test_qnx_filter_file
pkg_filegroup rule //score/mw/com/impl/bindings/lola/messaging:message_passing_client_cache_test_qnx_pkg
pkg_tar_impl rule //score/mw/com/impl/bindings/lola/messaging:message_passing_client_cache_test_qnx_pkg_tar
sh_binary rule //score/mw/com/impl/bindings/lola/messaging:message_passing_client_cache_test_qnx_shell
_get_so_libs rule //score/mw/com/impl/bindings/lola/messaging:message_passing_client_cache_test_qnx_so_libs
pkg_files rule //score/mw/com/impl/bindings/lola/messaging:message_passing_client_cache_test_qnx_so_libs_pkg
_get_test_and_data rule //score/mw/com/impl/bindings/lola/messaging:message_passing_client_cache_test_qnx_test_and_data
pkg_files rule //score/mw/com/impl/bindings/lola/messaging:message_passing_client_cache_test_qnx_test_and_runfiles
cc_test rule //score/mw/com/impl/bindings/lola/messaging:message_passing_service_instance_methods_test_linux
sh_test rule //score/mw/com/impl/bindings/lola/messaging:message_passing_service_instance_methods_test_qnx
genrule rule //score/mw/com/impl/bindings/lola/messaging:message_passing_service_instance_methods_test_qnx_excluded_tests_filter
pkg_files rule //score/mw/com/impl/bindings/lola/messaging:message_passing_service_instance_methods_test_qnx_filter_file
pkg_filegroup rule //score/mw/com/impl/bindings/lola/messaging:message_passing_service_instance_methods_test_qnx_pkg
pkg_tar_impl rule //score/mw/com/impl/bindings/lola/messaging:message_passing_service_instance_methods_test_qnx_pkg_tar
sh_binary rule //score/mw/com/impl/bindings/lola/messaging:message_passing_service_instance_methods_test_qnx_shell
_get_so_libs rule //score/mw/com/impl/bindings/lola/messaging:message_passing_service_instance_methods_test_qnx_so_libs
pkg_files rule //score/mw/com/impl/bindings/lola/messaging:message_passing_service_instance_methods_test_qnx_so_libs_pkg
_get_test_and_data rule //score/mw/com/impl/bindings/lola/messaging:message_passing_service_instance_methods_test_qnx_test_and_data
pkg_files rule //score/mw/com/impl/bindings/lola/messaging:message_passing_service_instance_methods_test_qnx_test_and_runfiles
cc_test rule //score/mw/com/impl/bindings/lola/messaging:message_passing_service_instance_test_linux
sh_test rule //score/mw/com/impl/bindings/lola/messaging:message_passing_service_instance_test_qnx
genrule rule //score/mw/com/impl/bindings/lola/messaging:message_passing_service_instance_test_qnx_excluded_tests_filter
pkg_files rule //score/mw/com/impl/bindings/lola/messaging:message_passing_service_instance_test_qnx_filter_file
pkg_filegroup rule //score/mw/com/impl/bindings/lola/messaging:message_passing_service_instance_test_qnx_pkg
pkg_tar_impl rule //score/mw/com/impl/bindings/lola/messaging:message_passing_service_instance_test_qnx_pkg_tar
sh_binary rule //score/mw/com/impl/bindings/lola/messaging:message_passing_service_instance_test_qnx_shell
_get_so_libs rule //score/mw/com/impl/bindings/lola/messaging:message_passing_service_instance_test_qnx_so_libs
pkg_files rule //score/mw/com/impl/bindings/lola/messaging:message_passing_service_instance_test_qnx_so_libs_pkg
_get_test_and_data rule //score/mw/com/impl/bindings/lola/messaging:message_passing_service_instance_test_qnx_test_and_data
pkg_files rule //score/mw/com/impl/bindings/lola/messaging:message_passing_service_instance_test_qnx_test_and_runfiles
cc_test rule //score/mw/com/impl/bindings/lola/messaging:message_passing_service_test_linux
sh_test rule //score/mw/com/impl/bindings/lola/messaging:message_passing_service_test_qnx
genrule rule //score/mw/com/impl/bindings/lola/messaging:message_passing_service_test_qnx_excluded_tests_filter
pkg_files rule //score/mw/com/impl/bindings/lola/messaging:message_passing_service_test_qnx_filter_file
pkg_filegroup rule //score/mw/com/impl/bindings/lola/messaging:message_passing_service_test_qnx_pkg
pkg_tar_impl rule //score/mw/com/impl/bindings/lola/messaging:message_passing_service_test_qnx_pkg_tar
sh_binary rule //score/mw/com/impl/bindings/lola/messaging:message_passing_service_test_qnx_shell
_get_so_libs rule //score/mw/com/impl/bindings/lola/messaging:message_passing_service_test_qnx_so_libs
pkg_files rule //score/mw/com/impl/bindings/lola/messaging:message_passing_service_test_qnx_so_libs_pkg
_get_test_and_data rule //score/mw/com/impl/bindings/lola/messaging:message_passing_service_test_qnx_test_and_data
pkg_files rule //score/mw/com/impl/bindings/lola/messaging:message_passing_service_test_qnx_test_and_runfiles
cc_test rule //score/mw/com/impl/bindings/lola/messaging:method_call_registration_guard_test_linux
sh_test rule //score/mw/com/impl/bindings/lola/messaging:method_call_registration_guard_test_qnx
genrule rule //score/mw/com/impl/bindings/lola/messaging:method_call_registration_guard_test_qnx_excluded_tests_filter
pkg_files rule //score/mw/com/impl/bindings/lola/messaging:method_call_registration_guard_test_qnx_filter_file
pkg_filegroup rule //score/mw/com/impl/bindings/lola/messaging:method_call_registration_guard_test_qnx_pkg
pkg_tar_impl rule //score/mw/com/impl/bindings/lola/messaging:method_call_registration_guard_test_qnx_pkg_tar
sh_binary rule //score/mw/com/impl/bindings/lola/messaging:method_call_registration_guard_test_qnx_shell
_get_so_libs rule //score/mw/com/impl/bindings/lola/messaging:method_call_registration_guard_test_qnx_so_libs
pkg_files rule //score/mw/com/impl/bindings/lola/messaging:method_call_registration_guard_test_qnx_so_libs_pkg
_get_test_and_data rule //score/mw/com/impl/bindings/lola/messaging:method_call_registration_guard_test_qnx_test_and_data
pkg_files rule //score/mw/com/impl/bindings/lola/messaging:method_call_registration_guard_test_qnx_test_and_runfiles
cc_test rule //score/mw/com/impl/bindings/lola/messaging:method_subscription_registration_guard_test_linux
sh_test rule //score/mw/com/impl/bindings/lola/messaging:method_subscription_registration_guard_test_qnx
genrule rule //score/mw/com/impl/bindings/lola/messaging:method_subscription_registration_guard_test_qnx_excluded_tests_filter
pkg_files rule //score/mw/com/impl/bindings/lola/messaging:method_subscription_registration_guard_test_qnx_filter_file
pkg_filegroup rule //score/mw/com/impl/bindings/lola/messaging:method_subscription_registration_guard_test_qnx_pkg
pkg_tar_impl rule //score/mw/com/impl/bindings/lola/messaging:method_subscription_registration_guard_test_qnx_pkg_tar
sh_binary rule //score/mw/com/impl/bindings/lola/messaging:method_subscription_registration_guard_test_qnx_shell
_get_so_libs rule //score/mw/com/impl/bindings/lola/messaging:method_subscription_registration_guard_test_qnx_so_libs
pkg_files rule //score/mw/com/impl/bindings/lola/messaging:method_subscription_registration_guard_test_qnx_so_libs_pkg
_get_test_and_data rule //score/mw/com/impl/bindings/lola/messaging:method_subscription_registration_guard_test_qnx_test_and_data
pkg_files rule //score/mw/com/impl/bindings/lola/messaging:method_subscription_registration_guard_test_qnx_test_and_runfiles
cc_test rule //score/mw/com/impl/bindings/lola/messaging:mw_log_logger_test_linux
sh_test rule //score/mw/com/impl/bindings/lola/messaging:mw_log_logger_test_qnx
genrule rule //score/mw/com/impl/bindings/lola/messaging:mw_log_logger_test_qnx_excluded_tests_filter
pkg_files rule //score/mw/com/impl/bindings/lola/messaging:mw_log_logger_test_qnx_filter_file
pkg_filegroup rule //score/mw/com/impl/bindings/lola/messaging:mw_log_logger_test_qnx_pkg
pkg_tar_impl rule //score/mw/com/impl/bindings/lola/messaging:mw_log_logger_test_qnx_pkg_tar
sh_binary rule //score/mw/com/impl/bindings/lola/messaging:mw_log_logger_test_qnx_shell
_get_so_libs rule //score/mw/com/impl/bindings/lola/messaging:mw_log_logger_test_qnx_so_libs
pkg_files rule //score/mw/com/impl/bindings/lola/messaging:mw_log_logger_test_qnx_so_libs_pkg
_get_test_and_data rule //score/mw/com/impl/bindings/lola/messaging:mw_log_logger_test_qnx_test_and_data
pkg_files rule //score/mw/com/impl/bindings/lola/messaging:mw_log_logger_test_qnx_test_and_runfiles
cc_test rule //score/mw/com/impl/bindings/lola/messaging:node_identifier_copier_test_linux
sh_test rule //score/mw/com/impl/bindings/lola/messaging:node_identifier_copier_test_qnx
genrule rule //score/mw/com/impl/bindings/lola/messaging:node_identifier_copier_test_qnx_excluded_tests_filter
pkg_files rule //score/mw/com/impl/bindings/lola/messaging:node_identifier_copier_test_qnx_filter_file
pkg_filegroup rule //score/mw/com/impl/bindings/lola/messaging:node_identifier_copier_test_qnx_pkg
pkg_tar_impl rule //score/mw/com/impl/bindings/lola/messaging:node_identifier_copier_test_qnx_pkg_tar
sh_binary rule //score/mw/com/impl/bindings/lola/messaging:node_identifier_copier_test_qnx_shell
_get_so_libs rule //score/mw/com/impl/bindings/lola/messaging:node_identifier_copier_test_qnx_so_libs
pkg_files rule //score/mw/com/impl/bindings/lola/messaging:node_identifier_copier_test_qnx_so_libs_pkg
_get_test_and_data rule //score/mw/com/impl/bindings/lola/messaging:node_identifier_copier_test_qnx_test_and_data
pkg_files rule //score/mw/com/impl/bindings/lola/messaging:node_identifier_copier_test_qnx_test_and_runfiles
cc_test rule //score/mw/com/impl/bindings/lola/messaging:thread_abstraction_test_linux
sh_test rule //score/mw/com/impl/bindings/lola/messaging:thread_abstraction_test_qnx
genrule rule //score/mw/com/impl/bindings/lola/messaging:thread_abstraction_test_qnx_excluded_tests_filter
pkg_files rule //score/mw/com/impl/bindings/lola/messaging:thread_abstraction_test_qnx_filter_file
pkg_filegroup rule //score/mw/com/impl/bindings/lola/messaging:thread_abstraction_test_qnx_pkg
pkg_tar_impl rule //score/mw/com/impl/bindings/lola/messaging:thread_abstraction_test_qnx_pkg_tar
sh_binary rule //score/mw/com/impl/bindings/lola/messaging:thread_abstraction_test_qnx_shell
_get_so_libs rule //score/mw/com/impl/bindings/lola/messaging:thread_abstraction_test_qnx_so_libs
pkg_files rule //score/mw/com/impl/bindings/lola/messaging:thread_abstraction_test_qnx_so_libs_pkg
_get_test_and_data rule //score/mw/com/impl/bindings/lola/messaging:thread_abstraction_test_qnx_test_and_data
pkg_files rule //score/mw/com/impl/bindings/lola/messaging:thread_abstraction_test_qnx_test_and_runfiles
cc_test rule //score/mw/com/impl/bindings/lola/methods:method_data_test_linux
sh_test rule //score/mw/com/impl/bindings/lola/methods:method_data_test_qnx
genrule rule //score/mw/com/impl/bindings/lola/methods:method_data_test_qnx_excluded_tests_filter
pkg_files rule //score/mw/com/impl/bindings/lola/methods:method_data_test_qnx_filter_file
pkg_filegroup rule //score/mw/com/impl/bindings/lola/methods:method_data_test_qnx_pkg
pkg_tar_impl rule //score/mw/com/impl/bindings/lola/methods:method_data_test_qnx_pkg_tar
sh_binary rule //score/mw/com/impl/bindings/lola/methods:method_data_test_qnx_shell
_get_so_libs rule //score/mw/com/impl/bindings/lola/methods:method_data_test_qnx_so_libs
pkg_files rule //score/mw/com/impl/bindings/lola/methods:method_data_test_qnx_so_libs_pkg
_get_test_and_data rule //score/mw/com/impl/bindings/lola/methods:method_data_test_qnx_test_and_data
pkg_files rule //score/mw/com/impl/bindings/lola/methods:method_data_test_qnx_test_and_runfiles
cc_test rule //score/mw/com/impl/bindings/lola/methods:method_error_test_linux
sh_test rule //score/mw/com/impl/bindings/lola/methods:method_error_test_qnx
genrule rule //score/mw/com/impl/bindings/lola/methods:method_error_test_qnx_excluded_tests_filter
pkg_files rule //score/mw/com/impl/bindings/lola/methods:method_error_test_qnx_filter_file
pkg_filegroup rule //score/mw/com/impl/bindings/lola/methods:method_error_test_qnx_pkg
pkg_tar_impl rule //score/mw/com/impl/bindings/lola/methods:method_error_test_qnx_pkg_tar
sh_binary rule //score/mw/com/impl/bindings/lola/methods:method_error_test_qnx_shell
_get_so_libs rule //score/mw/com/impl/bindings/lola/methods:method_error_test_qnx_so_libs
pkg_files rule //score/mw/com/impl/bindings/lola/methods:method_error_test_qnx_so_libs_pkg
_get_test_and_data rule //score/mw/com/impl/bindings/lola/methods:method_error_test_qnx_test_and_data
pkg_files rule //score/mw/com/impl/bindings/lola/methods:method_error_test_qnx_test_and_runfiles
cc_test rule //score/mw/com/impl/bindings/lola/methods:method_resource_map_test_linux
sh_test rule //score/mw/com/impl/bindings/lola/methods:method_resource_map_test_qnx
genrule rule //score/mw/com/impl/bindings/lola/methods:method_resource_map_test_qnx_excluded_tests_filter
pkg_files rule //score/mw/com/impl/bindings/lola/methods:method_resource_map_test_qnx_filter_file
pkg_filegroup rule //score/mw/com/impl/bindings/lola/methods:method_resource_map_test_qnx_pkg
pkg_tar_impl rule //score/mw/com/impl/bindings/lola/methods:method_resource_map_test_qnx_pkg_tar
sh_binary rule //score/mw/com/impl/bindings/lola/methods:method_resource_map_test_qnx_shell
_get_so_libs rule //score/mw/com/impl/bindings/lola/methods:method_resource_map_test_qnx_so_libs
pkg_files rule //score/mw/com/impl/bindings/lola/methods:method_resource_map_test_qnx_so_libs_pkg
_get_test_and_data rule //score/mw/com/impl/bindings/lola/methods:method_resource_map_test_qnx_test_and_data
pkg_files rule //score/mw/com/impl/bindings/lola/methods:method_resource_map_test_qnx_test_and_runfiles
cc_test rule //score/mw/com/impl/bindings/lola/methods:offered_state_machine_test_linux
sh_test rule //score/mw/com/impl/bindings/lola/methods:offered_state_machine_test_qnx
genrule rule //score/mw/com/impl/bindings/lola/methods:offered_state_machine_test_qnx_excluded_tests_filter
pkg_files rule //score/mw/com/impl/bindings/lola/methods:offered_state_machine_test_qnx_filter_file
pkg_filegroup rule //score/mw/com/impl/bindings/lola/methods:offered_state_machine_test_qnx_pkg
pkg_tar_impl rule //score/mw/com/impl/bindings/lola/methods:offered_state_machine_test_qnx_pkg_tar
sh_binary rule //score/mw/com/impl/bindings/lola/methods:offered_state_machine_test_qnx_shell
_get_so_libs rule //score/mw/com/impl/bindings/lola/methods:offered_state_machine_test_qnx_so_libs
pkg_files rule //score/mw/com/impl/bindings/lola/methods:offered_state_machine_test_qnx_so_libs_pkg
_get_test_and_data rule //score/mw/com/impl/bindings/lola/methods:offered_state_machine_test_qnx_test_and_data
pkg_files rule //score/mw/com/impl/bindings/lola/methods:offered_state_machine_test_qnx_test_and_runfiles
cc_test rule //score/mw/com/impl/bindings/lola/methods:proxy_method_instance_identifier_test_linux
sh_test rule //score/mw/com/impl/bindings/lola/methods:proxy_method_instance_identifier_test_qnx
genrule rule //score/mw/com/impl/bindings/lola/methods:proxy_method_instance_identifier_test_qnx_excluded_tests_filter
pkg_files rule //score/mw/com/impl/bindings/lola/methods:proxy_method_instance_identifier_test_qnx_filter_file
pkg_filegroup rule //score/mw/com/impl/bindings/lola/methods:proxy_method_instance_identifier_test_qnx_pkg
pkg_tar_impl rule //score/mw/com/impl/bindings/lola/methods:proxy_method_instance_identifier_test_qnx_pkg_tar
sh_binary rule //score/mw/com/impl/bindings/lola/methods:proxy_method_instance_identifier_test_qnx_shell
_get_so_libs rule //score/mw/com/impl/bindings/lola/methods:proxy_method_instance_identifier_test_qnx_so_libs
pkg_files rule //score/mw/com/impl/bindings/lola/methods:proxy_method_instance_identifier_test_qnx_so_libs_pkg
_get_test_and_data rule //score/mw/com/impl/bindings/lola/methods:proxy_method_instance_identifier_test_qnx_test_and_data
pkg_files rule //score/mw/com/impl/bindings/lola/methods:proxy_method_instance_identifier_test_qnx_test_and_runfiles
cc_test rule //score/mw/com/impl/bindings/lola/methods:type_erased_call_queue_test_linux
sh_test rule //score/mw/com/impl/bindings/lola/methods:type_erased_call_queue_test_qnx
genrule rule //score/mw/com/impl/bindings/lola/methods:type_erased_call_queue_test_qnx_excluded_tests_filter
pkg_files rule //score/mw/com/impl/bindings/lola/methods:type_erased_call_queue_test_qnx_filter_file
pkg_filegroup rule //score/mw/com/impl/bindings/lola/methods:type_erased_call_queue_test_qnx_pkg
pkg_tar_impl rule //score/mw/com/impl/bindings/lola/methods:type_erased_call_queue_test_qnx_pkg_tar
sh_binary rule //score/mw/com/impl/bindings/lola/methods:type_erased_call_queue_test_qnx_shell
_get_so_libs rule //score/mw/com/impl/bindings/lola/methods:type_erased_call_queue_test_qnx_so_libs
pkg_files rule //score/mw/com/impl/bindings/lola/methods:type_erased_call_queue_test_qnx_so_libs_pkg
_get_test_and_data rule //score/mw/com/impl/bindings/lola/methods:type_erased_call_queue_test_qnx_test_and_data
pkg_files rule //score/mw/com/impl/bindings/lola/methods:type_erased_call_queue_test_qnx_test_and_runfiles
cc_test rule //score/mw/com/impl/bindings/lola/methods:unique_method_identifier_test_linux
sh_test rule //score/mw/com/impl/bindings/lola/methods:unique_method_identifier_test_qnx
genrule rule //score/mw/com/impl/bindings/lola/methods:unique_method_identifier_test_qnx_excluded_tests_filter
pkg_files rule //score/mw/com/impl/bindings/lola/methods:unique_method_identifier_test_qnx_filter_file
pkg_filegroup rule //score/mw/com/impl/bindings/lola/methods:unique_method_identifier_test_qnx_pkg
pkg_tar_impl rule //score/mw/com/impl/bindings/lola/methods:unique_method_identifier_test_qnx_pkg_tar
sh_binary rule //score/mw/com/impl/bindings/lola/methods:unique_method_identifier_test_qnx_shell
_get_so_libs rule //score/mw/com/impl/bindings/lola/methods:unique_method_identifier_test_qnx_so_libs
pkg_files rule //score/mw/com/impl/bindings/lola/methods:unique_method_identifier_test_qnx_so_libs_pkg
_get_test_and_data rule //score/mw/com/impl/bindings/lola/methods:unique_method_identifier_test_qnx_test_and_data
pkg_files rule //score/mw/com/impl/bindings/lola/methods:unique_method_identifier_test_qnx_test_and_runfiles
cc_test rule //score/mw/com/impl/bindings/lola/service_discovery:flag_file_crawler_test_linux
sh_test rule //score/mw/com/impl/bindings/lola/service_discovery:flag_file_crawler_test_qnx
genrule rule //score/mw/com/impl/bindings/lola/service_discovery:flag_file_crawler_test_qnx_excluded_tests_filter
pkg_files rule //score/mw/com/impl/bindings/lola/service_discovery:flag_file_crawler_test_qnx_filter_file
pkg_filegroup rule //score/mw/com/impl/bindings/lola/service_discovery:flag_file_crawler_test_qnx_pkg
pkg_tar_impl rule //score/mw/com/impl/bindings/lola/service_discovery:flag_file_crawler_test_qnx_pkg_tar
sh_binary rule //score/mw/com/impl/bindings/lola/service_discovery:flag_file_crawler_test_qnx_shell
_get_so_libs rule //score/mw/com/impl/bindings/lola/service_discovery:flag_file_crawler_test_qnx_so_libs
pkg_files rule //score/mw/com/impl/bindings/lola/service_discovery:flag_file_crawler_test_qnx_so_libs_pkg
_get_test_and_data rule //score/mw/com/impl/bindings/lola/service_discovery:flag_file_crawler_test_qnx_test_and_data
pkg_files rule //score/mw/com/impl/bindings/lola/service_discovery:flag_file_crawler_test_qnx_test_and_runfiles
cc_test rule //score/mw/com/impl/bindings/lola/service_discovery:flag_file_test_linux
sh_test rule //score/mw/com/impl/bindings/lola/service_discovery:flag_file_test_qnx
genrule rule //score/mw/com/impl/bindings/lola/service_discovery:flag_file_test_qnx_excluded_tests_filter
pkg_files rule //score/mw/com/impl/bindings/lola/service_discovery:flag_file_test_qnx_filter_file
pkg_filegroup rule //score/mw/com/impl/bindings/lola/service_discovery:flag_file_test_qnx_pkg
pkg_tar_impl rule //score/mw/com/impl/bindings/lola/service_discovery:flag_file_test_qnx_pkg_tar
sh_binary rule //score/mw/com/impl/bindings/lola/service_discovery:flag_file_test_qnx_shell
_get_so_libs rule //score/mw/com/impl/bindings/lola/service_discovery:flag_file_test_qnx_so_libs
pkg_files rule //score/mw/com/impl/bindings/lola/service_discovery:flag_file_test_qnx_so_libs_pkg
_get_test_and_data rule //score/mw/com/impl/bindings/lola/service_discovery:flag_file_test_qnx_test_and_data
pkg_files rule //score/mw/com/impl/bindings/lola/service_discovery:flag_file_test_qnx_test_and_runfiles
cc_test rule //score/mw/com/impl/bindings/lola/service_discovery:known_instances_container_test_linux
sh_test rule //score/mw/com/impl/bindings/lola/service_discovery:known_instances_container_test_qnx
genrule rule //score/mw/com/impl/bindings/lola/service_discovery:known_instances_container_test_qnx_excluded_tests_filter
pkg_files rule //score/mw/com/impl/bindings/lola/service_discovery:known_instances_container_test_qnx_filter_file
pkg_filegroup rule //score/mw/com/impl/bindings/lola/service_discovery:known_instances_container_test_qnx_pkg
pkg_tar_impl rule //score/mw/com/impl/bindings/lola/service_discovery:known_instances_container_test_qnx_pkg_tar
sh_binary rule //score/mw/com/impl/bindings/lola/service_discovery:known_instances_container_test_qnx_shell
_get_so_libs rule //score/mw/com/impl/bindings/lola/service_discovery:known_instances_container_test_qnx_so_libs
pkg_files rule //score/mw/com/impl/bindings/lola/service_discovery:known_instances_container_test_qnx_so_libs_pkg
_get_test_and_data rule //score/mw/com/impl/bindings/lola/service_discovery:known_instances_container_test_qnx_test_and_data
pkg_files rule //score/mw/com/impl/bindings/lola/service_discovery:known_instances_container_test_qnx_test_and_runfiles
cc_test rule //score/mw/com/impl/bindings/lola/service_discovery:lola_service_instance_identifier_test_linux
sh_test rule //score/mw/com/impl/bindings/lola/service_discovery:lola_service_instance_identifier_test_qnx
genrule rule //score/mw/com/impl/bindings/lola/service_discovery:lola_service_instance_identifier_test_qnx_excluded_tests_filter
pkg_files rule //score/mw/com/impl/bindings/lola/service_discovery:lola_service_instance_identifier_test_qnx_filter_file
pkg_filegroup rule //score/mw/com/impl/bindings/lola/service_discovery:lola_service_instance_identifier_test_qnx_pkg
pkg_tar_impl rule //score/mw/com/impl/bindings/lola/service_discovery:lola_service_instance_identifier_test_qnx_pkg_tar
sh_binary rule //score/mw/com/impl/bindings/lola/service_discovery:lola_service_instance_identifier_test_qnx_shell
_get_so_libs rule //score/mw/com/impl/bindings/lola/service_discovery:lola_service_instance_identifier_test_qnx_so_libs
pkg_files rule //score/mw/com/impl/bindings/lola/service_discovery:lola_service_instance_identifier_test_qnx_so_libs_pkg
_get_test_and_data rule //score/mw/com/impl/bindings/lola/service_discovery:lola_service_instance_identifier_test_qnx_test_and_data
pkg_files rule //score/mw/com/impl/bindings/lola/service_discovery:lola_service_instance_identifier_test_qnx_test_and_runfiles
cc_test rule //score/mw/com/impl/bindings/lola/service_discovery/client:service_discovery_client_test_linux
sh_test rule //score/mw/com/impl/bindings/lola/service_discovery/client:service_discovery_client_test_qnx
genrule rule //score/mw/com/impl/bindings/lola/service_discovery/client:service_discovery_client_test_qnx_excluded_tests_filter
pkg_files rule //score/mw/com/impl/bindings/lola/service_discovery/client:service_discovery_client_test_qnx_filter_file
pkg_filegroup rule //score/mw/com/impl/bindings/lola/service_discovery/client:service_discovery_client_test_qnx_pkg
pkg_tar_impl rule //score/mw/com/impl/bindings/lola/service_discovery/client:service_discovery_client_test_qnx_pkg_tar
sh_binary rule //score/mw/com/impl/bindings/lola/service_discovery/client:service_discovery_client_test_qnx_shell
_get_so_libs rule //score/mw/com/impl/bindings/lola/service_discovery/client:service_discovery_client_test_qnx_so_libs
pkg_files rule //score/mw/com/impl/bindings/lola/service_discovery/client:service_discovery_client_test_qnx_so_libs_pkg
_get_test_and_data rule //score/mw/com/impl/bindings/lola/service_discovery/client:service_discovery_client_test_qnx_test_and_data
pkg_files rule //score/mw/com/impl/bindings/lola/service_discovery/client:service_discovery_client_test_qnx_test_and_runfiles
cc_test rule //score/mw/com/impl/bindings/lola/tracing:tracing_runtime_test_linux
sh_test rule //score/mw/com/impl/bindings/lola/tracing:tracing_runtime_test_qnx
genrule rule //score/mw/com/impl/bindings/lola/tracing:tracing_runtime_test_qnx_excluded_tests_filter
pkg_files rule //score/mw/com/impl/bindings/lola/tracing:tracing_runtime_test_qnx_filter_file
pkg_filegroup rule //score/mw/com/impl/bindings/lola/tracing:tracing_runtime_test_qnx_pkg
pkg_tar_impl rule //score/mw/com/impl/bindings/lola/tracing:tracing_runtime_test_qnx_pkg_tar
sh_binary rule //score/mw/com/impl/bindings/lola/tracing:tracing_runtime_test_qnx_shell
_get_so_libs rule //score/mw/com/impl/bindings/lola/tracing:tracing_runtime_test_qnx_so_libs
pkg_files rule //score/mw/com/impl/bindings/lola/tracing:tracing_runtime_test_qnx_so_libs_pkg
_get_test_and_data rule //score/mw/com/impl/bindings/lola/tracing:tracing_runtime_test_qnx_test_and_data
pkg_files rule //score/mw/com/impl/bindings/lola/tracing:tracing_runtime_test_qnx_test_and_runfiles
cc_test rule //score/mw/com/impl/bindings/someip/test:event_data_storage_test_linux
sh_test rule //score/mw/com/impl/bindings/someip/test:event_data_storage_test_qnx
genrule rule //score/mw/com/impl/bindings/someip/test:event_data_storage_test_qnx_excluded_tests_filter
pkg_files rule //score/mw/com/impl/bindings/someip/test:event_data_storage_test_qnx_filter_file
pkg_filegroup rule //score/mw/com/impl/bindings/someip/test:event_data_storage_test_qnx_pkg
pkg_tar_impl rule //score/mw/com/impl/bindings/someip/test:event_data_storage_test_qnx_pkg_tar
sh_binary rule //score/mw/com/impl/bindings/someip/test:event_data_storage_test_qnx_shell
_get_so_libs rule //score/mw/com/impl/bindings/someip/test:event_data_storage_test_qnx_so_libs
pkg_files rule //score/mw/com/impl/bindings/someip/test:event_data_storage_test_qnx_so_libs_pkg
_get_test_and_data rule //score/mw/com/impl/bindings/someip/test:event_data_storage_test_qnx_test_and_data
pkg_files rule //score/mw/com/impl/bindings/someip/test:event_data_storage_test_qnx_test_and_runfiles
cc_test rule //score/mw/com/impl/bindings/someip/test:skeleton_event_test_linux
sh_test rule //score/mw/com/impl/bindings/someip/test:skeleton_event_test_qnx
genrule rule //score/mw/com/impl/bindings/someip/test:skeleton_event_test_qnx_excluded_tests_filter
pkg_files rule //score/mw/com/impl/bindings/someip/test:skeleton_event_test_qnx_filter_file
pkg_filegroup rule //score/mw/com/impl/bindings/someip/test:skeleton_event_test_qnx_pkg
pkg_tar_impl rule //score/mw/com/impl/bindings/someip/test:skeleton_event_test_qnx_pkg_tar
sh_binary rule //score/mw/com/impl/bindings/someip/test:skeleton_event_test_qnx_shell
_get_so_libs rule //score/mw/com/impl/bindings/someip/test:skeleton_event_test_qnx_so_libs
pkg_files rule //score/mw/com/impl/bindings/someip/test:skeleton_event_test_qnx_so_libs_pkg
_get_test_and_data rule //score/mw/com/impl/bindings/someip/test:skeleton_event_test_qnx_test_and_data
pkg_files rule //score/mw/com/impl/bindings/someip/test:skeleton_event_test_qnx_test_and_runfiles
cc_test rule //score/mw/com/impl/bindings/someip/test:slot_allocation_control_test_linux
sh_test rule //score/mw/com/impl/bindings/someip/test:slot_allocation_control_test_qnx
genrule rule //score/mw/com/impl/bindings/someip/test:slot_allocation_control_test_qnx_excluded_tests_filter
pkg_files rule //score/mw/com/impl/bindings/someip/test:slot_allocation_control_test_qnx_filter_file
pkg_filegroup rule //score/mw/com/impl/bindings/someip/test:slot_allocation_control_test_qnx_pkg
pkg_tar_impl rule //score/mw/com/impl/bindings/someip/test:slot_allocation_control_test_qnx_pkg_tar
sh_binary rule //score/mw/com/impl/bindings/someip/test:slot_allocation_control_test_qnx_shell
_get_so_libs rule //score/mw/com/impl/bindings/someip/test:slot_allocation_control_test_qnx_so_libs
pkg_files rule //score/mw/com/impl/bindings/someip/test:slot_allocation_control_test_qnx_so_libs_pkg
_get_test_and_data rule //score/mw/com/impl/bindings/someip/test:slot_allocation_control_test_qnx_test_and_data
pkg_files rule //score/mw/com/impl/bindings/someip/test:slot_allocation_control_test_qnx_test_and_runfiles
cc_test rule //score/mw/com/impl/configuration:config_parser_methods_test_linux
sh_test rule //score/mw/com/impl/configuration:config_parser_methods_test_qnx
genrule rule //score/mw/com/impl/configuration:config_parser_methods_test_qnx_excluded_tests_filter
pkg_files rule //score/mw/com/impl/configuration:config_parser_methods_test_qnx_filter_file
pkg_filegroup rule //score/mw/com/impl/configuration:config_parser_methods_test_qnx_pkg
pkg_tar_impl rule //score/mw/com/impl/configuration:config_parser_methods_test_qnx_pkg_tar
sh_binary rule //score/mw/com/impl/configuration:config_parser_methods_test_qnx_shell
_get_so_libs rule //score/mw/com/impl/configuration:config_parser_methods_test_qnx_so_libs
pkg_files rule //score/mw/com/impl/configuration:config_parser_methods_test_qnx_so_libs_pkg
_get_test_and_data rule //score/mw/com/impl/configuration:config_parser_methods_test_qnx_test_and_data
pkg_files rule //score/mw/com/impl/configuration:config_parser_methods_test_qnx_test_and_runfiles
cc_test rule //score/mw/com/impl/configuration:config_parser_test_linux
sh_test rule //score/mw/com/impl/configuration:config_parser_test_qnx
genrule rule //score/mw/com/impl/configuration:config_parser_test_qnx_excluded_tests_filter
pkg_files rule //score/mw/com/impl/configuration:config_parser_test_qnx_filter_file
pkg_filegroup rule //score/mw/com/impl/configuration:config_parser_test_qnx_pkg
pkg_tar_impl rule //score/mw/com/impl/configuration:config_parser_test_qnx_pkg_tar
sh_binary rule //score/mw/com/impl/configuration:config_parser_test_qnx_shell
_get_so_libs rule //score/mw/com/impl/configuration:config_parser_test_qnx_so_libs
pkg_files rule //score/mw/com/impl/configuration:config_parser_test_qnx_so_libs_pkg
_get_test_and_data rule //score/mw/com/impl/configuration:config_parser_test_qnx_test_and_data
pkg_files rule //score/mw/com/impl/configuration:config_parser_test_qnx_test_and_runfiles
cc_test rule //score/mw/com/impl/configuration:config_validate_test_linux
sh_test rule //score/mw/com/impl/configuration:config_validate_test_qnx
genrule rule //score/mw/com/impl/configuration:config_validate_test_qnx_excluded_tests_filter
pkg_files rule //score/mw/com/impl/configuration:config_validate_test_qnx_filter_file
pkg_filegroup rule //score/mw/com/impl/configuration:config_validate_test_qnx_pkg
pkg_tar_impl rule //score/mw/com/impl/configuration:config_validate_test_qnx_pkg_tar
sh_binary rule //score/mw/com/impl/configuration:config_validate_test_qnx_shell
_get_so_libs rule //score/mw/com/impl/configuration:config_validate_test_qnx_so_libs
pkg_files rule //score/mw/com/impl/configuration:config_validate_test_qnx_so_libs_pkg
_get_test_and_data rule //score/mw/com/impl/configuration:config_validate_test_qnx_test_and_data
pkg_files rule //score/mw/com/impl/configuration:config_validate_test_qnx_test_and_runfiles
cc_test rule //score/mw/com/impl/configuration:configuration_common_resources_test_linux
sh_test rule //score/mw/com/impl/configuration:configuration_common_resources_test_qnx
genrule rule //score/mw/com/impl/configuration:configuration_common_resources_test_qnx_excluded_tests_filter
pkg_files rule //score/mw/com/impl/configuration:configuration_common_resources_test_qnx_filter_file
pkg_filegroup rule //score/mw/com/impl/configuration:configuration_common_resources_test_qnx_pkg
pkg_tar_impl rule //score/mw/com/impl/configuration:configuration_common_resources_test_qnx_pkg_tar
sh_binary rule //score/mw/com/impl/configuration:configuration_common_resources_test_qnx_shell
_get_so_libs rule //score/mw/com/impl/configuration:configuration_common_resources_test_qnx_so_libs
pkg_files rule //score/mw/com/impl/configuration:configuration_common_resources_test_qnx_so_libs_pkg
_get_test_and_data rule //score/mw/com/impl/configuration:configuration_common_resources_test_qnx_test_and_data
pkg_files rule //score/mw/com/impl/configuration:configuration_common_resources_test_qnx_test_and_runfiles
cc_test rule //score/mw/com/impl/configuration:configuration_error_test_linux
sh_test rule //score/mw/com/impl/configuration:configuration_error_test_qnx
genrule rule //score/mw/com/impl/configuration:configuration_error_test_qnx_excluded_tests_filter
pkg_files rule //score/mw/com/impl/configuration:configuration_error_test_qnx_filter_file
pkg_filegroup rule //score/mw/com/impl/configuration:configuration_error_test_qnx_pkg
pkg_tar_impl rule //score/mw/com/impl/configuration:configuration_error_test_qnx_pkg_tar
sh_binary rule //score/mw/com/impl/configuration:configuration_error_test_qnx_shell
_get_so_libs rule //score/mw/com/impl/configuration:configuration_error_test_qnx_so_libs
pkg_files rule //score/mw/com/impl/configuration:configuration_error_test_qnx_so_libs_pkg
_get_test_and_data rule //score/mw/com/impl/configuration:configuration_error_test_qnx_test_and_data
pkg_files rule //score/mw/com/impl/configuration:configuration_error_test_qnx_test_and_runfiles
cc_test rule //score/mw/com/impl/configuration:configuration_json_parsing_strategy_test_linux
sh_test rule //score/mw/com/impl/configuration:configuration_json_parsing_strategy_test_qnx
genrule rule //score/mw/com/impl/configuration:configuration_json_parsing_strategy_test_qnx_excluded_tests_filter
pkg_files rule //score/mw/com/impl/configuration:configuration_json_parsing_strategy_test_qnx_filter_file
pkg_filegroup rule //score/mw/com/impl/configuration:configuration_json_parsing_strategy_test_qnx_pkg
pkg_tar_impl rule //score/mw/com/impl/configuration:configuration_json_parsing_strategy_test_qnx_pkg_tar
sh_binary rule //score/mw/com/impl/configuration:configuration_json_parsing_strategy_test_qnx_shell
_get_so_libs rule //score/mw/com/impl/configuration:configuration_json_parsing_strategy_test_qnx_so_libs
pkg_files rule //score/mw/com/impl/configuration:configuration_json_parsing_strategy_test_qnx_so_libs_pkg
_get_test_and_data rule //score/mw/com/impl/configuration:configuration_json_parsing_strategy_test_qnx_test_and_data
pkg_files rule //score/mw/com/impl/configuration:configuration_json_parsing_strategy_test_qnx_test_and_runfiles
cc_test rule //score/mw/com/impl/configuration:configuration_test_linux
sh_test rule //score/mw/com/impl/configuration:configuration_test_qnx
genrule rule //score/mw/com/impl/configuration:configuration_test_qnx_excluded_tests_filter
pkg_files rule //score/mw/com/impl/configuration:configuration_test_qnx_filter_file
pkg_filegroup rule //score/mw/com/impl/configuration:configuration_test_qnx_pkg
pkg_tar_impl rule //score/mw/com/impl/configuration:configuration_test_qnx_pkg_tar
sh_binary rule //score/mw/com/impl/configuration:configuration_test_qnx_shell
_get_so_libs rule //score/mw/com/impl/configuration:configuration_test_qnx_so_libs
pkg_files rule //score/mw/com/impl/configuration:configuration_test_qnx_so_libs_pkg
_get_test_and_data rule //score/mw/com/impl/configuration:configuration_test_qnx_test_and_data
pkg_files rule //score/mw/com/impl/configuration:configuration_test_qnx_test_and_runfiles
cc_test rule //score/mw/com/impl/configuration:global_configuration_test_linux
sh_test rule //score/mw/com/impl/configuration:global_configuration_test_qnx
genrule rule //score/mw/com/impl/configuration:global_configuration_test_qnx_excluded_tests_filter
pkg_files rule //score/mw/com/impl/configuration:global_configuration_test_qnx_filter_file
pkg_filegroup rule //score/mw/com/impl/configuration:global_configuration_test_qnx_pkg
pkg_tar_impl rule //score/mw/com/impl/configuration:global_configuration_test_qnx_pkg_tar
sh_binary rule //score/mw/com/impl/configuration:global_configuration_test_qnx_shell
_get_so_libs rule //score/mw/com/impl/configuration:global_configuration_test_qnx_so_libs
pkg_files rule //score/mw/com/impl/configuration:global_configuration_test_qnx_so_libs_pkg
_get_test_and_data rule //score/mw/com/impl/configuration:global_configuration_test_qnx_test_and_data
pkg_files rule //score/mw/com/impl/configuration:global_configuration_test_qnx_test_and_runfiles
cc_test rule //score/mw/com/impl/configuration:lola_event_instance_deployment_test_linux
sh_test rule //score/mw/com/impl/configuration:lola_event_instance_deployment_test_qnx
genrule rule //score/mw/com/impl/configuration:lola_event_instance_deployment_test_qnx_excluded_tests_filter
pkg_files rule //score/mw/com/impl/configuration:lola_event_instance_deployment_test_qnx_filter_file
pkg_filegroup rule //score/mw/com/impl/configuration:lola_event_instance_deployment_test_qnx_pkg
pkg_tar_impl rule //score/mw/com/impl/configuration:lola_event_instance_deployment_test_qnx_pkg_tar
sh_binary rule //score/mw/com/impl/configuration:lola_event_instance_deployment_test_qnx_shell
_get_so_libs rule //score/mw/com/impl/configuration:lola_event_instance_deployment_test_qnx_so_libs
pkg_files rule //score/mw/com/impl/configuration:lola_event_instance_deployment_test_qnx_so_libs_pkg
_get_test_and_data rule //score/mw/com/impl/configuration:lola_event_instance_deployment_test_qnx_test_and_data
pkg_files rule //score/mw/com/impl/configuration:lola_event_instance_deployment_test_qnx_test_and_runfiles
cc_test rule //score/mw/com/impl/configuration:lola_field_instance_deployment_test_linux
sh_test rule //score/mw/com/impl/configuration:lola_field_instance_deployment_test_qnx
genrule rule //score/mw/com/impl/configuration:lola_field_instance_deployment_test_qnx_excluded_tests_filter
pkg_files rule //score/mw/com/impl/configuration:lola_field_instance_deployment_test_qnx_filter_file
pkg_filegroup rule //score/mw/com/impl/configuration:lola_field_instance_deployment_test_qnx_pkg
pkg_tar_impl rule //score/mw/com/impl/configuration:lola_field_instance_deployment_test_qnx_pkg_tar
sh_binary rule //score/mw/com/impl/configuration:lola_field_instance_deployment_test_qnx_shell
_get_so_libs rule //score/mw/com/impl/configuration:lola_field_instance_deployment_test_qnx_so_libs
pkg_files rule //score/mw/com/impl/configuration:lola_field_instance_deployment_test_qnx_so_libs_pkg
_get_test_and_data rule //score/mw/com/impl/configuration:lola_field_instance_deployment_test_qnx_test_and_data
pkg_files rule //score/mw/com/impl/configuration:lola_field_instance_deployment_test_qnx_test_and_runfiles
cc_test rule //score/mw/com/impl/configuration:lola_method_instance_deployment_test_linux
sh_test rule //score/mw/com/impl/configuration:lola_method_instance_deployment_test_qnx
genrule rule //score/mw/com/impl/configuration:lola_method_instance_deployment_test_qnx_excluded_tests_filter
pkg_files rule //score/mw/com/impl/configuration:lola_method_instance_deployment_test_qnx_filter_file
pkg_filegroup rule //score/mw/com/impl/configuration:lola_method_instance_deployment_test_qnx_pkg
pkg_tar_impl rule //score/mw/com/impl/configuration:lola_method_instance_deployment_test_qnx_pkg_tar
sh_binary rule //score/mw/com/impl/configuration:lola_method_instance_deployment_test_qnx_shell
_get_so_libs rule //score/mw/com/impl/configuration:lola_method_instance_deployment_test_qnx_so_libs
pkg_files rule //score/mw/com/impl/configuration:lola_method_instance_deployment_test_qnx_so_libs_pkg
_get_test_and_data rule //score/mw/com/impl/configuration:lola_method_instance_deployment_test_qnx_test_and_data
pkg_files rule //score/mw/com/impl/configuration:lola_method_instance_deployment_test_qnx_test_and_runfiles
cc_test rule //score/mw/com/impl/configuration:lola_service_instance_deployment_test_linux
sh_test rule //score/mw/com/impl/configuration:lola_service_instance_deployment_test_qnx
genrule rule //score/mw/com/impl/configuration:lola_service_instance_deployment_test_qnx_excluded_tests_filter
pkg_files rule //score/mw/com/impl/configuration:lola_service_instance_deployment_test_qnx_filter_file
pkg_filegroup rule //score/mw/com/impl/configuration:lola_service_instance_deployment_test_qnx_pkg
pkg_tar_impl rule //score/mw/com/impl/configuration:lola_service_instance_deployment_test_qnx_pkg_tar
sh_binary rule //score/mw/com/impl/configuration:lola_service_instance_deployment_test_qnx_shell
_get_so_libs rule //score/mw/com/impl/configuration:lola_service_instance_deployment_test_qnx_so_libs
pkg_files rule //score/mw/com/impl/configuration:lola_service_instance_deployment_test_qnx_so_libs_pkg
_get_test_and_data rule //score/mw/com/impl/configuration:lola_service_instance_deployment_test_qnx_test_and_data
pkg_files rule //score/mw/com/impl/configuration:lola_service_instance_deployment_test_qnx_test_and_runfiles
cc_test rule //score/mw/com/impl/configuration:lola_service_instance_id_test_linux
sh_test rule //score/mw/com/impl/configuration:lola_service_instance_id_test_qnx
genrule rule //score/mw/com/impl/configuration:lola_service_instance_id_test_qnx_excluded_tests_filter
pkg_files rule //score/mw/com/impl/configuration:lola_service_instance_id_test_qnx_filter_file
pkg_filegroup rule //score/mw/com/impl/configuration:lola_service_instance_id_test_qnx_pkg
pkg_tar_impl rule //score/mw/com/impl/configuration:lola_service_instance_id_test_qnx_pkg_tar
sh_binary rule //score/mw/com/impl/configuration:lola_service_instance_id_test_qnx_shell
_get_so_libs rule //score/mw/com/impl/configuration:lola_service_instance_id_test_qnx_so_libs
pkg_files rule //score/mw/com/impl/configuration:lola_service_instance_id_test_qnx_so_libs_pkg
_get_test_and_data rule //score/mw/com/impl/configuration:lola_service_instance_id_test_qnx_test_and_data
pkg_files rule //score/mw/com/impl/configuration:lola_service_instance_id_test_qnx_test_and_runfiles
cc_test rule //score/mw/com/impl/configuration:lola_service_type_deployment_test_linux
sh_test rule //score/mw/com/impl/configuration:lola_service_type_deployment_test_qnx
genrule rule //score/mw/com/impl/configuration:lola_service_type_deployment_test_qnx_excluded_tests_filter
pkg_files rule //score/mw/com/impl/configuration:lola_service_type_deployment_test_qnx_filter_file
pkg_filegroup rule //score/mw/com/impl/configuration:lola_service_type_deployment_test_qnx_pkg
pkg_tar_impl rule //score/mw/com/impl/configuration:lola_service_type_deployment_test_qnx_pkg_tar
sh_binary rule //score/mw/com/impl/configuration:lola_service_type_deployment_test_qnx_shell
_get_so_libs rule //score/mw/com/impl/configuration:lola_service_type_deployment_test_qnx_so_libs
pkg_files rule //score/mw/com/impl/configuration:lola_service_type_deployment_test_qnx_so_libs_pkg
_get_test_and_data rule //score/mw/com/impl/configuration:lola_service_type_deployment_test_qnx_test_and_data
pkg_files rule //score/mw/com/impl/configuration:lola_service_type_deployment_test_qnx_test_and_runfiles
cc_test rule //score/mw/com/impl/configuration:quality_type_test_linux
sh_test rule //score/mw/com/impl/configuration:quality_type_test_qnx
genrule rule //score/mw/com/impl/configuration:quality_type_test_qnx_excluded_tests_filter
pkg_files rule //score/mw/com/impl/configuration:quality_type_test_qnx_filter_file
pkg_filegroup rule //score/mw/com/impl/configuration:quality_type_test_qnx_pkg
pkg_tar_impl rule //score/mw/com/impl/configuration:quality_type_test_qnx_pkg_tar
sh_binary rule //score/mw/com/impl/configuration:quality_type_test_qnx_shell
_get_so_libs rule //score/mw/com/impl/configuration:quality_type_test_qnx_so_libs
pkg_files rule //score/mw/com/impl/configuration:quality_type_test_qnx_so_libs_pkg
_get_test_and_data rule //score/mw/com/impl/configuration:quality_type_test_qnx_test_and_data
pkg_files rule //score/mw/com/impl/configuration:quality_type_test_qnx_test_and_runfiles
cc_test rule //score/mw/com/impl/configuration:service_identifier_type_test_linux
sh_test rule //score/mw/com/impl/configuration:service_identifier_type_test_qnx
genrule rule //score/mw/com/impl/configuration:service_identifier_type_test_qnx_excluded_tests_filter
pkg_files rule //score/mw/com/impl/configuration:service_identifier_type_test_qnx_filter_file
pkg_filegroup rule //score/mw/com/impl/configuration:service_identifier_type_test_qnx_pkg
pkg_tar_impl rule //score/mw/com/impl/configuration:service_identifier_type_test_qnx_pkg_tar
sh_binary rule //score/mw/com/impl/configuration:service_identifier_type_test_qnx_shell
_get_so_libs rule //score/mw/com/impl/configuration:service_identifier_type_test_qnx_so_libs
pkg_files rule //score/mw/com/impl/configuration:service_identifier_type_test_qnx_so_libs_pkg
_get_test_and_data rule //score/mw/com/impl/configuration:service_identifier_type_test_qnx_test_and_data
pkg_files rule //score/mw/com/impl/configuration:service_identifier_type_test_qnx_test_and_runfiles
cc_test rule //score/mw/com/impl/configuration:service_instance_deployment_test_linux
sh_test rule //score/mw/com/impl/configuration:service_instance_deployment_test_qnx
genrule rule //score/mw/com/impl/configuration:service_instance_deployment_test_qnx_excluded_tests_filter
pkg_files rule //score/mw/com/impl/configuration:service_instance_deployment_test_qnx_filter_file
pkg_filegroup rule //score/mw/com/impl/configuration:service_instance_deployment_test_qnx_pkg
pkg_tar_impl rule //score/mw/com/impl/configuration:service_instance_deployment_test_qnx_pkg_tar
sh_binary rule //score/mw/com/impl/configuration:service_instance_deployment_test_qnx_shell
_get_so_libs rule //score/mw/com/impl/configuration:service_instance_deployment_test_qnx_so_libs
pkg_files rule //score/mw/com/impl/configuration:service_instance_deployment_test_qnx_so_libs_pkg
_get_test_and_data rule //score/mw/com/impl/configuration:service_instance_deployment_test_qnx_test_and_data
pkg_files rule //score/mw/com/impl/configuration:service_instance_deployment_test_qnx_test_and_runfiles
cc_test rule //score/mw/com/impl/configuration:service_instance_id_test_linux
sh_test rule //score/mw/com/impl/configuration:service_instance_id_test_qnx
genrule rule //score/mw/com/impl/configuration:service_instance_id_test_qnx_excluded_tests_filter
pkg_files rule //score/mw/com/impl/configuration:service_instance_id_test_qnx_filter_file
pkg_filegroup rule //score/mw/com/impl/configuration:service_instance_id_test_qnx_pkg
pkg_tar_impl rule //score/mw/com/impl/configuration:service_instance_id_test_qnx_pkg_tar
sh_binary rule //score/mw/com/impl/configuration:service_instance_id_test_qnx_shell
_get_so_libs rule //score/mw/com/impl/configuration:service_instance_id_test_qnx_so_libs
pkg_files rule //score/mw/com/impl/configuration:service_instance_id_test_qnx_so_libs_pkg
_get_test_and_data rule //score/mw/com/impl/configuration:service_instance_id_test_qnx_test_and_data
pkg_files rule //score/mw/com/impl/configuration:service_instance_id_test_qnx_test_and_runfiles
cc_test rule //score/mw/com/impl/configuration:service_type_deployment_test_linux
sh_test rule //score/mw/com/impl/configuration:service_type_deployment_test_qnx
genrule rule //score/mw/com/impl/configuration:service_type_deployment_test_qnx_excluded_tests_filter
pkg_files rule //score/mw/com/impl/configuration:service_type_deployment_test_qnx_filter_file
pkg_filegroup rule //score/mw/com/impl/configuration:service_type_deployment_test_qnx_pkg
pkg_tar_impl rule //score/mw/com/impl/configuration:service_type_deployment_test_qnx_pkg_tar
sh_binary rule //score/mw/com/impl/configuration:service_type_deployment_test_qnx_shell
_get_so_libs rule //score/mw/com/impl/configuration:service_type_deployment_test_qnx_so_libs
pkg_files rule //score/mw/com/impl/configuration:service_type_deployment_test_qnx_so_libs_pkg
_get_test_and_data rule //score/mw/com/impl/configuration:service_type_deployment_test_qnx_test_and_data
pkg_files rule //score/mw/com/impl/configuration:service_type_deployment_test_qnx_test_and_runfiles
cc_test rule //score/mw/com/impl/configuration:service_version_type_test_linux
sh_test rule //score/mw/com/impl/configuration:service_version_type_test_qnx
genrule rule //score/mw/com/impl/configuration:service_version_type_test_qnx_excluded_tests_filter
pkg_files rule //score/mw/com/impl/configuration:service_version_type_test_qnx_filter_file
pkg_filegroup rule //score/mw/com/impl/configuration:service_version_type_test_qnx_pkg
pkg_tar_impl rule //score/mw/com/impl/configuration:service_version_type_test_qnx_pkg_tar
sh_binary rule //score/mw/com/impl/configuration:service_version_type_test_qnx_shell
_get_so_libs rule //score/mw/com/impl/configuration:service_version_type_test_qnx_so_libs
pkg_files rule //score/mw/com/impl/configuration:service_version_type_test_qnx_so_libs_pkg
_get_test_and_data rule //score/mw/com/impl/configuration:service_version_type_test_qnx_test_and_data
pkg_files rule //score/mw/com/impl/configuration:service_version_type_test_qnx_test_and_runfiles
cc_test rule //score/mw/com/impl/configuration:shm_size_calc_mode_test_linux
sh_test rule //score/mw/com/impl/configuration:shm_size_calc_mode_test_qnx
genrule rule //score/mw/com/impl/configuration:shm_size_calc_mode_test_qnx_excluded_tests_filter
pkg_files rule //score/mw/com/impl/configuration:shm_size_calc_mode_test_qnx_filter_file
pkg_filegroup rule //score/mw/com/impl/configuration:shm_size_calc_mode_test_qnx_pkg
pkg_tar_impl rule //score/mw/com/impl/configuration:shm_size_calc_mode_test_qnx_pkg_tar
sh_binary rule //score/mw/com/impl/configuration:shm_size_calc_mode_test_qnx_shell
_get_so_libs rule //score/mw/com/impl/configuration:shm_size_calc_mode_test_qnx_so_libs
pkg_files rule //score/mw/com/impl/configuration:shm_size_calc_mode_test_qnx_so_libs_pkg
_get_test_and_data rule //score/mw/com/impl/configuration:shm_size_calc_mode_test_qnx_test_and_data
pkg_files rule //score/mw/com/impl/configuration:shm_size_calc_mode_test_qnx_test_and_runfiles
cc_test rule //score/mw/com/impl/configuration:someip_service_instance_deployment_test_linux
sh_test rule //score/mw/com/impl/configuration:someip_service_instance_deployment_test_qnx
genrule rule //score/mw/com/impl/configuration:someip_service_instance_deployment_test_qnx_excluded_tests_filter
pkg_files rule //score/mw/com/impl/configuration:someip_service_instance_deployment_test_qnx_filter_file
pkg_filegroup rule //score/mw/com/impl/configuration:someip_service_instance_deployment_test_qnx_pkg
pkg_tar_impl rule //score/mw/com/impl/configuration:someip_service_instance_deployment_test_qnx_pkg_tar
sh_binary rule //score/mw/com/impl/configuration:someip_service_instance_deployment_test_qnx_shell
_get_so_libs rule //score/mw/com/impl/configuration:someip_service_instance_deployment_test_qnx_so_libs
pkg_files rule //score/mw/com/impl/configuration:someip_service_instance_deployment_test_qnx_so_libs_pkg
_get_test_and_data rule //score/mw/com/impl/configuration:someip_service_instance_deployment_test_qnx_test_and_data
pkg_files rule //score/mw/com/impl/configuration:someip_service_instance_deployment_test_qnx_test_and_runfiles
cc_test rule //score/mw/com/impl/configuration:tracing_configuration_test_linux
sh_test rule //score/mw/com/impl/configuration:tracing_configuration_test_qnx
genrule rule //score/mw/com/impl/configuration:tracing_configuration_test_qnx_excluded_tests_filter
pkg_files rule //score/mw/com/impl/configuration:tracing_configuration_test_qnx_filter_file
pkg_filegroup rule //score/mw/com/impl/configuration:tracing_configuration_test_qnx_pkg
pkg_tar_impl rule //score/mw/com/impl/configuration:tracing_configuration_test_qnx_pkg_tar
sh_binary rule //score/mw/com/impl/configuration:tracing_configuration_test_qnx_shell
_get_so_libs rule //score/mw/com/impl/configuration:tracing_configuration_test_qnx_so_libs
pkg_files rule //score/mw/com/impl/configuration:tracing_configuration_test_qnx_so_libs_pkg
_get_test_and_data rule //score/mw/com/impl/configuration:tracing_configuration_test_qnx_test_and_data
pkg_files rule //score/mw/com/impl/configuration:tracing_configuration_test_qnx_test_and_runfiles
cc_test rule //score/mw/com/impl/methods:callable_traits_test_linux
sh_test rule //score/mw/com/impl/methods:callable_traits_test_qnx
genrule rule //score/mw/com/impl/methods:callable_traits_test_qnx_excluded_tests_filter
pkg_files rule //score/mw/com/impl/methods:callable_traits_test_qnx_filter_file
pkg_filegroup rule //score/mw/com/impl/methods:callable_traits_test_qnx_pkg
pkg_tar_impl rule //score/mw/com/impl/methods:callable_traits_test_qnx_pkg_tar
sh_binary rule //score/mw/com/impl/methods:callable_traits_test_qnx_shell
_get_so_libs rule //score/mw/com/impl/methods:callable_traits_test_qnx_so_libs
pkg_files rule //score/mw/com/impl/methods:callable_traits_test_qnx_so_libs_pkg
_get_test_and_data rule //score/mw/com/impl/methods:callable_traits_test_qnx_test_and_data
pkg_files rule //score/mw/com/impl/methods:callable_traits_test_qnx_test_and_runfiles
cc_test rule //score/mw/com/impl/methods:method_signature_element_ptr_test_linux
sh_test rule //score/mw/com/impl/methods:method_signature_element_ptr_test_qnx
genrule rule //score/mw/com/impl/methods:method_signature_element_ptr_test_qnx_excluded_tests_filter
pkg_files rule //score/mw/com/impl/methods:method_signature_element_ptr_test_qnx_filter_file
pkg_filegroup rule //score/mw/com/impl/methods:method_signature_element_ptr_test_qnx_pkg
pkg_tar_impl rule //score/mw/com/impl/methods:method_signature_element_ptr_test_qnx_pkg_tar
sh_binary rule //score/mw/com/impl/methods:method_signature_element_ptr_test_qnx_shell
_get_so_libs rule //score/mw/com/impl/methods:method_signature_element_ptr_test_qnx_so_libs
pkg_files rule //score/mw/com/impl/methods:method_signature_element_ptr_test_qnx_so_libs_pkg
_get_test_and_data rule //score/mw/com/impl/methods:method_signature_element_ptr_test_qnx_test_and_data
pkg_files rule //score/mw/com/impl/methods:method_signature_element_ptr_test_qnx_test_and_runfiles
cc_test rule //score/mw/com/impl/methods:method_traits_checker_test_linux
sh_test rule //score/mw/com/impl/methods:method_traits_checker_test_qnx
genrule rule //score/mw/com/impl/methods:method_traits_checker_test_qnx_excluded_tests_filter
pkg_files rule //score/mw/com/impl/methods:method_traits_checker_test_qnx_filter_file
pkg_filegroup rule //score/mw/com/impl/methods:method_traits_checker_test_qnx_pkg
pkg_tar_impl rule //score/mw/com/impl/methods:method_traits_checker_test_qnx_pkg_tar
sh_binary rule //score/mw/com/impl/methods:method_traits_checker_test_qnx_shell
_get_so_libs rule //score/mw/com/impl/methods:method_traits_checker_test_qnx_so_libs
pkg_files rule //score/mw/com/impl/methods:method_traits_checker_test_qnx_so_libs_pkg
_get_test_and_data rule //score/mw/com/impl/methods:method_traits_checker_test_qnx_test_and_data
pkg_files rule //score/mw/com/impl/methods:method_traits_checker_test_qnx_test_and_runfiles
cc_test rule //score/mw/com/impl/methods:proxy_method_test_linux
sh_test rule //score/mw/com/impl/methods:proxy_method_test_qnx
genrule rule //score/mw/com/impl/methods:proxy_method_test_qnx_excluded_tests_filter
pkg_files rule //score/mw/com/impl/methods:proxy_method_test_qnx_filter_file
pkg_filegroup rule //score/mw/com/impl/methods:proxy_method_test_qnx_pkg
pkg_tar_impl rule //score/mw/com/impl/methods:proxy_method_test_qnx_pkg_tar
sh_binary rule //score/mw/com/impl/methods:proxy_method_test_qnx_shell
_get_so_libs rule //score/mw/com/impl/methods:proxy_method_test_qnx_so_libs
pkg_files rule //score/mw/com/impl/methods:proxy_method_test_qnx_so_libs_pkg
_get_test_and_data rule //score/mw/com/impl/methods:proxy_method_test_qnx_test_and_data
pkg_files rule //score/mw/com/impl/methods:proxy_method_test_qnx_test_and_runfiles
cc_test rule //score/mw/com/impl/methods:skeleton_method_base_test_linux
sh_test rule //score/mw/com/impl/methods:skeleton_method_base_test_qnx
genrule rule //score/mw/com/impl/methods:skeleton_method_base_test_qnx_excluded_tests_filter
pkg_files rule //score/mw/com/impl/methods:skeleton_method_base_test_qnx_filter_file
pkg_filegroup rule //score/mw/com/impl/methods:skeleton_method_base_test_qnx_pkg
pkg_tar_impl rule //score/mw/com/impl/methods:skeleton_method_base_test_qnx_pkg_tar
sh_binary rule //score/mw/com/impl/methods:skeleton_method_base_test_qnx_shell
_get_so_libs rule //score/mw/com/impl/methods:skeleton_method_base_test_qnx_so_libs
pkg_files rule //score/mw/com/impl/methods:skeleton_method_base_test_qnx_so_libs_pkg
_get_test_and_data rule //score/mw/com/impl/methods:skeleton_method_base_test_qnx_test_and_data
pkg_files rule //score/mw/com/impl/methods:skeleton_method_base_test_qnx_test_and_runfiles
cc_test rule //score/mw/com/impl/methods:skeleton_method_test_linux
sh_test rule //score/mw/com/impl/methods:skeleton_method_test_qnx
genrule rule //score/mw/com/impl/methods:skeleton_method_test_qnx_excluded_tests_filter
pkg_files rule //score/mw/com/impl/methods:skeleton_method_test_qnx_filter_file
pkg_filegroup rule //score/mw/com/impl/methods:skeleton_method_test_qnx_pkg
pkg_tar_impl rule //score/mw/com/impl/methods:skeleton_method_test_qnx_pkg_tar
sh_binary rule //score/mw/com/impl/methods:skeleton_method_test_qnx_shell
_get_so_libs rule //score/mw/com/impl/methods:skeleton_method_test_qnx_so_libs
pkg_files rule //score/mw/com/impl/methods:skeleton_method_test_qnx_so_libs_pkg
_get_test_and_data rule //score/mw/com/impl/methods:skeleton_method_test_qnx_test_and_data
pkg_files rule //score/mw/com/impl/methods:skeleton_method_test_qnx_test_and_runfiles
cc_test rule //score/mw/com/impl/mocking:proxy_event_mock_test_linux
sh_test rule //score/mw/com/impl/mocking:proxy_event_mock_test_qnx
genrule rule //score/mw/com/impl/mocking:proxy_event_mock_test_qnx_excluded_tests_filter
pkg_files rule //score/mw/com/impl/mocking:proxy_event_mock_test_qnx_filter_file
pkg_filegroup rule //score/mw/com/impl/mocking:proxy_event_mock_test_qnx_pkg
pkg_tar_impl rule //score/mw/com/impl/mocking:proxy_event_mock_test_qnx_pkg_tar
sh_binary rule //score/mw/com/impl/mocking:proxy_event_mock_test_qnx_shell
_get_so_libs rule //score/mw/com/impl/mocking:proxy_event_mock_test_qnx_so_libs
pkg_files rule //score/mw/com/impl/mocking:proxy_event_mock_test_qnx_so_libs_pkg
_get_test_and_data rule //score/mw/com/impl/mocking:proxy_event_mock_test_qnx_test_and_data
pkg_files rule //score/mw/com/impl/mocking:proxy_event_mock_test_qnx_test_and_runfiles
cc_test rule //score/mw/com/impl/mocking:proxy_wrapper_class_test_view_test_linux
sh_test rule //score/mw/com/impl/mocking:proxy_wrapper_class_test_view_test_qnx
genrule rule //score/mw/com/impl/mocking:proxy_wrapper_class_test_view_test_qnx_excluded_tests_filter
pkg_files rule //score/mw/com/impl/mocking:proxy_wrapper_class_test_view_test_qnx_filter_file
pkg_filegroup rule //score/mw/com/impl/mocking:proxy_wrapper_class_test_view_test_qnx_pkg
pkg_tar_impl rule //score/mw/com/impl/mocking:proxy_wrapper_class_test_view_test_qnx_pkg_tar
sh_binary rule //score/mw/com/impl/mocking:proxy_wrapper_class_test_view_test_qnx_shell
_get_so_libs rule //score/mw/com/impl/mocking:proxy_wrapper_class_test_view_test_qnx_so_libs
pkg_files rule //score/mw/com/impl/mocking:proxy_wrapper_class_test_view_test_qnx_so_libs_pkg
_get_test_and_data rule //score/mw/com/impl/mocking:proxy_wrapper_class_test_view_test_qnx_test_and_data
pkg_files rule //score/mw/com/impl/mocking:proxy_wrapper_class_test_view_test_qnx_test_and_runfiles
cc_test rule //score/mw/com/impl/mocking:skeleton_base_mock_test_linux
sh_test rule //score/mw/com/impl/mocking:skeleton_base_mock_test_qnx
genrule rule //score/mw/com/impl/mocking:skeleton_base_mock_test_qnx_excluded_tests_filter
pkg_files rule //score/mw/com/impl/mocking:skeleton_base_mock_test_qnx_filter_file
pkg_filegroup rule //score/mw/com/impl/mocking:skeleton_base_mock_test_qnx_pkg
pkg_tar_impl rule //score/mw/com/impl/mocking:skeleton_base_mock_test_qnx_pkg_tar
sh_binary rule //score/mw/com/impl/mocking:skeleton_base_mock_test_qnx_shell
_get_so_libs rule //score/mw/com/impl/mocking:skeleton_base_mock_test_qnx_so_libs
pkg_files rule //score/mw/com/impl/mocking:skeleton_base_mock_test_qnx_so_libs_pkg
_get_test_and_data rule //score/mw/com/impl/mocking:skeleton_base_mock_test_qnx_test_and_data
pkg_files rule //score/mw/com/impl/mocking:skeleton_base_mock_test_qnx_test_and_runfiles
cc_test rule //score/mw/com/impl/mocking:skeleton_event_mock_test_linux
sh_test rule //score/mw/com/impl/mocking:skeleton_event_mock_test_qnx
genrule rule //score/mw/com/impl/mocking:skeleton_event_mock_test_qnx_excluded_tests_filter
pkg_files rule //score/mw/com/impl/mocking:skeleton_event_mock_test_qnx_filter_file
pkg_filegroup rule //score/mw/com/impl/mocking:skeleton_event_mock_test_qnx_pkg
pkg_tar_impl rule //score/mw/com/impl/mocking:skeleton_event_mock_test_qnx_pkg_tar
sh_binary rule //score/mw/com/impl/mocking:skeleton_event_mock_test_qnx_shell
_get_so_libs rule //score/mw/com/impl/mocking:skeleton_event_mock_test_qnx_so_libs
pkg_files rule //score/mw/com/impl/mocking:skeleton_event_mock_test_qnx_so_libs_pkg
_get_test_and_data rule //score/mw/com/impl/mocking:skeleton_event_mock_test_qnx_test_and_data
pkg_files rule //score/mw/com/impl/mocking:skeleton_event_mock_test_qnx_test_and_runfiles
cc_test rule //score/mw/com/impl/mocking:skeleton_field_mock_test_linux
sh_test rule //score/mw/com/impl/mocking:skeleton_field_mock_test_qnx
genrule rule //score/mw/com/impl/mocking:skeleton_field_mock_test_qnx_excluded_tests_filter
pkg_files rule //score/mw/com/impl/mocking:skeleton_field_mock_test_qnx_filter_file
pkg_filegroup rule //score/mw/com/impl/mocking:skeleton_field_mock_test_qnx_pkg
pkg_tar_impl rule //score/mw/com/impl/mocking:skeleton_field_mock_test_qnx_pkg_tar
sh_binary rule //score/mw/com/impl/mocking:skeleton_field_mock_test_qnx_shell
_get_so_libs rule //score/mw/com/impl/mocking:skeleton_field_mock_test_qnx_so_libs
pkg_files rule //score/mw/com/impl/mocking:skeleton_field_mock_test_qnx_so_libs_pkg
_get_test_and_data rule //score/mw/com/impl/mocking:skeleton_field_mock_test_qnx_test_and_data
pkg_files rule //score/mw/com/impl/mocking:skeleton_field_mock_test_qnx_test_and_runfiles
cc_test rule //score/mw/com/impl/mocking:skeleton_wrapper_class_test_view_test_linux
sh_test rule //score/mw/com/impl/mocking:skeleton_wrapper_class_test_view_test_qnx
genrule rule //score/mw/com/impl/mocking:skeleton_wrapper_class_test_view_test_qnx_excluded_tests_filter
pkg_files rule //score/mw/com/impl/mocking:skeleton_wrapper_class_test_view_test_qnx_filter_file
pkg_filegroup rule //score/mw/com/impl/mocking:skeleton_wrapper_class_test_view_test_qnx_pkg
pkg_tar_impl rule //score/mw/com/impl/mocking:skeleton_wrapper_class_test_view_test_qnx_pkg_tar
sh_binary rule //score/mw/com/impl/mocking:skeleton_wrapper_class_test_view_test_qnx_shell
_get_so_libs rule //score/mw/com/impl/mocking:skeleton_wrapper_class_test_view_test_qnx_so_libs
pkg_files rule //score/mw/com/impl/mocking:skeleton_wrapper_class_test_view_test_qnx_so_libs_pkg
_get_test_and_data rule //score/mw/com/impl/mocking:skeleton_wrapper_class_test_view_test_qnx_test_and_data
pkg_files rule //score/mw/com/impl/mocking:skeleton_wrapper_class_test_view_test_qnx_test_and_runfiles
cc_test rule //score/mw/com/impl/mocking:test_type_utilities_test_linux
sh_test rule //score/mw/com/impl/mocking:test_type_utilities_test_qnx
genrule rule //score/mw/com/impl/mocking:test_type_utilities_test_qnx_excluded_tests_filter
pkg_files rule //score/mw/com/impl/mocking:test_type_utilities_test_qnx_filter_file
pkg_filegroup rule //score/mw/com/impl/mocking:test_type_utilities_test_qnx_pkg
pkg_tar_impl rule //score/mw/com/impl/mocking:test_type_utilities_test_qnx_pkg_tar
sh_binary rule //score/mw/com/impl/mocking:test_type_utilities_test_qnx_shell
_get_so_libs rule //score/mw/com/impl/mocking:test_type_utilities_test_qnx_so_libs
pkg_files rule //score/mw/com/impl/mocking:test_type_utilities_test_qnx_so_libs_pkg
_get_test_and_data rule //score/mw/com/impl/mocking:test_type_utilities_test_qnx_test_and_data
pkg_files rule //score/mw/com/impl/mocking:test_type_utilities_test_qnx_test_and_runfiles
cc_test rule //score/mw/com/impl/plumbing:binding_factory_error_test_linux
sh_test rule //score/mw/com/impl/plumbing:binding_factory_error_test_qnx
genrule rule //score/mw/com/impl/plumbing:binding_factory_error_test_qnx_excluded_tests_filter
pkg_files rule //score/mw/com/impl/plumbing:binding_factory_error_test_qnx_filter_file
pkg_filegroup rule //score/mw/com/impl/plumbing:binding_factory_error_test_qnx_pkg
pkg_tar_impl rule //score/mw/com/impl/plumbing:binding_factory_error_test_qnx_pkg_tar
sh_binary rule //score/mw/com/impl/plumbing:binding_factory_error_test_qnx_shell
_get_so_libs rule //score/mw/com/impl/plumbing:binding_factory_error_test_qnx_so_libs
pkg_files rule //score/mw/com/impl/plumbing:binding_factory_error_test_qnx_so_libs_pkg
_get_test_and_data rule //score/mw/com/impl/plumbing:binding_factory_error_test_qnx_test_and_data
pkg_files rule //score/mw/com/impl/plumbing:binding_factory_error_test_qnx_test_and_runfiles
cc_test rule //score/mw/com/impl/plumbing:binding_runtime_factory_test_linux
sh_test rule //score/mw/com/impl/plumbing:binding_runtime_factory_test_qnx
genrule rule //score/mw/com/impl/plumbing:binding_runtime_factory_test_qnx_excluded_tests_filter
pkg_files rule //score/mw/com/impl/plumbing:binding_runtime_factory_test_qnx_filter_file
pkg_filegroup rule //score/mw/com/impl/plumbing:binding_runtime_factory_test_qnx_pkg
pkg_tar_impl rule //score/mw/com/impl/plumbing:binding_runtime_factory_test_qnx_pkg_tar
sh_binary rule //score/mw/com/impl/plumbing:binding_runtime_factory_test_qnx_shell
_get_so_libs rule //score/mw/com/impl/plumbing:binding_runtime_factory_test_qnx_so_libs
pkg_files rule //score/mw/com/impl/plumbing:binding_runtime_factory_test_qnx_so_libs_pkg
_get_test_and_data rule //score/mw/com/impl/plumbing:binding_runtime_factory_test_qnx_test_and_data
pkg_files rule //score/mw/com/impl/plumbing:binding_runtime_factory_test_qnx_test_and_runfiles
cc_test rule //score/mw/com/impl/plumbing:proxy_event_binding_factory_test_linux
sh_test rule //score/mw/com/impl/plumbing:proxy_event_binding_factory_test_qnx
genrule rule //score/mw/com/impl/plumbing:proxy_event_binding_factory_test_qnx_excluded_tests_filter
pkg_files rule //score/mw/com/impl/plumbing:proxy_event_binding_factory_test_qnx_filter_file
pkg_filegroup rule //score/mw/com/impl/plumbing:proxy_event_binding_factory_test_qnx_pkg
pkg_tar_impl rule //score/mw/com/impl/plumbing:proxy_event_binding_factory_test_qnx_pkg_tar
sh_binary rule //score/mw/com/impl/plumbing:proxy_event_binding_factory_test_qnx_shell
_get_so_libs rule //score/mw/com/impl/plumbing:proxy_event_binding_factory_test_qnx_so_libs
pkg_files rule //score/mw/com/impl/plumbing:proxy_event_binding_factory_test_qnx_so_libs_pkg
_get_test_and_data rule //score/mw/com/impl/plumbing:proxy_event_binding_factory_test_qnx_test_and_data
pkg_files rule //score/mw/com/impl/plumbing:proxy_event_binding_factory_test_qnx_test_and_runfiles
cc_test rule //score/mw/com/impl/plumbing:proxy_event_field_binding_factory_test_linux
sh_test rule //score/mw/com/impl/plumbing:proxy_event_field_binding_factory_test_qnx
genrule rule //score/mw/com/impl/plumbing:proxy_event_field_binding_factory_test_qnx_excluded_tests_filter
pkg_files rule //score/mw/com/impl/plumbing:proxy_event_field_binding_factory_test_qnx_filter_file
pkg_filegroup rule //score/mw/com/impl/plumbing:proxy_event_field_binding_factory_test_qnx_pkg
pkg_tar_impl rule //score/mw/com/impl/plumbing:proxy_event_field_binding_factory_test_qnx_pkg_tar
sh_binary rule //score/mw/com/impl/plumbing:proxy_event_field_binding_factory_test_qnx_shell
_get_so_libs rule //score/mw/com/impl/plumbing:proxy_event_field_binding_factory_test_qnx_so_libs
pkg_files rule //score/mw/com/impl/plumbing:proxy_event_field_binding_factory_test_qnx_so_libs_pkg
_get_test_and_data rule //score/mw/com/impl/plumbing:proxy_event_field_binding_factory_test_qnx_test_and_data
pkg_files rule //score/mw/com/impl/plumbing:proxy_event_field_binding_factory_test_qnx_test_and_runfiles
cc_test rule //score/mw/com/impl/plumbing:proxy_field_binding_factory_test_linux
sh_test rule //score/mw/com/impl/plumbing:proxy_field_binding_factory_test_qnx
genrule rule //score/mw/com/impl/plumbing:proxy_field_binding_factory_test_qnx_excluded_tests_filter
pkg_files rule //score/mw/com/impl/plumbing:proxy_field_binding_factory_test_qnx_filter_file
pkg_filegroup rule //score/mw/com/impl/plumbing:proxy_field_binding_factory_test_qnx_pkg
pkg_tar_impl rule //score/mw/com/impl/plumbing:proxy_field_binding_factory_test_qnx_pkg_tar
sh_binary rule //score/mw/com/impl/plumbing:proxy_field_binding_factory_test_qnx_shell
_get_so_libs rule //score/mw/com/impl/plumbing:proxy_field_binding_factory_test_qnx_so_libs
pkg_files rule //score/mw/com/impl/plumbing:proxy_field_binding_factory_test_qnx_so_libs_pkg
_get_test_and_data rule //score/mw/com/impl/plumbing:proxy_field_binding_factory_test_qnx_test_and_data
pkg_files rule //score/mw/com/impl/plumbing:proxy_field_binding_factory_test_qnx_test_and_runfiles
cc_test rule //score/mw/com/impl/plumbing:proxy_method_binding_factory_test_linux
sh_test rule //score/mw/com/impl/plumbing:proxy_method_binding_factory_test_qnx
genrule rule //score/mw/com/impl/plumbing:proxy_method_binding_factory_test_qnx_excluded_tests_filter
pkg_files rule //score/mw/com/impl/plumbing:proxy_method_binding_factory_test_qnx_filter_file
pkg_filegroup rule //score/mw/com/impl/plumbing:proxy_method_binding_factory_test_qnx_pkg
pkg_tar_impl rule //score/mw/com/impl/plumbing:proxy_method_binding_factory_test_qnx_pkg_tar
sh_binary rule //score/mw/com/impl/plumbing:proxy_method_binding_factory_test_qnx_shell
_get_so_libs rule //score/mw/com/impl/plumbing:proxy_method_binding_factory_test_qnx_so_libs
pkg_files rule //score/mw/com/impl/plumbing:proxy_method_binding_factory_test_qnx_so_libs_pkg
_get_test_and_data rule //score/mw/com/impl/plumbing:proxy_method_binding_factory_test_qnx_test_and_data
pkg_files rule //score/mw/com/impl/plumbing:proxy_method_binding_factory_test_qnx_test_and_runfiles
cc_test rule //score/mw/com/impl/plumbing:skeleton_event_binding_factory_test_linux
sh_test rule //score/mw/com/impl/plumbing:skeleton_event_binding_factory_test_qnx
genrule rule //score/mw/com/impl/plumbing:skeleton_event_binding_factory_test_qnx_excluded_tests_filter
pkg_files rule //score/mw/com/impl/plumbing:skeleton_event_binding_factory_test_qnx_filter_file
pkg_filegroup rule //score/mw/com/impl/plumbing:skeleton_event_binding_factory_test_qnx_pkg
pkg_tar_impl rule //score/mw/com/impl/plumbing:skeleton_event_binding_factory_test_qnx_pkg_tar
sh_binary rule //score/mw/com/impl/plumbing:skeleton_event_binding_factory_test_qnx_shell
_get_so_libs rule //score/mw/com/impl/plumbing:skeleton_event_binding_factory_test_qnx_so_libs
pkg_files rule //score/mw/com/impl/plumbing:skeleton_event_binding_factory_test_qnx_so_libs_pkg
_get_test_and_data rule //score/mw/com/impl/plumbing:skeleton_event_binding_factory_test_qnx_test_and_data
pkg_files rule //score/mw/com/impl/plumbing:skeleton_event_binding_factory_test_qnx_test_and_runfiles
cc_test rule //score/mw/com/impl/plumbing:skeleton_field_binding_factory_test_linux
sh_test rule //score/mw/com/impl/plumbing:skeleton_field_binding_factory_test_qnx
genrule rule //score/mw/com/impl/plumbing:skeleton_field_binding_factory_test_qnx_excluded_tests_filter
pkg_files rule //score/mw/com/impl/plumbing:skeleton_field_binding_factory_test_qnx_filter_file
pkg_filegroup rule //score/mw/com/impl/plumbing:skeleton_field_binding_factory_test_qnx_pkg
pkg_tar_impl rule //score/mw/com/impl/plumbing:skeleton_field_binding_factory_test_qnx_pkg_tar
sh_binary rule //score/mw/com/impl/plumbing:skeleton_field_binding_factory_test_qnx_shell
_get_so_libs rule //score/mw/com/impl/plumbing:skeleton_field_binding_factory_test_qnx_so_libs
pkg_files rule //score/mw/com/impl/plumbing:skeleton_field_binding_factory_test_qnx_so_libs_pkg
_get_test_and_data rule //score/mw/com/impl/plumbing:skeleton_field_binding_factory_test_qnx_test_and_data
pkg_files rule //score/mw/com/impl/plumbing:skeleton_field_binding_factory_test_qnx_test_and_runfiles
cc_test rule //score/mw/com/impl/plumbing:skeleton_method_binding_factory_test_linux
sh_test rule //score/mw/com/impl/plumbing:skeleton_method_binding_factory_test_qnx
genrule rule //score/mw/com/impl/plumbing:skeleton_method_binding_factory_test_qnx_excluded_tests_filter
pkg_files rule //score/mw/com/impl/plumbing:skeleton_method_binding_factory_test_qnx_filter_file
pkg_filegroup rule //score/mw/com/impl/plumbing:skeleton_method_binding_factory_test_qnx_pkg
pkg_tar_impl rule //score/mw/com/impl/plumbing:skeleton_method_binding_factory_test_qnx_pkg_tar
sh_binary rule //score/mw/com/impl/plumbing:skeleton_method_binding_factory_test_qnx_shell
_get_so_libs rule //score/mw/com/impl/plumbing:skeleton_method_binding_factory_test_qnx_so_libs
pkg_files rule //score/mw/com/impl/plumbing:skeleton_method_binding_factory_test_qnx_so_libs_pkg
_get_test_and_data rule //score/mw/com/impl/plumbing:skeleton_method_binding_factory_test_qnx_test_and_data
pkg_files rule //score/mw/com/impl/plumbing:skeleton_method_binding_factory_test_qnx_test_and_runfiles
cc_test rule //score/mw/com/impl/plumbing:skeleton_service_element_binding_factory_test_linux
sh_test rule //score/mw/com/impl/plumbing:skeleton_service_element_binding_factory_test_qnx
genrule rule //score/mw/com/impl/plumbing:skeleton_service_element_binding_factory_test_qnx_excluded_tests_filter
pkg_files rule //score/mw/com/impl/plumbing:skeleton_service_element_binding_factory_test_qnx_filter_file
pkg_filegroup rule //score/mw/com/impl/plumbing:skeleton_service_element_binding_factory_test_qnx_pkg
pkg_tar_impl rule //score/mw/com/impl/plumbing:skeleton_service_element_binding_factory_test_qnx_pkg_tar
sh_binary rule //score/mw/com/impl/plumbing:skeleton_service_element_binding_factory_test_qnx_shell
_get_so_libs rule //score/mw/com/impl/plumbing:skeleton_service_element_binding_factory_test_qnx_so_libs
pkg_files rule //score/mw/com/impl/plumbing:skeleton_service_element_binding_factory_test_qnx_so_libs_pkg
_get_test_and_data rule //score/mw/com/impl/plumbing:skeleton_service_element_binding_factory_test_qnx_test_and_data
pkg_files rule //score/mw/com/impl/plumbing:skeleton_service_element_binding_factory_test_qnx_test_and_runfiles
cc_test rule //score/mw/com/impl/plumbing:unit_test_linux
sh_test rule //score/mw/com/impl/plumbing:unit_test_qnx
genrule rule //score/mw/com/impl/plumbing:unit_test_qnx_excluded_tests_filter
pkg_files rule //score/mw/com/impl/plumbing:unit_test_qnx_filter_file
pkg_filegroup rule //score/mw/com/impl/plumbing:unit_test_qnx_pkg
pkg_tar_impl rule //score/mw/com/impl/plumbing:unit_test_qnx_pkg_tar
sh_binary rule //score/mw/com/impl/plumbing:unit_test_qnx_shell
_get_so_libs rule //score/mw/com/impl/plumbing:unit_test_qnx_so_libs
pkg_files rule //score/mw/com/impl/plumbing:unit_test_qnx_so_libs_pkg
_get_test_and_data rule //score/mw/com/impl/plumbing:unit_test_qnx_test_and_data
pkg_files rule //score/mw/com/impl/plumbing:unit_test_qnx_test_and_runfiles
rust_test rule //score/mw/com/impl/plumbing/rust:sample_allocatee_ptr_test_rs_linux
genrule rule //score/mw/com/impl/plumbing/rust:sample_allocatee_ptr_test_rs_qnx_excluded_tests_filter
pkg_files rule //score/mw/com/impl/plumbing/rust:sample_allocatee_ptr_test_rs_qnx_filter_file
pkg_filegroup rule //score/mw/com/impl/plumbing/rust:sample_allocatee_ptr_test_rs_qnx_pkg
pkg_tar_impl rule //score/mw/com/impl/plumbing/rust:sample_allocatee_ptr_test_rs_qnx_pkg_tar
sh_binary rule //score/mw/com/impl/plumbing/rust:sample_allocatee_ptr_test_rs_qnx_shell
_get_so_libs rule //score/mw/com/impl/plumbing/rust:sample_allocatee_ptr_test_rs_qnx_so_libs
pkg_files rule //score/mw/com/impl/plumbing/rust:sample_allocatee_ptr_test_rs_qnx_so_libs_pkg
_get_test_and_data rule //score/mw/com/impl/plumbing/rust:sample_allocatee_ptr_test_rs_qnx_test_and_data
pkg_files rule //score/mw/com/impl/plumbing/rust:sample_allocatee_ptr_test_rs_qnx_test_and_runfiles
rust_test rule //score/mw/com/impl/plumbing/rust:sample_ptr_test_rs_linux
genrule rule //score/mw/com/impl/plumbing/rust:sample_ptr_test_rs_qnx_excluded_tests_filter
pkg_files rule //score/mw/com/impl/plumbing/rust:sample_ptr_test_rs_qnx_filter_file
pkg_filegroup rule //score/mw/com/impl/plumbing/rust:sample_ptr_test_rs_qnx_pkg
pkg_tar_impl rule //score/mw/com/impl/plumbing/rust:sample_ptr_test_rs_qnx_pkg_tar
sh_binary rule //score/mw/com/impl/plumbing/rust:sample_ptr_test_rs_qnx_shell
_get_so_libs rule //score/mw/com/impl/plumbing/rust:sample_ptr_test_rs_qnx_so_libs
pkg_files rule //score/mw/com/impl/plumbing/rust:sample_ptr_test_rs_qnx_so_libs_pkg
_get_test_and_data rule //score/mw/com/impl/plumbing/rust:sample_ptr_test_rs_qnx_test_and_data
pkg_files rule //score/mw/com/impl/plumbing/rust:sample_ptr_test_rs_qnx_test_and_runfiles
py_test rule //score/mw/com/impl/test/check_values_created_from_config/integration_test:test_check_values_created_from_config.test_binary
cc_test rule //score/mw/com/impl/test/methods/semi_dynamic_methods:runtime_sized_array_test_linux
sh_test rule //score/mw/com/impl/test/methods/semi_dynamic_methods:runtime_sized_array_test_qnx
genrule rule //score/mw/com/impl/test/methods/semi_dynamic_methods:runtime_sized_array_test_qnx_excluded_tests_filter
pkg_files rule //score/mw/com/impl/test/methods/semi_dynamic_methods:runtime_sized_array_test_qnx_filter_file
pkg_filegroup rule //score/mw/com/impl/test/methods/semi_dynamic_methods:runtime_sized_array_test_qnx_pkg
pkg_tar_impl rule //score/mw/com/impl/test/methods/semi_dynamic_methods:runtime_sized_array_test_qnx_pkg_tar
sh_binary rule //score/mw/com/impl/test/methods/semi_dynamic_methods:runtime_sized_array_test_qnx_shell
_get_so_libs rule //score/mw/com/impl/test/methods/semi_dynamic_methods:runtime_sized_array_test_qnx_so_libs
pkg_files rule //score/mw/com/impl/test/methods/semi_dynamic_methods:runtime_sized_array_test_qnx_so_libs_pkg
_get_test_and_data rule //score/mw/com/impl/test/methods/semi_dynamic_methods:runtime_sized_array_test_qnx_test_and_data
pkg_files rule //score/mw/com/impl/test/methods/semi_dynamic_methods:runtime_sized_array_test_qnx_test_and_runfiles
py_test rule //score/mw/com/impl/test/methods/semi_dynamic_methods/integration_test:semi_dynamic_methods_different_processes_test.test_binary
py_test rule //score/mw/com/impl/test/methods/semi_dynamic_methods/integration_test:semi_dynamic_methods_same_process_test.test_binary
py_test rule //score/mw/com/impl/test/reserving_skeleton_slots/integration_test:reserving_skeleton_slots.test_binary
py_test rule //score/mw/com/impl/test/shared_memory_storage/integration_test:shared_memory_storage.test_binary
cc_test rule //score/mw/com/impl/tracing:common_event_tracing_test_linux
sh_test rule //score/mw/com/impl/tracing:common_event_tracing_test_qnx
genrule rule //score/mw/com/impl/tracing:common_event_tracing_test_qnx_excluded_tests_filter
pkg_files rule //score/mw/com/impl/tracing:common_event_tracing_test_qnx_filter_file
pkg_filegroup rule //score/mw/com/impl/tracing:common_event_tracing_test_qnx_pkg
pkg_tar_impl rule //score/mw/com/impl/tracing:common_event_tracing_test_qnx_pkg_tar
sh_binary rule //score/mw/com/impl/tracing:common_event_tracing_test_qnx_shell
_get_so_libs rule //score/mw/com/impl/tracing:common_event_tracing_test_qnx_so_libs
pkg_files rule //score/mw/com/impl/tracing:common_event_tracing_test_qnx_so_libs_pkg
_get_test_and_data rule //score/mw/com/impl/tracing:common_event_tracing_test_qnx_test_and_data
pkg_files rule //score/mw/com/impl/tracing:common_event_tracing_test_qnx_test_and_runfiles
cc_test rule //score/mw/com/impl/tracing:proxy_event_tracing_data_test_linux
sh_test rule //score/mw/com/impl/tracing:proxy_event_tracing_data_test_qnx
genrule rule //score/mw/com/impl/tracing:proxy_event_tracing_data_test_qnx_excluded_tests_filter
pkg_files rule //score/mw/com/impl/tracing:proxy_event_tracing_data_test_qnx_filter_file
pkg_filegroup rule //score/mw/com/impl/tracing:proxy_event_tracing_data_test_qnx_pkg
pkg_tar_impl rule //score/mw/com/impl/tracing:proxy_event_tracing_data_test_qnx_pkg_tar
sh_binary rule //score/mw/com/impl/tracing:proxy_event_tracing_data_test_qnx_shell
_get_so_libs rule //score/mw/com/impl/tracing:proxy_event_tracing_data_test_qnx_so_libs
pkg_files rule //score/mw/com/impl/tracing:proxy_event_tracing_data_test_qnx_so_libs_pkg
_get_test_and_data rule //score/mw/com/impl/tracing:proxy_event_tracing_data_test_qnx_test_and_data
pkg_files rule //score/mw/com/impl/tracing:proxy_event_tracing_data_test_qnx_test_and_runfiles
cc_test rule //score/mw/com/impl/tracing:proxy_event_tracing_test_linux
sh_test rule //score/mw/com/impl/tracing:proxy_event_tracing_test_qnx
genrule rule //score/mw/com/impl/tracing:proxy_event_tracing_test_qnx_excluded_tests_filter
pkg_files rule //score/mw/com/impl/tracing:proxy_event_tracing_test_qnx_filter_file
pkg_filegroup rule //score/mw/com/impl/tracing:proxy_event_tracing_test_qnx_pkg
pkg_tar_impl rule //score/mw/com/impl/tracing:proxy_event_tracing_test_qnx_pkg_tar
sh_binary rule //score/mw/com/impl/tracing:proxy_event_tracing_test_qnx_shell
_get_so_libs rule //score/mw/com/impl/tracing:proxy_event_tracing_test_qnx_so_libs
pkg_files rule //score/mw/com/impl/tracing:proxy_event_tracing_test_qnx_so_libs_pkg
_get_test_and_data rule //score/mw/com/impl/tracing:proxy_event_tracing_test_qnx_test_and_data
pkg_files rule //score/mw/com/impl/tracing:proxy_event_tracing_test_qnx_test_and_runfiles
cc_test rule //score/mw/com/impl/tracing:service_element_tracing_data_test_linux
sh_test rule //score/mw/com/impl/tracing:service_element_tracing_data_test_qnx
genrule rule //score/mw/com/impl/tracing:service_element_tracing_data_test_qnx_excluded_tests_filter
pkg_files rule //score/mw/com/impl/tracing:service_element_tracing_data_test_qnx_filter_file
pkg_filegroup rule //score/mw/com/impl/tracing:service_element_tracing_data_test_qnx_pkg
pkg_tar_impl rule //score/mw/com/impl/tracing:service_element_tracing_data_test_qnx_pkg_tar
sh_binary rule //score/mw/com/impl/tracing:service_element_tracing_data_test_qnx_shell
_get_so_libs rule //score/mw/com/impl/tracing:service_element_tracing_data_test_qnx_so_libs
pkg_files rule //score/mw/com/impl/tracing:service_element_tracing_data_test_qnx_so_libs_pkg
_get_test_and_data rule //score/mw/com/impl/tracing:service_element_tracing_data_test_qnx_test_and_data
pkg_files rule //score/mw/com/impl/tracing:service_element_tracing_data_test_qnx_test_and_runfiles
cc_test rule //score/mw/com/impl/tracing:skeleton_event_tracing_data_test_linux
sh_test rule //score/mw/com/impl/tracing:skeleton_event_tracing_data_test_qnx
genrule rule //score/mw/com/impl/tracing:skeleton_event_tracing_data_test_qnx_excluded_tests_filter
pkg_files rule //score/mw/com/impl/tracing:skeleton_event_tracing_data_test_qnx_filter_file
pkg_filegroup rule //score/mw/com/impl/tracing:skeleton_event_tracing_data_test_qnx_pkg
pkg_tar_impl rule //score/mw/com/impl/tracing:skeleton_event_tracing_data_test_qnx_pkg_tar
sh_binary rule //score/mw/com/impl/tracing:skeleton_event_tracing_data_test_qnx_shell
_get_so_libs rule //score/mw/com/impl/tracing:skeleton_event_tracing_data_test_qnx_so_libs
pkg_files rule //score/mw/com/impl/tracing:skeleton_event_tracing_data_test_qnx_so_libs_pkg
_get_test_and_data rule //score/mw/com/impl/tracing:skeleton_event_tracing_data_test_qnx_test_and_data
pkg_files rule //score/mw/com/impl/tracing:skeleton_event_tracing_data_test_qnx_test_and_runfiles
cc_test rule //score/mw/com/impl/tracing:skeleton_event_tracing_test_linux
sh_test rule //score/mw/com/impl/tracing:skeleton_event_tracing_test_qnx
genrule rule //score/mw/com/impl/tracing:skeleton_event_tracing_test_qnx_excluded_tests_filter
pkg_files rule //score/mw/com/impl/tracing:skeleton_event_tracing_test_qnx_filter_file
pkg_filegroup rule //score/mw/com/impl/tracing:skeleton_event_tracing_test_qnx_pkg
pkg_tar_impl rule //score/mw/com/impl/tracing:skeleton_event_tracing_test_qnx_pkg_tar
sh_binary rule //score/mw/com/impl/tracing:skeleton_event_tracing_test_qnx_shell
_get_so_libs rule //score/mw/com/impl/tracing:skeleton_event_tracing_test_qnx_so_libs
pkg_files rule //score/mw/com/impl/tracing:skeleton_event_tracing_test_qnx_so_libs_pkg
_get_test_and_data rule //score/mw/com/impl/tracing:skeleton_event_tracing_test_qnx_test_and_data
pkg_files rule //score/mw/com/impl/tracing:skeleton_event_tracing_test_qnx_test_and_runfiles
cc_test rule //score/mw/com/impl/tracing:skeleton_tracing_test_linux
sh_test rule //score/mw/com/impl/tracing:skeleton_tracing_test_qnx
genrule rule //score/mw/com/impl/tracing:skeleton_tracing_test_qnx_excluded_tests_filter
pkg_files rule //score/mw/com/impl/tracing:skeleton_tracing_test_qnx_filter_file
pkg_filegroup rule //score/mw/com/impl/tracing:skeleton_tracing_test_qnx_pkg
pkg_tar_impl rule //score/mw/com/impl/tracing:skeleton_tracing_test_qnx_pkg_tar
sh_binary rule //score/mw/com/impl/tracing:skeleton_tracing_test_qnx_shell
_get_so_libs rule //score/mw/com/impl/tracing:skeleton_tracing_test_qnx_so_libs
pkg_files rule //score/mw/com/impl/tracing:skeleton_tracing_test_qnx_so_libs_pkg
_get_test_and_data rule //score/mw/com/impl/tracing:skeleton_tracing_test_qnx_test_and_data
pkg_files rule //score/mw/com/impl/tracing:skeleton_tracing_test_qnx_test_and_runfiles
cc_test rule //score/mw/com/impl/tracing:trace_error_test_linux
sh_test rule //score/mw/com/impl/tracing:trace_error_test_qnx
genrule rule //score/mw/com/impl/tracing:trace_error_test_qnx_excluded_tests_filter
pkg_files rule //score/mw/com/impl/tracing:trace_error_test_qnx_filter_file
pkg_filegroup rule //score/mw/com/impl/tracing:trace_error_test_qnx_pkg
pkg_tar_impl rule //score/mw/com/impl/tracing:trace_error_test_qnx_pkg_tar
sh_binary rule //score/mw/com/impl/tracing:trace_error_test_qnx_shell
_get_so_libs rule //score/mw/com/impl/tracing:trace_error_test_qnx_so_libs
pkg_files rule //score/mw/com/impl/tracing:trace_error_test_qnx_so_libs_pkg
_get_test_and_data rule //score/mw/com/impl/tracing:trace_error_test_qnx_test_and_data
pkg_files rule //score/mw/com/impl/tracing:trace_error_test_qnx_test_and_runfiles
cc_test rule //score/mw/com/impl/tracing:tracing_runtime_test_linux
sh_test rule //score/mw/com/impl/tracing:tracing_runtime_test_qnx
genrule rule //score/mw/com/impl/tracing:tracing_runtime_test_qnx_excluded_tests_filter
pkg_files rule //score/mw/com/impl/tracing:tracing_runtime_test_qnx_filter_file
pkg_filegroup rule //score/mw/com/impl/tracing:tracing_runtime_test_qnx_pkg
pkg_tar_impl rule //score/mw/com/impl/tracing:tracing_runtime_test_qnx_pkg_tar
sh_binary rule //score/mw/com/impl/tracing:tracing_runtime_test_qnx_shell
_get_so_libs rule //score/mw/com/impl/tracing:tracing_runtime_test_qnx_so_libs
pkg_files rule //score/mw/com/impl/tracing:tracing_runtime_test_qnx_so_libs_pkg
_get_test_and_data rule //score/mw/com/impl/tracing:tracing_runtime_test_qnx_test_and_data
pkg_files rule //score/mw/com/impl/tracing:tracing_runtime_test_qnx_test_and_runfiles
cc_test rule //score/mw/com/impl/tracing/configuration:hash_helper_utility_test_linux
sh_test rule //score/mw/com/impl/tracing/configuration:hash_helper_utility_test_qnx
genrule rule //score/mw/com/impl/tracing/configuration:hash_helper_utility_test_qnx_excluded_tests_filter
pkg_files rule //score/mw/com/impl/tracing/configuration:hash_helper_utility_test_qnx_filter_file
pkg_filegroup rule //score/mw/com/impl/tracing/configuration:hash_helper_utility_test_qnx_pkg
pkg_tar_impl rule //score/mw/com/impl/tracing/configuration:hash_helper_utility_test_qnx_pkg_tar
sh_binary rule //score/mw/com/impl/tracing/configuration:hash_helper_utility_test_qnx_shell
_get_so_libs rule //score/mw/com/impl/tracing/configuration:hash_helper_utility_test_qnx_so_libs
pkg_files rule //score/mw/com/impl/tracing/configuration:hash_helper_utility_test_qnx_so_libs_pkg
_get_test_and_data rule //score/mw/com/impl/tracing/configuration:hash_helper_utility_test_qnx_test_and_data
pkg_files rule //score/mw/com/impl/tracing/configuration:hash_helper_utility_test_qnx_test_and_runfiles
cc_test rule //score/mw/com/impl/tracing/configuration:proxy_event_trace_point_type_test_linux
sh_test rule //score/mw/com/impl/tracing/configuration:proxy_event_trace_point_type_test_qnx
genrule rule //score/mw/com/impl/tracing/configuration:proxy_event_trace_point_type_test_qnx_excluded_tests_filter
pkg_files rule //score/mw/com/impl/tracing/configuration:proxy_event_trace_point_type_test_qnx_filter_file
pkg_filegroup rule //score/mw/com/impl/tracing/configuration:proxy_event_trace_point_type_test_qnx_pkg
pkg_tar_impl rule //score/mw/com/impl/tracing/configuration:proxy_event_trace_point_type_test_qnx_pkg_tar
sh_binary rule //score/mw/com/impl/tracing/configuration:proxy_event_trace_point_type_test_qnx_shell
_get_so_libs rule //score/mw/com/impl/tracing/configuration:proxy_event_trace_point_type_test_qnx_so_libs
pkg_files rule //score/mw/com/impl/tracing/configuration:proxy_event_trace_point_type_test_qnx_so_libs_pkg
_get_test_and_data rule //score/mw/com/impl/tracing/configuration:proxy_event_trace_point_type_test_qnx_test_and_data
pkg_files rule //score/mw/com/impl/tracing/configuration:proxy_event_trace_point_type_test_qnx_test_and_runfiles
cc_test rule //score/mw/com/impl/tracing/configuration:proxy_field_trace_point_type_test_linux
sh_test rule //score/mw/com/impl/tracing/configuration:proxy_field_trace_point_type_test_qnx
genrule rule //score/mw/com/impl/tracing/configuration:proxy_field_trace_point_type_test_qnx_excluded_tests_filter
pkg_files rule //score/mw/com/impl/tracing/configuration:proxy_field_trace_point_type_test_qnx_filter_file
pkg_filegroup rule //score/mw/com/impl/tracing/configuration:proxy_field_trace_point_type_test_qnx_pkg
pkg_tar_impl rule //score/mw/com/impl/tracing/configuration:proxy_field_trace_point_type_test_qnx_pkg_tar
sh_binary rule //score/mw/com/impl/tracing/configuration:proxy_field_trace_point_type_test_qnx_shell
_get_so_libs rule //score/mw/com/impl/tracing/configuration:proxy_field_trace_point_type_test_qnx_so_libs
pkg_files rule //score/mw/com/impl/tracing/configuration:proxy_field_trace_point_type_test_qnx_so_libs_pkg
_get_test_and_data rule //score/mw/com/impl/tracing/configuration:proxy_field_trace_point_type_test_qnx_test_and_data
pkg_files rule //score/mw/com/impl/tracing/configuration:proxy_field_trace_point_type_test_qnx_test_and_runfiles
cc_test rule //score/mw/com/impl/tracing/configuration:service_element_identifier_test_linux
sh_test rule //score/mw/com/impl/tracing/configuration:service_element_identifier_test_qnx
genrule rule //score/mw/com/impl/tracing/configuration:service_element_identifier_test_qnx_excluded_tests_filter
pkg_files rule //score/mw/com/impl/tracing/configuration:service_element_identifier_test_qnx_filter_file
pkg_filegroup rule //score/mw/com/impl/tracing/configuration:service_element_identifier_test_qnx_pkg
pkg_tar_impl rule //score/mw/com/impl/tracing/configuration:service_element_identifier_test_qnx_pkg_tar
sh_binary rule //score/mw/com/impl/tracing/configuration:service_element_identifier_test_qnx_shell
_get_so_libs rule //score/mw/com/impl/tracing/configuration:service_element_identifier_test_qnx_so_libs
pkg_files rule //score/mw/com/impl/tracing/configuration:service_element_identifier_test_qnx_so_libs_pkg
_get_test_and_data rule //score/mw/com/impl/tracing/configuration:service_element_identifier_test_qnx_test_and_data
pkg_files rule //score/mw/com/impl/tracing/configuration:service_element_identifier_test_qnx_test_and_runfiles
cc_test rule //score/mw/com/impl/tracing/configuration:service_element_identifier_view_test_linux
sh_test rule //score/mw/com/impl/tracing/configuration:service_element_identifier_view_test_qnx
genrule rule //score/mw/com/impl/tracing/configuration:service_element_identifier_view_test_qnx_excluded_tests_filter
pkg_files rule //score/mw/com/impl/tracing/configuration:service_element_identifier_view_test_qnx_filter_file
pkg_filegroup rule //score/mw/com/impl/tracing/configuration:service_element_identifier_view_test_qnx_pkg
pkg_tar_impl rule //score/mw/com/impl/tracing/configuration:service_element_identifier_view_test_qnx_pkg_tar
sh_binary rule //score/mw/com/impl/tracing/configuration:service_element_identifier_view_test_qnx_shell
_get_so_libs rule //score/mw/com/impl/tracing/configuration:service_element_identifier_view_test_qnx_so_libs
pkg_files rule //score/mw/com/impl/tracing/configuration:service_element_identifier_view_test_qnx_so_libs_pkg
_get_test_and_data rule //score/mw/com/impl/tracing/configuration:service_element_identifier_view_test_qnx_test_and_data
pkg_files rule //score/mw/com/impl/tracing/configuration:service_element_identifier_view_test_qnx_test_and_runfiles
cc_test rule //score/mw/com/impl/tracing/configuration:service_element_instance_identifier_view_test_linux
sh_test rule //score/mw/com/impl/tracing/configuration:service_element_instance_identifier_view_test_qnx
genrule rule //score/mw/com/impl/tracing/configuration:service_element_instance_identifier_view_test_qnx_excluded_tests_filter
pkg_files rule //score/mw/com/impl/tracing/configuration:service_element_instance_identifier_view_test_qnx_filter_file
pkg_filegroup rule //score/mw/com/impl/tracing/configuration:service_element_instance_identifier_view_test_qnx_pkg
pkg_tar_impl rule //score/mw/com/impl/tracing/configuration:service_element_instance_identifier_view_test_qnx_pkg_tar
sh_binary rule //score/mw/com/impl/tracing/configuration:service_element_instance_identifier_view_test_qnx_shell
_get_so_libs rule //score/mw/com/impl/tracing/configuration:service_element_instance_identifier_view_test_qnx_so_libs
pkg_files rule //score/mw/com/impl/tracing/configuration:service_element_instance_identifier_view_test_qnx_so_libs_pkg
_get_test_and_data rule //score/mw/com/impl/tracing/configuration:service_element_instance_identifier_view_test_qnx_test_and_data
pkg_files rule //score/mw/com/impl/tracing/configuration:service_element_instance_identifier_view_test_qnx_test_and_runfiles
cc_test rule //score/mw/com/impl/tracing/configuration:skeleton_event_trace_point_type_test_linux
sh_test rule //score/mw/com/impl/tracing/configuration:skeleton_event_trace_point_type_test_qnx
genrule rule //score/mw/com/impl/tracing/configuration:skeleton_event_trace_point_type_test_qnx_excluded_tests_filter
pkg_files rule //score/mw/com/impl/tracing/configuration:skeleton_event_trace_point_type_test_qnx_filter_file
pkg_filegroup rule //score/mw/com/impl/tracing/configuration:skeleton_event_trace_point_type_test_qnx_pkg
pkg_tar_impl rule //score/mw/com/impl/tracing/configuration:skeleton_event_trace_point_type_test_qnx_pkg_tar
sh_binary rule //score/mw/com/impl/tracing/configuration:skeleton_event_trace_point_type_test_qnx_shell
_get_so_libs rule //score/mw/com/impl/tracing/configuration:skeleton_event_trace_point_type_test_qnx_so_libs
pkg_files rule //score/mw/com/impl/tracing/configuration:skeleton_event_trace_point_type_test_qnx_so_libs_pkg
_get_test_and_data rule //score/mw/com/impl/tracing/configuration:skeleton_event_trace_point_type_test_qnx_test_and_data
pkg_files rule //score/mw/com/impl/tracing/configuration:skeleton_event_trace_point_type_test_qnx_test_and_runfiles
cc_test rule //score/mw/com/impl/tracing/configuration:skeleton_field_trace_point_type_test_linux
sh_test rule //score/mw/com/impl/tracing/configuration:skeleton_field_trace_point_type_test_qnx
genrule rule //score/mw/com/impl/tracing/configuration:skeleton_field_trace_point_type_test_qnx_excluded_tests_filter
pkg_files rule //score/mw/com/impl/tracing/configuration:skeleton_field_trace_point_type_test_qnx_filter_file
pkg_filegroup rule //score/mw/com/impl/tracing/configuration:skeleton_field_trace_point_type_test_qnx_pkg
pkg_tar_impl rule //score/mw/com/impl/tracing/configuration:skeleton_field_trace_point_type_test_qnx_pkg_tar
sh_binary rule //score/mw/com/impl/tracing/configuration:skeleton_field_trace_point_type_test_qnx_shell
_get_so_libs rule //score/mw/com/impl/tracing/configuration:skeleton_field_trace_point_type_test_qnx_so_libs
pkg_files rule //score/mw/com/impl/tracing/configuration:skeleton_field_trace_point_type_test_qnx_so_libs_pkg
_get_test_and_data rule //score/mw/com/impl/tracing/configuration:skeleton_field_trace_point_type_test_qnx_test_and_data
pkg_files rule //score/mw/com/impl/tracing/configuration:skeleton_field_trace_point_type_test_qnx_test_and_runfiles
cc_test rule //score/mw/com/impl/tracing/configuration:trace_point_key_test_linux
sh_test rule //score/mw/com/impl/tracing/configuration:trace_point_key_test_qnx
genrule rule //score/mw/com/impl/tracing/configuration:trace_point_key_test_qnx_excluded_tests_filter
pkg_files rule //score/mw/com/impl/tracing/configuration:trace_point_key_test_qnx_filter_file
pkg_filegroup rule //score/mw/com/impl/tracing/configuration:trace_point_key_test_qnx_pkg
pkg_tar_impl rule //score/mw/com/impl/tracing/configuration:trace_point_key_test_qnx_pkg_tar
sh_binary rule //score/mw/com/impl/tracing/configuration:trace_point_key_test_qnx_shell
_get_so_libs rule //score/mw/com/impl/tracing/configuration:trace_point_key_test_qnx_so_libs
pkg_files rule //score/mw/com/impl/tracing/configuration:trace_point_key_test_qnx_so_libs_pkg
_get_test_and_data rule //score/mw/com/impl/tracing/configuration:trace_point_key_test_qnx_test_and_data
pkg_files rule //score/mw/com/impl/tracing/configuration:trace_point_key_test_qnx_test_and_runfiles
cc_test rule //score/mw/com/impl/tracing/configuration:tracing_filter_config_parser_test_linux
sh_test rule //score/mw/com/impl/tracing/configuration:tracing_filter_config_parser_test_qnx
genrule rule //score/mw/com/impl/tracing/configuration:tracing_filter_config_parser_test_qnx_excluded_tests_filter
pkg_files rule //score/mw/com/impl/tracing/configuration:tracing_filter_config_parser_test_qnx_filter_file
pkg_filegroup rule //score/mw/com/impl/tracing/configuration:tracing_filter_config_parser_test_qnx_pkg
pkg_tar_impl rule //score/mw/com/impl/tracing/configuration:tracing_filter_config_parser_test_qnx_pkg_tar
sh_binary rule //score/mw/com/impl/tracing/configuration:tracing_filter_config_parser_test_qnx_shell
_get_so_libs rule //score/mw/com/impl/tracing/configuration:tracing_filter_config_parser_test_qnx_so_libs
pkg_files rule //score/mw/com/impl/tracing/configuration:tracing_filter_config_parser_test_qnx_so_libs_pkg
_get_test_and_data rule //score/mw/com/impl/tracing/configuration:tracing_filter_config_parser_test_qnx_test_and_data
pkg_files rule //score/mw/com/impl/tracing/configuration:tracing_filter_config_parser_test_qnx_test_and_runfiles
cc_test rule //score/mw/com/impl/tracing/configuration:tracing_filter_config_test_linux
sh_test rule //score/mw/com/impl/tracing/configuration:tracing_filter_config_test_qnx
genrule rule //score/mw/com/impl/tracing/configuration:tracing_filter_config_test_qnx_excluded_tests_filter
pkg_files rule //score/mw/com/impl/tracing/configuration:tracing_filter_config_test_qnx_filter_file
pkg_filegroup rule //score/mw/com/impl/tracing/configuration:tracing_filter_config_test_qnx_pkg
pkg_tar_impl rule //score/mw/com/impl/tracing/configuration:tracing_filter_config_test_qnx_pkg_tar
sh_binary rule //score/mw/com/impl/tracing/configuration:tracing_filter_config_test_qnx_shell
_get_so_libs rule //score/mw/com/impl/tracing/configuration:tracing_filter_config_test_qnx_so_libs
pkg_files rule //score/mw/com/impl/tracing/configuration:tracing_filter_config_test_qnx_so_libs_pkg
_get_test_and_data rule //score/mw/com/impl/tracing/configuration:tracing_filter_config_test_qnx_test_and_data
pkg_files rule //score/mw/com/impl/tracing/configuration:tracing_filter_config_test_qnx_test_and_runfiles
cc_test rule //score/mw/com/impl/tracing/test:proxy_event_tracing_test_linux
sh_test rule //score/mw/com/impl/tracing/test:proxy_event_tracing_test_qnx
genrule rule //score/mw/com/impl/tracing/test:proxy_event_tracing_test_qnx_excluded_tests_filter
pkg_files rule //score/mw/com/impl/tracing/test:proxy_event_tracing_test_qnx_filter_file
pkg_filegroup rule //score/mw/com/impl/tracing/test:proxy_event_tracing_test_qnx_pkg
pkg_tar_impl rule //score/mw/com/impl/tracing/test:proxy_event_tracing_test_qnx_pkg_tar
sh_binary rule //score/mw/com/impl/tracing/test:proxy_event_tracing_test_qnx_shell
_get_so_libs rule //score/mw/com/impl/tracing/test:proxy_event_tracing_test_qnx_so_libs
pkg_files rule //score/mw/com/impl/tracing/test:proxy_event_tracing_test_qnx_so_libs_pkg
_get_test_and_data rule //score/mw/com/impl/tracing/test:proxy_event_tracing_test_qnx_test_and_data
pkg_files rule //score/mw/com/impl/tracing/test:proxy_event_tracing_test_qnx_test_and_runfiles
cc_test rule //score/mw/com/impl/tracing/test:skeleton_event_tracing_test_linux
sh_test rule //score/mw/com/impl/tracing/test:skeleton_event_tracing_test_qnx
genrule rule //score/mw/com/impl/tracing/test:skeleton_event_tracing_test_qnx_excluded_tests_filter
pkg_files rule //score/mw/com/impl/tracing/test:skeleton_event_tracing_test_qnx_filter_file
pkg_filegroup rule //score/mw/com/impl/tracing/test:skeleton_event_tracing_test_qnx_pkg
pkg_tar_impl rule //score/mw/com/impl/tracing/test:skeleton_event_tracing_test_qnx_pkg_tar
sh_binary rule //score/mw/com/impl/tracing/test:skeleton_event_tracing_test_qnx_shell
_get_so_libs rule //score/mw/com/impl/tracing/test:skeleton_event_tracing_test_qnx_so_libs
pkg_files rule //score/mw/com/impl/tracing/test:skeleton_event_tracing_test_qnx_so_libs_pkg
_get_test_and_data rule //score/mw/com/impl/tracing/test:skeleton_event_tracing_test_qnx_test_and_data
pkg_files rule //score/mw/com/impl/tracing/test:skeleton_event_tracing_test_qnx_test_and_runfiles
cc_test rule //score/mw/com/impl/tracing/test:skeleton_field_tracing_test_linux
sh_test rule //score/mw/com/impl/tracing/test:skeleton_field_tracing_test_qnx
genrule rule //score/mw/com/impl/tracing/test:skeleton_field_tracing_test_qnx_excluded_tests_filter
pkg_files rule //score/mw/com/impl/tracing/test:skeleton_field_tracing_test_qnx_filter_file
pkg_filegroup rule //score/mw/com/impl/tracing/test:skeleton_field_tracing_test_qnx_pkg
pkg_tar_impl rule //score/mw/com/impl/tracing/test:skeleton_field_tracing_test_qnx_pkg_tar
sh_binary rule //score/mw/com/impl/tracing/test:skeleton_field_tracing_test_qnx_shell
_get_so_libs rule //score/mw/com/impl/tracing/test:skeleton_field_tracing_test_qnx_so_libs
pkg_files rule //score/mw/com/impl/tracing/test:skeleton_field_tracing_test_qnx_so_libs_pkg
_get_test_and_data rule //score/mw/com/impl/tracing/test:skeleton_field_tracing_test_qnx_test_and_data
pkg_files rule //score/mw/com/impl/tracing/test:skeleton_field_tracing_test_qnx_test_and_runfiles
cc_test rule //score/mw/com/impl/tracing/test:skeleton_tracing_test_linux
sh_test rule //score/mw/com/impl/tracing/test:skeleton_tracing_test_qnx
genrule rule //score/mw/com/impl/tracing/test:skeleton_tracing_test_qnx_excluded_tests_filter
pkg_files rule //score/mw/com/impl/tracing/test:skeleton_tracing_test_qnx_filter_file
pkg_filegroup rule //score/mw/com/impl/tracing/test:skeleton_tracing_test_qnx_pkg
pkg_tar_impl rule //score/mw/com/impl/tracing/test:skeleton_tracing_test_qnx_pkg_tar
sh_binary rule //score/mw/com/impl/tracing/test:skeleton_tracing_test_qnx_shell
_get_so_libs rule //score/mw/com/impl/tracing/test:skeleton_tracing_test_qnx_so_libs
pkg_files rule //score/mw/com/impl/tracing/test:skeleton_tracing_test_qnx_so_libs_pkg
_get_test_and_data rule //score/mw/com/impl/tracing/test:skeleton_tracing_test_qnx_test_and_data
pkg_files rule //score/mw/com/impl/tracing/test:skeleton_tracing_test_qnx_test_and_runfiles
genrule rule //score/mw/com/impl/util/test:arithmetic_utils_addition_build_error_test_0__deps
_check_messages rule //score/mw/com/impl/util/test:arithmetic_utils_addition_build_error_test__0
_try_build rule //score/mw/com/impl/util/test:arithmetic_utils_addition_build_error_test__0__0
genrule rule //score/mw/com/impl/util/test:arithmetic_utils_multiplication_build_error_test_0__deps
_check_messages rule //score/mw/com/impl/util/test:arithmetic_utils_multiplication_build_error_test__0
_try_build rule //score/mw/com/impl/util/test:arithmetic_utils_multiplication_build_error_test__0__0
cc_test rule //score/mw/com/impl/util/test:arithmetic_utils_test_linux
sh_test rule //score/mw/com/impl/util/test:arithmetic_utils_test_qnx
genrule rule //score/mw/com/impl/util/test:arithmetic_utils_test_qnx_excluded_tests_filter
pkg_files rule //score/mw/com/impl/util/test:arithmetic_utils_test_qnx_filter_file
pkg_filegroup rule //score/mw/com/impl/util/test:arithmetic_utils_test_qnx_pkg
pkg_tar_impl rule //score/mw/com/impl/util/test:arithmetic_utils_test_qnx_pkg_tar
sh_binary rule //score/mw/com/impl/util/test:arithmetic_utils_test_qnx_shell
_get_so_libs rule //score/mw/com/impl/util/test:arithmetic_utils_test_qnx_so_libs
pkg_files rule //score/mw/com/impl/util/test:arithmetic_utils_test_qnx_so_libs_pkg
_get_test_and_data rule //score/mw/com/impl/util/test:arithmetic_utils_test_qnx_test_and_data
pkg_files rule //score/mw/com/impl/util/test:arithmetic_utils_test_qnx_test_and_runfiles
cc_test rule //score/mw/com/impl/util/test:copyable_atomic_test_linux
sh_test rule //score/mw/com/impl/util/test:copyable_atomic_test_qnx
genrule rule //score/mw/com/impl/util/test:copyable_atomic_test_qnx_excluded_tests_filter
pkg_files rule //score/mw/com/impl/util/test:copyable_atomic_test_qnx_filter_file
pkg_filegroup rule //score/mw/com/impl/util/test:copyable_atomic_test_qnx_pkg
pkg_tar_impl rule //score/mw/com/impl/util/test:copyable_atomic_test_qnx_pkg_tar
sh_binary rule //score/mw/com/impl/util/test:copyable_atomic_test_qnx_shell
_get_so_libs rule //score/mw/com/impl/util/test:copyable_atomic_test_qnx_so_libs
pkg_files rule //score/mw/com/impl/util/test:copyable_atomic_test_qnx_so_libs_pkg
_get_test_and_data rule //score/mw/com/impl/util/test:copyable_atomic_test_qnx_test_and_data
pkg_files rule //score/mw/com/impl/util/test:copyable_atomic_test_qnx_test_and_runfiles
cc_test rule //score/mw/com/impl/util/test:type_erased_storage_test_linux
sh_test rule //score/mw/com/impl/util/test:type_erased_storage_test_qnx
genrule rule //score/mw/com/impl/util/test:type_erased_storage_test_qnx_excluded_tests_filter
pkg_files rule //score/mw/com/impl/util/test:type_erased_storage_test_qnx_filter_file
pkg_filegroup rule //score/mw/com/impl/util/test:type_erased_storage_test_qnx_pkg
pkg_tar_impl rule //score/mw/com/impl/util/test:type_erased_storage_test_qnx_pkg_tar
sh_binary rule //score/mw/com/impl/util/test:type_erased_storage_test_qnx_shell
_get_so_libs rule //score/mw/com/impl/util/test:type_erased_storage_test_qnx_so_libs
pkg_files rule //score/mw/com/impl/util/test:type_erased_storage_test_qnx_so_libs_pkg
_get_test_and_data rule //score/mw/com/impl/util/test:type_erased_storage_test_qnx_test_and_data
pkg_files rule //score/mw/com/impl/util/test:type_erased_storage_test_qnx_test_and_runfiles
cc_test rule //score/mw/com/mocking:runtime_mock_test_linux
sh_test rule //score/mw/com/mocking:runtime_mock_test_qnx
genrule rule //score/mw/com/mocking:runtime_mock_test_qnx_excluded_tests_filter
pkg_files rule //score/mw/com/mocking:runtime_mock_test_qnx_filter_file
pkg_filegroup rule //score/mw/com/mocking:runtime_mock_test_qnx_pkg
pkg_tar_impl rule //score/mw/com/mocking:runtime_mock_test_qnx_pkg_tar
sh_binary rule //score/mw/com/mocking:runtime_mock_test_qnx_shell
_get_so_libs rule //score/mw/com/mocking:runtime_mock_test_qnx_so_libs
pkg_files rule //score/mw/com/mocking:runtime_mock_test_qnx_so_libs_pkg
_get_test_and_data rule //score/mw/com/mocking:runtime_mock_test_qnx_test_and_data
pkg_files rule //score/mw/com/mocking:runtime_mock_test_qnx_test_and_runfiles
cc_test rule //score/mw/com/performance_benchmarks/macro_benchmark:common_resources_test_linux
sh_test rule //score/mw/com/performance_benchmarks/macro_benchmark:common_resources_test_qnx
genrule rule //score/mw/com/performance_benchmarks/macro_benchmark:common_resources_test_qnx_excluded_tests_filter
pkg_files rule //score/mw/com/performance_benchmarks/macro_benchmark:common_resources_test_qnx_filter_file
pkg_filegroup rule //score/mw/com/performance_benchmarks/macro_benchmark:common_resources_test_qnx_pkg
pkg_tar_impl rule //score/mw/com/performance_benchmarks/macro_benchmark:common_resources_test_qnx_pkg_tar
sh_binary rule //score/mw/com/performance_benchmarks/macro_benchmark:common_resources_test_qnx_shell
_get_so_libs rule //score/mw/com/performance_benchmarks/macro_benchmark:common_resources_test_qnx_so_libs
pkg_files rule //score/mw/com/performance_benchmarks/macro_benchmark:common_resources_test_qnx_so_libs_pkg
_get_test_and_data rule //score/mw/com/performance_benchmarks/macro_benchmark:common_resources_test_qnx_test_and_data
pkg_files rule //score/mw/com/performance_benchmarks/macro_benchmark:common_resources_test_qnx_test_and_runfiles
cc_test rule //score/mw/com/performance_benchmarks/macro_benchmark:json_parsing_convenience_wrappers_test_linux
sh_test rule //score/mw/com/performance_benchmarks/macro_benchmark:json_parsing_convenience_wrappers_test_qnx
genrule rule //score/mw/com/performance_benchmarks/macro_benchmark:json_parsing_convenience_wrappers_test_qnx_excluded_tests_filter
pkg_files rule //score/mw/com/performance_benchmarks/macro_benchmark:json_parsing_convenience_wrappers_test_qnx_filter_file
pkg_filegroup rule //score/mw/com/performance_benchmarks/macro_benchmark:json_parsing_convenience_wrappers_test_qnx_pkg
pkg_tar_impl rule //score/mw/com/performance_benchmarks/macro_benchmark:json_parsing_convenience_wrappers_test_qnx_pkg_tar
sh_binary rule //score/mw/com/performance_benchmarks/macro_benchmark:json_parsing_convenience_wrappers_test_qnx_shell
_get_so_libs rule //score/mw/com/performance_benchmarks/macro_benchmark:json_parsing_convenience_wrappers_test_qnx_so_libs
pkg_files rule //score/mw/com/performance_benchmarks/macro_benchmark:json_parsing_convenience_wrappers_test_qnx_so_libs_pkg
_get_test_and_data rule //score/mw/com/performance_benchmarks/macro_benchmark:json_parsing_convenience_wrappers_test_qnx_test_and_data
pkg_files rule //score/mw/com/performance_benchmarks/macro_benchmark:json_parsing_convenience_wrappers_test_qnx_test_and_runfiles
rust_doc_test rule //score/mw/com/rust/score_com_concept:score_com_concept-macros-tests
rust_test rule //score/mw/com/rust/score_com_concept:score_com_concept-macros-unit-tests_linux
genrule rule //score/mw/com/rust/score_com_concept:score_com_concept-macros-unit-tests_qnx_excluded_tests_filter
pkg_files rule //score/mw/com/rust/score_com_concept:score_com_concept-macros-unit-tests_qnx_filter_file
pkg_filegroup rule //score/mw/com/rust/score_com_concept:score_com_concept-macros-unit-tests_qnx_pkg
pkg_tar_impl rule //score/mw/com/rust/score_com_concept:score_com_concept-macros-unit-tests_qnx_pkg_tar
sh_binary rule //score/mw/com/rust/score_com_concept:score_com_concept-macros-unit-tests_qnx_shell
_get_so_libs rule //score/mw/com/rust/score_com_concept:score_com_concept-macros-unit-tests_qnx_so_libs
pkg_files rule //score/mw/com/rust/score_com_concept:score_com_concept-macros-unit-tests_qnx_so_libs_pkg
_get_test_and_data rule //score/mw/com/rust/score_com_concept:score_com_concept-macros-unit-tests_qnx_test_and_data
pkg_files rule //score/mw/com/rust/score_com_concept:score_com_concept-macros-unit-tests_qnx_test_and_runfiles
py_test rule //score/mw/com/test/all_service_elements/integration_test:all_service_elements_different_processes_test.test_binary
py_test rule //score/mw/com/test/all_service_elements/integration_test:all_service_elements_same_process_test.test_binary
cc_test rule //score/mw/com/test/api:generated_api_test_linux
sh_test rule //score/mw/com/test/api:generated_api_test_qnx
genrule rule //score/mw/com/test/api:generated_api_test_qnx_excluded_tests_filter
pkg_files rule //score/mw/com/test/api:generated_api_test_qnx_filter_file
pkg_filegroup rule //score/mw/com/test/api:generated_api_test_qnx_pkg
pkg_tar_impl rule //score/mw/com/test/api:generated_api_test_qnx_pkg_tar
sh_binary rule //score/mw/com/test/api:generated_api_test_qnx_shell
_get_so_libs rule //score/mw/com/test/api:generated_api_test_qnx_so_libs
pkg_files rule //score/mw/com/test/api:generated_api_test_qnx_so_libs_pkg
_get_test_and_data rule //score/mw/com/test/api:generated_api_test_qnx_test_and_data
pkg_files rule //score/mw/com/test/api:generated_api_test_qnx_test_and_runfiles
py_test rule //score/mw/com/test/basic_rust_api/all_services_stream/integration_test:test_com_api_all_services_stream.test_binary
py_test rule //score/mw/com/test/basic_rust_api/consumer_any_apis/integration_test:test_com_api_any.test_binary
py_test rule //score/mw/com/test/basic_rust_api/consumer_async_apis/integration_test:test_com_api_async.test_binary
py_test rule //score/mw/com/test/basic_rust_api/consumer_sync_apis/integration_test:test_com_api_sync.test_binary
py_test rule //score/mw/com/test/basic_rust_api/subscription_state_apis/integration_test:test_subscription_state_apis.test_binary
py_test rule //score/mw/com/test/bigdata/integration_test:test_bigdata_exchange.test_binary
cc_test rule //score/mw/com/test/common_test_resources:command_line_parser_test_linux
sh_test rule //score/mw/com/test/common_test_resources:command_line_parser_test_qnx
genrule rule //score/mw/com/test/common_test_resources:command_line_parser_test_qnx_excluded_tests_filter
pkg_files rule //score/mw/com/test/common_test_resources:command_line_parser_test_qnx_filter_file
pkg_filegroup rule //score/mw/com/test/common_test_resources:command_line_parser_test_qnx_pkg
pkg_tar_impl rule //score/mw/com/test/common_test_resources:command_line_parser_test_qnx_pkg_tar
sh_binary rule //score/mw/com/test/common_test_resources:command_line_parser_test_qnx_shell
_get_so_libs rule //score/mw/com/test/common_test_resources:command_line_parser_test_qnx_so_libs
pkg_files rule //score/mw/com/test/common_test_resources:command_line_parser_test_qnx_so_libs_pkg
_get_test_and_data rule //score/mw/com/test/common_test_resources:command_line_parser_test_qnx_test_and_data
pkg_files rule //score/mw/com/test/common_test_resources:command_line_parser_test_qnx_test_and_runfiles
py_test rule //score/mw/com/test/concurrent_skeleton_creation/integration_test:concurrent_skeleton_creation.test_binary
py_test rule //score/mw/com/test/data_slots_read_only/integration_test:data_slots_read_only.test_binary
py_test rule //score/mw/com/test/fields/field_initial_value/integration_test:test_field_initial_value.test_binary
py_test rule //score/mw/com/test/fields/getter_setter_if_available/integration_test:test_getter_only_different_process.test_binary
py_test rule //score/mw/com/test/fields/getter_setter_if_available/integration_test:test_getter_only_same_process.test_binary
py_test rule //score/mw/com/test/fields/getter_setter_if_available/integration_test:test_notifier_only_different_process.test_binary
py_test rule //score/mw/com/test/fields/getter_setter_if_available/integration_test:test_notifier_only_same_process.test_binary
py_test rule //score/mw/com/test/fields/getter_setter_if_available/integration_test:test_setter_and_getter_different_process.test_binary
py_test rule //score/mw/com/test/fields/getter_setter_if_available/integration_test:test_setter_and_getter_same_process.test_binary
py_test rule //score/mw/com/test/fields/getter_setter_if_available/integration_test:test_setter_only_different_process.test_binary
py_test rule //score/mw/com/test/fields/getter_setter_if_available/integration_test:test_setter_only_same_process.test_binary
py_test rule //score/mw/com/test/fields/mixed_criticality/integration_test:asilb_consumer_asilb_provider_test.test_binary
py_test rule //score/mw/com/test/fields/mixed_criticality/integration_test:asilb_consumer_qm_provider_test.test_binary
py_test rule //score/mw/com/test/fields/mixed_criticality/integration_test:qm_consumer_asilb_provider_test.test_binary
py_test rule //score/mw/com/test/fields/mixed_criticality/integration_test:qm_consumer_qm_provider_test.test_binary
py_test rule //score/mw/com/test/fields/set_and_get_and_notifier/integration_test:test_get_and_notifier_different_process.test_binary
py_test rule //score/mw/com/test/fields/set_and_get_and_notifier/integration_test:test_get_and_notifier_same_process.test_binary
py_test rule //score/mw/com/test/fields/set_and_get_and_notifier/integration_test:test_get_different_process.test_binary
py_test rule //score/mw/com/test/fields/set_and_get_and_notifier/integration_test:test_get_same_process.test_binary
py_test rule //score/mw/com/test/fields/set_and_get_and_notifier/integration_test:test_notifier_different_process.test_binary
py_test rule //score/mw/com/test/fields/set_and_get_and_notifier/integration_test:test_notifier_same_process.test_binary
py_test rule //score/mw/com/test/fields/set_and_get_and_notifier/integration_test:test_set_and_get_different_process.test_binary
py_test rule //score/mw/com/test/fields/set_and_get_and_notifier/integration_test:test_set_and_get_same_process.test_binary
py_test rule //score/mw/com/test/fields/set_and_get_and_notifier/integration_test:test_set_and_notifier_different_process.test_binary
py_test rule //score/mw/com/test/fields/set_and_get_and_notifier/integration_test:test_set_and_notifier_same_process.test_binary
py_test rule //score/mw/com/test/fields/set_and_get_and_notifier/integration_test:test_set_get_and_notifier_different_process.test_binary
py_test rule //score/mw/com/test/fields/set_and_get_and_notifier/integration_test:test_set_get_and_notifier_same_process.test_binary
py_test rule //score/mw/com/test/find_any_semantics/integration_test:test_find_any_semantics.test_binary
py_test rule //score/mw/com/test/generic_proxy/integration_test:generic_proxy.test_binary
py_test rule //score/mw/com/test/generic_skeleton/integration_test:test_generic_generic_interaction.test_binary
py_test rule //score/mw/com/test/generic_skeleton/integration_test:test_generic_typed_interaction.test_binary
py_test rule //score/mw/com/test/inotify/integration_test:inotify.test_binary
py_test rule //score/mw/com/test/inotify_stress_test/integration_test:inotify_stress_test.test_binary
py_test rule //score/mw/com/test/loading_add_on_configuration/integration_test:test_add_on_loading.test_binary
py_test rule //score/mw/com/test/methods/basic_acceptance_test/integration_test:basic_acceptance_different_processes_test.test_binary
py_test rule //score/mw/com/test/methods/basic_acceptance_test/integration_test:basic_acceptance_same_process_test.test_binary
py_test rule //score/mw/com/test/methods/edge_cases_test/integration_test:disabled_method_test.test_binary
py_test rule //score/mw/com/test/methods/edge_cases_test/integration_test:incomplete_handlers_test.test_binary
py_test rule //score/mw/com/test/methods/edge_cases_test/integration_test:proxy_recreation_test.test_binary
py_test rule //score/mw/com/test/methods/edge_cases_test/integration_test:skeleton_recreation_test.test_binary
py_test rule //score/mw/com/test/methods/mixed_criticality/integration_test:asilb_consumer_asilb_provider_test.test_binary
py_test rule //score/mw/com/test/methods/mixed_criticality/integration_test:asilb_consumer_qm_provider_test.test_binary
py_test rule //score/mw/com/test/methods/mixed_criticality/integration_test:qm_consumer_asilb_provider_test.test_binary
py_test rule //score/mw/com/test/methods/mixed_criticality/integration_test:qm_consumer_qm_provider_test.test_binary
py_test rule //score/mw/com/test/methods/non_trivial_constructors/integration_test:non_trivial_constructors_test.test_binary
py_test rule //score/mw/com/test/methods/stop_offer_during_call/integration_test:stop_offer_during_call.test_binary
py_test rule //score/mw/com/test/move_semantics/proxy_method/integration_test:move_assign_after_method_call_different_process_test.test_binary
py_test rule //score/mw/com/test/move_semantics/proxy_method/integration_test:move_assign_after_method_call_same_process_test.test_binary
py_test rule //score/mw/com/test/move_semantics/proxy_method/integration_test:move_construct_after_method_call_different_process_test.test_binary
py_test rule //score/mw/com/test/move_semantics/proxy_method/integration_test:move_construct_after_method_call_same_process_test.test_binary
py_test rule //score/mw/com/test/move_semantics/skeleton_event/integration_test:move_assign_not_offered_skeleton_different_process_test.test_binary
py_test rule //score/mw/com/test/move_semantics/skeleton_event/integration_test:move_assign_not_offered_skeleton_same_process_test.test_binary
py_test rule //score/mw/com/test/move_semantics/skeleton_event/integration_test:move_assign_offered_skeleton_different_process_test.test_binary
py_test rule //score/mw/com/test/move_semantics/skeleton_event/integration_test:move_assign_offered_skeleton_same_process_test.test_binary
py_test rule //score/mw/com/test/move_semantics/skeleton_event/integration_test:move_construct_not_offered_skeleton_different_process_test.test_binary
py_test rule //score/mw/com/test/move_semantics/skeleton_event/integration_test:move_construct_not_offered_skeleton_same_process_test.test_binary
py_test rule //score/mw/com/test/move_semantics/skeleton_event/integration_test:move_construct_offered_skeleton_different_process_test.test_binary
py_test rule //score/mw/com/test/move_semantics/skeleton_event/integration_test:move_construct_offered_skeleton_same_process_test.test_binary
py_test rule //score/mw/com/test/move_semantics/skeleton_method/integration_test:move_assign_after_offered_skeleton_different_process_test.test_binary
py_test rule //score/mw/com/test/move_semantics/skeleton_method/integration_test:move_assign_after_offered_skeleton_same_process_test.test_binary
py_test rule //score/mw/com/test/move_semantics/skeleton_method/integration_test:move_assign_before_offered_skeleton_different_process_test.test_binary
py_test rule //score/mw/com/test/move_semantics/skeleton_method/integration_test:move_assign_before_offered_skeleton_same_process_test.test_binary
py_test rule //score/mw/com/test/move_semantics/skeleton_method/integration_test:move_construct_after_offered_skeleton_different_process_test.test_binary
py_test rule //score/mw/com/test/move_semantics/skeleton_method/integration_test:move_construct_after_offered_skeleton_same_process_test.test_binary
py_test rule //score/mw/com/test/move_semantics/skeleton_method/integration_test:move_construct_before_offered_skeleton_different_process_test.test_binary
py_test rule //score/mw/com/test/move_semantics/skeleton_method/integration_test:move_construct_before_offered_skeleton_same_process_test.test_binary
py_test rule //score/mw/com/test/multiple_proxies/integration_test:multiple_proxies.test_binary
py_test rule //score/mw/com/test/partial_restart/checks_number_of_allocations/integration_test:check_number_of_allocations.test_binary
py_test rule //score/mw/com/test/partial_restart/consumer_restart/integration_test:consumer_restart_graceful.test_binary
py_test rule //score/mw/com/test/partial_restart/consumer_restart/integration_test:consumer_restart_kill.test_binary
py_test rule //score/mw/com/test/partial_restart/provider_restart/integration_test:provider_restart_graceful.test_binary
py_test rule //score/mw/com/test/partial_restart/provider_restart/integration_test:provider_restart_graceful_no_proxy.test_binary
py_test rule //score/mw/com/test/partial_restart/provider_restart/integration_test:provider_restart_kill.test_binary
py_test rule //score/mw/com/test/partial_restart/provider_restart/integration_test:provider_restart_kill_no_proxy.test_binary
py_test rule //score/mw/com/test/partial_restart/provider_restart_max_subscribers/integration_test:provider_restart_max_subscribers_no_proxy.test_binary
py_test rule //score/mw/com/test/partial_restart/provider_restart_max_subscribers/integration_test:provider_restart_max_subscribers_with_proxy.test_binary
py_test rule //score/mw/com/test/partial_restart/proxy_restart_shall_not_affect_other_proxies/integration_test:proxy_restart_shall_not_affect_other_proxies_graceful.test_binary
py_test rule //score/mw/com/test/partial_restart/proxy_restart_shall_not_affect_other_proxies/integration_test:proxy_restart_shall_not_affect_other_proxies_kill.test_binary
py_test rule //score/mw/com/test/receive_handler_unsubscribe/integration_test:receive_handler_unsubscribe.test_binary
py_test rule //score/mw/com/test/receive_handler_usage/integration_test:test_receive_handler_usage.test_binary
py_test rule //score/mw/com/test/service_discovery_during_consumer_crash/integration_test:service_discovery_during_consumer_crash.test_binary
py_test rule //score/mw/com/test/service_discovery_during_provider_crash/integration_test:service_discovery_during_provider_crash.test_binary
py_test rule //score/mw/com/test/service_discovery_offer_and_search/integration_test:test_service_discovery_offer_and_search.test_binary
py_test rule //score/mw/com/test/service_discovery_search_and_offer/integration_test:test_service_discovery_search_and_offer.test_binary
py_test rule //score/mw/com/test/subscribe_handler/integration_test:subscribe_handler.test_binary
py_test rule //score/mw/com/test/unsubscribe_deadlock/integration_test:unsubscribe_deadlock.test_binary
genrule rule //score/mw/service:clang_tidy_extra_checks
cc_test rule //score/mw/service:multi_instance_holder_test_linux
sh_test rule //score/mw/service:multi_instance_holder_test_qnx
genrule rule //score/mw/service:multi_instance_holder_test_qnx_excluded_tests_filter
pkg_files rule //score/mw/service:multi_instance_holder_test_qnx_filter_file
pkg_filegroup rule //score/mw/service:multi_instance_holder_test_qnx_pkg
pkg_tar_impl rule //score/mw/service:multi_instance_holder_test_qnx_pkg_tar
sh_binary rule //score/mw/service:multi_instance_holder_test_qnx_shell
_get_so_libs rule //score/mw/service:multi_instance_holder_test_qnx_so_libs
pkg_files rule //score/mw/service:multi_instance_holder_test_qnx_so_libs_pkg
_get_test_and_data rule //score/mw/service:multi_instance_holder_test_qnx_test_and_data
pkg_files rule //score/mw/service:multi_instance_holder_test_qnx_test_and_runfiles
cc_test rule //score/mw/service:provided_services_container_test_linux
sh_test rule //score/mw/service:provided_services_container_test_qnx
genrule rule //score/mw/service:provided_services_container_test_qnx_excluded_tests_filter
pkg_files rule //score/mw/service:provided_services_container_test_qnx_filter_file
pkg_filegroup rule //score/mw/service:provided_services_container_test_qnx_pkg
pkg_tar_impl rule //score/mw/service:provided_services_container_test_qnx_pkg_tar
sh_binary rule //score/mw/service:provided_services_container_test_qnx_shell
_get_so_libs rule //score/mw/service:provided_services_container_test_qnx_so_libs
pkg_files rule //score/mw/service:provided_services_container_test_qnx_so_libs_pkg
_get_test_and_data rule //score/mw/service:provided_services_container_test_qnx_test_and_data
pkg_files rule //score/mw/service:provided_services_container_test_qnx_test_and_runfiles
cc_test rule //score/mw/service:proxy_container_test_linux
sh_test rule //score/mw/service:proxy_container_test_qnx
genrule rule //score/mw/service:proxy_container_test_qnx_excluded_tests_filter
pkg_files rule //score/mw/service:proxy_container_test_qnx_filter_file
pkg_filegroup rule //score/mw/service:proxy_container_test_qnx_pkg
pkg_tar_impl rule //score/mw/service:proxy_container_test_qnx_pkg_tar
sh_binary rule //score/mw/service:proxy_container_test_qnx_shell
_get_so_libs rule //score/mw/service:proxy_container_test_qnx_so_libs
pkg_files rule //score/mw/service:proxy_container_test_qnx_so_libs_pkg
_get_test_and_data rule //score/mw/service:proxy_container_test_qnx_test_and_data
pkg_files rule //score/mw/service:proxy_container_test_qnx_test_and_runfiles
cc_test rule //score/mw/service:proxy_future_test_linux
sh_test rule //score/mw/service:proxy_future_test_qnx
genrule rule //score/mw/service:proxy_future_test_qnx_excluded_tests_filter
pkg_files rule //score/mw/service:proxy_future_test_qnx_filter_file
pkg_filegroup rule //score/mw/service:proxy_future_test_qnx_pkg
pkg_tar_impl rule //score/mw/service:proxy_future_test_qnx_pkg_tar
sh_binary rule //score/mw/service:proxy_future_test_qnx_shell
_get_so_libs rule //score/mw/service:proxy_future_test_qnx_so_libs
pkg_files rule //score/mw/service:proxy_future_test_qnx_so_libs_pkg
_get_test_and_data rule //score/mw/service:proxy_future_test_qnx_test_and_data
pkg_files rule //score/mw/service:proxy_future_test_qnx_test_and_runfiles
cc_test rule //score/mw/service:proxy_needs_factory_test_linux
sh_test rule //score/mw/service:proxy_needs_factory_test_qnx
genrule rule //score/mw/service:proxy_needs_factory_test_qnx_excluded_tests_filter
pkg_files rule //score/mw/service:proxy_needs_factory_test_qnx_filter_file
pkg_filegroup rule //score/mw/service:proxy_needs_factory_test_qnx_pkg
pkg_tar_impl rule //score/mw/service:proxy_needs_factory_test_qnx_pkg_tar
sh_binary rule //score/mw/service:proxy_needs_factory_test_qnx_shell
_get_so_libs rule //score/mw/service:proxy_needs_factory_test_qnx_so_libs
pkg_files rule //score/mw/service:proxy_needs_factory_test_qnx_so_libs_pkg
_get_test_and_data rule //score/mw/service:proxy_needs_factory_test_qnx_test_and_data
pkg_files rule //score/mw/service:proxy_needs_factory_test_qnx_test_and_runfiles
cc_test rule //score/mw/service:proxy_needs_test_linux
sh_test rule //score/mw/service:proxy_needs_test_qnx
genrule rule //score/mw/service:proxy_needs_test_qnx_excluded_tests_filter
pkg_files rule //score/mw/service:proxy_needs_test_qnx_filter_file
pkg_filegroup rule //score/mw/service:proxy_needs_test_qnx_pkg
pkg_tar_impl rule //score/mw/service:proxy_needs_test_qnx_pkg_tar
sh_binary rule //score/mw/service:proxy_needs_test_qnx_shell
_get_so_libs rule //score/mw/service:proxy_needs_test_qnx_so_libs
pkg_files rule //score/mw/service:proxy_needs_test_qnx_so_libs_pkg
_get_test_and_data rule //score/mw/service:proxy_needs_test_qnx_test_and_data
pkg_files rule //score/mw/service:proxy_needs_test_qnx_test_and_runfiles
cc_test rule //score/mw/service:single_instance_holder_test_linux
sh_test rule //score/mw/service:single_instance_holder_test_qnx
genrule rule //score/mw/service:single_instance_holder_test_qnx_excluded_tests_filter
pkg_files rule //score/mw/service:single_instance_holder_test_qnx_filter_file
pkg_filegroup rule //score/mw/service:single_instance_holder_test_qnx_pkg
pkg_tar_impl rule //score/mw/service:single_instance_holder_test_qnx_pkg_tar
sh_binary rule //score/mw/service:single_instance_holder_test_qnx_shell
_get_so_libs rule //score/mw/service:single_instance_holder_test_qnx_so_libs
pkg_files rule //score/mw/service:single_instance_holder_test_qnx_so_libs_pkg
_get_test_and_data rule //score/mw/service:single_instance_holder_test_qnx_test_and_data
pkg_files rule //score/mw/service:single_instance_holder_test_qnx_test_and_runfiles
cc_test rule //score/mw/service/backend/common:port_identifier_checking_test_linux
sh_test rule //score/mw/service/backend/common:port_identifier_checking_test_qnx
genrule rule //score/mw/service/backend/common:port_identifier_checking_test_qnx_excluded_tests_filter
pkg_files rule //score/mw/service/backend/common:port_identifier_checking_test_qnx_filter_file
pkg_filegroup rule //score/mw/service/backend/common:port_identifier_checking_test_qnx_pkg
pkg_tar_impl rule //score/mw/service/backend/common:port_identifier_checking_test_qnx_pkg_tar
sh_binary rule //score/mw/service/backend/common:port_identifier_checking_test_qnx_shell
_get_so_libs rule //score/mw/service/backend/common:port_identifier_checking_test_qnx_so_libs
pkg_files rule //score/mw/service/backend/common:port_identifier_checking_test_qnx_so_libs_pkg
_get_test_and_data rule //score/mw/service/backend/common:port_identifier_checking_test_qnx_test_and_data
pkg_files rule //score/mw/service/backend/common:port_identifier_checking_test_qnx_test_and_runfiles
cc_test rule //score/mw/service/backend/common/test:instantiation_strategy_base_test_linux
sh_test rule //score/mw/service/backend/common/test:instantiation_strategy_base_test_qnx
genrule rule //score/mw/service/backend/common/test:instantiation_strategy_base_test_qnx_excluded_tests_filter
pkg_files rule //score/mw/service/backend/common/test:instantiation_strategy_base_test_qnx_filter_file
pkg_filegroup rule //score/mw/service/backend/common/test:instantiation_strategy_base_test_qnx_pkg
pkg_tar_impl rule //score/mw/service/backend/common/test:instantiation_strategy_base_test_qnx_pkg_tar
sh_binary rule //score/mw/service/backend/common/test:instantiation_strategy_base_test_qnx_shell
_get_so_libs rule //score/mw/service/backend/common/test:instantiation_strategy_base_test_qnx_so_libs
pkg_files rule //score/mw/service/backend/common/test:instantiation_strategy_base_test_qnx_so_libs_pkg
_get_test_and_data rule //score/mw/service/backend/common/test:instantiation_strategy_base_test_qnx_test_and_data
pkg_files rule //score/mw/service/backend/common/test:instantiation_strategy_base_test_qnx_test_and_runfiles
cc_test rule //score/mw/service/backend/common/test:multiple_immediate_instantiation_strategy_test_linux
sh_test rule //score/mw/service/backend/common/test:multiple_immediate_instantiation_strategy_test_qnx
genrule rule //score/mw/service/backend/common/test:multiple_immediate_instantiation_strategy_test_qnx_excluded_tests_filter
pkg_files rule //score/mw/service/backend/common/test:multiple_immediate_instantiation_strategy_test_qnx_filter_file
pkg_filegroup rule //score/mw/service/backend/common/test:multiple_immediate_instantiation_strategy_test_qnx_pkg
pkg_tar_impl rule //score/mw/service/backend/common/test:multiple_immediate_instantiation_strategy_test_qnx_pkg_tar
sh_binary rule //score/mw/service/backend/common/test:multiple_immediate_instantiation_strategy_test_qnx_shell
_get_so_libs rule //score/mw/service/backend/common/test:multiple_immediate_instantiation_strategy_test_qnx_so_libs
pkg_files rule //score/mw/service/backend/common/test:multiple_immediate_instantiation_strategy_test_qnx_so_libs_pkg
_get_test_and_data rule //score/mw/service/backend/common/test:multiple_immediate_instantiation_strategy_test_qnx_test_and_data
pkg_files rule //score/mw/service/backend/common/test:multiple_immediate_instantiation_strategy_test_qnx_test_and_runfiles
cc_test rule //score/mw/service/backend/common/test:single_immediate_instantiation_strategy_test_linux
sh_test rule //score/mw/service/backend/common/test:single_immediate_instantiation_strategy_test_qnx
genrule rule //score/mw/service/backend/common/test:single_immediate_instantiation_strategy_test_qnx_excluded_tests_filter
pkg_files rule //score/mw/service/backend/common/test:single_immediate_instantiation_strategy_test_qnx_filter_file
pkg_filegroup rule //score/mw/service/backend/common/test:single_immediate_instantiation_strategy_test_qnx_pkg
pkg_tar_impl rule //score/mw/service/backend/common/test:single_immediate_instantiation_strategy_test_qnx_pkg_tar
sh_binary rule //score/mw/service/backend/common/test:single_immediate_instantiation_strategy_test_qnx_shell
_get_so_libs rule //score/mw/service/backend/common/test:single_immediate_instantiation_strategy_test_qnx_so_libs
pkg_files rule //score/mw/service/backend/common/test:single_immediate_instantiation_strategy_test_qnx_so_libs_pkg
_get_test_and_data rule //score/mw/service/backend/common/test:single_immediate_instantiation_strategy_test_qnx_test_and_data
pkg_files rule //score/mw/service/backend/common/test:single_immediate_instantiation_strategy_test_qnx_test_and_runfiles
cc_test rule //score/mw/service/backend/mw_com:multiple_instantiation_strategy_test_linux
sh_test rule //score/mw/service/backend/mw_com:multiple_instantiation_strategy_test_qnx
genrule rule //score/mw/service/backend/mw_com:multiple_instantiation_strategy_test_qnx_excluded_tests_filter
pkg_files rule //score/mw/service/backend/mw_com:multiple_instantiation_strategy_test_qnx_filter_file
pkg_filegroup rule //score/mw/service/backend/mw_com:multiple_instantiation_strategy_test_qnx_pkg
pkg_tar_impl rule //score/mw/service/backend/mw_com:multiple_instantiation_strategy_test_qnx_pkg_tar
sh_binary rule //score/mw/service/backend/mw_com:multiple_instantiation_strategy_test_qnx_shell
_get_so_libs rule //score/mw/service/backend/mw_com:multiple_instantiation_strategy_test_qnx_so_libs
pkg_files rule //score/mw/service/backend/mw_com:multiple_instantiation_strategy_test_qnx_so_libs_pkg
_get_test_and_data rule //score/mw/service/backend/mw_com:multiple_instantiation_strategy_test_qnx_test_and_data
pkg_files rule //score/mw/service/backend/mw_com:multiple_instantiation_strategy_test_qnx_test_and_runfiles
cc_test rule //score/mw/service/backend/mw_com:proxy_holder_robustness_test_linux
sh_test rule //score/mw/service/backend/mw_com:proxy_holder_robustness_test_qnx
genrule rule //score/mw/service/backend/mw_com:proxy_holder_robustness_test_qnx_excluded_tests_filter
pkg_files rule //score/mw/service/backend/mw_com:proxy_holder_robustness_test_qnx_filter_file
pkg_filegroup rule //score/mw/service/backend/mw_com:proxy_holder_robustness_test_qnx_pkg
pkg_tar_impl rule //score/mw/service/backend/mw_com:proxy_holder_robustness_test_qnx_pkg_tar
sh_binary rule //score/mw/service/backend/mw_com:proxy_holder_robustness_test_qnx_shell
_get_so_libs rule //score/mw/service/backend/mw_com:proxy_holder_robustness_test_qnx_so_libs
pkg_files rule //score/mw/service/backend/mw_com:proxy_holder_robustness_test_qnx_so_libs_pkg
_get_test_and_data rule //score/mw/service/backend/mw_com:proxy_holder_robustness_test_qnx_test_and_data
pkg_files rule //score/mw/service/backend/mw_com:proxy_holder_robustness_test_qnx_test_and_runfiles
cc_test rule //score/mw/service/backend/mw_com:single_instantiation_strategy_test_linux
sh_test rule //score/mw/service/backend/mw_com:single_instantiation_strategy_test_qnx
genrule rule //score/mw/service/backend/mw_com:single_instantiation_strategy_test_qnx_excluded_tests_filter
pkg_files rule //score/mw/service/backend/mw_com:single_instantiation_strategy_test_qnx_filter_file
pkg_filegroup rule //score/mw/service/backend/mw_com:single_instantiation_strategy_test_qnx_pkg
pkg_tar_impl rule //score/mw/service/backend/mw_com:single_instantiation_strategy_test_qnx_pkg_tar
sh_binary rule //score/mw/service/backend/mw_com:single_instantiation_strategy_test_qnx_shell
_get_so_libs rule //score/mw/service/backend/mw_com:single_instantiation_strategy_test_qnx_so_libs
pkg_files rule //score/mw/service/backend/mw_com:single_instantiation_strategy_test_qnx_so_libs_pkg
_get_test_and_data rule //score/mw/service/backend/mw_com:single_instantiation_strategy_test_qnx_test_and_data
pkg_files rule //score/mw/service/backend/mw_com:single_instantiation_strategy_test_qnx_test_and_runfiles
cc_test rule //score/mw/service/details:proxy_builder_test_linux
sh_test rule //score/mw/service/details:proxy_builder_test_qnx
genrule rule //score/mw/service/details:proxy_builder_test_qnx_excluded_tests_filter
pkg_files rule //score/mw/service/details:proxy_builder_test_qnx_filter_file
pkg_filegroup rule //score/mw/service/details:proxy_builder_test_qnx_pkg
pkg_tar_impl rule //score/mw/service/details:proxy_builder_test_qnx_pkg_tar
sh_binary rule //score/mw/service/details:proxy_builder_test_qnx_shell
_get_so_libs rule //score/mw/service/details:proxy_builder_test_qnx_so_libs
pkg_files rule //score/mw/service/details:proxy_builder_test_qnx_so_libs_pkg
_get_test_and_data rule //score/mw/service/details:proxy_builder_test_qnx_test_and_data
pkg_files rule //score/mw/service/details:proxy_builder_test_qnx_test_and_runfiles
cc_test rule //score/mw/service/utils/shared_optional_proxy_holder:shared_optional_proxy_holder_test_linux
sh_test rule //score/mw/service/utils/shared_optional_proxy_holder:shared_optional_proxy_holder_test_qnx
genrule rule //score/mw/service/utils/shared_optional_proxy_holder:shared_optional_proxy_holder_test_qnx_excluded_tests_filter
pkg_files rule //score/mw/service/utils/shared_optional_proxy_holder:shared_optional_proxy_holder_test_qnx_filter_file
pkg_filegroup rule //score/mw/service/utils/shared_optional_proxy_holder:shared_optional_proxy_holder_test_qnx_pkg
pkg_tar_impl rule //score/mw/service/utils/shared_optional_proxy_holder:shared_optional_proxy_holder_test_qnx_pkg_tar
sh_binary rule //score/mw/service/utils/shared_optional_proxy_holder:shared_optional_proxy_holder_test_qnx_shell
_get_so_libs rule //score/mw/service/utils/shared_optional_proxy_holder:shared_optional_proxy_holder_test_qnx_so_libs
pkg_files rule //score/mw/service/utils/shared_optional_proxy_holder:shared_optional_proxy_holder_test_qnx_so_libs_pkg
_get_test_and_data rule //score/mw/service/utils/shared_optional_proxy_holder:shared_optional_proxy_holder_test_qnx_test_and_data
pkg_files rule //score/mw/service/utils/shared_optional_proxy_holder:shared_optional_proxy_holder_test_qnx_test_and_runfiles
alias rule //third_party/codeql:pip_requirements_test
alias rule //third_party/score_baselibs:bitmanipulation.serve
py_binary rule //third_party/score_baselibs:bitmanipulation_doc.serve
alias rule //third_party/score_baselibs:containers.serve
py_binary rule //third_party/score_baselibs:containers_doc.serve
alias rule //third_party/score_baselibs:futurecpp.serve
py_binary rule //third_party/score_baselibs:futurecpp_doc.serve
alias rule //third_party/score_baselibs:os.serve
py_binary rule //third_party/score_baselibs:os_doc.serve
alias rule //tools/review-checklists:requirements_test
