$TEST_TMPDIR defined, some defaults will be overridden
Extracting Bazel installation...
OpenJDK 64-Bit Server VM warning: Options -Xverify:none and -noverify were deprecated in JDK 13 and will likely be removed in a future release.
WARNING: The following configs were expanded more than once: [linux_x64_gcc_15]. For repeatable flags, repeats are counted twice and may lead to unexpected behavior.
Computing main repo mapping: 
Computing main repo mapping: 
Computing main repo mapping: 
Computing main repo mapping: 
Computing main repo mapping: 
Computing main repo mapping: 
Computing main repo mapping: 
Computing main repo mapping: 
Computing main repo mapping: 
Computing main repo mapping: 
Computing main repo mapping: 
Computing main repo mapping: 
Computing main repo mapping: 
Computing main repo mapping: 
Computing main repo mapping: 
Computing main repo mapping: 
Computing main repo mapping: 
Computing main repo mapping: 
Computing main repo mapping: 
Computing main repo mapping: 
Computing main repo mapping: 
Computing main repo mapping: 
Computing main repo mapping: 
Computing main repo mapping: 
Computing main repo mapping: 
Computing main repo mapping: 
WARNING: The following configs were expanded more than once: [linux_x64_gcc_15]. For repeatable flags, repeats are counted twice and may lead to unexpected behavior.
Computing main repo mapping: 
Computing main repo mapping: 
Computing main repo mapping: 
Computing main repo mapping: 
Computing main repo mapping: 
Computing main repo mapping: 
Computing main repo mapping: 
Computing main repo mapping: 
Computing main repo mapping: 
Computing main repo mapping: 
Computing main repo mapping: 
Computing main repo mapping: 
Computing main repo mapping: 
Computing main repo mapping: 
Computing main repo mapping: 
Computing main repo mapping: 
Computing main repo mapping: 
Computing main repo mapping: 
Computing main repo mapping: 
Computing main repo mapping: 
Computing main repo mapping: 
Computing main repo mapping: 
Computing main repo mapping: 
Computing main repo mapping: 
Computing main repo mapping: 
Computing main repo mapping: 
Computing main repo mapping: 
Computing main repo mapping: 
Computing main repo mapping: 
Computing main repo mapping: 
Computing main repo mapping: 
Computing main repo mapping: 
Computing main repo mapping: 
Computing main repo mapping: 
Loading: 
Loading: 5 packages loaded
Loading: 5 packages loaded
    currently loading: score/mw/com/test/basic_rust_api/consumer_async_apis ... (7 packages)
Loading: 5 packages loaded
    currently loading: score/mw/com/test/basic_rust_api/consumer_async_apis ... (7 packages)
Analyzing: 11 targets (12 packages loaded, 0 targets configured)
Analyzing: 11 targets (12 packages loaded, 0 targets configured)

Analyzing: 11 targets (83 packages loaded, 9 targets configured)

Analyzing: 11 targets (84 packages loaded, 9 targets configured)

Analyzing: 11 targets (88 packages loaded, 9 targets configured)

Analyzing: 11 targets (96 packages loaded, 9 targets configured)

Analyzing: 11 targets (96 packages loaded, 9 targets configured)

Analyzing: 11 targets (97 packages loaded, 9 targets configured)

Analyzing: 11 targets (99 packages loaded, 9 targets configured)

Analyzing: 11 targets (99 packages loaded, 9 targets configured)

Analyzing: 11 targets (101 packages loaded, 9 targets configured)

Analyzing: 11 targets (101 packages loaded, 9 targets configured)

Analyzing: 11 targets (101 packages loaded, 9 targets configured)

Analyzing: 11 targets (101 packages loaded, 9 targets configured)

Analyzing: 11 targets (101 packages loaded, 9 targets configured)

Analyzing: 11 targets (101 packages loaded, 9 targets configured)

Analyzing: 11 targets (101 packages loaded, 9 targets configured)

Analyzing: 11 targets (102 packages loaded, 9 targets configured)

Analyzing: 11 targets (102 packages loaded, 9 targets configured)

Analyzing: 11 targets (102 packages loaded, 9 targets configured)

Analyzing: 11 targets (102 packages loaded, 9 targets configured)

Analyzing: 11 targets (102 packages loaded, 9 targets configured)

Analyzing: 11 targets (102 packages loaded, 9 targets configured)

Analyzing: 11 targets (102 packages loaded, 9 targets configured)

Analyzing: 11 targets (102 packages loaded, 9 targets configured)

Analyzing: 11 targets (102 packages loaded, 9 targets configured)

Analyzing: 11 targets (102 packages loaded, 9 targets configured)

Analyzing: 11 targets (102 packages loaded, 9 targets configured)

Analyzing: 11 targets (102 packages loaded, 9 targets configured)

Analyzing: 11 targets (102 packages loaded, 9 targets configured)

Analyzing: 11 targets (102 packages loaded, 9 targets configured)

Analyzing: 11 targets (102 packages loaded, 9 targets configured)

Analyzing: 11 targets (102 packages loaded, 9 targets configured)

Analyzing: 11 targets (102 packages loaded, 9 targets configured)

Analyzing: 11 targets (102 packages loaded, 9 targets configured)

Analyzing: 11 targets (102 packages loaded, 9 targets configured)

Analyzing: 11 targets (102 packages loaded, 9 targets configured)

Analyzing: 11 targets (102 packages loaded, 9 targets configured)

Analyzing: 11 targets (102 packages loaded, 9 targets configured)

Analyzing: 11 targets (102 packages loaded, 9 targets configured)

Analyzing: 11 targets (102 packages loaded, 9 targets configured)

Analyzing: 11 targets (102 packages loaded, 9 targets configured)

Analyzing: 11 targets (102 packages loaded, 9 targets configured)

Analyzing: 11 targets (102 packages loaded, 9 targets configured)

Analyzing: 11 targets (103 packages loaded, 9 targets configured)

Analyzing: 11 targets (103 packages loaded, 9 targets configured)

Analyzing: 11 targets (103 packages loaded, 9 targets configured)

Analyzing: 11 targets (103 packages loaded, 9 targets configured)

Analyzing: 11 targets (103 packages loaded, 9 targets configured)

Analyzing: 11 targets (103 packages loaded, 9 targets configured)

Analyzing: 11 targets (103 packages loaded, 9 targets configured)

Analyzing: 11 targets (103 packages loaded, 9 targets configured)

Analyzing: 11 targets (103 packages loaded, 9 targets configured)

Analyzing: 11 targets (103 packages loaded, 9 targets configured)

Analyzing: 11 targets (103 packages loaded, 9 targets configured)

Analyzing: 11 targets (103 packages loaded, 9 targets configured)

Analyzing: 11 targets (103 packages loaded, 9 targets configured)

Analyzing: 11 targets (103 packages loaded, 9 targets configured)

Analyzing: 11 targets (103 packages loaded, 9 targets configured)

Analyzing: 11 targets (103 packages loaded, 9 targets configured)

Analyzing: 11 targets (103 packages loaded, 9 targets configured)

Analyzing: 11 targets (103 packages loaded, 9 targets configured)

Analyzing: 11 targets (103 packages loaded, 9 targets configured)

Analyzing: 11 targets (103 packages loaded, 9 targets configured)

Analyzing: 11 targets (103 packages loaded, 9 targets configured)

Analyzing: 11 targets (103 packages loaded, 9 targets configured)

Analyzing: 11 targets (103 packages loaded, 9 targets configured)

Analyzing: 11 targets (103 packages loaded, 9 targets configured)

Analyzing: 11 targets (103 packages loaded, 9 targets configured)

Analyzing: 11 targets (103 packages loaded, 9 targets configured)

Analyzing: 11 targets (103 packages loaded, 9 targets configured)

Analyzing: 11 targets (103 packages loaded, 9 targets configured)

Analyzing: 11 targets (103 packages loaded, 9 targets configured)

Analyzing: 11 targets (103 packages loaded, 9 targets configured)

Analyzing: 11 targets (103 packages loaded, 9 targets configured)

Analyzing: 11 targets (103 packages loaded, 9 targets configured)

Analyzing: 11 targets (103 packages loaded, 9 targets configured)

Analyzing: 11 targets (103 packages loaded, 9 targets configured)

Analyzing: 11 targets (144 packages loaded, 250 targets configured)

Analyzing: 11 targets (164 packages loaded, 3158 targets configured)

Analyzing: 11 targets (164 packages loaded, 3158 targets configured)

Analyzing: 11 targets (164 packages loaded, 3158 targets configured)

Analyzing: 11 targets (164 packages loaded, 3158 targets configured)

Analyzing: 11 targets (164 packages loaded, 3158 targets configured)

Analyzing: 11 targets (164 packages loaded, 3158 targets configured)

Analyzing: 11 targets (164 packages loaded, 3158 targets configured)

Analyzing: 11 targets (164 packages loaded, 3158 targets configured)

Analyzing: 11 targets (164 packages loaded, 3158 targets configured)

Analyzing: 11 targets (164 packages loaded, 3158 targets configured)

Analyzing: 11 targets (164 packages loaded, 3158 targets configured)

Analyzing: 11 targets (164 packages loaded, 3158 targets configured)

Analyzing: 11 targets (164 packages loaded, 3158 targets configured)

Analyzing: 11 targets (164 packages loaded, 3158 targets configured)

Analyzing: 11 targets (164 packages loaded, 3158 targets configured)

Analyzing: 11 targets (164 packages loaded, 3158 targets configured)

Analyzing: 11 targets (164 packages loaded, 3158 targets configured)

Analyzing: 11 targets (164 packages loaded, 3158 targets configured)

Analyzing: 11 targets (164 packages loaded, 3158 targets configured)

Analyzing: 11 targets (164 packages loaded, 3158 targets configured)

Analyzing: 11 targets (164 packages loaded, 3158 targets configured)

Analyzing: 11 targets (164 packages loaded, 3158 targets configured)

Analyzing: 11 targets (164 packages loaded, 3158 targets configured)

Analyzing: 11 targets (164 packages loaded, 3158 targets configured)

Analyzing: 11 targets (164 packages loaded, 3158 targets configured)

Analyzing: 11 targets (164 packages loaded, 3158 targets configured)

Analyzing: 11 targets (164 packages loaded, 3158 targets configured)

Analyzing: 11 targets (164 packages loaded, 3158 targets configured)

Analyzing: 11 targets (164 packages loaded, 3158 targets configured)

Analyzing: 11 targets (164 packages loaded, 3158 targets configured)

Analyzing: 11 targets (164 packages loaded, 3158 targets configured)

Analyzing: 11 targets (164 packages loaded, 3158 targets configured)

Analyzing: 11 targets (164 packages loaded, 3158 targets configured)

Analyzing: 11 targets (164 packages loaded, 3158 targets configured)

Analyzing: 11 targets (164 packages loaded, 3158 targets configured)

Analyzing: 11 targets (164 packages loaded, 3158 targets configured)

Analyzing: 11 targets (164 packages loaded, 3158 targets configured)

Analyzing: 11 targets (164 packages loaded, 3158 targets configured)

Analyzing: 11 targets (164 packages loaded, 3158 targets configured)

Analyzing: 11 targets (164 packages loaded, 3158 targets configured)

Analyzing: 11 targets (164 packages loaded, 3158 targets configured)

Analyzing: 11 targets (164 packages loaded, 3158 targets configured)

Analyzing: 11 targets (164 packages loaded, 3158 targets configured)

Analyzing: 11 targets (164 packages loaded, 3158 targets configured)

Analyzing: 11 targets (164 packages loaded, 3158 targets configured)

Analyzing: 11 targets (164 packages loaded, 3158 targets configured)

Analyzing: 11 targets (164 packages loaded, 3158 targets configured)

Analyzing: 11 targets (164 packages loaded, 3158 targets configured)

Analyzing: 11 targets (164 packages loaded, 3158 targets configured)

Analyzing: 11 targets (164 packages loaded, 3158 targets configured)

Analyzing: 11 targets (164 packages loaded, 3158 targets configured)

Analyzing: 11 targets (164 packages loaded, 3158 targets configured)

Analyzing: 11 targets (164 packages loaded, 3158 targets configured)

Analyzing: 11 targets (164 packages loaded, 3158 targets configured)

Analyzing: 11 targets (164 packages loaded, 3158 targets configured)

Analyzing: 11 targets (164 packages loaded, 3158 targets configured)

Analyzing: 11 targets (164 packages loaded, 3158 targets configured)

Analyzing: 11 targets (164 packages loaded, 3158 targets configured)

Analyzing: 11 targets (164 packages loaded, 3158 targets configured)

Analyzing: 11 targets (164 packages loaded, 3158 targets configured)

Analyzing: 11 targets (164 packages loaded, 3158 targets configured)

Analyzing: 11 targets (164 packages loaded, 3158 targets configured)

Analyzing: 11 targets (164 packages loaded, 3158 targets configured)

Analyzing: 11 targets (164 packages loaded, 3158 targets configured)

Analyzing: 11 targets (164 packages loaded, 3158 targets configured)

Analyzing: 11 targets (165 packages loaded, 3161 targets configured)

Analyzing: 11 targets (275 packages loaded, 10985 targets configured)

DEBUG: Rule 'score_baselibs++_repo_rules+acl-deb' indicated that a canonical reproducible form can be obtained by modifying arguments integrity = "sha256-5AjUxw54AQdOpFkYAgilQtVPVjibpIU3BDTy0A6VCYA=" and dropping ["visibility"]
DEBUG: Repository score_baselibs++_repo_rules+acl-deb instantiated at:
  <builtin>: in <toplevel>
Repository rule deb defined at:
  /media/jefferson/11c42dee-73a3-4c2b-ab42-a0440011d9e0/.s-core-build/runs/score-rust-560-resume-wm0jdkb8/bazel-output/026af5ed3e57fbbf5761fbe54f0bba4a/external/download_utils+/download/deb/repository.bzl:78:22: in <toplevel>
Analyzing: 11 targets (349 packages loaded, 14029 targets configured)

INFO: Analyzed 11 targets (389 packages loaded, 15524 targets configured).
[1 / 490] [Prepa] Symlinking virtual headers for @score_baselibs//score/static_reflection_with_serialization/visitor:visitor
[101 / 1,311] [Prepa] Creating symlink external/score_toolchains_rust++ferrocene_toolchain_ext+ferrocene_x86_64_unknown_linux_gnu/rust_ferrocene/lib/rustlib/x86_64-unknown-linux-gnu/lib/librustc_std_workspace_core-e7717284bfa6a933.rlib [for tool]
[125 / 1,345] Compiling score/result/error_domain.cpp; 0s linux-sandbox ... (2 actions, 1 running)
[152 / 1,345] Compiling score/language/futurecpp/src/hash.cpp; 0s linux-sandbox ... (2 actions, 1 running)
[158 / 1,345] Compiling score/language/futurecpp/src/jthread.cpp; 0s linux-sandbox ... (2 actions, 1 running)
[163 / 1,345] Compiling score/language/futurecpp/src/stop_token.cpp; 0s linux-sandbox ... (2 actions, 1 running)
[170 / 1,345] Compiling score/language/futurecpp/src/string.cpp; 0s linux-sandbox ... (2 actions, 1 running)
[178 / 1,345] Compiling score/filesystem/path.cpp; 0s linux-sandbox ... (2 actions, 1 running)
[188 / 1,345] Compiling score/string_manipulation/split_string_view.cpp; 0s linux-sandbox ... (2 actions, 1 running)
[205 / 1,345] Compiling score/mw/com/impl/subscription_state_change_handler.cpp; 0s linux-sandbox ... (2 actions, 1 running)
[208 / 1,345] Compiling score/containers/dynamic_array.cpp; 0s linux-sandbox ... (2 actions running)
[213 / 1,345] Compiling score/mw/com/impl/find_service_handler.cpp; 0s linux-sandbox ... (2 actions running)
[216 / 1,345] Compiling score/mw/com/impl/plumbing/binding_factory_error.cpp; 0s linux-sandbox ... (2 actions, 1 running)
[220 / 1,345] Compiling score/mw/com/impl/mocking/i_skeleton_base.cpp; 0s linux-sandbox ... (2 actions, 1 running)
[224 / 1,345] Compiling score/concurrency/notification.cpp; 0s linux-sandbox ... (2 actions, 1 running)
[227 / 1,345] Compiling score/mw/com/impl/configuration/configuration_error.cpp; 0s linux-sandbox ... (2 actions, 1 running)
INFO: From Compiling score/mw/com/impl/com_error.cpp:
In file included from score/mw/com/impl/com_error.cpp:13:
./score/mw/com/impl/com_error.h: In member function 'virtual std::string_view score::mw::com::impl::ComErrorDomain::MessageFor(const score::result::ErrorCode&) const':
./score/mw/com/impl/com_error.h:186:65: warning: 'score::mw::com::impl::ComErrc::kServiceInstanceAlreadyOffered' is deprecated: Value has never been used. Calls to OfferService shall be idempotent. [-Wdeprecated-declarations]
  186 |             case static_cast<score::result::ErrorCode>(ComErrc::kServiceInstanceAlreadyOffered):
      |                                                                 ^~~~~~~~~~~~~~~~~~~~~~~~~~~~~~
./score/mw/com/impl/com_error.h:57:5: note: declared here
   57 |     kServiceInstanceAlreadyOffered
      |     ^~~~~~~~~~~~~~~~~~~~~~~~~~~~~~
[231 / 1,345] Compiling score/mw/com/impl/error_serializer.cpp; 0s linux-sandbox ... (2 actions, 1 running)
INFO: From Compiling score/mw/com/impl/error_serializer.cpp:
In file included from score/mw/com/impl/error_serializer.cpp:16:
./score/mw/com/impl/com_error.h: In member function 'virtual std::string_view score::mw::com::impl::ComErrorDomain::MessageFor(const score::result::ErrorCode&) const':
./score/mw/com/impl/com_error.h:186:65: warning: 'score::mw::com::impl::ComErrc::kServiceInstanceAlreadyOffered' is deprecated: Value has never been used. Calls to OfferService shall be idempotent. [-Wdeprecated-declarations]
  186 |             case static_cast<score::result::ErrorCode>(ComErrc::kServiceInstanceAlreadyOffered):
      |                                                                 ^~~~~~~~~~~~~~~~~~~~~~~~~~~~~~
./score/mw/com/impl/com_error.h:57:5: note: declared here
   57 |     kServiceInstanceAlreadyOffered
      |     ^~~~~~~~~~~~~~~~~~~~~~~~~~~~~~
[235 / 1,345] Compiling score/json/internal/model/any.cpp; 0s linux-sandbox ... (2 actions, 1 running)
[237 / 1,345] Compiling score/json/internal/model/any.cpp; 1s linux-sandbox ... (2 actions running)
[243 / 1,345] Compiling score/json/internal/model/lossless_cast.cpp; 0s linux-sandbox ... (2 actions, 1 running)
[247 / 1,345] Compiling score/json/internal/model/number.cpp; 0s linux-sandbox
[250 / 1,345] Compiling score/language/safecpp/scoped_function/copyable_scoped_function.cpp; 0s linux-sandbox ... (2 actions, 1 running)
[252 / 1,345] Compiling score/json/internal/parser/nlohmann/json_builder.cpp; 1s linux-sandbox ... (2 actions, 1 running)
[253 / 1,345] Compiling score/json/internal/parser/nlohmann/json_builder.cpp; 2s linux-sandbox ... (2 actions running)
[256 / 1,345] Compiling score/json/internal/parser/nlohmann/nlohmann_parser.cpp; 1s linux-sandbox ... (2 actions running)
[257 / 1,345] Compiling score/json/internal/parser/nlohmann/nlohmann_parser.cpp; 2s linux-sandbox ... (2 actions running)
[260 / 1,345] Compiling score/json/json_parser.cpp; 0s linux-sandbox ... (2 actions, 1 running)
[262 / 1,345] Compiling score/json/internal/writer/json_serialize/json_serialize.cpp; 1s linux-sandbox ... (2 actions, 1 running)
[266 / 1,345] Compiling score/concurrency/timed_executor/delayed_task.cpp; 0s linux-sandbox ... (2 actions, 1 running)
[269 / 1,345] Compiling score/concurrency/timed_executor/timed_executor.cpp; 0s linux-sandbox ... (2 actions, 1 running)
[271 / 1,345] Compiling score/language/safecpp/safe_math/return_mode.cpp; 0s linux-sandbox ... (2 actions running)
[274 / 1,345] Compiling score/language/safecpp/safe_math/details/floating_point_environment.cpp; 0s linux-sandbox ... (2 actions, 1 running)
[276 / 1,345] Compiling score/language/safecpp/safe_math/details/addition_subtraction/addition_subtraction.cpp; 0s linux-sandbox ... (2 actions running)
[280 / 1,345] Compiling score/memory/shared/managed_memory_resource.cpp; 0s linux-sandbox ... (2 actions, 1 running)
[283 / 1,345] Compiling score/mw/com/impl/data_type_meta_info.cpp; 0s linux-sandbox ... (2 actions, 1 running)
INFO: From Compiling score/mw/com/impl/data_type_meta_info.cpp:
In file included from score/mw/com/impl/data_type_meta_info.cpp:15:
./score/mw/com/impl/com_error.h: In member function 'virtual std::string_view score::mw::com::impl::ComErrorDomain::MessageFor(const score::result::ErrorCode&) const':
./score/mw/com/impl/com_error.h:186:65: warning: 'score::mw::com::impl::ComErrc::kServiceInstanceAlreadyOffered' is deprecated: Value has never been used. Calls to OfferService shall be idempotent. [-Wdeprecated-declarations]
  186 |             case static_cast<score::result::ErrorCode>(ComErrc::kServiceInstanceAlreadyOffered):
      |                                                                 ^~~~~~~~~~~~~~~~~~~~~~~~~~~~~~
./score/mw/com/impl/com_error.h:57:5: note: declared here
   57 |     kServiceInstanceAlreadyOffered
      |     ^~~~~~~~~~~~~~~~~~~~~~~~~~~~~~
[288 / 1,345] Compiling score/os/glob_impl.cpp; 0s linux-sandbox ... (2 actions, 1 running)
[293 / 1,345] Compiling score/os/utils/inotify/inotify_instance.cpp; 0s linux-sandbox ... (2 actions, 1 running)
[296 / 1,345] Compiling score/mw/log/detail/composite_recorder.cpp; 0s linux-sandbox ... (2 actions, 1 running)
[297 / 1,345] Compiling score/os/socket_impl.cpp; 1s linux-sandbox ... (2 actions running)
[300 / 1,345] Compiling score/mw/log/log_stream_error.cpp; 0s linux-sandbox ... (2 actions, 1 running)
[303 / 1,345] Compiling score/os/acl_impl.cpp; 0s linux-sandbox ... (2 actions, 1 running)
[306 / 1,345] Compiling score/os/utils/acl/access_control_list.cpp; 1s linux-sandbox ... (2 actions, 1 running)
[309 / 1,345] Compiling score/mw/log/detail/verbose_payload.cpp; 0s linux-sandbox ... (2 actions running)
[311 / 1,345] Compiling score/memory/shared/i_shared_memory_resource.cpp; 0s linux-sandbox ... (2 actions running)
[314 / 1,345] Compiling score/mw/log/logger_container.cpp; 0s linux-sandbox ... (2 actions, 1 running)
[316 / 1,345] Compiling score/mw/log/logging.cpp; 0s linux-sandbox ... (2 actions running)
[320 / 1,345] Compiling score/os/stdio_impl.cpp; 0s linux-sandbox ... (2 actions, 1 running)
[323 / 1,345] Compiling score/mw/log/detail/text_recorder/text_format.cpp; 0s linux-sandbox ... (2 actions, 1 running)
[325 / 1,345] Compiling score/os/pthread.cpp; 0s linux-sandbox ... (2 actions, 1 running)
[327 / 1,345] Compiling score/mw/log/configuration/configuration.cpp; 0s linux-sandbox ... (2 actions, 1 running)
[328 / 1,345] Compiling score/os/stdlib.cpp; 1s linux-sandbox ... (2 actions, 1 running)
[330 / 1,345] Compiling score/os/stdlib_impl.cpp; 0s linux-sandbox ... (2 actions running)
[333 / 1,345] Compiling score/os/libgen.cpp; 0s linux-sandbox ... (2 actions, 1 running)
[383 / 1,345] Compiling score/os/unistd.cpp; 0s linux-sandbox ... (2 actions, 1 running)
[430 / 1,345] Compiling score/os/unistd.cpp; 1s linux-sandbox ... (2 actions, 1 running)
[476 / 1,345] Compiling score/os/utils/signal_impl.cpp; 0s linux-sandbox ... (2 actions, 1 running)
[514 / 1,345] Compiling score/message_passing/unix_domain/unix_domain_client_factory.cpp; 1s linux-sandbox ... (2 actions running)
[520 / 1,345] Compiling score/message_passing/unix_domain/unix_domain_engine.cpp; 0s linux-sandbox ... (2 actions, 1 running)
[524 / 1,345] Compiling score/message_passing/unix_domain/unix_domain_engine.cpp; 1s linux-sandbox ... (2 actions, 1 running)
[530 / 1,345] Compiling score/concurrency/timed_executor/periodic_task.cpp; 1s linux-sandbox ... (2 actions running)
[535 / 1,345] Compiling score/os/utils/interprocess/interprocess_conditional_variable.cpp; 0s linux-sandbox ... (2 actions running)
[538 / 1,345] Compiling score/message_passing/message_passing.cpp; 1s linux-sandbox ... (2 actions, 1 running)
[541 / 1,345] Compiling score/concurrency/long_running_threads_container.cpp; 1s linux-sandbox ... (2 actions running)
[542 / 1,345] Compiling score/concurrency/long_running_threads_container.cpp; 2s linux-sandbox ... (2 actions running)
[552 / 1,345] Compiling score/mw/log/detail/text_recorder/non_blocking_writer.cpp; 1s linux-sandbox ... (2 actions running)
[558 / 1,345] Compiling score/os/stat.cpp; 0s linux-sandbox ... (2 actions running)
[562 / 1,345] Compiling score/concurrency/thread_pool.cpp; 1s linux-sandbox ... (2 actions, 1 running)
[564 / 1,345] Compiling score/memory/shared/typedshm/utils/typed_memory_utils.cpp; 1s linux-sandbox ... (2 actions, 1 running)
[567 / 1,345] Compiling score/os/linux_pthread.cpp; 1s linux-sandbox ... (2 actions running)
[571 / 1,345] Compiling score/concurrency/condition_variable.cpp; 0s linux-sandbox ... (2 actions running)
[572 / 1,345] Compiling score/filesystem/details/standard_filesystem.cpp; 1s linux-sandbox ... (2 actions, 1 running)
[574 / 1,345] Compiling score/concurrency/future/interruptible_state.cpp; 1s linux-sandbox ... (2 actions, 1 running)
[575 / 1,345] Compiling score/filesystem/i_standard_filesystem.cpp; 1s linux-sandbox ... (2 actions, 1 running)
[576 / 1,345] Compiling score/concurrency/interruptible_wait.cpp; 1s linux-sandbox ... (2 actions running)
[579 / 1,345] Compiling score/concurrency/future/interruptible_future.cpp; 0s linux-sandbox ... (2 actions running)
[580 / 1,345] Compiling score/concurrency/future/interruptible_future.cpp; 1s linux-sandbox ... (2 actions, 1 running)
[582 / 1,345] Compiling score/filesystem/iterator/recursive_directory_iterator.cpp; 1s linux-sandbox ... (2 actions, 1 running)
[585 / 1,345] Compiling score/concurrency/future/base_interruptible_state.cpp; 1s linux-sandbox ... (2 actions, 1 running)
[587 / 1,345] Compiling score/mw/com/impl/tracing/service_element_tracing_data.cpp; 1s linux-sandbox ... (2 actions running)
[589 / 1,345] Compiling score/concurrency/future/base_interruptible_promise.cpp; 1s linux-sandbox ... (2 actions running)
[593 / 1,345] Compiling score/mw/log/configuration/configuration_file_discoverer.cpp; 0s linux-sandbox ... (2 actions, 1 running)
[596 / 1,345] Compiling score/mw/log/configuration/target_config_reader.cpp; 0s linux-sandbox ... (2 actions, 1 running)
[597 / 1,345] Compiling score/mw/log/configuration/target_config_reader.cpp; 1s linux-sandbox ... (2 actions running)
[600 / 1,345] Compiling score/concurrency/task_result.cpp; 1s linux-sandbox ... (2 actions, 1 running)
[603 / 1,345] Compiling score/mw/log/detail/registry_aware_recorder_factory.cpp; 1s linux-sandbox ... (2 actions running)
[605 / 1,345] Compiling score/concurrency/executor.cpp; 0s linux-sandbox ... (2 actions, 1 running)
[607 / 1,345] Compiling score/filesystem/filestream/file_buf.cpp; 1s linux-sandbox ... (2 actions, 1 running)
[610 / 1,345] Compiling score/filesystem/filestream/file_factory.cpp; 0s linux-sandbox ... (2 actions, 1 running)
[612 / 1,345] Compiling score/filesystem/filestream/file_factory.cpp; 1s linux-sandbox ... (2 actions, 1 running)
[615 / 1,345] Compiling score/os/socket.cpp; 1s linux-sandbox ... (2 actions, 1 running)
[619 / 1,345] Compiling score/filesystem/filestream/i_file_factory.cpp; 1s linux-sandbox ... (2 actions, 1 running)
[623 / 1,345] Compiling score/os/fcntl.cpp; 1s linux-sandbox ... (2 actions running)
[626 / 1,345] Compiling score/message_passing/client_connection.cpp; 0s linux-sandbox ... (2 actions, 1 running)
[628 / 1,345] Compiling score/message_passing/client_connection.cpp; 1s linux-sandbox ... (2 actions, 1 running)
[632 / 1,345] Compiling score/message_passing/unix_domain/unix_domain_server.cpp; 0s linux-sandbox ... (2 actions, 1 running)
[633 / 1,345] Compiling score/message_passing/unix_domain/unix_domain_server.cpp; 1s linux-sandbox ... (2 actions running)
[642 / 1,345] Compiling score/os/utils/abortable_blocking_reader.cpp; 0s linux-sandbox ... (2 actions, 1 running)
[648 / 1,345] Compiling score/os/utils/inotify/inotify_instance_impl.cpp; 0s linux-sandbox ... (2 actions, 1 running)
[650 / 1,345] Compiling score/analysis/tracing/generic_trace_library/interface_types/chunk_list/local_data_chunk_list.cpp; 0s linux-sandbox ... (2 actions, 1 running)
[652 / 1,345] Compiling score/filesystem/file_utils/file_utils.cpp; 1s linux-sandbox ... (2 actions running)
[656 / 1,345] Compiling score/filesystem/file_utils/i_file_utils.cpp; 1s linux-sandbox ... (2 actions, 1 running)
[660 / 1,345] Compiling score/filesystem/filesystem_struct.cpp; 1s linux-sandbox ... (2 actions, 1 running)
[663 / 1,345] Compiling score/memory/shared/i_shared_memory_factory.cpp; 1s linux-sandbox ... (2 actions running)
[670 / 1,345] Compiling score/os/libgen_impl.cpp; 0s linux-sandbox ... (2 actions running)
[674 / 1,345] Compiling score/mw/log/backend_table.cpp; 0s linux-sandbox ... (2 actions, 1 running)
[677 / 1,345] Compiling score/mw/log/detail/log_record.cpp; 0s linux-sandbox ... (2 actions, 1 running)
[681 / 1,345] Compiling score/mw/log/detail/text_recorder/slot_drainer.cpp; 1s linux-sandbox ... (2 actions running)
[683 / 1,345] Compiling score/mw/log/runtime.cpp; 1s linux-sandbox ... (2 actions running)
[686 / 1,345] Compiling score/mw/log/detail/text_recorder/text_recorder.cpp; 0s linux-sandbox ... (2 actions, 1 running)
[688 / 1,345] Compiling score/mw/log/detail/text_recorder/text_recorder.cpp; 1s linux-sandbox ... (2 actions, 1 running)
[693 / 1,345] Compiling score/mw/log/detail/text_recorder/console_recorder_factory.cpp; 1s linux-sandbox ... (2 actions running)
[697 / 1,345] Compiling score/language/safecpp/safe_math/safe_math.cpp; 0s linux-sandbox ... (2 actions running)
[700 / 1,345] Compiling score/json/json_writer.cpp; 0s linux-sandbox ... (2 actions, 1 running)
[702 / 1,345] Compiling score/mw/com/impl/configuration/global_configuration.cpp; 1s linux-sandbox ... (2 actions, 1 running)
[706 / 1,345] Compiling score/mw/com/runtime_configuration.cpp; 1s linux-sandbox ... (2 actions, 1 running)
INFO: From Compiling score/mw/com/impl/instance_specifier.cpp:
In file included from score/mw/com/impl/instance_specifier.cpp:15:
./score/mw/com/impl/com_error.h: In member function 'virtual std::string_view score::mw::com::impl::ComErrorDomain::MessageFor(const score::result::ErrorCode&) const':
./score/mw/com/impl/com_error.h:186:65: warning: 'score::mw::com::impl::ComErrc::kServiceInstanceAlreadyOffered' is deprecated: Value has never been used. Calls to OfferService shall be idempotent. [-Wdeprecated-declarations]
  186 |             case static_cast<score::result::ErrorCode>(ComErrc::kServiceInstanceAlreadyOffered):
      |                                                                 ^~~~~~~~~~~~~~~~~~~~~~~~~~~~~~
./score/mw/com/impl/com_error.h:57:5: note: declared here
   57 |     kServiceInstanceAlreadyOffered
      |     ^~~~~~~~~~~~~~~~~~~~~~~~~~~~~~
[716 / 1,345] Compiling Rust (without process_wrapper) rlib tinyjson (4 files) [for tool]; 0s linux-sandbox ... (2 actions, 1 running)
[719 / 1,345] Compiling Rust (without process_wrapper) rlib tinyjson (4 files) [for tool]; 2s linux-sandbox ... (2 actions running)
[722 / 1,345] Compiling Rust (without process_wrapper) bin process_wrapper (6 files) [for tool]; 1s linux-sandbox ... (2 actions running)
[723 / 1,345] Compiling Rust (without process_wrapper) bin process_wrapper (6 files) [for tool]; 2s linux-sandbox ... (2 actions, 1 running)
[727 / 1,345] Compiling Rust rlib score_log_fmt (8 files) [for tool]; 0s linux-sandbox ... (2 actions, 1 running)
[731 / 1,345] Compiling Rust rlib writeable v0.5.5 (12 files) [for tool]; 0s linux-sandbox ... (2 actions, 1 running)
[738 / 1,345] Compiling score/mw/com/impl/bindings/lola/methods/unique_method_identifier.cpp; 1s linux-sandbox ... (2 actions running)
[742 / 1,345] Compiling score/mw/com/impl/sample_allocatee_tracker.cpp; 0s linux-sandbox ... (2 actions running)
[745 / 1,345] Compiling Rust bin runner (1 file) [for tool]; 2s linux-sandbox ... (2 actions, 1 running)
[748 / 1,345] Compiling score/mw/com/impl/tracing/configuration/service_element_identifier_view.cpp; 1s linux-sandbox ... (2 actions, 1 running)
[751 / 1,345] Compiling Rust bin _bs_ (17 files) [for tool]; 0s linux-sandbox ... (2 actions running)
[757 / 1,345] Compiling score/mw/com/impl/tracing/configuration/trace_point_key.cpp; 0s linux-sandbox ... (2 actions, 1 running)
[762 / 1,345] Compiling Rust rlib winnow v0.7.2 (93 files) [for tool]; 1s linux-sandbox ... (2 actions, 1 running)
[763 / 1,345] Compiling Rust rlib winnow v0.7.2 (93 files) [for tool]; 2s linux-sandbox ... (2 actions running)
[765 / 1,345] Compiling Rust rlib winnow v0.7.2 (93 files) [for tool]; 3s linux-sandbox ... (2 actions running)
[769 / 1,345] Compiling score/mw/com/impl/configuration/tracing_configuration.cpp; 1s linux-sandbox ... (2 actions, 1 running)
[772 / 1,345] Compiling Rust rlib indexmap v2.7.1 (30 files) [for tool]; 1s linux-sandbox ... (2 actions running)
[776 / 1,345] Compiling score/mw/com/impl/configuration/service_version_type.cpp; 0s linux-sandbox ... (2 actions running)
[777 / 1,345] Compiling Rust rlib proc_macro2 v1.0.93 (17 files) [for tool]; 2s linux-sandbox ... (2 actions, 1 running)
[780 / 1,345] Compiling score/mw/com/impl/configuration/lola_event_instance_deployment.cpp; 1s linux-sandbox ... (2 actions, 1 running)
[780 / 1,345] Compiling score/mw/com/impl/configuration/lola_event_instance_deployment.cpp; 2s linux-sandbox ... (2 actions running)
[782 / 1,345] Compiling Rust rlib syn v2.0.98 (96 files) [for tool]; 2s linux-sandbox ... (2 actions running)
[783 / 1,345] Compiling Rust rlib syn v2.0.98 (96 files) [for tool]; 3s linux-sandbox ... (2 actions, 1 running)
[784 / 1,345] Compiling Rust rlib syn v2.0.98 (96 files) [for tool]; 5s linux-sandbox ... (2 actions running)
[785 / 1,345] Compiling Rust rlib syn v2.0.98 (96 files) [for tool]; 7s linux-sandbox ... (2 actions, 1 running)
[786 / 1,345] Compiling Rust rlib syn v2.0.98 (96 files) [for tool]; 9s linux-sandbox ... (2 actions running)
[787 / 1,345] Compiling score/mw/com/impl/configuration/lola_field_instance_deployment.cpp; 2s linux-sandbox ... (2 actions, 1 running)
[789 / 1,345] Compiling Rust proc-macro icu_provider_macros v1.5.0 (2 files) [for tool]; 1s linux-sandbox ... (2 actions running)
[790 / 1,345] Compiling score/mw/com/impl/configuration/lola_service_instance_deployment.cpp; 2s linux-sandbox ... (2 actions, 1 running)
[790 / 1,345] Compiling score/mw/com/impl/configuration/lola_service_instance_deployment.cpp; 3s linux-sandbox ... (2 actions running)
[791 / 1,345] Compiling Rust rlib synstructure v0.13.1 (2 files) [for tool]; 2s linux-sandbox ... (2 actions, 1 running)
[793 / 1,345] Compiling score/mw/com/impl/configuration/binding_service_type_deployment.cpp; 1s linux-sandbox ... (2 actions, 1 running)
[795 / 1,345] Compiling Rust proc-macro yoke_derive v0.7.5 (3 files) [for tool]; 1s linux-sandbox ... (2 actions running)
[796 / 1,345] Compiling score/mw/com/impl/configuration/service_type_deployment.cpp; 3s linux-sandbox ... (2 actions, 1 running)
[798 / 1,345] Compiling Rust proc-macro zerofrom_derive v0.1.5 (3 files) [for tool]; 1s linux-sandbox ... (2 actions running)
[799 / 1,345] Compiling Rust proc-macro zerofrom_derive v0.1.5 (3 files) [for tool]; 4s linux-sandbox ... (2 actions, 1 running)
[802 / 1,345] Compiling score/mw/com/impl/configuration/service_instance_id.cpp; 1s linux-sandbox ... (2 actions running)
[804 / 1,345] Compiling Rust proc-macro zerovec_derive v0.10.3 (9 files) [for tool]; 1s linux-sandbox ... (2 actions, 1 running)
[805 / 1,345] Compiling Rust proc-macro zerovec_derive v0.10.3 (9 files) [for tool]; 2s linux-sandbox ... (2 actions running)
[806 / 1,345] Compiling score/mw/com/impl/configuration/service_identifier_type.cpp; 2s linux-sandbox ... (2 actions, 1 running)
[808 / 1,345] Compiling Rust proc-macro serde_derive v1.0.217 (18 files) [for tool]; 1s linux-sandbox ... (2 actions running)
INFO: From Compiling score/mw/com/impl/configuration/service_instance_deployment.cpp:
In file included from ./score/mw/com/impl/configuration/service_instance_deployment.h:17,
                 from score/mw/com/impl/configuration/service_instance_deployment.cpp:13:
./score/mw/com/impl/com_error.h: In member function 'virtual std::string_view score::mw::com::impl::ComErrorDomain::MessageFor(const score::result::ErrorCode&) const':
./score/mw/com/impl/com_error.h:186:65: warning: 'score::mw::com::impl::ComErrc::kServiceInstanceAlreadyOffered' is deprecated: Value has never been used. Calls to OfferService shall be idempotent. [-Wdeprecated-declarations]
  186 |             case static_cast<score::result::ErrorCode>(ComErrc::kServiceInstanceAlreadyOffered):
      |                                                                 ^~~~~~~~~~~~~~~~~~~~~~~~~~~~~~
./score/mw/com/impl/com_error.h:57:5: note: declared here
   57 |     kServiceInstanceAlreadyOffered
      |     ^~~~~~~~~~~~~~~~~~~~~~~~~~~~~~
[809 / 1,345] Compiling Rust proc-macro serde_derive v1.0.217 (18 files) [for tool]; 3s linux-sandbox ... (2 actions, 1 running)
[810 / 1,345] Compiling Rust proc-macro serde_derive v1.0.217 (18 files) [for tool]; 4s linux-sandbox ... (2 actions running)
INFO: From Compiling score/mw/com/impl/configuration/config_validate.cpp:
In file included from ./score/mw/com/impl/configuration/service_instance_deployment.h:17,
                 from ./score/mw/com/impl/configuration/configuration.h:18,
                 from ./score/mw/com/impl/configuration/config_validate.h:17,
                 from score/mw/com/impl/configuration/config_validate.cpp:13:
./score/mw/com/impl/com_error.h: In member function 'virtual std::string_view score::mw::com::impl::ComErrorDomain::MessageFor(const score::result::ErrorCode&) const':
./score/mw/com/impl/com_error.h:186:65: warning: 'score::mw::com::impl::ComErrc::kServiceInstanceAlreadyOffered' is deprecated: Value has never been used. Calls to OfferService shall be idempotent. [-Wdeprecated-declarations]
  186 |             case static_cast<score::result::ErrorCode>(ComErrc::kServiceInstanceAlreadyOffered):
      |                                                                 ^~~~~~~~~~~~~~~~~~~~~~~~~~~~~~
./score/mw/com/impl/com_error.h:57:5: note: declared here
   57 |     kServiceInstanceAlreadyOffered
      |     ^~~~~~~~~~~~~~~~~~~~~~~~~~~~~~
[811 / 1,345] Compiling Rust proc-macro serde_derive v1.0.217 (18 files) [for tool]; 6s linux-sandbox ... (2 actions, 1 running)
[812 / 1,345] Compiling Rust proc-macro serde_derive v1.0.217 (18 files) [for tool]; 7s linux-sandbox ... (2 actions running)
INFO: From Compiling score/mw/com/impl/configuration/i_configuration_parsing_strategy.cpp:
In file included from ./score/mw/com/impl/configuration/service_instance_deployment.h:17,
                 from ./score/mw/com/impl/configuration/configuration.h:18,
                 from ./score/mw/com/impl/configuration/i_configuration_parsing_strategy.h:16,
                 from score/mw/com/impl/configuration/i_configuration_parsing_strategy.cpp:13:
./score/mw/com/impl/com_error.h: In member function 'virtual std::string_view score::mw::com::impl::ComErrorDomain::MessageFor(const score::result::ErrorCode&) const':
./score/mw/com/impl/com_error.h:186:65: warning: 'score::mw::com::impl::ComErrc::kServiceInstanceAlreadyOffered' is deprecated: Value has never been used. Calls to OfferService shall be idempotent. [-Wdeprecated-declarations]
  186 |             case static_cast<score::result::ErrorCode>(ComErrc::kServiceInstanceAlreadyOffered):
      |                                                                 ^~~~~~~~~~~~~~~~~~~~~~~~~~~~~~
./score/mw/com/impl/com_error.h:57:5: note: declared here
   57 |     kServiceInstanceAlreadyOffered
      |     ^~~~~~~~~~~~~~~~~~~~~~~~~~~~~~
[813 / 1,345] Compiling Rust proc-macro serde_derive v1.0.217 (18 files) [for tool]; 9s linux-sandbox ... (2 actions, 1 running)
[814 / 1,345] Compiling Rust proc-macro serde_derive v1.0.217 (18 files) [for tool]; 11s linux-sandbox ... (2 actions running)
INFO: From Compiling score/mw/com/impl/configuration/config_parser.cpp:
In file included from ./score/mw/com/impl/configuration/service_instance_deployment.h:17,
                 from ./score/mw/com/impl/configuration/configuration.h:18,
                 from ./score/mw/com/impl/configuration/config_parser.h:17,
                 from score/mw/com/impl/configuration/config_parser.cpp:13:
./score/mw/com/impl/com_error.h: In member function 'virtual std::string_view score::mw::com::impl::ComErrorDomain::MessageFor(const score::result::ErrorCode&) const':
./score/mw/com/impl/com_error.h:186:65: warning: 'score::mw::com::impl::ComErrc::kServiceInstanceAlreadyOffered' is deprecated: Value has never been used. Calls to OfferService shall be idempotent. [-Wdeprecated-declarations]
  186 |             case static_cast<score::result::ErrorCode>(ComErrc::kServiceInstanceAlreadyOffered):
      |                                                                 ^~~~~~~~~~~~~~~~~~~~~~~~~~~~~~
./score/mw/com/impl/com_error.h:57:5: note: declared here
   57 |     kServiceInstanceAlreadyOffered
      |     ^~~~~~~~~~~~~~~~~~~~~~~~~~~~~~
[815 / 1,345] Compiling Rust proc-macro serde_derive v1.0.217 (18 files) [for tool]; 12s linux-sandbox ... (2 actions, 1 running)
[817 / 1,345] Compiling score/mw/com/impl/configuration/configuration.cpp; 1s linux-sandbox ... (2 actions running)
INFO: From Compiling score/mw/com/impl/configuration/configuration.cpp:
In file included from ./score/mw/com/impl/configuration/service_instance_deployment.h:17,
                 from ./score/mw/com/impl/configuration/configuration.h:18,
                 from score/mw/com/impl/configuration/configuration.cpp:13:
./score/mw/com/impl/com_error.h: In member function 'virtual std::string_view score::mw::com::impl::ComErrorDomain::MessageFor(const score::result::ErrorCode&) const':
./score/mw/com/impl/com_error.h:186:65: warning: 'score::mw::com::impl::ComErrc::kServiceInstanceAlreadyOffered' is deprecated: Value has never been used. Calls to OfferService shall be idempotent. [-Wdeprecated-declarations]
  186 |             case static_cast<score::result::ErrorCode>(ComErrc::kServiceInstanceAlreadyOffered):
      |                                                                 ^~~~~~~~~~~~~~~~~~~~~~~~~~~~~~
./score/mw/com/impl/com_error.h:57:5: note: declared here
   57 |     kServiceInstanceAlreadyOffered
      |     ^~~~~~~~~~~~~~~~~~~~~~~~~~~~~~
[818 / 1,345] Compiling Rust rlib serde v1.0.217 (20 files) [for tool]; 4s linux-sandbox ... (2 actions, 1 running)
[820 / 1,345] Compiling score/mw/com/impl/bindings/lola/event_subscription_control.cpp; 1s linux-sandbox ... (2 actions, 1 running)
[824 / 1,345] Compiling score/mw/com/impl/instance_identifier.cpp; 0s linux-sandbox ... (2 actions running)
INFO: From Compiling score/mw/com/impl/instance_identifier.cpp:
In file included from ./score/mw/com/impl/instance_identifier.h:16,
                 from score/mw/com/impl/instance_identifier.cpp:13:
./score/mw/com/impl/com_error.h: In member function 'virtual std::string_view score::mw::com::impl::ComErrorDomain::MessageFor(const score::result::ErrorCode&) const':
./score/mw/com/impl/com_error.h:186:65: warning: 'score::mw::com::impl::ComErrc::kServiceInstanceAlreadyOffered' is deprecated: Value has never been used. Calls to OfferService shall be idempotent. [-Wdeprecated-declarations]
  186 |             case static_cast<score::result::ErrorCode>(ComErrc::kServiceInstanceAlreadyOffered):
      |                                                                 ^~~~~~~~~~~~~~~~~~~~~~~~~~~~~~
./score/mw/com/impl/com_error.h:57:5: note: declared here
   57 |     kServiceInstanceAlreadyOffered
      |     ^~~~~~~~~~~~~~~~~~~~~~~~~~~~~~
[825 / 1,345] Compiling Rust rlib toml_edit v0.22.24 (58 files) [for tool]; 2s linux-sandbox ... (2 actions, 1 running)
[826 / 1,345] Compiling Rust rlib toml_edit v0.22.24 (58 files) [for tool]; 3s linux-sandbox ... (2 actions running)
INFO: From Compiling score/mw/com/impl/handle_type.cpp:
In file included from ./score/mw/com/impl/instance_identifier.h:16,
                 from ./score/mw/com/impl/handle_type.h:18,
                 from score/mw/com/impl/handle_type.cpp:13:
./score/mw/com/impl/com_error.h: In member function 'virtual std::string_view score::mw::com::impl::ComErrorDomain::MessageFor(const score::result::ErrorCode&) const':
./score/mw/com/impl/com_error.h:186:65: warning: 'score::mw::com::impl::ComErrc::kServiceInstanceAlreadyOffered' is deprecated: Value has never been used. Calls to OfferService shall be idempotent. [-Wdeprecated-declarations]
  186 |             case static_cast<score::result::ErrorCode>(ComErrc::kServiceInstanceAlreadyOffered):
      |                                                                 ^~~~~~~~~~~~~~~~~~~~~~~~~~~~~~
./score/mw/com/impl/com_error.h:57:5: note: declared here
   57 |     kServiceInstanceAlreadyOffered
      |     ^~~~~~~~~~~~~~~~~~~~~~~~~~~~~~
[827 / 1,345] Compiling Rust rlib toml_edit v0.22.24 (58 files) [for tool]; 4s linux-sandbox ... (2 actions, 1 running)
[828 / 1,345] Compiling Rust rlib toml_edit v0.22.24 (58 files) [for tool]; 6s linux-sandbox ... (2 actions running)
[829 / 1,345] Compiling score/mw/com/impl/enriched_instance_identifier.cpp; 3s linux-sandbox ... (2 actions running)
INFO: From Compiling score/mw/com/impl/enriched_instance_identifier.cpp:
In file included from ./score/mw/com/impl/instance_identifier.h:16,
                 from ./score/mw/com/impl/handle_type.h:18,
                 from ./score/mw/com/impl/enriched_instance_identifier.h:17,
                 from score/mw/com/impl/enriched_instance_identifier.cpp:13:
./score/mw/com/impl/com_error.h: In member function 'virtual std::string_view score::mw::com::impl::ComErrorDomain::MessageFor(const score::result::ErrorCode&) const':
./score/mw/com/impl/com_error.h:186:65: warning: 'score::mw::com::impl::ComErrc::kServiceInstanceAlreadyOffered' is deprecated: Value has never been used. Calls to OfferService shall be idempotent. [-Wdeprecated-declarations]
  186 |             case static_cast<score::result::ErrorCode>(ComErrc::kServiceInstanceAlreadyOffered):
      |                                                                 ^~~~~~~~~~~~~~~~~~~~~~~~~~~~~~
./score/mw/com/impl/com_error.h:57:5: note: declared here
   57 |     kServiceInstanceAlreadyOffered
      |     ^~~~~~~~~~~~~~~~~~~~~~~~~~~~~~
[831 / 1,345] Compiling Rust rlib toml v0.8.20 (29 files) [for tool]; 2s linux-sandbox ... (2 actions running)
[833 / 1,345] Compiling score/mw/com/impl/bindings/lola/service_discovery/flag_file.cpp; 2s linux-sandbox ... (2 actions, 1 running)
[836 / 1,345] Compiling score/mw/com/impl/bindings/lola/service_discovery/flag_file.cpp; 3s linux-sandbox ... (2 actions, 1 running)
INFO: From Compiling score/mw/com/impl/bindings/lola/service_discovery/flag_file.cpp:
In file included from ./score/mw/com/impl/instance_identifier.h:16,
                 from ./score/mw/com/impl/handle_type.h:18,
                 from ./score/mw/com/impl/enriched_instance_identifier.h:17,
                 from ./score/mw/com/impl/bindings/lola/service_discovery/flag_file.h:16,
                 from score/mw/com/impl/bindings/lola/service_discovery/flag_file.cpp:13:
./score/mw/com/impl/com_error.h: In member function 'virtual std::string_view score::mw::com::impl::ComErrorDomain::MessageFor(const score::result::ErrorCode&) const':
./score/mw/com/impl/com_error.h:186:65: warning: 'score::mw::com::impl::ComErrc::kServiceInstanceAlreadyOffered' is deprecated: Value has never been used. Calls to OfferService shall be idempotent. [-Wdeprecated-declarations]
  186 |             case static_cast<score::result::ErrorCode>(ComErrc::kServiceInstanceAlreadyOffered):
      |                                                                 ^~~~~~~~~~~~~~~~~~~~~~~~~~~~~~
./score/mw/com/impl/com_error.h:57:5: note: declared here
   57 |     kServiceInstanceAlreadyOffered
      |     ^~~~~~~~~~~~~~~~~~~~~~~~~~~~~~
[841 / 1,345] Compiling score/mw/com/impl/bindings/lola/service_discovery/known_instances_container.cpp; 0s linux-sandbox ... (2 actions, 1 running)
[843 / 1,345] Compiling score/mw/com/impl/bindings/lola/service_discovery/known_instances_container.cpp; 1s linux-sandbox ... (2 actions running)
[847 / 1,345] Compiling score/mw/com/impl/bindings/lola/service_discovery/known_instances_container.cpp; 2s linux-sandbox ... (2 actions, 1 running)
INFO: From Compiling score/mw/com/impl/bindings/lola/service_discovery/known_instances_container.cpp:
In file included from ./score/mw/com/impl/instance_identifier.h:16,
                 from ./score/mw/com/impl/handle_type.h:18,
                 from ./score/mw/com/impl/enriched_instance_identifier.h:17,
                 from ./score/mw/com/impl/bindings/lola/service_discovery/known_instances_container.h:16,
                 from score/mw/com/impl/bindings/lola/service_discovery/known_instances_container.cpp:13:
./score/mw/com/impl/com_error.h: In member function 'virtual std::string_view score::mw::com::impl::ComErrorDomain::MessageFor(const score::result::ErrorCode&) const':
./score/mw/com/impl/com_error.h:186:65: warning: 'score::mw::com::impl::ComErrc::kServiceInstanceAlreadyOffered' is deprecated: Value has never been used. Calls to OfferService shall be idempotent. [-Wdeprecated-declarations]
  186 |             case static_cast<score::result::ErrorCode>(ComErrc::kServiceInstanceAlreadyOffered):
      |                                                                 ^~~~~~~~~~~~~~~~~~~~~~~~~~~~~~
./score/mw/com/impl/com_error.h:57:5: note: declared here
   57 |     kServiceInstanceAlreadyOffered
      |     ^~~~~~~~~~~~~~~~~~~~~~~~~~~~~~
[850 / 1,345] Compiling score/mw/com/impl/bindings/lola/service_discovery/flag_file_crawler.cpp; 0s linux-sandbox ... (2 actions, 1 running)
[852 / 1,345] Compiling score/mw/com/impl/bindings/lola/service_discovery/flag_file_crawler.cpp; 2s linux-sandbox ... (2 actions running)
INFO: From Compiling score/mw/com/impl/bindings/lola/service_discovery/flag_file_crawler.cpp:
In file included from ./score/mw/com/impl/instance_identifier.h:16,
                 from ./score/mw/com/impl/handle_type.h:18,
                 from ./score/mw/com/impl/enriched_instance_identifier.h:17,
                 from ./score/mw/com/impl/bindings/lola/service_discovery/known_instances_container.h:16,
                 from ./score/mw/com/impl/bindings/lola/service_discovery/flag_file_crawler.h:16,
                 from score/mw/com/impl/bindings/lola/service_discovery/flag_file_crawler.cpp:13:
./score/mw/com/impl/com_error.h: In member function 'virtual std::string_view score::mw::com::impl::ComErrorDomain::MessageFor(const score::result::ErrorCode&) const':
./score/mw/com/impl/com_error.h:186:65: warning: 'score::mw::com::impl::ComErrc::kServiceInstanceAlreadyOffered' is deprecated: Value has never been used. Calls to OfferService shall be idempotent. [-Wdeprecated-declarations]
  186 |             case static_cast<score::result::ErrorCode>(ComErrc::kServiceInstanceAlreadyOffered):
      |                                                                 ^~~~~~~~~~~~~~~~~~~~~~~~~~~~~~
./score/mw/com/impl/com_error.h:57:5: note: declared here
   57 |     kServiceInstanceAlreadyOffered
      |     ^~~~~~~~~~~~~~~~~~~~~~~~~~~~~~
[853 / 1,345] Compiling Rust proc-macro displaydoc v0.2.5 (21 files) [for tool]; 2s linux-sandbox ... (2 actions, 1 running)
[855 / 1,345] Compiling score/mw/com/impl/bindings/lola/service_discovery/lola_service_instance_identifier.cpp; 1s linux-sandbox ... (2 actions running)
INFO: From Compiling score/mw/com/impl/bindings/lola/service_discovery/lola_service_instance_identifier.cpp:
In file included from ./score/mw/com/impl/instance_identifier.h:16,
                 from ./score/mw/com/impl/handle_type.h:18,
                 from ./score/mw/com/impl/enriched_instance_identifier.h:17,
                 from ./score/mw/com/impl/bindings/lola/service_discovery/lola_service_instance_identifier.h:18,
                 from score/mw/com/impl/bindings/lola/service_discovery/lola_service_instance_identifier.cpp:13:
./score/mw/com/impl/com_error.h: In member function 'virtual std::string_view score::mw::com::impl::ComErrorDomain::MessageFor(const score::result::ErrorCode&) const':
./score/mw/com/impl/com_error.h:186:65: warning: 'score::mw::com::impl::ComErrc::kServiceInstanceAlreadyOffered' is deprecated: Value has never been used. Calls to OfferService shall be idempotent. [-Wdeprecated-declarations]
  186 |             case static_cast<score::result::ErrorCode>(ComErrc::kServiceInstanceAlreadyOffered):
      |                                                                 ^~~~~~~~~~~~~~~~~~~~~~~~~~~~~~
./score/mw/com/impl/com_error.h:57:5: note: declared here
   57 |     kServiceInstanceAlreadyOffered
      |     ^~~~~~~~~~~~~~~~~~~~~~~~~~~~~~
[860 / 1,345] Compiling score/mw/com/impl/i_service_discovery.cpp; 0s linux-sandbox ... (2 actions, 1 running)
INFO: From Compiling score/mw/com/impl/i_service_discovery.cpp:
In file included from ./score/mw/com/impl/instance_identifier.h:16,
                 from ./score/mw/com/impl/handle_type.h:18,
                 from ./score/mw/com/impl/enriched_instance_identifier.h:17,
                 from ./score/mw/com/impl/i_service_discovery.h:16,
                 from score/mw/com/impl/i_service_discovery.cpp:13:
./score/mw/com/impl/com_error.h: In member function 'virtual std::string_view score::mw::com::impl::ComErrorDomain::MessageFor(const score::result::ErrorCode&) const':
./score/mw/com/impl/com_error.h:186:65: warning: 'score::mw::com::impl::ComErrc::kServiceInstanceAlreadyOffered' is deprecated: Value has never been used. Calls to OfferService shall be idempotent. [-Wdeprecated-declarations]
  186 |             case static_cast<score::result::ErrorCode>(ComErrc::kServiceInstanceAlreadyOffered):
      |                                                                 ^~~~~~~~~~~~~~~~~~~~~~~~~~~~~~
./score/mw/com/impl/com_error.h:57:5: note: declared here
   57 |     kServiceInstanceAlreadyOffered
      |     ^~~~~~~~~~~~~~~~~~~~~~~~~~~~~~
[864 / 1,345] Compiling score/mw/com/impl/i_service_discovery_client.cpp; 0s linux-sandbox ... (2 actions, 1 running)
INFO: From Compiling score/mw/com/impl/i_service_discovery_client.cpp:
In file included from ./score/mw/com/impl/instance_identifier.h:16,
                 from ./score/mw/com/impl/handle_type.h:18,
                 from ./score/mw/com/impl/enriched_instance_identifier.h:17,
                 from ./score/mw/com/impl/i_service_discovery_client.h:16,
                 from score/mw/com/impl/i_service_discovery_client.cpp:13:
./score/mw/com/impl/com_error.h: In member function 'virtual std::string_view score::mw::com::impl::ComErrorDomain::MessageFor(const score::result::ErrorCode&) const':
./score/mw/com/impl/com_error.h:186:65: warning: 'score::mw::com::impl::ComErrc::kServiceInstanceAlreadyOffered' is deprecated: Value has never been used. Calls to OfferService shall be idempotent. [-Wdeprecated-declarations]
  186 |             case static_cast<score::result::ErrorCode>(ComErrc::kServiceInstanceAlreadyOffered):
      |                                                                 ^~~~~~~~~~~~~~~~~~~~~~~~~~~~~~
./score/mw/com/impl/com_error.h:57:5: note: declared here
   57 |     kServiceInstanceAlreadyOffered
      |     ^~~~~~~~~~~~~~~~~~~~~~~~~~~~~~
[865 / 1,345] Compiling Rust rlib icu_locid v1.5.0 (48 files) [for tool]; 1s linux-sandbox ... (2 actions, 1 running)
[867 / 1,345] Compiling score/mw/com/impl/bindings/lola/service_discovery/client/service_discovery_client.cpp; 1s linux-sandbox ... (2 actions running)
[869 / 1,345] Compiling score/mw/com/impl/bindings/lola/service_discovery/client/service_discovery_client.cpp; 2s linux-sandbox ... (2 actions running)
[870 / 1,345] Compiling score/mw/com/impl/bindings/lola/service_discovery/client/service_discovery_client.cpp; 3s linux-sandbox ... (2 actions, 1 running)
[870 / 1,345] Compiling score/mw/com/impl/bindings/lola/service_discovery/client/service_discovery_client.cpp; 5s linux-sandbox ... (2 actions running)
INFO: From Compiling score/mw/com/impl/bindings/lola/service_discovery/client/service_discovery_client.cpp:
In file included from ./score/mw/com/impl/instance_identifier.h:16,
                 from ./score/mw/com/impl/handle_type.h:18,
                 from ./score/mw/com/impl/enriched_instance_identifier.h:17,
                 from ./score/mw/com/impl/i_service_discovery_client.h:16,
                 from ./score/mw/com/impl/bindings/lola/service_discovery/client/service_discovery_client.h:16,
                 from score/mw/com/impl/bindings/lola/service_discovery/client/service_discovery_client.cpp:13:
./score/mw/com/impl/com_error.h: In member function 'virtual std::string_view score::mw::com::impl::ComErrorDomain::MessageFor(const score::result::ErrorCode&) const':
./score/mw/com/impl/com_error.h:186:65: warning: 'score::mw::com::impl::ComErrc::kServiceInstanceAlreadyOffered' is deprecated: Value has never been used. Calls to OfferService shall be idempotent. [-Wdeprecated-declarations]
  186 |             case static_cast<score::result::ErrorCode>(ComErrc::kServiceInstanceAlreadyOffered):
      |                                                                 ^~~~~~~~~~~~~~~~~~~~~~~~~~~~~~
./score/mw/com/impl/com_error.h:57:5: note: declared here
   57 |     kServiceInstanceAlreadyOffered
      |     ^~~~~~~~~~~~~~~~~~~~~~~~~~~~~~
[874 / 1,345] Compiling Rust rlib icu_properties v1.5.1 (14 files) [for tool]; 2s linux-sandbox
[877 / 1,345] Compiling Rust rlib icu_normalizer_data v1.5.0 (2 files) [for tool]; 0s linux-sandbox ... (2 actions, 1 running)
[882 / 1,345] Compiling Rust rlib icu_normalizer v1.5.0 (13 files) [for tool]; 1s linux-sandbox ... (2 actions, 1 running)
[885 / 1,345] Compiling Rust rlib icu_normalizer v1.5.0 (13 files) [for tool]; 2s linux-sandbox ... (2 actions running)
[889 / 1,345] Compiling score/mw/com/impl/bindings/lola/element_fq_id.cpp; 0s linux-sandbox ... (2 actions running)
[892 / 1,345] Compiling score/mw/com/impl/bindings/lola/messaging/message_passing_client_cache.cpp; 1s linux-sandbox ... (2 actions, 1 running)
[897 / 1,345] Compiling Rust rlib url v2.5.4 (9 files) [for tool]; 0s linux-sandbox ... (2 actions, 1 running)
[899 / 1,345] Compiling Rust rlib url v2.5.4 (9 files) [for tool]; 1s linux-sandbox ... (2 actions, 1 running)
[900 / 1,345] Compiling score/mw/com/impl/bindings/lola/messaging/method_call_registration_guard.cpp; 1s linux-sandbox ... (2 actions running)
[901 / 1,345] Compiling Rust proc-macro thiserror_impl v1.0.69 (10 files) [for tool]; 1s linux-sandbox ... (2 actions running)
[902 / 1,345] Compiling Rust proc-macro thiserror_impl v1.0.69 (10 files) [for tool]; 2s linux-sandbox ... (2 actions, 1 running)
[906 / 1,345] Compiling Rust rlib serde_value v0.7.0 (3 files) [for tool]; 0s linux-sandbox ... (2 actions, 1 running)
[910 / 1,345] Compiling Rust rlib erased_serde v0.4.5 (15 files) [for tool]; 0s linux-sandbox ... (2 actions running)
[914 / 1,345] Compiling Rust rlib cargo_util_schemas v0.3.1 (8 files) [for tool]; 0s linux-sandbox ... (2 actions running)
[915 / 1,345] Compiling score/mw/com/impl/bindings/lola/messaging/message_passing_service_instance.cpp; 2s linux-sandbox ... (2 actions, 1 running)
[915 / 1,345] Compiling score/mw/com/impl/bindings/lola/messaging/message_passing_service_instance.cpp; 3s linux-sandbox ... (2 actions running)
INFO: From Compiling score/mw/com/impl/bindings/lola/messaging/message_passing_service_instance.cpp:
In file included from score/mw/com/impl/bindings/lola/messaging/message_passing_service_instance.cpp:21:
./score/mw/com/impl/com_error.h: In member function 'virtual std::string_view score::mw::com::impl::ComErrorDomain::MessageFor(const score::result::ErrorCode&) const':
./score/mw/com/impl/com_error.h:186:65: warning: 'score::mw::com::impl::ComErrc::kServiceInstanceAlreadyOffered' is deprecated: Value has never been used. Calls to OfferService shall be idempotent. [-Wdeprecated-declarations]
  186 |             case static_cast<score::result::ErrorCode>(ComErrc::kServiceInstanceAlreadyOffered):
      |                                                                 ^~~~~~~~~~~~~~~~~~~~~~~~~~~~~~
./score/mw/com/impl/com_error.h:57:5: note: declared here
   57 |     kServiceInstanceAlreadyOffered
      |     ^~~~~~~~~~~~~~~~~~~~~~~~~~~~~~
[916 / 1,345] Compiling Rust bin cargo_toml_variable_extractor (1 file) [for tool]; 2s linux-sandbox ... (2 actions, 1 running)
[917 / 1,345] Compiling Rust bin cargo_toml_variable_extractor (1 file) [for tool]; 4s linux-sandbox ... (2 actions running)
[919 / 1,345] Compiling Rust bin cargo_toml_variable_extractor (1 file) [for tool]; 6s linux-sandbox ... (2 actions running)
[921 / 1,345] Compiling Rust bin cargo_toml_variable_extractor (1 file) [for tool]; 8s linux-sandbox ... (2 actions running)
[922 / 1,345] Compiling Rust bin cargo_toml_variable_extractor (1 file) [for tool]; 10s linux-sandbox ... (2 actions, 1 running)
[925 / 1,345] Compiling Rust bin cargo_toml_variable_extractor (1 file) [for tool]; 11s linux-sandbox ... (2 actions running)
INFO: From Compiling score/mw/com/impl/tracing/configuration/i_tracing_filter_config.cpp:
In file included from ./score/mw/com/impl/configuration/service_instance_deployment.h:17,
                 from ./score/mw/com/impl/configuration/configuration.h:18,
                 from ./score/mw/com/impl/tracing/configuration/i_tracing_filter_config.h:16,
                 from score/mw/com/impl/tracing/configuration/i_tracing_filter_config.cpp:13:
./score/mw/com/impl/com_error.h: In member function 'virtual std::string_view score::mw::com::impl::ComErrorDomain::MessageFor(const score::result::ErrorCode&) const':
./score/mw/com/impl/com_error.h:186:65: warning: 'score::mw::com::impl::ComErrc::kServiceInstanceAlreadyOffered' is deprecated: Value has never been used. Calls to OfferService shall be idempotent. [-Wdeprecated-declarations]
  186 |             case static_cast<score::result::ErrorCode>(ComErrc::kServiceInstanceAlreadyOffered):
      |                                                                 ^~~~~~~~~~~~~~~~~~~~~~~~~~~~~~
./score/mw/com/impl/com_error.h:57:5: note: declared here
   57 |     kServiceInstanceAlreadyOffered
      |     ^~~~~~~~~~~~~~~~~~~~~~~~~~~~~~
[927 / 1,345] Compiling Rust bin cargo_toml_variable_extractor (1 file) [for tool]; 12s linux-sandbox ... (2 actions running)
INFO: From Compiling score/mw/com/impl/tracing/configuration/tracing_filter_config.cpp:
In file included from ./score/mw/com/impl/configuration/service_instance_deployment.h:17,
                 from ./score/mw/com/impl/configuration/configuration.h:18,
                 from ./score/mw/com/impl/tracing/configuration/tracing_filter_config.h:16,
                 from score/mw/com/impl/tracing/configuration/tracing_filter_config.cpp:13:
./score/mw/com/impl/com_error.h: In member function 'virtual std::string_view score::mw::com::impl::ComErrorDomain::MessageFor(const score::result::ErrorCode&) const':
./score/mw/com/impl/com_error.h:186:65: warning: 'score::mw::com::impl::ComErrc::kServiceInstanceAlreadyOffered' is deprecated: Value has never been used. Calls to OfferService shall be idempotent. [-Wdeprecated-declarations]
  186 |             case static_cast<score::result::ErrorCode>(ComErrc::kServiceInstanceAlreadyOffered):
      |                                                                 ^~~~~~~~~~~~~~~~~~~~~~~~~~~~~~
./score/mw/com/impl/com_error.h:57:5: note: declared here
   57 |     kServiceInstanceAlreadyOffered
      |     ^~~~~~~~~~~~~~~~~~~~~~~~~~~~~~
[928 / 1,345] Compiling Rust bin cargo_toml_variable_extractor (1 file) [for tool]; 14s linux-sandbox ... (2 actions, 1 running)
[929 / 1,345] Compiling Rust bin cargo_toml_variable_extractor (1 file) [for tool]; 16s linux-sandbox ... (2 actions running)
INFO: From Compiling score/mw/com/impl/tracing/configuration/tracing_filter_config_parser.cpp:
In file included from ./score/mw/com/impl/configuration/service_instance_deployment.h:17,
                 from ./score/mw/com/impl/configuration/configuration.h:18,
                 from ./score/mw/com/impl/tracing/configuration/tracing_filter_config_parser.h:17,
                 from score/mw/com/impl/tracing/configuration/tracing_filter_config_parser.cpp:13:
./score/mw/com/impl/com_error.h: In member function 'virtual std::string_view score::mw::com::impl::ComErrorDomain::MessageFor(const score::result::ErrorCode&) const':
./score/mw/com/impl/com_error.h:186:65: warning: 'score::mw::com::impl::ComErrc::kServiceInstanceAlreadyOffered' is deprecated: Value has never been used. Calls to OfferService shall be idempotent. [-Wdeprecated-declarations]
  186 |             case static_cast<score::result::ErrorCode>(ComErrc::kServiceInstanceAlreadyOffered):
      |                                                                 ^~~~~~~~~~~~~~~~~~~~~~~~~~~~~~
./score/mw/com/impl/com_error.h:57:5: note: declared here
   57 |     kServiceInstanceAlreadyOffered
      |     ^~~~~~~~~~~~~~~~~~~~~~~~~~~~~~
[943 / 1,345] Compiling Rust rlib anstyle_query v1.1.5 (3 files); 0s linux-sandbox ... (2 actions, 1 running)
[956 / 1,345] Compiling Rust rlib strsim v0.11.1 (3 files); 0s linux-sandbox ... (2 actions, 1 running)
[960 / 1,345] Compiling score/mw/com/impl/plumbing/skeleton_binding_factory.cpp; 1s linux-sandbox ... (2 actions, 1 running)
INFO: From Compiling score/mw/com/impl/plumbing/skeleton_binding_factory.cpp:
In file included from ./score/mw/com/impl/instance_identifier.h:16,
                 from ./score/mw/com/impl/plumbing/skeleton_binding_factory.h:16,
                 from score/mw/com/impl/plumbing/skeleton_binding_factory.cpp:13:
./score/mw/com/impl/com_error.h: In member function 'virtual std::string_view score::mw::com::impl::ComErrorDomain::MessageFor(const score::result::ErrorCode&) const':
./score/mw/com/impl/com_error.h:186:65: warning: 'score::mw::com::impl::ComErrc::kServiceInstanceAlreadyOffered' is deprecated: Value has never been used. Calls to OfferService shall be idempotent. [-Wdeprecated-declarations]
  186 |             case static_cast<score::result::ErrorCode>(ComErrc::kServiceInstanceAlreadyOffered):
      |                                                                 ^~~~~~~~~~~~~~~~~~~~~~~~~~~~~~
./score/mw/com/impl/com_error.h:57:5: note: declared here
   57 |     kServiceInstanceAlreadyOffered
      |     ^~~~~~~~~~~~~~~~~~~~~~~~~~~~~~
[968 / 1,345] Compiling score/mw/com/impl/plumbing/i_skeleton_binding_factory.cpp; 0s linux-sandbox ... (2 actions, 1 running)
INFO: From Compiling score/mw/com/impl/plumbing/i_skeleton_binding_factory.cpp:
In file included from ./score/mw/com/impl/instance_identifier.h:16,
                 from ./score/mw/com/impl/plumbing/i_skeleton_binding_factory.h:16,
                 from score/mw/com/impl/plumbing/i_skeleton_binding_factory.cpp:13:
./score/mw/com/impl/com_error.h: In member function 'virtual std::string_view score::mw::com::impl::ComErrorDomain::MessageFor(const score::result::ErrorCode&) const':
./score/mw/com/impl/com_error.h:186:65: warning: 'score::mw::com::impl::ComErrc::kServiceInstanceAlreadyOffered' is deprecated: Value has never been used. Calls to OfferService shall be idempotent. [-Wdeprecated-declarations]
  186 |             case static_cast<score::result::ErrorCode>(ComErrc::kServiceInstanceAlreadyOffered):
      |                                                                 ^~~~~~~~~~~~~~~~~~~~~~~~~~~~~~
./score/mw/com/impl/com_error.h:57:5: note: declared here
   57 |     kServiceInstanceAlreadyOffered
      |     ^~~~~~~~~~~~~~~~~~~~~~~~~~~~~~
[989 / 1,345] Compiling score/mw/com/impl/bindings/lola/transaction_log_index.cpp; 0s linux-sandbox ... (2 actions, 1 running)
[994 / 1,345] Compiling Rust rlib libc v0.2.186 (346 files); 0s linux-sandbox ... (2 actions, 1 running)
[996 / 1,345] Compiling score/memory/shared/memory_resource_registry.cpp; 0s linux-sandbox ... (2 actions running)
[1,003 / 1,345] Compiling score/memory/shared/offset_ptr_bounds_check.cpp; 0s linux-sandbox ... (2 actions, 1 running)
[1,011 / 1,345] Compiling Rust rlib proc_macro2 v1.0.107 (22 files) [for tool]; 0s linux-sandbox ... (2 actions, 1 running)
[1,012 / 1,345] Compiling Rust rlib proc_macro2 v1.0.107 (22 files) [for tool]; 2s linux-sandbox ... (2 actions running)
[1,017 / 1,345] Compiling Rust rlib syn v2.0.119 (97 files) [for tool]; 0s linux-sandbox ... (2 actions, 1 running)
[1,021 / 1,345] Compiling Rust rlib syn v2.0.119 (97 files) [for tool]; 1s linux-sandbox ... (2 actions, 1 running)
[1,024 / 1,345] Compiling Rust rlib syn v2.0.119 (97 files) [for tool]; 3s linux-sandbox ... (2 actions running)
[1,026 / 1,345] Compiling Rust rlib syn v2.0.119 (97 files) [for tool]; 4s linux-sandbox ... (2 actions running)
[1,028 / 1,345] Compiling Rust rlib syn v2.0.119 (97 files) [for tool]; 6s linux-sandbox ... (2 actions running)
[1,030 / 1,345] Compiling Rust rlib syn v2.0.119 (97 files) [for tool]; 7s linux-sandbox ... (2 actions running)
[1,031 / 1,345] Compiling Rust rlib syn v2.0.119 (97 files) [for tool]; 9s linux-sandbox ... (2 actions, 1 running)
[1,032 / 1,345] Compiling Rust rlib syn v2.0.119 (97 files) [for tool]; 11s linux-sandbox ... (2 actions running)
[1,034 / 1,345] Compiling Rust rlib syn v2.0.119 (97 files) [for tool]; 12s linux-sandbox ... (2 actions running)
[1,035 / 1,345] Compiling Rust rlib syn v2.0.119 (97 files) [for tool]; 13s linux-sandbox ... (2 actions, 1 running)
[1,038 / 1,345] Compiling Rust proc-macro score-com-macros (1 file) [for tool]; 0s linux-sandbox ... (2 actions, 1 running)
[1,040 / 1,345] Compiling Rust proc-macro score-com-macros (1 file) [for tool]; 2s linux-sandbox ... (2 actions, 1 running)
[1,043 / 1,345] Compiling Rust proc-macro score_log_fmt_macro (3 files) [for tool]; 0s linux-sandbox ... (2 actions, 1 running)
[1,044 / 1,345] Compiling Rust proc-macro score_log_fmt_macro (3 files) [for tool]; 1s linux-sandbox ... (2 actions running)
[1,047 / 1,345] Compiling Rust proc-macro score_log_fmt_macro (3 files) [for tool]; 3s linux-sandbox ... (2 actions, 1 running)
[1,052 / 1,345] Compiling score/mw/com/impl/bindings/lola/event_data_control.cpp; 1s linux-sandbox ... (2 actions running)
[1,061 / 1,345] Compiling score/mw/com/impl/bindings/lola/provider_event_data_control_local_view.cpp; 1s linux-sandbox ... (2 actions, 1 running)
INFO: From Compiling score/mw/com/impl/bindings/lola/transaction_log_local_view.cpp:
In file included from score/mw/com/impl/bindings/lola/transaction_log_local_view.cpp:19:
./score/mw/com/impl/com_error.h: In member function 'virtual std::string_view score::mw::com::impl::ComErrorDomain::MessageFor(const score::result::ErrorCode&) const':
./score/mw/com/impl/com_error.h:186:65: warning: 'score::mw::com::impl::ComErrc::kServiceInstanceAlreadyOffered' is deprecated: Value has never been used. Calls to OfferService shall be idempotent. [-Wdeprecated-declarations]
  186 |             case static_cast<score::result::ErrorCode>(ComErrc::kServiceInstanceAlreadyOffered):
      |                                                                 ^~~~~~~~~~~~~~~~~~~~~~~~~~~~~~
./score/mw/com/impl/com_error.h:57:5: note: declared here
   57 |     kServiceInstanceAlreadyOffered
      |     ^~~~~~~~~~~~~~~~~~~~~~~~~~~~~~
[1,068 / 1,345] Compiling Rust rlib syn v3.0.6 (96 files) [for tool]; 0s linux-sandbox ... (2 actions, 1 running)
[1,069 / 1,345] Compiling Rust rlib syn v3.0.6 (96 files) [for tool]; 2s linux-sandbox ... (2 actions running)
[1,072 / 1,345] Compiling Rust rlib syn v3.0.6 (96 files) [for tool]; 3s linux-sandbox ... (2 actions, 1 running)
INFO: From Compiling score/mw/com/impl/bindings/lola/transaction_log_set.cpp:
In file included from score/mw/com/impl/bindings/lola/transaction_log_set.cpp:17:
./score/mw/com/impl/com_error.h: In member function 'virtual std::string_view score::mw::com::impl::ComErrorDomain::MessageFor(const score::result::ErrorCode&) const':
./score/mw/com/impl/com_error.h:186:65: warning: 'score::mw::com::impl::ComErrc::kServiceInstanceAlreadyOffered' is deprecated: Value has never been used. Calls to OfferService shall be idempotent. [-Wdeprecated-declarations]
  186 |             case static_cast<score::result::ErrorCode>(ComErrc::kServiceInstanceAlreadyOffered):
      |                                                                 ^~~~~~~~~~~~~~~~~~~~~~~~~~~~~~
./score/mw/com/impl/com_error.h:57:5: note: declared here
   57 |     kServiceInstanceAlreadyOffered
      |     ^~~~~~~~~~~~~~~~~~~~~~~~~~~~~~
[1,073 / 1,345] Compiling Rust rlib syn v3.0.6 (96 files) [for tool]; 5s linux-sandbox ... (2 actions, 1 running)
[1,074 / 1,345] Compiling Rust rlib syn v3.0.6 (96 files) [for tool]; 6s linux-sandbox ... (2 actions running)
[1,076 / 1,345] Compiling Rust rlib syn v3.0.6 (96 files) [for tool]; 7s linux-sandbox ... (2 actions running)
[1,077 / 1,345] Compiling Rust rlib syn v3.0.6 (96 files) [for tool]; 9s linux-sandbox ... (2 actions, 1 running)
[1,078 / 1,345] Compiling Rust rlib syn v3.0.6 (96 files) [for tool]; 10s linux-sandbox ... (2 actions running)
[1,079 / 1,345] Compiling Rust rlib syn v3.0.6 (96 files) [for tool]; 12s linux-sandbox ... (2 actions, 1 running)
[1,080 / 1,345] Compiling Rust rlib syn v3.0.6 (96 files) [for tool]; 14s linux-sandbox ... (2 actions running)
[1,084 / 1,345] Compiling Rust proc-macro clap_derive v4.6.7 (16 files) [for tool]; 0s linux-sandbox ... (2 actions, 1 running)
[1,086 / 1,345] Compiling Rust proc-macro clap_derive v4.6.7 (16 files) [for tool]; 1s linux-sandbox ... (2 actions, 1 running)
[1,089 / 1,345] Compiling Rust proc-macro clap_derive v4.6.7 (16 files) [for tool]; 3s linux-sandbox ... (2 actions running)
[1,091 / 1,345] Compiling Rust proc-macro clap_derive v4.6.7 (16 files) [for tool]; 4s linux-sandbox ... (2 actions running)
[1,092 / 1,345] Compiling Rust proc-macro clap_derive v4.6.7 (16 files) [for tool]; 6s linux-sandbox ... (2 actions, 1 running)
[1,096 / 1,345] Compiling score/mw/com/impl/plumbing/sample_allocatee_ptr.cpp; 0s linux-sandbox
[1,100 / 1,345] Compiling Rust proc-macro futures_macro v0.3.34 (5 files) [for tool]; 0s linux-sandbox ... (2 actions running)
[1,101 / 1,345] Compiling Rust proc-macro futures_macro v0.3.34 (5 files) [for tool]; 2s linux-sandbox ... (2 actions, 1 running)
[1,103 / 1,345] Compiling Rust proc-macro futures_macro v0.3.34 (5 files) [for tool]; 3s linux-sandbox ... (2 actions, 1 running)
[1,107 / 1,345] Compiling score/mw/com/impl/plumbing/sample_ptr.cpp; 1s linux-sandbox ... (2 actions running)
[1,112 / 1,345] Compiling Rust rlib futures_util v0.3.34 (186 files); 0s linux-sandbox ... (2 actions running)
[1,113 / 1,345] Compiling Rust rlib futures_util v0.3.34 (186 files); 2s linux-sandbox ... (2 actions, 1 running)
[1,114 / 1,345] Compiling Rust rlib futures_util v0.3.34 (186 files); 3s linux-sandbox ... (2 actions running)
[1,120 / 1,345] Compiling score/mw/com/impl/bindings/lola/tracing/tracing_runtime.cpp; 0s linux-sandbox ... (2 actions, 1 running)
[1,120 / 1,345] Compiling score/mw/com/impl/bindings/lola/tracing/tracing_runtime.cpp; 2s linux-sandbox ... (2 actions running)
INFO: From Compiling score/mw/com/impl/bindings/lola/tracing/tracing_runtime.cpp:
In file included from ./score/mw/com/impl/configuration/service_instance_deployment.h:17,
                 from ./score/mw/com/impl/configuration/configuration.h:18,
                 from ./score/mw/com/impl/bindings/lola/tracing/tracing_runtime.h:16,
                 from score/mw/com/impl/bindings/lola/tracing/tracing_runtime.cpp:13:
./score/mw/com/impl/com_error.h: In member function 'virtual std::string_view score::mw::com::impl::ComErrorDomain::MessageFor(const score::result::ErrorCode&) const':
./score/mw/com/impl/com_error.h:186:65: warning: 'score::mw::com::impl::ComErrc::kServiceInstanceAlreadyOffered' is deprecated: Value has never been used. Calls to OfferService shall be idempotent. [-Wdeprecated-declarations]
  186 |             case static_cast<score::result::ErrorCode>(ComErrc::kServiceInstanceAlreadyOffered):
      |                                                                 ^~~~~~~~~~~~~~~~~~~~~~~~~~~~~~
./score/mw/com/impl/com_error.h:57:5: note: declared here
   57 |     kServiceInstanceAlreadyOffered
      |     ^~~~~~~~~~~~~~~~~~~~~~~~~~~~~~
[1,124 / 1,345] Compiling Rust proc-macro thiserror_impl v2.0.21 (11 files) [for tool]; 3s linux-sandbox ... (2 actions running)
[1,125 / 1,345] Compiling Rust proc-macro thiserror_impl v2.0.21 (11 files) [for tool]; 5s linux-sandbox ... (2 actions, 1 running)
[1,130 / 1,345] Compiling score/mw/com/impl/tracing/tracing_runtime.cpp; 1s linux-sandbox ... (2 actions, 1 running)
[1,133 / 1,345] Compiling score/mw/com/impl/tracing/tracing_runtime.cpp; 2s linux-sandbox ... (2 actions running)
[1,138 / 1,345] Compiling score/mw/com/impl/configuration/configuration_json_parsing_strategy.cpp; 2s linux-sandbox ... (2 actions, 1 running)
[1,139 / 1,345] Compiling score/mw/com/impl/configuration/configuration_json_parsing_strategy.cpp; 3s linux-sandbox ... (2 actions running)
INFO: From Compiling score/mw/com/impl/configuration/configuration_json_parsing_strategy.cpp:
In file included from ./score/mw/com/impl/configuration/service_instance_deployment.h:17,
                 from ./score/mw/com/impl/configuration/configuration.h:18,
                 from ./score/mw/com/impl/configuration/i_configuration_parsing_strategy.h:16,
                 from ./score/mw/com/impl/configuration/configuration_json_parsing_strategy.h:16,
                 from score/mw/com/impl/configuration/configuration_json_parsing_strategy.cpp:13:
./score/mw/com/impl/com_error.h: In member function 'virtual std::string_view score::mw::com::impl::ComErrorDomain::MessageFor(const score::result::ErrorCode&) const':
./score/mw/com/impl/com_error.h:186:65: warning: 'score::mw::com::impl::ComErrc::kServiceInstanceAlreadyOffered' is deprecated: Value has never been used. Calls to OfferService shall be idempotent. [-Wdeprecated-declarations]
  186 |             case static_cast<score::result::ErrorCode>(ComErrc::kServiceInstanceAlreadyOffered):
      |                                                                 ^~~~~~~~~~~~~~~~~~~~~~~~~~~~~~
./score/mw/com/impl/com_error.h:57:5: note: declared here
   57 |     kServiceInstanceAlreadyOffered
      |     ^~~~~~~~~~~~~~~~~~~~~~~~~~~~~~
[1,146 / 1,345] Compiling score/mw/com/impl/proxy_field_base.cpp; 0s linux-sandbox ... (2 actions, 1 running)
[1,150 / 1,345] Compiling score/mw/com/impl/plumbing/proxy_binding_factory.cpp; 0s linux-sandbox ... (2 actions, 1 running)
INFO: From Compiling score/mw/com/impl/plumbing/proxy_binding_factory.cpp:
In file included from ./score/mw/com/impl/instance_identifier.h:16,
                 from ./score/mw/com/impl/handle_type.h:18,
                 from ./score/mw/com/impl/plumbing/proxy_binding_factory.h:16,
                 from score/mw/com/impl/plumbing/proxy_binding_factory.cpp:13:
./score/mw/com/impl/com_error.h: In member function 'virtual std::string_view score::mw::com::impl::ComErrorDomain::MessageFor(const score::result::ErrorCode&) const':
./score/mw/com/impl/com_error.h:186:65: warning: 'score::mw::com::impl::ComErrc::kServiceInstanceAlreadyOffered' is deprecated: Value has never been used. Calls to OfferService shall be idempotent. [-Wdeprecated-declarations]
  186 |             case static_cast<score::result::ErrorCode>(ComErrc::kServiceInstanceAlreadyOffered):
      |                                                                 ^~~~~~~~~~~~~~~~~~~~~~~~~~~~~~
./score/mw/com/impl/com_error.h:57:5: note: declared here
   57 |     kServiceInstanceAlreadyOffered
      |     ^~~~~~~~~~~~~~~~~~~~~~~~~~~~~~
[1,155 / 1,345] Compiling score/mw/com/com_error_domain.cpp; 0s linux-sandbox ... (2 actions running)
INFO: From Compiling score/mw/com/com_error_domain.cpp:
In file included from ./score/mw/com/com_error_domain.h:16,
                 from score/mw/com/com_error_domain.cpp:13:
./score/mw/com/impl/com_error.h: In member function 'virtual std::string_view score::mw::com::impl::ComErrorDomain::MessageFor(const score::result::ErrorCode&) const':
./score/mw/com/impl/com_error.h:186:65: warning: 'score::mw::com::impl::ComErrc::kServiceInstanceAlreadyOffered' is deprecated: Value has never been used. Calls to OfferService shall be idempotent. [-Wdeprecated-declarations]
  186 |             case static_cast<score::result::ErrorCode>(ComErrc::kServiceInstanceAlreadyOffered):
      |                                                                 ^~~~~~~~~~~~~~~~~~~~~~~~~~~~~~
./score/mw/com/impl/com_error.h:57:5: note: declared here
   57 |     kServiceInstanceAlreadyOffered
      |     ^~~~~~~~~~~~~~~~~~~~~~~~~~~~~~
[1,160 / 1,345] Compiling score/mw/com/impl/plumbing/i_proxy_binding_factory.cpp; 1s linux-sandbox ... (2 actions running)
INFO: From Compiling score/mw/com/impl/plumbing/i_proxy_binding_factory.cpp:
In file included from ./score/mw/com/impl/instance_identifier.h:16,
                 from ./score/mw/com/impl/handle_type.h:18,
                 from ./score/mw/com/impl/plumbing/i_proxy_binding_factory.h:16,
                 from score/mw/com/impl/plumbing/i_proxy_binding_factory.cpp:13:
./score/mw/com/impl/com_error.h: In member function 'virtual std::string_view score::mw::com::impl::ComErrorDomain::MessageFor(const score::result::ErrorCode&) const':
./score/mw/com/impl/com_error.h:186:65: warning: 'score::mw::com::impl::ComErrc::kServiceInstanceAlreadyOffered' is deprecated: Value has never been used. Calls to OfferService shall be idempotent. [-Wdeprecated-declarations]
  186 |             case static_cast<score::result::ErrorCode>(ComErrc::kServiceInstanceAlreadyOffered):
      |                                                                 ^~~~~~~~~~~~~~~~~~~~~~~~~~~~~~
./score/mw/com/impl/com_error.h:57:5: note: declared here
   57 |     kServiceInstanceAlreadyOffered
      |     ^~~~~~~~~~~~~~~~~~~~~~~~~~~~~~
INFO: From Compiling score/mw/com/impl/i_binding_runtime.cpp:
In file included from ./score/mw/com/impl/instance_identifier.h:16,
                 from ./score/mw/com/impl/handle_type.h:18,
                 from ./score/mw/com/impl/enriched_instance_identifier.h:17,
                 from ./score/mw/com/impl/i_service_discovery_client.h:16,
                 from ./score/mw/com/impl/i_binding_runtime.h:17,
                 from score/mw/com/impl/i_binding_runtime.cpp:13:
./score/mw/com/impl/com_error.h: In member function 'virtual std::string_view score::mw::com::impl::ComErrorDomain::MessageFor(const score::result::ErrorCode&) const':
./score/mw/com/impl/com_error.h:186:65: warning: 'score::mw::com::impl::ComErrc::kServiceInstanceAlreadyOffered' is deprecated: Value has never been used. Calls to OfferService shall be idempotent. [-Wdeprecated-declarations]
  186 |             case static_cast<score::result::ErrorCode>(ComErrc::kServiceInstanceAlreadyOffered):
      |                                                                 ^~~~~~~~~~~~~~~~~~~~~~~~~~~~~~
./score/mw/com/impl/com_error.h:57:5: note: declared here
   57 |     kServiceInstanceAlreadyOffered
      |     ^~~~~~~~~~~~~~~~~~~~~~~~~~~~~~
[1,163 / 1,345] Compiling Rust rlib clap_builder v4.6.7 (57 files); 2s linux-sandbox ... (2 actions, 1 running)
[1,163 / 1,345] Compiling Rust rlib clap_builder v4.6.7 (57 files); 3s linux-sandbox ... (2 actions running)
[1,167 / 1,345] Compiling score/mw/com/impl/i_runtime.cpp; 2s linux-sandbox ... (2 actions, 1 running)
INFO: From Compiling score/mw/com/impl/i_runtime.cpp:
In file included from ./score/mw/com/impl/instance_identifier.h:16,
                 from ./score/mw/com/impl/handle_type.h:18,
                 from ./score/mw/com/impl/enriched_instance_identifier.h:17,
                 from ./score/mw/com/impl/i_service_discovery_client.h:16,
                 from ./score/mw/com/impl/i_binding_runtime.h:17,
                 from ./score/mw/com/impl/i_runtime.h:16,
                 from score/mw/com/impl/i_runtime.cpp:13:
./score/mw/com/impl/com_error.h: In member function 'virtual std::string_view score::mw::com::impl::ComErrorDomain::MessageFor(const score::result::ErrorCode&) const':
./score/mw/com/impl/com_error.h:186:65: warning: 'score::mw::com::impl::ComErrc::kServiceInstanceAlreadyOffered' is deprecated: Value has never been used. Calls to OfferService shall be idempotent. [-Wdeprecated-declarations]
  186 |             case static_cast<score::result::ErrorCode>(ComErrc::kServiceInstanceAlreadyOffered):
      |                                                                 ^~~~~~~~~~~~~~~~~~~~~~~~~~~~~~
./score/mw/com/impl/com_error.h:57:5: note: declared here
   57 |     kServiceInstanceAlreadyOffered
      |     ^~~~~~~~~~~~~~~~~~~~~~~~~~~~~~
[1,178 / 1,345] Compiling score/mw/com/impl/bindings/lola/i_runtime.cpp; 1s linux-sandbox ... (2 actions running)
INFO: From Compiling score/mw/com/impl/bindings/lola/i_runtime.cpp:
In file included from ./score/mw/com/impl/instance_identifier.h:16,
                 from ./score/mw/com/impl/handle_type.h:18,
                 from ./score/mw/com/impl/enriched_instance_identifier.h:17,
                 from ./score/mw/com/impl/i_service_discovery_client.h:16,
                 from ./score/mw/com/impl/i_binding_runtime.h:17,
                 from ./score/mw/com/impl/bindings/lola/i_runtime.h:20,
                 from score/mw/com/impl/bindings/lola/i_runtime.cpp:13:
./score/mw/com/impl/com_error.h: In member function 'virtual std::string_view score::mw::com::impl::ComErrorDomain::MessageFor(const score::result::ErrorCode&) const':
./score/mw/com/impl/com_error.h:186:65: warning: 'score::mw::com::impl::ComErrc::kServiceInstanceAlreadyOffered' is deprecated: Value has never been used. Calls to OfferService shall be idempotent. [-Wdeprecated-declarations]
  186 |             case static_cast<score::result::ErrorCode>(ComErrc::kServiceInstanceAlreadyOffered):
      |                                                                 ^~~~~~~~~~~~~~~~~~~~~~~~~~~~~~
./score/mw/com/impl/com_error.h:57:5: note: declared here
   57 |     kServiceInstanceAlreadyOffered
      |     ^~~~~~~~~~~~~~~~~~~~~~~~~~~~~~
[1,182 / 1,345] Compiling Rust proc-macro mockall_derive v0.14.0 (9 files) [for tool]; 2s linux-sandbox ... (2 actions running)
INFO: From Compiling score/mw/com/impl/bindings/lola/runtime.cpp:
In file included from ./score/mw/com/impl/instance_identifier.h:16,
                 from ./score/mw/com/impl/handle_type.h:18,
                 from ./score/mw/com/impl/enriched_instance_identifier.h:17,
                 from ./score/mw/com/impl/i_service_discovery_client.h:16,
                 from ./score/mw/com/impl/i_binding_runtime.h:17,
                 from ./score/mw/com/impl/bindings/lola/i_runtime.h:20,
                 from ./score/mw/com/impl/bindings/lola/runtime.h:16,
                 from score/mw/com/impl/bindings/lola/runtime.cpp:13:
./score/mw/com/impl/com_error.h: In member function 'virtual std::string_view score::mw::com::impl::ComErrorDomain::MessageFor(const score::result::ErrorCode&) const':
./score/mw/com/impl/com_error.h:186:65: warning: 'score::mw::com::impl::ComErrc::kServiceInstanceAlreadyOffered' is deprecated: Value has never been used. Calls to OfferService shall be idempotent. [-Wdeprecated-declarations]
  186 |             case static_cast<score::result::ErrorCode>(ComErrc::kServiceInstanceAlreadyOffered):
      |                                                                 ^~~~~~~~~~~~~~~~~~~~~~~~~~~~~~
./score/mw/com/impl/com_error.h:57:5: note: declared here
   57 |     kServiceInstanceAlreadyOffered
      |     ^~~~~~~~~~~~~~~~~~~~~~~~~~~~~~
[1,183 / 1,345] Compiling Rust proc-macro mockall_derive v0.14.0 (9 files) [for tool]; 5s linux-sandbox ... (2 actions, 1 running)
[1,186 / 1,345] Compiling Rust proc-macro mockall_derive v0.14.0 (9 files) [for tool]; 7s linux-sandbox ... (2 actions running)
[1,187 / 1,345] Compiling score/mw/com/impl/plumbing/binding_runtime_factory.cpp; 3s linux-sandbox ... (2 actions, 1 running)
INFO: From Compiling score/mw/com/impl/plumbing/binding_runtime_factory.cpp:
In file included from ./score/mw/com/impl/configuration/service_instance_deployment.h:17,
                 from ./score/mw/com/impl/configuration/configuration.h:18,
                 from ./score/mw/com/impl/plumbing/binding_runtime_factory.h:16,
                 from score/mw/com/impl/plumbing/binding_runtime_factory.cpp:13:
./score/mw/com/impl/com_error.h: In member function 'virtual std::string_view score::mw::com::impl::ComErrorDomain::MessageFor(const score::result::ErrorCode&) const':
./score/mw/com/impl/com_error.h:186:65: warning: 'score::mw::com::impl::ComErrc::kServiceInstanceAlreadyOffered' is deprecated: Value has never been used. Calls to OfferService shall be idempotent. [-Wdeprecated-declarations]
  186 |             case static_cast<score::result::ErrorCode>(ComErrc::kServiceInstanceAlreadyOffered):
      |                                                                 ^~~~~~~~~~~~~~~~~~~~~~~~~~~~~~
./score/mw/com/impl/com_error.h:57:5: note: declared here
   57 |     kServiceInstanceAlreadyOffered
      |     ^~~~~~~~~~~~~~~~~~~~~~~~~~~~~~
[1,197 / 1,345] Compiling score/mw/com/impl/service_discovery.cpp; 1s linux-sandbox ... (2 actions, 1 running)
[1,199 / 1,345] Compiling score/mw/com/impl/service_discovery.cpp; 2s linux-sandbox ... (2 actions running)
INFO: From Compiling score/mw/com/impl/service_discovery.cpp:
In file included from ./score/mw/com/impl/instance_identifier.h:16,
                 from ./score/mw/com/impl/handle_type.h:18,
                 from ./score/mw/com/impl/enriched_instance_identifier.h:17,
                 from ./score/mw/com/impl/service_discovery.h:16,
                 from score/mw/com/impl/service_discovery.cpp:13:
./score/mw/com/impl/com_error.h: In member function 'virtual std::string_view score::mw::com::impl::ComErrorDomain::MessageFor(const score::result::ErrorCode&) const':
./score/mw/com/impl/com_error.h:186:65: warning: 'score::mw::com::impl::ComErrc::kServiceInstanceAlreadyOffered' is deprecated: Value has never been used. Calls to OfferService shall be idempotent. [-Wdeprecated-declarations]
  186 |             case static_cast<score::result::ErrorCode>(ComErrc::kServiceInstanceAlreadyOffered):
      |                                                                 ^~~~~~~~~~~~~~~~~~~~~~~~~~~~~~
./score/mw/com/impl/com_error.h:57:5: note: declared here
   57 |     kServiceInstanceAlreadyOffered
      |     ^~~~~~~~~~~~~~~~~~~~~~~~~~~~~~
[1,201 / 1,345] Compiling Rust rlib bridge_ffi_mock (1 file); 2s linux-sandbox ... (2 actions running)
INFO: From Compiling score/mw/com/impl/bindings/lola/transaction_log_rollback_executor.cpp:
In file included from ./score/mw/com/impl/instance_identifier.h:16,
                 from ./score/mw/com/impl/handle_type.h:18,
                 from ./score/mw/com/impl/enriched_instance_identifier.h:17,
                 from ./score/mw/com/impl/i_service_discovery_client.h:16,
                 from ./score/mw/com/impl/i_binding_runtime.h:17,
                 from ./score/mw/com/impl/bindings/lola/i_runtime.h:20,
                 from ./score/mw/com/impl/bindings/lola/transaction_log_rollback_executor.h:16,
                 from score/mw/com/impl/bindings/lola/transaction_log_rollback_executor.cpp:13:
./score/mw/com/impl/com_error.h: In member function 'virtual std::string_view score::mw::com::impl::ComErrorDomain::MessageFor(const score::result::ErrorCode&) const':
./score/mw/com/impl/com_error.h:186:65: warning: 'score::mw::com::impl::ComErrc::kServiceInstanceAlreadyOffered' is deprecated: Value has never been used. Calls to OfferService shall be idempotent. [-Wdeprecated-declarations]
  186 |             case static_cast<score::result::ErrorCode>(ComErrc::kServiceInstanceAlreadyOffered):
      |                                                                 ^~~~~~~~~~~~~~~~~~~~~~~~~~~~~~
./score/mw/com/impl/com_error.h:57:5: note: declared here
   57 |     kServiceInstanceAlreadyOffered
      |     ^~~~~~~~~~~~~~~~~~~~~~~~~~~~~~
[1,204 / 1,345] Compiling score/mw/com/impl/skeleton_event_binding.cpp; 0s linux-sandbox ... (2 actions running)
[1,207 / 1,345] Compiling score/mw/com/impl/bindings/lola/service_data_storage.cpp; 1s linux-sandbox ... (2 actions, 1 running)
INFO: From Compiling score/mw/com/impl/bindings/lola/service_data_storage.cpp:
In file included from ./score/mw/com/impl/instance_identifier.h:16,
                 from ./score/mw/com/impl/handle_type.h:18,
                 from ./score/mw/com/impl/enriched_instance_identifier.h:17,
                 from ./score/mw/com/impl/i_service_discovery_client.h:16,
                 from ./score/mw/com/impl/i_binding_runtime.h:17,
                 from ./score/mw/com/impl/bindings/lola/i_runtime.h:20,
                 from ./score/mw/com/impl/bindings/lola/service_data_storage.h:20,
                 from score/mw/com/impl/bindings/lola/service_data_storage.cpp:13:
./score/mw/com/impl/com_error.h: In member function 'virtual std::string_view score::mw::com::impl::ComErrorDomain::MessageFor(const score::result::ErrorCode&) const':
./score/mw/com/impl/com_error.h:186:65: warning: 'score::mw::com::impl::ComErrc::kServiceInstanceAlreadyOffered' is deprecated: Value has never been used. Calls to OfferService shall be idempotent. [-Wdeprecated-declarations]
  186 |             case static_cast<score::result::ErrorCode>(ComErrc::kServiceInstanceAlreadyOffered):
      |                                                                 ^~~~~~~~~~~~~~~~~~~~~~~~~~~~~~
./score/mw/com/impl/com_error.h:57:5: note: declared here
   57 |     kServiceInstanceAlreadyOffered
      |     ^~~~~~~~~~~~~~~~~~~~~~~~~~~~~~
[1,210 / 1,345] Compiling score/mw/com/impl/runtime.cpp; 1s linux-sandbox ... (2 actions running)
INFO: From Compiling score/mw/com/impl/bindings/lola/type_erased_sample_ptrs_guard.cpp:
In file included from ./score/mw/com/impl/configuration/service_instance_deployment.h:17,
                 from ./score/mw/com/impl/configuration/configuration.h:18,
                 from ./score/mw/com/impl/runtime.h:18,
                 from score/mw/com/impl/bindings/lola/type_erased_sample_ptrs_guard.cpp:16:
./score/mw/com/impl/com_error.h: In member function 'virtual std::string_view score::mw::com::impl::ComErrorDomain::MessageFor(const score::result::ErrorCode&) const':
./score/mw/com/impl/com_error.h:186:65: warning: 'score::mw::com::impl::ComErrc::kServiceInstanceAlreadyOffered' is deprecated: Value has never been used. Calls to OfferService shall be idempotent. [-Wdeprecated-declarations]
  186 |             case static_cast<score::result::ErrorCode>(ComErrc::kServiceInstanceAlreadyOffered):
      |                                                                 ^~~~~~~~~~~~~~~~~~~~~~~~~~~~~~
./score/mw/com/impl/com_error.h:57:5: note: declared here
   57 |     kServiceInstanceAlreadyOffered
      |     ^~~~~~~~~~~~~~~~~~~~~~~~~~~~~~
[1,211 / 1,345] Compiling score/mw/com/impl/runtime.cpp; 2s linux-sandbox ... (2 actions, 1 running)
INFO: From Compiling score/mw/com/impl/runtime.cpp:
In file included from ./score/mw/com/impl/configuration/service_instance_deployment.h:17,
                 from ./score/mw/com/impl/configuration/configuration.h:18,
                 from ./score/mw/com/impl/runtime.h:18,
                 from score/mw/com/impl/runtime.cpp:13:
./score/mw/com/impl/com_error.h: In member function 'virtual std::string_view score::mw::com::impl::ComErrorDomain::MessageFor(const score::result::ErrorCode&) const':
./score/mw/com/impl/com_error.h:186:65: warning: 'score::mw::com::impl::ComErrc::kServiceInstanceAlreadyOffered' is deprecated: Value has never been used. Calls to OfferService shall be idempotent. [-Wdeprecated-declarations]
  186 |             case static_cast<score::result::ErrorCode>(ComErrc::kServiceInstanceAlreadyOffered):
      |                                                                 ^~~~~~~~~~~~~~~~~~~~~~~~~~~~~~
./score/mw/com/impl/com_error.h:57:5: note: declared here
   57 |     kServiceInstanceAlreadyOffered
      |     ^~~~~~~~~~~~~~~~~~~~~~~~~~~~~~
[1,216 / 1,345] Compiling score/mw/com/impl/bindings/lola/subscription_helpers.cpp; 1s linux-sandbox ... (2 actions running)
INFO: From Compiling score/mw/com/impl/bindings/lola/subscription_helpers.cpp:
In file included from ./score/mw/com/impl/instance_identifier.h:16,
                 from ./score/mw/com/impl/handle_type.h:18,
                 from ./score/mw/com/impl/enriched_instance_identifier.h:17,
                 from ./score/mw/com/impl/i_service_discovery_client.h:16,
                 from ./score/mw/com/impl/i_binding_runtime.h:17,
                 from ./score/mw/com/impl/bindings/lola/i_runtime.h:20,
                 from score/mw/com/impl/bindings/lola/subscription_helpers.cpp:15:
./score/mw/com/impl/com_error.h: In member function 'virtual std::string_view score::mw::com::impl::ComErrorDomain::MessageFor(const score::result::ErrorCode&) const':
./score/mw/com/impl/com_error.h:186:65: warning: 'score::mw::com::impl::ComErrc::kServiceInstanceAlreadyOffered' is deprecated: Value has never been used. Calls to OfferService shall be idempotent. [-Wdeprecated-declarations]
  186 |             case static_cast<score::result::ErrorCode>(ComErrc::kServiceInstanceAlreadyOffered):
      |                                                                 ^~~~~~~~~~~~~~~~~~~~~~~~~~~~~~
./score/mw/com/impl/com_error.h:57:5: note: declared here
   57 |     kServiceInstanceAlreadyOffered
      |     ^~~~~~~~~~~~~~~~~~~~~~~~~~~~~~
INFO: From Compiling score/mw/com/impl/tracing/common_event_tracing.cpp:
In file included from ./score/mw/com/impl/instance_identifier.h:16,
                 from ./score/mw/com/impl/tracing/common_event_tracing.h:16,
                 from score/mw/com/impl/tracing/common_event_tracing.cpp:13:
./score/mw/com/impl/com_error.h: In member function 'virtual std::string_view score::mw::com::impl::ComErrorDomain::MessageFor(const score::result::ErrorCode&) const':
./score/mw/com/impl/com_error.h:186:65: warning: 'score::mw::com::impl::ComErrc::kServiceInstanceAlreadyOffered' is deprecated: Value has never been used. Calls to OfferService shall be idempotent. [-Wdeprecated-declarations]
  186 |             case static_cast<score::result::ErrorCode>(ComErrc::kServiceInstanceAlreadyOffered):
      |                                                                 ^~~~~~~~~~~~~~~~~~~~~~~~~~~~~~
./score/mw/com/impl/com_error.h:57:5: note: declared here
   57 |     kServiceInstanceAlreadyOffered
      |     ^~~~~~~~~~~~~~~~~~~~~~~~~~~~~~
[1,218 / 1,345] Compiling score/mw/com/impl/bindings/lola/subscription_not_subscribed_states.cpp; 0s linux-sandbox ... (2 actions, 1 running)
INFO: From Compiling score/mw/com/impl/bindings/lola/subscription_not_subscribed_states.cpp:
In file included from score/mw/com/impl/bindings/lola/subscription_not_subscribed_states.cpp:20:
./score/mw/com/impl/com_error.h: In member function 'virtual std::string_view score::mw::com::impl::ComErrorDomain::MessageFor(const score::result::ErrorCode&) const':
./score/mw/com/impl/com_error.h:186:65: warning: 'score::mw::com::impl::ComErrc::kServiceInstanceAlreadyOffered' is deprecated: Value has never been used. Calls to OfferService shall be idempotent. [-Wdeprecated-declarations]
  186 |             case static_cast<score::result::ErrorCode>(ComErrc::kServiceInstanceAlreadyOffered):
      |                                                                 ^~~~~~~~~~~~~~~~~~~~~~~~~~~~~~
./score/mw/com/impl/com_error.h:57:5: note: declared here
   57 |     kServiceInstanceAlreadyOffered
      |     ^~~~~~~~~~~~~~~~~~~~~~~~~~~~~~
[1,220 / 1,345] Compiling score/mw/com/impl/tracing/skeleton_event_tracing.cpp; 1s linux-sandbox ... (2 actions running)
INFO: From Compiling score/mw/com/impl/tracing/skeleton_event_tracing.cpp:
In file included from ./score/mw/com/impl/instance_identifier.h:16,
                 from ./score/mw/com/impl/tracing/skeleton_event_tracing.h:22,
                 from score/mw/com/impl/tracing/skeleton_event_tracing.cpp:13:
./score/mw/com/impl/com_error.h: In member function 'virtual std::string_view score::mw::com::impl::ComErrorDomain::MessageFor(const score::result::ErrorCode&) const':
./score/mw/com/impl/com_error.h:186:65: warning: 'score::mw::com::impl::ComErrc::kServiceInstanceAlreadyOffered' is deprecated: Value has never been used. Calls to OfferService shall be idempotent. [-Wdeprecated-declarations]
  186 |             case static_cast<score::result::ErrorCode>(ComErrc::kServiceInstanceAlreadyOffered):
      |                                                                 ^~~~~~~~~~~~~~~~~~~~~~~~~~~~~~
./score/mw/com/impl/com_error.h:57:5: note: declared here
   57 |     kServiceInstanceAlreadyOffered
      |     ^~~~~~~~~~~~~~~~~~~~~~~~~~~~~~
[1,222 / 1,345] Compiling score/mw/com/impl/bindings/lola/subscription_state_machine.cpp; 0s linux-sandbox ... (2 actions, 1 running)
[1,224 / 1,345] Compiling score/mw/com/impl/tracing/proxy_event_tracing.cpp; 1s linux-sandbox ... (2 actions, 1 running)
[1,225 / 1,345] Compiling score/mw/com/impl/tracing/proxy_event_tracing.cpp; 2s linux-sandbox ... (2 actions running)
INFO: From Compiling score/mw/com/impl/tracing/proxy_event_tracing.cpp:
In file included from ./score/mw/com/impl/instance_identifier.h:16,
                 from ./score/mw/com/impl/tracing/proxy_event_tracing.h:23,
                 from score/mw/com/impl/tracing/proxy_event_tracing.cpp:17:
./score/mw/com/impl/com_error.h: In member function 'virtual std::string_view score::mw::com::impl::ComErrorDomain::MessageFor(const score::result::ErrorCode&) const':
./score/mw/com/impl/com_error.h:186:65: warning: 'score::mw::com::impl::ComErrc::kServiceInstanceAlreadyOffered' is deprecated: Value has never been used. Calls to OfferService shall be idempotent. [-Wdeprecated-declarations]
  186 |             case static_cast<score::result::ErrorCode>(ComErrc::kServiceInstanceAlreadyOffered):
      |                                                                 ^~~~~~~~~~~~~~~~~~~~~~~~~~~~~~
./score/mw/com/impl/com_error.h:57:5: note: declared here
   57 |     kServiceInstanceAlreadyOffered
      |     ^~~~~~~~~~~~~~~~~~~~~~~~~~~~~~
INFO: From Compiling score/mw/com/impl/bindings/lola/subscription_subscribed_states.cpp:
In file included from score/mw/com/impl/bindings/lola/subscription_subscribed_states.cpp:18:
./score/mw/com/impl/com_error.h: In member function 'virtual std::string_view score::mw::com::impl::ComErrorDomain::MessageFor(const score::result::ErrorCode&) const':
./score/mw/com/impl/com_error.h:186:65: warning: 'score::mw::com::impl::ComErrc::kServiceInstanceAlreadyOffered' is deprecated: Value has never been used. Calls to OfferService shall be idempotent. [-Wdeprecated-declarations]
  186 |             case static_cast<score::result::ErrorCode>(ComErrc::kServiceInstanceAlreadyOffered):
      |                                                                 ^~~~~~~~~~~~~~~~~~~~~~~~~~~~~~
./score/mw/com/impl/com_error.h:57:5: note: declared here
   57 |     kServiceInstanceAlreadyOffered
      |     ^~~~~~~~~~~~~~~~~~~~~~~~~~~~~~
INFO: From Compiling score/mw/com/impl/bindings/lola/subscription_subscription_pending_states.cpp:
In file included from score/mw/com/impl/bindings/lola/subscription_subscription_pending_states.cpp:17:
./score/mw/com/impl/com_error.h: In member function 'virtual std::string_view score::mw::com::impl::ComErrorDomain::MessageFor(const score::result::ErrorCode&) const':
./score/mw/com/impl/com_error.h:186:65: warning: 'score::mw::com::impl::ComErrc::kServiceInstanceAlreadyOffered' is deprecated: Value has never been used. Calls to OfferService shall be idempotent. [-Wdeprecated-declarations]
  186 |             case static_cast<score::result::ErrorCode>(ComErrc::kServiceInstanceAlreadyOffered):
      |                                                                 ^~~~~~~~~~~~~~~~~~~~~~~~~~~~~~
./score/mw/com/impl/com_error.h:57:5: note: declared here
   57 |     kServiceInstanceAlreadyOffered
      |     ^~~~~~~~~~~~~~~~~~~~~~~~~~~~~~
[1,229 / 1,345] Compiling score/mw/com/impl/proxy_event_base.cpp; 1s linux-sandbox ... (2 actions, 1 running)
INFO: From Compiling score/mw/com/impl/proxy_event_base.cpp:
In file included from score/mw/com/impl/proxy_event_base.cpp:16:
./score/mw/com/impl/com_error.h: In member function 'virtual std::string_view score::mw::com::impl::ComErrorDomain::MessageFor(const score::result::ErrorCode&) const':
./score/mw/com/impl/com_error.h:186:65: warning: 'score::mw::com::impl::ComErrc::kServiceInstanceAlreadyOffered' is deprecated: Value has never been used. Calls to OfferService shall be idempotent. [-Wdeprecated-declarations]
  186 |             case static_cast<score::result::ErrorCode>(ComErrc::kServiceInstanceAlreadyOffered):
      |                                                                 ^~~~~~~~~~~~~~~~~~~~~~~~~~~~~~
./score/mw/com/impl/com_error.h:57:5: note: declared here
   57 |     kServiceInstanceAlreadyOffered
      |     ^~~~~~~~~~~~~~~~~~~~~~~~~~~~~~
[1,232 / 1,345] Compiling score/mw/com/impl/bindings/lola/proxy.cpp; 0s linux-sandbox ... (2 actions running)
[1,234 / 1,345] Compiling score/mw/com/impl/bindings/lola/proxy.cpp; 2s linux-sandbox ... (2 actions running)
INFO: From Compiling score/mw/com/impl/bindings/lola/proxy.cpp:
In file included from ./score/mw/com/impl/instance_identifier.h:16,
                 from ./score/mw/com/impl/handle_type.h:18,
                 from ./score/mw/com/impl/enriched_instance_identifier.h:17,
                 from ./score/mw/com/impl/i_service_discovery_client.h:16,
                 from ./score/mw/com/impl/i_binding_runtime.h:17,
                 from ./score/mw/com/impl/bindings/lola/i_runtime.h:20,
                 from ./score/mw/com/impl/bindings/lola/proxy_method.h:17,
                 from ./score/mw/com/impl/bindings/lola/proxy.h:24,
                 from score/mw/com/impl/bindings/lola/proxy.cpp:13:
./score/mw/com/impl/com_error.h: In member function 'virtual std::string_view score::mw::com::impl::ComErrorDomain::MessageFor(const score::result::ErrorCode&) const':
./score/mw/com/impl/com_error.h:186:65: warning: 'score::mw::com::impl::ComErrc::kServiceInstanceAlreadyOffered' is deprecated: Value has never been used. Calls to OfferService shall be idempotent. [-Wdeprecated-declarations]
  186 |             case static_cast<score::result::ErrorCode>(ComErrc::kServiceInstanceAlreadyOffered):
      |                                                                 ^~~~~~~~~~~~~~~~~~~~~~~~~~~~~~
./score/mw/com/impl/com_error.h:57:5: note: declared here
   57 |     kServiceInstanceAlreadyOffered
      |     ^~~~~~~~~~~~~~~~~~~~~~~~~~~~~~
[1,235 / 1,345] Compiling score/mw/com/impl/tracing/skeleton_tracing.cpp; 2s linux-sandbox ... (2 actions, 1 running)
INFO: From Compiling score/mw/com/impl/tracing/skeleton_tracing.cpp:
In file included from ./score/mw/com/impl/instance_identifier.h:16,
                 from ./score/mw/com/impl/tracing/skeleton_tracing.h:21,
                 from score/mw/com/impl/tracing/skeleton_tracing.cpp:17:
./score/mw/com/impl/com_error.h: In member function 'virtual std::string_view score::mw::com::impl::ComErrorDomain::MessageFor(const score::result::ErrorCode&) const':
./score/mw/com/impl/com_error.h:186:65: warning: 'score::mw::com::impl::ComErrc::kServiceInstanceAlreadyOffered' is deprecated: Value has never been used. Calls to OfferService shall be idempotent. [-Wdeprecated-declarations]
  186 |             case static_cast<score::result::ErrorCode>(ComErrc::kServiceInstanceAlreadyOffered):
      |                                                                 ^~~~~~~~~~~~~~~~~~~~~~~~~~~~~~
./score/mw/com/impl/com_error.h:57:5: note: declared here
   57 |     kServiceInstanceAlreadyOffered
      |     ^~~~~~~~~~~~~~~~~~~~~~~~~~~~~~
INFO: From Compiling score/mw/com/impl/skeleton_field_base.cpp:
In file included from ./score/mw/com/impl/skeleton_field_base.h:16,
                 from score/mw/com/impl/skeleton_field_base.cpp:13:
./score/mw/com/impl/com_error.h: In member function 'virtual std::string_view score::mw::com::impl::ComErrorDomain::MessageFor(const score::result::ErrorCode&) const':
./score/mw/com/impl/com_error.h:186:65: warning: 'score::mw::com::impl::ComErrc::kServiceInstanceAlreadyOffered' is deprecated: Value has never been used. Calls to OfferService shall be idempotent. [-Wdeprecated-declarations]
  186 |             case static_cast<score::result::ErrorCode>(ComErrc::kServiceInstanceAlreadyOffered):
      |                                                                 ^~~~~~~~~~~~~~~~~~~~~~~~~~~~~~
./score/mw/com/impl/com_error.h:57:5: note: declared here
   57 |     kServiceInstanceAlreadyOffered
      |     ^~~~~~~~~~~~~~~~~~~~~~~~~~~~~~
[1,238 / 1,345] Compiling score/mw/com/impl/bindings/lola/proxy_event.cpp; 1s linux-sandbox ... (2 actions, 1 running)
[1,239 / 1,345] Compiling score/mw/com/impl/bindings/lola/proxy_event.cpp; 2s linux-sandbox ... (2 actions running)
INFO: From Compiling score/mw/com/impl/bindings/lola/proxy_event.cpp:
In file included from ./score/mw/com/impl/instance_identifier.h:16,
                 from ./score/mw/com/impl/handle_type.h:18,
                 from ./score/mw/com/impl/enriched_instance_identifier.h:17,
                 from ./score/mw/com/impl/i_service_discovery_client.h:16,
                 from ./score/mw/com/impl/i_binding_runtime.h:17,
                 from ./score/mw/com/impl/bindings/lola/i_runtime.h:20,
                 from ./score/mw/com/impl/bindings/lola/proxy_method.h:17,
                 from ./score/mw/com/impl/bindings/lola/proxy.h:24,
                 from ./score/mw/com/impl/bindings/lola/proxy_event.h:18,
                 from score/mw/com/impl/bindings/lola/proxy_event.cpp:13:
./score/mw/com/impl/com_error.h: In member function 'virtual std::string_view score::mw::com::impl::ComErrorDomain::MessageFor(const score::result::ErrorCode&) const':
./score/mw/com/impl/com_error.h:186:65: warning: 'score::mw::com::impl::ComErrc::kServiceInstanceAlreadyOffered' is deprecated: Value has never been used. Calls to OfferService shall be idempotent. [-Wdeprecated-declarations]
  186 |             case static_cast<score::result::ErrorCode>(ComErrc::kServiceInstanceAlreadyOffered):
      |                                                                 ^~~~~~~~~~~~~~~~~~~~~~~~~~~~~~
./score/mw/com/impl/com_error.h:57:5: note: declared here
   57 |     kServiceInstanceAlreadyOffered
      |     ^~~~~~~~~~~~~~~~~~~~~~~~~~~~~~
[1,240 / 1,345] Compiling score/mw/com/impl/bindings/lola/skeleton.cpp; 3s linux-sandbox ... (2 actions running)
INFO: From Compiling score/mw/com/impl/bindings/lola/proxy_method.cpp:
In file included from ./score/mw/com/impl/instance_identifier.h:16,
                 from ./score/mw/com/impl/handle_type.h:18,
                 from ./score/mw/com/impl/enriched_instance_identifier.h:17,
                 from ./score/mw/com/impl/i_service_discovery_client.h:16,
                 from ./score/mw/com/impl/i_binding_runtime.h:17,
                 from ./score/mw/com/impl/bindings/lola/i_runtime.h:20,
                 from ./score/mw/com/impl/bindings/lola/proxy_method.h:17,
                 from score/mw/com/impl/bindings/lola/proxy_method.cpp:13:
./score/mw/com/impl/com_error.h: In member function 'virtual std::string_view score::mw::com::impl::ComErrorDomain::MessageFor(const score::result::ErrorCode&) const':
./score/mw/com/impl/com_error.h:186:65: warning: 'score::mw::com::impl::ComErrc::kServiceInstanceAlreadyOffered' is deprecated: Value has never been used. Calls to OfferService shall be idempotent. [-Wdeprecated-declarations]
  186 |             case static_cast<score::result::ErrorCode>(ComErrc::kServiceInstanceAlreadyOffered):
      |                                                                 ^~~~~~~~~~~~~~~~~~~~~~~~~~~~~~
./score/mw/com/impl/com_error.h:57:5: note: declared here
   57 |     kServiceInstanceAlreadyOffered
      |     ^~~~~~~~~~~~~~~~~~~~~~~~~~~~~~
INFO: From Compiling score/mw/com/impl/bindings/lola/skeleton.cpp:
In file included from ./score/mw/com/impl/instance_identifier.h:16,
                 from ./score/mw/com/impl/handle_type.h:18,
                 from ./score/mw/com/impl/enriched_instance_identifier.h:17,
                 from ./score/mw/com/impl/i_service_discovery_client.h:16,
                 from ./score/mw/com/impl/i_binding_runtime.h:17,
                 from ./score/mw/com/impl/bindings/lola/i_runtime.h:20,
                 from ./score/mw/com/impl/bindings/lola/service_data_storage.h:20,
                 from ./score/mw/com/impl/bindings/lola/skeleton_memory_manager.h:20,
                 from ./score/mw/com/impl/bindings/lola/skeleton.h:32,
                 from score/mw/com/impl/bindings/lola/skeleton.cpp:13:
./score/mw/com/impl/com_error.h: In member function 'virtual std::string_view score::mw::com::impl::ComErrorDomain::MessageFor(const score::result::ErrorCode&) const':
./score/mw/com/impl/com_error.h:186:65: warning: 'score::mw::com::impl::ComErrc::kServiceInstanceAlreadyOffered' is deprecated: Value has never been used. Calls to OfferService shall be idempotent. [-Wdeprecated-declarations]
  186 |             case static_cast<score::result::ErrorCode>(ComErrc::kServiceInstanceAlreadyOffered):
      |                                                                 ^~~~~~~~~~~~~~~~~~~~~~~~~~~~~~
./score/mw/com/impl/com_error.h:57:5: note: declared here
   57 |     kServiceInstanceAlreadyOffered
      |     ^~~~~~~~~~~~~~~~~~~~~~~~~~~~~~
[1,243 / 1,345] Compiling score/mw/com/impl/plumbing/proxy_binding_factory_impl.cpp; 0s linux-sandbox ... (2 actions, 1 running)
[1,243 / 1,345] Compiling score/mw/com/impl/plumbing/proxy_binding_factory_impl.cpp; 2s linux-sandbox ... (2 actions running)
INFO: From Compiling score/mw/com/impl/plumbing/proxy_binding_factory_impl.cpp:
In file included from ./score/mw/com/impl/instance_identifier.h:16,
                 from ./score/mw/com/impl/handle_type.h:18,
                 from ./score/mw/com/impl/plumbing/i_proxy_binding_factory.h:16,
                 from ./score/mw/com/impl/plumbing/proxy_binding_factory_impl.h:16,
                 from score/mw/com/impl/plumbing/proxy_binding_factory_impl.cpp:13:
./score/mw/com/impl/com_error.h: In member function 'virtual std::string_view score::mw::com::impl::ComErrorDomain::MessageFor(const score::result::ErrorCode&) const':
./score/mw/com/impl/com_error.h:186:65: warning: 'score::mw::com::impl::ComErrc::kServiceInstanceAlreadyOffered' is deprecated: Value has never been used. Calls to OfferService shall be idempotent. [-Wdeprecated-declarations]
  186 |             case static_cast<score::result::ErrorCode>(ComErrc::kServiceInstanceAlreadyOffered):
      |                                                                 ^~~~~~~~~~~~~~~~~~~~~~~~~~~~~~
./score/mw/com/impl/com_error.h:57:5: note: declared here
   57 |     kServiceInstanceAlreadyOffered
      |     ^~~~~~~~~~~~~~~~~~~~~~~~~~~~~~
INFO: From Compiling score/mw/com/impl/bindings/lola/skeleton_event.cpp:
In file included from ./score/mw/com/impl/instance_identifier.h:16,
                 from ./score/mw/com/impl/handle_type.h:18,
                 from ./score/mw/com/impl/enriched_instance_identifier.h:17,
                 from ./score/mw/com/impl/i_service_discovery_client.h:16,
                 from ./score/mw/com/impl/i_binding_runtime.h:17,
                 from ./score/mw/com/impl/bindings/lola/i_runtime.h:20,
                 from ./score/mw/com/impl/bindings/lola/service_data_storage.h:20,
                 from ./score/mw/com/impl/bindings/lola/skeleton_memory_manager.h:20,
                 from ./score/mw/com/impl/bindings/lola/skeleton.h:32,
                 from ./score/mw/com/impl/bindings/lola/skeleton_event.h:21,
                 from score/mw/com/impl/bindings/lola/skeleton_event.cpp:13:
./score/mw/com/impl/com_error.h: In member function 'virtual std::string_view score::mw::com::impl::ComErrorDomain::MessageFor(const score::result::ErrorCode&) const':
./score/mw/com/impl/com_error.h:186:65: warning: 'score::mw::com::impl::ComErrc::kServiceInstanceAlreadyOffered' is deprecated: Value has never been used. Calls to OfferService shall be idempotent. [-Wdeprecated-declarations]
  186 |             case static_cast<score::result::ErrorCode>(ComErrc::kServiceInstanceAlreadyOffered):
      |                                                                 ^~~~~~~~~~~~~~~~~~~~~~~~~~~~~~
./score/mw/com/impl/com_error.h:57:5: note: declared here
   57 |     kServiceInstanceAlreadyOffered
      |     ^~~~~~~~~~~~~~~~~~~~~~~~~~~~~~
[1,246 / 1,345] Compiling score/mw/com/impl/plumbing/skeleton_binding_factory_impl.cpp; 1s linux-sandbox ... (2 actions, 1 running)
INFO: From Compiling score/mw/com/impl/plumbing/skeleton_binding_factory_impl.cpp:
In file included from ./score/mw/com/impl/instance_identifier.h:16,
                 from ./score/mw/com/impl/plumbing/skeleton_binding_factory_impl.h:16,
                 from score/mw/com/impl/plumbing/skeleton_binding_factory_impl.cpp:13:
./score/mw/com/impl/com_error.h: In member function 'virtual std::string_view score::mw::com::impl::ComErrorDomain::MessageFor(const score::result::ErrorCode&) const':
./score/mw/com/impl/com_error.h:186:65: warning: 'score::mw::com::impl::ComErrc::kServiceInstanceAlreadyOffered' is deprecated: Value has never been used. Calls to OfferService shall be idempotent. [-Wdeprecated-declarations]
  186 |             case static_cast<score::result::ErrorCode>(ComErrc::kServiceInstanceAlreadyOffered):
      |                                                                 ^~~~~~~~~~~~~~~~~~~~~~~~~~~~~~
./score/mw/com/impl/com_error.h:57:5: note: declared here
   57 |     kServiceInstanceAlreadyOffered
      |     ^~~~~~~~~~~~~~~~~~~~~~~~~~~~~~
[1,248 / 1,345] Compiling score/mw/com/impl/bindings/lola/skeleton_memory_manager.cpp; 1s linux-sandbox ... (2 actions, 1 running)
[1,249 / 1,345] Compiling score/mw/com/impl/bindings/lola/skeleton_memory_manager.cpp; 2s linux-sandbox ... (2 actions running)
INFO: From Compiling score/mw/com/impl/bindings/lola/skeleton_memory_manager.cpp:
In file included from ./score/mw/com/impl/instance_identifier.h:16,
                 from ./score/mw/com/impl/handle_type.h:18,
                 from ./score/mw/com/impl/enriched_instance_identifier.h:17,
                 from ./score/mw/com/impl/i_service_discovery_client.h:16,
                 from ./score/mw/com/impl/i_binding_runtime.h:17,
                 from ./score/mw/com/impl/bindings/lola/i_runtime.h:20,
                 from ./score/mw/com/impl/bindings/lola/service_data_storage.h:20,
                 from ./score/mw/com/impl/bindings/lola/skeleton_memory_manager.h:20,
                 from score/mw/com/impl/bindings/lola/skeleton_memory_manager.cpp:13:
./score/mw/com/impl/com_error.h: In member function 'virtual std::string_view score::mw::com::impl::ComErrorDomain::MessageFor(const score::result::ErrorCode&) const':
./score/mw/com/impl/com_error.h:186:65: warning: 'score::mw::com::impl::ComErrc::kServiceInstanceAlreadyOffered' is deprecated: Value has never been used. Calls to OfferService shall be idempotent. [-Wdeprecated-declarations]
  186 |             case static_cast<score::result::ErrorCode>(ComErrc::kServiceInstanceAlreadyOffered):
      |                                                                 ^~~~~~~~~~~~~~~~~~~~~~~~~~~~~~
./score/mw/com/impl/com_error.h:57:5: note: declared here
   57 |     kServiceInstanceAlreadyOffered
      |     ^~~~~~~~~~~~~~~~~~~~~~~~~~~~~~
[1,250 / 1,345] Compiling score/mw/com/impl/plumbing/binding_runtime_factory.cpp; 2s linux-sandbox ... (2 actions, 1 running)
INFO: From Compiling score/mw/com/impl/plumbing/binding_runtime_factory.cpp:
In file included from ./score/mw/com/impl/configuration/service_instance_deployment.h:17,
                 from ./score/mw/com/impl/configuration/configuration.h:18,
                 from ./score/mw/com/impl/plumbing/binding_runtime_factory.h:16,
                 from score/mw/com/impl/plumbing/binding_runtime_factory.cpp:13:
./score/mw/com/impl/com_error.h: In member function 'virtual std::string_view score::mw::com::impl::ComErrorDomain::MessageFor(const score::result::ErrorCode&) const':
./score/mw/com/impl/com_error.h:186:65: warning: 'score::mw::com::impl::ComErrc::kServiceInstanceAlreadyOffered' is deprecated: Value has never been used. Calls to OfferService shall be idempotent. [-Wdeprecated-declarations]
  186 |             case static_cast<score::result::ErrorCode>(ComErrc::kServiceInstanceAlreadyOffered):
      |                                                                 ^~~~~~~~~~~~~~~~~~~~~~~~~~~~~~
./score/mw/com/impl/com_error.h:57:5: note: declared here
   57 |     kServiceInstanceAlreadyOffered
      |     ^~~~~~~~~~~~~~~~~~~~~~~~~~~~~~
[1,252 / 1,345] Compiling score/mw/com/impl/bindings/lola/skeleton_method.cpp; 1s linux-sandbox ... (2 actions running)
INFO: From Compiling score/mw/com/impl/plumbing/lola_proxy_element_building_blocks.cpp:
In file included from ./score/mw/com/impl/instance_identifier.h:16,
                 from ./score/mw/com/impl/handle_type.h:18,
                 from ./score/mw/com/impl/plumbing/lola_proxy_element_building_blocks.h:18,
                 from score/mw/com/impl/plumbing/lola_proxy_element_building_blocks.cpp:13:
./score/mw/com/impl/com_error.h: In member function 'virtual std::string_view score::mw::com::impl::ComErrorDomain::MessageFor(const score::result::ErrorCode&) const':
./score/mw/com/impl/com_error.h:186:65: warning: 'score::mw::com::impl::ComErrc::kServiceInstanceAlreadyOffered' is deprecated: Value has never been used. Calls to OfferService shall be idempotent. [-Wdeprecated-declarations]
  186 |             case static_cast<score::result::ErrorCode>(ComErrc::kServiceInstanceAlreadyOffered):
      |                                                                 ^~~~~~~~~~~~~~~~~~~~~~~~~~~~~~
./score/mw/com/impl/com_error.h:57:5: note: declared here
   57 |     kServiceInstanceAlreadyOffered
      |     ^~~~~~~~~~~~~~~~~~~~~~~~~~~~~~
[1,254 / 1,345] Compiling score/mw/com/impl/bindings/lola/skeleton_method.cpp; 2s linux-sandbox ... (2 actions running)
INFO: From Compiling score/mw/com/impl/bindings/lola/skeleton_method.cpp:
In file included from ./score/mw/com/impl/instance_identifier.h:16,
                 from ./score/mw/com/impl/handle_type.h:18,
                 from ./score/mw/com/impl/enriched_instance_identifier.h:17,
                 from ./score/mw/com/impl/i_service_discovery_client.h:16,
                 from ./score/mw/com/impl/i_binding_runtime.h:17,
                 from ./score/mw/com/impl/bindings/lola/i_runtime.h:20,
                 from score/mw/com/impl/bindings/lola/skeleton_method.cpp:17:
./score/mw/com/impl/com_error.h: In member function 'virtual std::string_view score::mw::com::impl::ComErrorDomain::MessageFor(const score::result::ErrorCode&) const':
./score/mw/com/impl/com_error.h:186:65: warning: 'score::mw::com::impl::ComErrc::kServiceInstanceAlreadyOffered' is deprecated: Value has never been used. Calls to OfferService shall be idempotent. [-Wdeprecated-declarations]
  186 |             case static_cast<score::result::ErrorCode>(ComErrc::kServiceInstanceAlreadyOffered):
      |                                                                 ^~~~~~~~~~~~~~~~~~~~~~~~~~~~~~
./score/mw/com/impl/com_error.h:57:5: note: declared here
   57 |     kServiceInstanceAlreadyOffered
      |     ^~~~~~~~~~~~~~~~~~~~~~~~~~~~~~
[1,255 / 1,345] Compiling score/mw/com/impl/proxy_base.cpp; 1s linux-sandbox ... (2 actions, 1 running)
[1,256 / 1,345] Compiling score/mw/com/impl/proxy_base.cpp; 3s linux-sandbox ... (2 actions running)
INFO: From Compiling score/mw/com/impl/proxy_base.cpp:
In file included from ./score/mw/com/impl/instance_identifier.h:16,
                 from ./score/mw/com/impl/handle_type.h:18,
                 from ./score/mw/com/impl/proxy_base.h:18,
                 from score/mw/com/impl/proxy_base.cpp:13:
./score/mw/com/impl/com_error.h: In member function 'virtual std::string_view score::mw::com::impl::ComErrorDomain::MessageFor(const score::result::ErrorCode&) const':
./score/mw/com/impl/com_error.h:186:65: warning: 'score::mw::com::impl::ComErrc::kServiceInstanceAlreadyOffered' is deprecated: Value has never been used. Calls to OfferService shall be idempotent. [-Wdeprecated-declarations]
  186 |             case static_cast<score::result::ErrorCode>(ComErrc::kServiceInstanceAlreadyOffered):
      |                                                                 ^~~~~~~~~~~~~~~~~~~~~~~~~~~~~~
./score/mw/com/impl/com_error.h:57:5: note: declared here
   57 |     kServiceInstanceAlreadyOffered
      |     ^~~~~~~~~~~~~~~~~~~~~~~~~~~~~~
INFO: From Compiling score/mw/com/impl/generic_skeleton_event.cpp:
In file included from score/mw/com/impl/generic_skeleton_event.cpp:14:
./score/mw/com/impl/com_error.h: In member function 'virtual std::string_view score::mw::com::impl::ComErrorDomain::MessageFor(const score::result::ErrorCode&) const':
./score/mw/com/impl/com_error.h:186:65: warning: 'score::mw::com::impl::ComErrc::kServiceInstanceAlreadyOffered' is deprecated: Value has never been used. Calls to OfferService shall be idempotent. [-Wdeprecated-declarations]
  186 |             case static_cast<score::result::ErrorCode>(ComErrc::kServiceInstanceAlreadyOffered):
      |                                                                 ^~~~~~~~~~~~~~~~~~~~~~~~~~~~~~
./score/mw/com/impl/com_error.h:57:5: note: declared here
   57 |     kServiceInstanceAlreadyOffered
      |     ^~~~~~~~~~~~~~~~~~~~~~~~~~~~~~
[1,260 / 1,345] Compiling score/mw/com/impl/skeleton_base.cpp; 1s linux-sandbox ... (2 actions running)
INFO: From Compiling score/mw/com/impl/plumbing/i_skeleton_field_binding_factory.cpp:
In file included from ./score/mw/com/impl/instance_identifier.h:16,
                 from ./score/mw/com/impl/plumbing/i_skeleton_field_binding_factory.h:17,
                 from score/mw/com/impl/plumbing/i_skeleton_field_binding_factory.cpp:13:
./score/mw/com/impl/com_error.h: In member function 'virtual std::string_view score::mw::com::impl::ComErrorDomain::MessageFor(const score::result::ErrorCode&) const':
./score/mw/com/impl/com_error.h:186:65: warning: 'score::mw::com::impl::ComErrc::kServiceInstanceAlreadyOffered' is deprecated: Value has never been used. Calls to OfferService shall be idempotent. [-Wdeprecated-declarations]
  186 |             case static_cast<score::result::ErrorCode>(ComErrc::kServiceInstanceAlreadyOffered):
      |                                                                 ^~~~~~~~~~~~~~~~~~~~~~~~~~~~~~
./score/mw/com/impl/com_error.h:57:5: note: declared here
   57 |     kServiceInstanceAlreadyOffered
      |     ^~~~~~~~~~~~~~~~~~~~~~~~~~~~~~
[1,262 / 1,345] Compiling score/mw/com/impl/skeleton_base.cpp; 2s linux-sandbox ... (2 actions running)
INFO: From Compiling score/mw/com/impl/skeleton_base.cpp:
In file included from ./score/mw/com/impl/instance_identifier.h:16,
                 from ./score/mw/com/impl/skeleton_base.h:17,
                 from score/mw/com/impl/skeleton_base.cpp:13:
./score/mw/com/impl/com_error.h: In member function 'virtual std::string_view score::mw::com::impl::ComErrorDomain::MessageFor(const score::result::ErrorCode&) const':
./score/mw/com/impl/com_error.h:186:65: warning: 'score::mw::com::impl::ComErrc::kServiceInstanceAlreadyOffered' is deprecated: Value has never been used. Calls to OfferService shall be idempotent. [-Wdeprecated-declarations]
  186 |             case static_cast<score::result::ErrorCode>(ComErrc::kServiceInstanceAlreadyOffered):
      |                                                                 ^~~~~~~~~~~~~~~~~~~~~~~~~~~~~~
./score/mw/com/impl/com_error.h:57:5: note: declared here
   57 |     kServiceInstanceAlreadyOffered
      |     ^~~~~~~~~~~~~~~~~~~~~~~~~~~~~~
INFO: From Compiling score/mw/com/impl/plumbing/i_skeleton_event_binding_factory.cpp:
In file included from ./score/mw/com/impl/instance_identifier.h:16,
                 from ./score/mw/com/impl/plumbing/i_skeleton_event_binding_factory.h:16,
                 from score/mw/com/impl/plumbing/i_skeleton_event_binding_factory.cpp:13:
./score/mw/com/impl/com_error.h: In member function 'virtual std::string_view score::mw::com::impl::ComErrorDomain::MessageFor(const score::result::ErrorCode&) const':
./score/mw/com/impl/com_error.h:186:65: warning: 'score::mw::com::impl::ComErrc::kServiceInstanceAlreadyOffered' is deprecated: Value has never been used. Calls to OfferService shall be idempotent. [-Wdeprecated-declarations]
  186 |             case static_cast<score::result::ErrorCode>(ComErrc::kServiceInstanceAlreadyOffered):
      |                                                                 ^~~~~~~~~~~~~~~~~~~~~~~~~~~~~~
./score/mw/com/impl/com_error.h:57:5: note: declared here
   57 |     kServiceInstanceAlreadyOffered
      |     ^~~~~~~~~~~~~~~~~~~~~~~~~~~~~~
[1,265 / 1,345] Compiling score/mw/com/impl/generic_proxy.cpp; 0s linux-sandbox ... (2 actions, 1 running)
INFO: From Compiling score/mw/com/impl/generic_proxy.cpp:
In file included from ./score/mw/com/impl/instance_identifier.h:16,
                 from ./score/mw/com/impl/handle_type.h:18,
                 from ./score/mw/com/impl/proxy_base.h:18,
                 from ./score/mw/com/impl/generic_proxy_event.h:18,
                 from ./score/mw/com/impl/generic_proxy.h:18,
                 from score/mw/com/impl/generic_proxy.cpp:14:
./score/mw/com/impl/com_error.h: In member function 'virtual std::string_view score::mw::com::impl::ComErrorDomain::MessageFor(const score::result::ErrorCode&) const':
./score/mw/com/impl/com_error.h:186:65: warning: 'score::mw::com::impl::ComErrc::kServiceInstanceAlreadyOffered' is deprecated: Value has never been used. Calls to OfferService shall be idempotent. [-Wdeprecated-declarations]
  186 |             case static_cast<score::result::ErrorCode>(ComErrc::kServiceInstanceAlreadyOffered):
      |                                                                 ^~~~~~~~~~~~~~~~~~~~~~~~~~~~~~
./score/mw/com/impl/com_error.h:57:5: note: declared here
   57 |     kServiceInstanceAlreadyOffered
      |     ^~~~~~~~~~~~~~~~~~~~~~~~~~~~~~
[1,267 / 1,345] Compiling score/mw/com/impl/plumbing/skeleton_event_binding_factory_impl.cpp; 1s linux-sandbox ... (2 actions, 1 running)
[1,268 / 1,345] Compiling score/mw/com/impl/plumbing/skeleton_event_binding_factory_impl.cpp; 2s linux-sandbox ... (2 actions running)
INFO: From Compiling score/mw/com/impl/plumbing/skeleton_event_binding_factory_impl.cpp:
In file included from ./score/mw/com/impl/instance_identifier.h:16,
                 from ./score/mw/com/impl/plumbing/skeleton_event_binding_factory_impl.h:16,
                 from score/mw/com/impl/plumbing/skeleton_event_binding_factory_impl.cpp:13:
./score/mw/com/impl/com_error.h: In member function 'virtual std::string_view score::mw::com::impl::ComErrorDomain::MessageFor(const score::result::ErrorCode&) const':
./score/mw/com/impl/com_error.h:186:65: warning: 'score::mw::com::impl::ComErrc::kServiceInstanceAlreadyOffered' is deprecated: Value has never been used. Calls to OfferService shall be idempotent. [-Wdeprecated-declarations]
  186 |             case static_cast<score::result::ErrorCode>(ComErrc::kServiceInstanceAlreadyOffered):
      |                                                                 ^~~~~~~~~~~~~~~~~~~~~~~~~~~~~~
./score/mw/com/impl/com_error.h:57:5: note: declared here
   57 |     kServiceInstanceAlreadyOffered
      |     ^~~~~~~~~~~~~~~~~~~~~~~~~~~~~~
INFO: From Compiling score/mw/com/impl/plumbing/i_proxy_field_binding_factory.cpp:
In file included from ./score/mw/com/impl/instance_identifier.h:16,
                 from ./score/mw/com/impl/handle_type.h:18,
                 from ./score/mw/com/impl/plumbing/i_proxy_field_binding_factory.h:16,
                 from score/mw/com/impl/plumbing/i_proxy_field_binding_factory.cpp:13:
./score/mw/com/impl/com_error.h: In member function 'virtual std::string_view score::mw::com::impl::ComErrorDomain::MessageFor(const score::result::ErrorCode&) const':
./score/mw/com/impl/com_error.h:186:65: warning: 'score::mw::com::impl::ComErrc::kServiceInstanceAlreadyOffered' is deprecated: Value has never been used. Calls to OfferService shall be idempotent. [-Wdeprecated-declarations]
  186 |             case static_cast<score::result::ErrorCode>(ComErrc::kServiceInstanceAlreadyOffered):
      |                                                                 ^~~~~~~~~~~~~~~~~~~~~~~~~~~~~~
./score/mw/com/impl/com_error.h:57:5: note: declared here
   57 |     kServiceInstanceAlreadyOffered
      |     ^~~~~~~~~~~~~~~~~~~~~~~~~~~~~~
[1,272 / 1,345] Compiling score/mw/com/impl/plumbing/skeleton_service_element_binding_factory_impl.cpp; 1s linux-sandbox ... (2 actions running)
INFO: From Compiling score/mw/com/impl/plumbing/skeleton_service_element_binding_factory_impl.cpp:
In file included from ./score/mw/com/impl/instance_identifier.h:16,
                 from ./score/mw/com/impl/handle_type.h:18,
                 from ./score/mw/com/impl/enriched_instance_identifier.h:17,
                 from ./score/mw/com/impl/i_service_discovery_client.h:16,
                 from ./score/mw/com/impl/i_binding_runtime.h:17,
                 from ./score/mw/com/impl/bindings/lola/i_runtime.h:20,
                 from ./score/mw/com/impl/bindings/lola/service_data_storage.h:20,
                 from ./score/mw/com/impl/bindings/lola/skeleton_memory_manager.h:20,
                 from ./score/mw/com/impl/bindings/lola/skeleton.h:32,
                 from ./score/mw/com/impl/plumbing/skeleton_service_element_binding_factory_impl.h:17,
                 from score/mw/com/impl/plumbing/skeleton_service_element_binding_factory_impl.cpp:13:
./score/mw/com/impl/com_error.h: In member function 'virtual std::string_view score::mw::com::impl::ComErrorDomain::MessageFor(const score::result::ErrorCode&) const':
./score/mw/com/impl/com_error.h:186:65: warning: 'score::mw::com::impl::ComErrc::kServiceInstanceAlreadyOffered' is deprecated: Value has never been used. Calls to OfferService shall be idempotent. [-Wdeprecated-declarations]
  186 |             case static_cast<score::result::ErrorCode>(ComErrc::kServiceInstanceAlreadyOffered):
      |                                                                 ^~~~~~~~~~~~~~~~~~~~~~~~~~~~~~
./score/mw/com/impl/com_error.h:57:5: note: declared here
   57 |     kServiceInstanceAlreadyOffered
      |     ^~~~~~~~~~~~~~~~~~~~~~~~~~~~~~
INFO: From Compiling score/mw/com/impl/plumbing/proxy_event_binding_factory_impl.cpp:
In file included from ./score/mw/com/impl/instance_identifier.h:16,
                 from ./score/mw/com/impl/handle_type.h:18,
                 from ./score/mw/com/impl/enriched_instance_identifier.h:17,
                 from ./score/mw/com/impl/i_service_discovery_client.h:16,
                 from ./score/mw/com/impl/i_binding_runtime.h:17,
                 from ./score/mw/com/impl/bindings/lola/i_runtime.h:20,
                 from ./score/mw/com/impl/bindings/lola/proxy_method.h:17,
                 from ./score/mw/com/impl/bindings/lola/proxy.h:24,
                 from ./score/mw/com/impl/plumbing/proxy_event_binding_factory_impl.h:16,
                 from score/mw/com/impl/plumbing/proxy_event_binding_factory_impl.cpp:13:
./score/mw/com/impl/com_error.h: In member function 'virtual std::string_view score::mw::com::impl::ComErrorDomain::MessageFor(const score::result::ErrorCode&) const':
./score/mw/com/impl/com_error.h:186:65: warning: 'score::mw::com::impl::ComErrc::kServiceInstanceAlreadyOffered' is deprecated: Value has never been used. Calls to OfferService shall be idempotent. [-Wdeprecated-declarations]
  186 |             case static_cast<score::result::ErrorCode>(ComErrc::kServiceInstanceAlreadyOffered):
      |                                                                 ^~~~~~~~~~~~~~~~~~~~~~~~~~~~~~
./score/mw/com/impl/com_error.h:57:5: note: declared here
   57 |     kServiceInstanceAlreadyOffered
      |     ^~~~~~~~~~~~~~~~~~~~~~~~~~~~~~
[1,275 / 1,345] Compiling score/mw/com/impl/plumbing/skeleton_field_binding_factory_impl.cpp; 0s linux-sandbox ... (2 actions, 1 running)
[1,276 / 1,345] Compiling score/mw/com/impl/plumbing/skeleton_field_binding_factory_impl.cpp; 2s linux-sandbox ... (2 actions running)
INFO: From Compiling score/mw/com/impl/plumbing/i_proxy_event_binding_factory.cpp:
In file included from ./score/mw/com/impl/instance_identifier.h:16,
                 from ./score/mw/com/impl/handle_type.h:18,
                 from ./score/mw/com/impl/plumbing/i_proxy_event_binding_factory.h:17,
                 from score/mw/com/impl/plumbing/i_proxy_event_binding_factory.cpp:13:
./score/mw/com/impl/com_error.h: In member function 'virtual std::string_view score::mw::com::impl::ComErrorDomain::MessageFor(const score::result::ErrorCode&) const':
./score/mw/com/impl/com_error.h:186:65: warning: 'score::mw::com::impl::ComErrc::kServiceInstanceAlreadyOffered' is deprecated: Value has never been used. Calls to OfferService shall be idempotent. [-Wdeprecated-declarations]
  186 |             case static_cast<score::result::ErrorCode>(ComErrc::kServiceInstanceAlreadyOffered):
      |                                                                 ^~~~~~~~~~~~~~~~~~~~~~~~~~~~~~
./score/mw/com/impl/com_error.h:57:5: note: declared here
   57 |     kServiceInstanceAlreadyOffered
      |     ^~~~~~~~~~~~~~~~~~~~~~~~~~~~~~
INFO: From Compiling score/mw/com/impl/plumbing/skeleton_field_binding_factory_impl.cpp:
In file included from ./score/mw/com/impl/instance_identifier.h:16,
                 from ./score/mw/com/impl/handle_type.h:18,
                 from ./score/mw/com/impl/enriched_instance_identifier.h:17,
                 from ./score/mw/com/impl/i_service_discovery_client.h:16,
                 from ./score/mw/com/impl/i_binding_runtime.h:17,
                 from ./score/mw/com/impl/bindings/lola/i_runtime.h:20,
                 from ./score/mw/com/impl/bindings/lola/service_data_storage.h:20,
                 from ./score/mw/com/impl/bindings/lola/skeleton_memory_manager.h:20,
                 from ./score/mw/com/impl/bindings/lola/skeleton.h:32,
                 from ./score/mw/com/impl/bindings/lola/skeleton_event.h:21,
                 from ./score/mw/com/impl/plumbing/skeleton_field_binding_factory_impl.h:16,
                 from score/mw/com/impl/plumbing/skeleton_field_binding_factory_impl.cpp:13:
./score/mw/com/impl/com_error.h: In member function 'virtual std::string_view score::mw::com::impl::ComErrorDomain::MessageFor(const score::result::ErrorCode&) const':
./score/mw/com/impl/com_error.h:186:65: warning: 'score::mw::com::impl::ComErrc::kServiceInstanceAlreadyOffered' is deprecated: Value has never been used. Calls to OfferService shall be idempotent. [-Wdeprecated-declarations]
  186 |             case static_cast<score::result::ErrorCode>(ComErrc::kServiceInstanceAlreadyOffered):
      |                                                                 ^~~~~~~~~~~~~~~~~~~~~~~~~~~~~~
./score/mw/com/impl/com_error.h:57:5: note: declared here
   57 |     kServiceInstanceAlreadyOffered
      |     ^~~~~~~~~~~~~~~~~~~~~~~~~~~~~~
[1,280 / 1,345] Compiling score/mw/com/impl/plumbing/proxy_event_binding_factory.cpp; 1s linux-sandbox ... (2 actions running)
INFO: From Compiling score/mw/com/impl/plumbing/proxy_event_binding_factory.cpp:
In file included from ./score/mw/com/impl/instance_identifier.h:16,
                 from ./score/mw/com/impl/handle_type.h:18,
                 from ./score/mw/com/impl/plumbing/proxy_event_binding_factory.h:17,
                 from score/mw/com/impl/plumbing/proxy_event_binding_factory.cpp:13:
./score/mw/com/impl/com_error.h: In member function 'virtual std::string_view score::mw::com::impl::ComErrorDomain::MessageFor(const score::result::ErrorCode&) const':
./score/mw/com/impl/com_error.h:186:65: warning: 'score::mw::com::impl::ComErrc::kServiceInstanceAlreadyOffered' is deprecated: Value has never been used. Calls to OfferService shall be idempotent. [-Wdeprecated-declarations]
  186 |             case static_cast<score::result::ErrorCode>(ComErrc::kServiceInstanceAlreadyOffered):
      |                                                                 ^~~~~~~~~~~~~~~~~~~~~~~~~~~~~~
./score/mw/com/impl/com_error.h:57:5: note: declared here
   57 |     kServiceInstanceAlreadyOffered
      |     ^~~~~~~~~~~~~~~~~~~~~~~~~~~~~~
[1,281 / 1,345] Compiling score/mw/com/impl/plumbing/skeleton_field_binding_factory.cpp; 2s linux-sandbox ... (2 actions, 1 running)
INFO: From Compiling score/mw/com/impl/plumbing/skeleton_field_binding_factory.cpp:
In file included from ./score/mw/com/impl/instance_identifier.h:16,
                 from ./score/mw/com/impl/handle_type.h:18,
                 from ./score/mw/com/impl/enriched_instance_identifier.h:17,
                 from ./score/mw/com/impl/i_service_discovery_client.h:16,
                 from ./score/mw/com/impl/i_binding_runtime.h:17,
                 from ./score/mw/com/impl/bindings/lola/i_runtime.h:20,
                 from ./score/mw/com/impl/bindings/lola/service_data_storage.h:20,
                 from ./score/mw/com/impl/bindings/lola/skeleton_memory_manager.h:20,
                 from ./score/mw/com/impl/bindings/lola/skeleton.h:32,
                 from ./score/mw/com/impl/bindings/lola/skeleton_event.h:21,
                 from ./score/mw/com/impl/plumbing/skeleton_field_binding_factory.h:17,
                 from score/mw/com/impl/plumbing/skeleton_field_binding_factory.cpp:13:
./score/mw/com/impl/com_error.h: In member function 'virtual std::string_view score::mw::com::impl::ComErrorDomain::MessageFor(const score::result::ErrorCode&) const':
./score/mw/com/impl/com_error.h:186:65: warning: 'score::mw::com::impl::ComErrc::kServiceInstanceAlreadyOffered' is deprecated: Value has never been used. Calls to OfferService shall be idempotent. [-Wdeprecated-declarations]
  186 |             case static_cast<score::result::ErrorCode>(ComErrc::kServiceInstanceAlreadyOffered):
      |                                                                 ^~~~~~~~~~~~~~~~~~~~~~~~~~~~~~
./score/mw/com/impl/com_error.h:57:5: note: declared here
   57 |     kServiceInstanceAlreadyOffered
      |     ^~~~~~~~~~~~~~~~~~~~~~~~~~~~~~
INFO: From Compiling score/mw/com/impl/plumbing/i_proxy_method_binding_factory.cpp:
In file included from ./score/mw/com/impl/instance_identifier.h:16,
                 from ./score/mw/com/impl/handle_type.h:18,
                 from ./score/mw/com/impl/plumbing/i_proxy_method_binding_factory.h:16,
                 from score/mw/com/impl/plumbing/i_proxy_method_binding_factory.cpp:13:
./score/mw/com/impl/com_error.h: In member function 'virtual std::string_view score::mw::com::impl::ComErrorDomain::MessageFor(const score::result::ErrorCode&) const':
./score/mw/com/impl/com_error.h:186:65: warning: 'score::mw::com::impl::ComErrc::kServiceInstanceAlreadyOffered' is deprecated: Value has never been used. Calls to OfferService shall be idempotent. [-Wdeprecated-declarations]
  186 |             case static_cast<score::result::ErrorCode>(ComErrc::kServiceInstanceAlreadyOffered):
      |                                                                 ^~~~~~~~~~~~~~~~~~~~~~~~~~~~~~
./score/mw/com/impl/com_error.h:57:5: note: declared here
   57 |     kServiceInstanceAlreadyOffered
      |     ^~~~~~~~~~~~~~~~~~~~~~~~~~~~~~
[1,285 / 1,345] Compiling score/mw/com/impl/generic_skeleton.cpp; 1s linux-sandbox ... (2 actions, 1 running)
[1,286 / 1,345] Compiling score/mw/com/impl/generic_skeleton.cpp; 2s linux-sandbox ... (2 actions running)
INFO: From Compiling score/mw/com/impl/generic_skeleton.cpp:
In file included from ./score/mw/com/impl/instance_identifier.h:16,
                 from ./score/mw/com/impl/generic_skeleton.h:18,
                 from score/mw/com/impl/generic_skeleton.cpp:13:
./score/mw/com/impl/com_error.h: In member function 'virtual std::string_view score::mw::com::impl::ComErrorDomain::MessageFor(const score::result::ErrorCode&) const':
./score/mw/com/impl/com_error.h:186:65: warning: 'score::mw::com::impl::ComErrc::kServiceInstanceAlreadyOffered' is deprecated: Value has never been used. Calls to OfferService shall be idempotent. [-Wdeprecated-declarations]
  186 |             case static_cast<score::result::ErrorCode>(ComErrc::kServiceInstanceAlreadyOffered):
      |                                                                 ^~~~~~~~~~~~~~~~~~~~~~~~~~~~~~
./score/mw/com/impl/com_error.h:57:5: note: declared here
   57 |     kServiceInstanceAlreadyOffered
      |     ^~~~~~~~~~~~~~~~~~~~~~~~~~~~~~
INFO: From Compiling score/mw/com/impl/plumbing/proxy_method_binding_factory_impl.cpp:
In file included from ./score/mw/com/impl/instance_identifier.h:16,
                 from ./score/mw/com/impl/handle_type.h:18,
                 from ./score/mw/com/impl/enriched_instance_identifier.h:17,
                 from ./score/mw/com/impl/i_service_discovery_client.h:16,
                 from ./score/mw/com/impl/i_binding_runtime.h:17,
                 from ./score/mw/com/impl/bindings/lola/i_runtime.h:20,
                 from ./score/mw/com/impl/bindings/lola/proxy_method.h:17,
                 from ./score/mw/com/impl/bindings/lola/proxy.h:24,
                 from ./score/mw/com/impl/plumbing/proxy_method_binding_factory_impl.h:19,
                 from score/mw/com/impl/plumbing/proxy_method_binding_factory_impl.cpp:13:
./score/mw/com/impl/com_error.h: In member function 'virtual std::string_view score::mw::com::impl::ComErrorDomain::MessageFor(const score::result::ErrorCode&) const':
./score/mw/com/impl/com_error.h:186:65: warning: 'score::mw::com::impl::ComErrc::kServiceInstanceAlreadyOffered' is deprecated: Value has never been used. Calls to OfferService shall be idempotent. [-Wdeprecated-declarations]
  186 |             case static_cast<score::result::ErrorCode>(ComErrc::kServiceInstanceAlreadyOffered):
      |                                                                 ^~~~~~~~~~~~~~~~~~~~~~~~~~~~~~
./score/mw/com/impl/com_error.h:57:5: note: declared here
   57 |     kServiceInstanceAlreadyOffered
      |     ^~~~~~~~~~~~~~~~~~~~~~~~~~~~~~
[1,289 / 1,345] Compiling score/mw/com/impl/plumbing/skeleton_event_binding_factory.cpp; 0s linux-sandbox ... (2 actions, 1 running)
[1,290 / 1,345] Compiling score/mw/com/impl/plumbing/skeleton_event_binding_factory.cpp; 2s linux-sandbox ... (2 actions running)
INFO: From Compiling score/mw/com/impl/plumbing/skeleton_event_binding_factory.cpp:
In file included from ./score/mw/com/impl/instance_identifier.h:16,
                 from ./score/mw/com/impl/handle_type.h:18,
                 from ./score/mw/com/impl/enriched_instance_identifier.h:17,
                 from ./score/mw/com/impl/i_service_discovery_client.h:16,
                 from ./score/mw/com/impl/i_binding_runtime.h:17,
                 from ./score/mw/com/impl/bindings/lola/i_runtime.h:20,
                 from ./score/mw/com/impl/bindings/lola/service_data_storage.h:20,
                 from ./score/mw/com/impl/bindings/lola/skeleton_memory_manager.h:20,
                 from ./score/mw/com/impl/bindings/lola/skeleton.h:32,
                 from ./score/mw/com/impl/bindings/lola/skeleton_event.h:21,
                 from ./score/mw/com/impl/plumbing/skeleton_event_binding_factory.h:16,
                 from score/mw/com/impl/plumbing/skeleton_event_binding_factory.cpp:13:
./score/mw/com/impl/com_error.h: In member function 'virtual std::string_view score::mw::com::impl::ComErrorDomain::MessageFor(const score::result::ErrorCode&) const':
./score/mw/com/impl/com_error.h:186:65: warning: 'score::mw::com::impl::ComErrc::kServiceInstanceAlreadyOffered' is deprecated: Value has never been used. Calls to OfferService shall be idempotent. [-Wdeprecated-declarations]
  186 |             case static_cast<score::result::ErrorCode>(ComErrc::kServiceInstanceAlreadyOffered):
      |                                                                 ^~~~~~~~~~~~~~~~~~~~~~~~~~~~~~
./score/mw/com/impl/com_error.h:57:5: note: declared here
   57 |     kServiceInstanceAlreadyOffered
      |     ^~~~~~~~~~~~~~~~~~~~~~~~~~~~~~
INFO: From Compiling score/mw/com/impl/plumbing/proxy_method_binding_factory.cpp:
In file included from ./score/mw/com/impl/instance_identifier.h:16,
                 from ./score/mw/com/impl/handle_type.h:18,
                 from ./score/mw/com/impl/plumbing/i_proxy_method_binding_factory.h:16,
                 from ./score/mw/com/impl/plumbing/proxy_method_binding_factory.h:17,
                 from score/mw/com/impl/plumbing/proxy_method_binding_factory.cpp:13:
./score/mw/com/impl/com_error.h: In member function 'virtual std::string_view score::mw::com::impl::ComErrorDomain::MessageFor(const score::result::ErrorCode&) const':
./score/mw/com/impl/com_error.h:186:65: warning: 'score::mw::com::impl::ComErrc::kServiceInstanceAlreadyOffered' is deprecated: Value has never been used. Calls to OfferService shall be idempotent. [-Wdeprecated-declarations]
  186 |             case static_cast<score::result::ErrorCode>(ComErrc::kServiceInstanceAlreadyOffered):
      |                                                                 ^~~~~~~~~~~~~~~~~~~~~~~~~~~~~~
./score/mw/com/impl/com_error.h:57:5: note: declared here
   57 |     kServiceInstanceAlreadyOffered
      |     ^~~~~~~~~~~~~~~~~~~~~~~~~~~~~~
[1,293 / 1,345] Compiling score/mw/com/impl/generic_proxy_event.cpp; 0s linux-sandbox ... (2 actions, 1 running)
[1,294 / 1,345] Compiling score/mw/com/impl/generic_proxy_event.cpp; 2s linux-sandbox ... (2 actions running)
INFO: From Compiling score/mw/com/impl/generic_proxy_event.cpp:
In file included from ./score/mw/com/impl/instance_identifier.h:16,
                 from ./score/mw/com/impl/handle_type.h:18,
                 from ./score/mw/com/impl/proxy_base.h:18,
                 from ./score/mw/com/impl/generic_proxy_event.h:18,
                 from score/mw/com/impl/generic_proxy_event.cpp:13:
./score/mw/com/impl/com_error.h: In member function 'virtual std::string_view score::mw::com::impl::ComErrorDomain::MessageFor(const score::result::ErrorCode&) const':
./score/mw/com/impl/com_error.h:186:65: warning: 'score::mw::com::impl::ComErrc::kServiceInstanceAlreadyOffered' is deprecated: Value has never been used. Calls to OfferService shall be idempotent. [-Wdeprecated-declarations]
  186 |             case static_cast<score::result::ErrorCode>(ComErrc::kServiceInstanceAlreadyOffered):
      |                                                                 ^~~~~~~~~~~~~~~~~~~~~~~~~~~~~~
./score/mw/com/impl/com_error.h:57:5: note: declared here
   57 |     kServiceInstanceAlreadyOffered
      |     ^~~~~~~~~~~~~~~~~~~~~~~~~~~~~~
INFO: From Compiling score/mw/com/impl/plumbing/proxy_field_binding_factory_impl.cpp:
In file included from ./score/mw/com/impl/instance_identifier.h:16,
                 from ./score/mw/com/impl/handle_type.h:18,
                 from ./score/mw/com/impl/enriched_instance_identifier.h:17,
                 from ./score/mw/com/impl/i_service_discovery_client.h:16,
                 from ./score/mw/com/impl/i_binding_runtime.h:17,
                 from ./score/mw/com/impl/bindings/lola/i_runtime.h:20,
                 from ./score/mw/com/impl/bindings/lola/proxy_method.h:17,
                 from ./score/mw/com/impl/bindings/lola/proxy.h:24,
                 from ./score/mw/com/impl/bindings/lola/proxy_event.h:18,
                 from ./score/mw/com/impl/plumbing/proxy_field_binding_factory_impl.h:17,
                 from score/mw/com/impl/plumbing/proxy_field_binding_factory_impl.cpp:13:
./score/mw/com/impl/com_error.h: In member function 'virtual std::string_view score::mw::com::impl::ComErrorDomain::MessageFor(const score::result::ErrorCode&) const':
./score/mw/com/impl/com_error.h:186:65: warning: 'score::mw::com::impl::ComErrc::kServiceInstanceAlreadyOffered' is deprecated: Value has never been used. Calls to OfferService shall be idempotent. [-Wdeprecated-declarations]
  186 |             case static_cast<score::result::ErrorCode>(ComErrc::kServiceInstanceAlreadyOffered):
      |                                                                 ^~~~~~~~~~~~~~~~~~~~~~~~~~~~~~
./score/mw/com/impl/com_error.h:57:5: note: declared here
   57 |     kServiceInstanceAlreadyOffered
      |     ^~~~~~~~~~~~~~~~~~~~~~~~~~~~~~
[1,298 / 1,345] Compiling score/mw/com/impl/proxy_event.cpp; 1s linux-sandbox ... (2 actions running)
INFO: From Compiling score/mw/com/impl/plumbing/proxy_field_binding_factory.cpp:
In file included from ./score/mw/com/impl/instance_identifier.h:16,
                 from ./score/mw/com/impl/handle_type.h:18,
                 from ./score/mw/com/impl/plumbing/i_proxy_field_binding_factory.h:16,
                 from ./score/mw/com/impl/plumbing/proxy_field_binding_factory.h:16,
                 from score/mw/com/impl/plumbing/proxy_field_binding_factory.cpp:13:
./score/mw/com/impl/com_error.h: In member function 'virtual std::string_view score::mw::com::impl::ComErrorDomain::MessageFor(const score::result::ErrorCode&) const':
./score/mw/com/impl/com_error.h:186:65: warning: 'score::mw::com::impl::ComErrc::kServiceInstanceAlreadyOffered' is deprecated: Value has never been used. Calls to OfferService shall be idempotent. [-Wdeprecated-declarations]
  186 |             case static_cast<score::result::ErrorCode>(ComErrc::kServiceInstanceAlreadyOffered):
      |                                                                 ^~~~~~~~~~~~~~~~~~~~~~~~~~~~~~
./score/mw/com/impl/com_error.h:57:5: note: declared here
   57 |     kServiceInstanceAlreadyOffered
      |     ^~~~~~~~~~~~~~~~~~~~~~~~~~~~~~
[1,299 / 1,345] Compiling score/mw/com/impl/proxy_event.cpp; 2s linux-sandbox ... (2 actions, 1 running)
INFO: From Compiling score/mw/com/impl/proxy_event.cpp:
In file included from ./score/mw/com/impl/instance_identifier.h:16,
                 from ./score/mw/com/impl/proxy_event.h:16,
                 from score/mw/com/impl/proxy_event.cpp:13:
./score/mw/com/impl/com_error.h: In member function 'virtual std::string_view score::mw::com::impl::ComErrorDomain::MessageFor(const score::result::ErrorCode&) const':
./score/mw/com/impl/com_error.h:186:65: warning: 'score::mw::com::impl::ComErrc::kServiceInstanceAlreadyOffered' is deprecated: Value has never been used. Calls to OfferService shall be idempotent. [-Wdeprecated-declarations]
  186 |             case static_cast<score::result::ErrorCode>(ComErrc::kServiceInstanceAlreadyOffered):
      |                                                                 ^~~~~~~~~~~~~~~~~~~~~~~~~~~~~~
./score/mw/com/impl/com_error.h:57:5: note: declared here
   57 |     kServiceInstanceAlreadyOffered
      |     ^~~~~~~~~~~~~~~~~~~~~~~~~~~~~~
[1,302 / 1,345] Compiling score/mw/com/impl/methods/proxy_method.cpp; 1s linux-sandbox ... (2 actions running)
INFO: From Compiling score/mw/com/impl/methods/proxy_method.cpp:
In file included from ./score/mw/com/impl/instance_identifier.h:16,
                 from ./score/mw/com/impl/handle_type.h:18,
                 from ./score/mw/com/impl/enriched_instance_identifier.h:17,
                 from ./score/mw/com/impl/i_service_discovery_client.h:16,
                 from ./score/mw/com/impl/i_binding_runtime.h:17,
                 from ./score/mw/com/impl/bindings/lola/i_runtime.h:20,
                 from ./score/mw/com/impl/bindings/lola/proxy_method.h:17,
                 from ./score/mw/com/impl/bindings/lola/proxy.h:24,
                 from ./score/mw/com/impl/methods/proxy_method.h:16,
                 from score/mw/com/impl/methods/proxy_method.cpp:13:
./score/mw/com/impl/com_error.h: In member function 'virtual std::string_view score::mw::com::impl::ComErrorDomain::MessageFor(const score::result::ErrorCode&) const':
./score/mw/com/impl/com_error.h:186:65: warning: 'score::mw::com::impl::ComErrc::kServiceInstanceAlreadyOffered' is deprecated: Value has never been used. Calls to OfferService shall be idempotent. [-Wdeprecated-declarations]
  186 |             case static_cast<score::result::ErrorCode>(ComErrc::kServiceInstanceAlreadyOffered):
      |                                                                 ^~~~~~~~~~~~~~~~~~~~~~~~~~~~~~
./score/mw/com/impl/com_error.h:57:5: note: declared here
   57 |     kServiceInstanceAlreadyOffered
      |     ^~~~~~~~~~~~~~~~~~~~~~~~~~~~~~
[1,303 / 1,345] Compiling score/mw/com/impl/skeleton_event.cpp; 2s linux-sandbox ... (2 actions, 1 running)
INFO: From Compiling score/mw/com/impl/skeleton_event.cpp:
In file included from ./score/mw/com/impl/instance_identifier.h:16,
                 from ./score/mw/com/impl/skeleton_event.h:16,
                 from score/mw/com/impl/skeleton_event.cpp:13:
./score/mw/com/impl/com_error.h: In member function 'virtual std::string_view score::mw::com::impl::ComErrorDomain::MessageFor(const score::result::ErrorCode&) const':
./score/mw/com/impl/com_error.h:186:65: warning: 'score::mw::com::impl::ComErrc::kServiceInstanceAlreadyOffered' is deprecated: Value has never been used. Calls to OfferService shall be idempotent. [-Wdeprecated-declarations]
  186 |             case static_cast<score::result::ErrorCode>(ComErrc::kServiceInstanceAlreadyOffered):
      |                                                                 ^~~~~~~~~~~~~~~~~~~~~~~~~~~~~~
./score/mw/com/impl/com_error.h:57:5: note: declared here
   57 |     kServiceInstanceAlreadyOffered
      |     ^~~~~~~~~~~~~~~~~~~~~~~~~~~~~~
[1,305 / 1,345] Compiling score/mw/com/impl/methods/proxy_method_with_in_args.cpp; 1s linux-sandbox ... (2 actions running)
INFO: From Compiling score/mw/com/impl/methods/proxy_method_with_in_args.cpp:
In file included from ./score/mw/com/impl/instance_identifier.h:16,
                 from ./score/mw/com/impl/handle_type.h:18,
                 from ./score/mw/com/impl/enriched_instance_identifier.h:17,
                 from ./score/mw/com/impl/i_service_discovery_client.h:16,
                 from ./score/mw/com/impl/i_binding_runtime.h:17,
                 from ./score/mw/com/impl/bindings/lola/i_runtime.h:20,
                 from ./score/mw/com/impl/bindings/lola/proxy_method.h:17,
                 from ./score/mw/com/impl/bindings/lola/proxy.h:24,
                 from ./score/mw/com/impl/methods/proxy_method.h:16,
                 from ./score/mw/com/impl/methods/proxy_method_with_in_args.h:18,
                 from score/mw/com/impl/methods/proxy_method_with_in_args.cpp:13:
./score/mw/com/impl/com_error.h: In member function 'virtual std::string_view score::mw::com::impl::ComErrorDomain::MessageFor(const score::result::ErrorCode&) const':
./score/mw/com/impl/com_error.h:186:65: warning: 'score::mw::com::impl::ComErrc::kServiceInstanceAlreadyOffered' is deprecated: Value has never been used. Calls to OfferService shall be idempotent. [-Wdeprecated-declarations]
  186 |             case static_cast<score::result::ErrorCode>(ComErrc::kServiceInstanceAlreadyOffered):
      |                                                                 ^~~~~~~~~~~~~~~~~~~~~~~~~~~~~~
./score/mw/com/impl/com_error.h:57:5: note: declared here
   57 |     kServiceInstanceAlreadyOffered
      |     ^~~~~~~~~~~~~~~~~~~~~~~~~~~~~~
INFO: From Compiling score/mw/com/impl/plumbing/skeleton_method_binding_factory_impl.cpp:
In file included from ./score/mw/com/impl/instance_identifier.h:16,
                 from ./score/mw/com/impl/handle_type.h:18,
                 from ./score/mw/com/impl/plumbing/skeleton_method_binding_factory_impl.h:16,
                 from score/mw/com/impl/plumbing/skeleton_method_binding_factory_impl.cpp:13:
./score/mw/com/impl/com_error.h: In member function 'virtual std::string_view score::mw::com::impl::ComErrorDomain::MessageFor(const score::result::ErrorCode&) const':
./score/mw/com/impl/com_error.h:186:65: warning: 'score::mw::com::impl::ComErrc::kServiceInstanceAlreadyOffered' is deprecated: Value has never been used. Calls to OfferService shall be idempotent. [-Wdeprecated-declarations]
  186 |             case static_cast<score::result::ErrorCode>(ComErrc::kServiceInstanceAlreadyOffered):
      |                                                                 ^~~~~~~~~~~~~~~~~~~~~~~~~~~~~~
./score/mw/com/impl/com_error.h:57:5: note: declared here
   57 |     kServiceInstanceAlreadyOffered
      |     ^~~~~~~~~~~~~~~~~~~~~~~~~~~~~~
[1,307 / 1,345] Compiling score/mw/com/impl/methods/proxy_method_with_in_args_and_return.cpp; 0s linux-sandbox ... (2 actions, 1 running)
[1,308 / 1,345] Compiling score/mw/com/impl/methods/proxy_method_with_in_args_and_return.cpp; 2s linux-sandbox ... (2 actions running)
INFO: From Compiling score/mw/com/impl/plumbing/i_skeleton_method_binding_factory.cpp:
In file included from ./score/mw/com/impl/instance_identifier.h:16,
                 from ./score/mw/com/impl/handle_type.h:18,
                 from ./score/mw/com/impl/plumbing/i_skeleton_method_binding_factory.h:16,
                 from score/mw/com/impl/plumbing/i_skeleton_method_binding_factory.cpp:13:
./score/mw/com/impl/com_error.h: In member function 'virtual std::string_view score::mw::com::impl::ComErrorDomain::MessageFor(const score::result::ErrorCode&) const':
./score/mw/com/impl/com_error.h:186:65: warning: 'score::mw::com::impl::ComErrc::kServiceInstanceAlreadyOffered' is deprecated: Value has never been used. Calls to OfferService shall be idempotent. [-Wdeprecated-declarations]
  186 |             case static_cast<score::result::ErrorCode>(ComErrc::kServiceInstanceAlreadyOffered):
      |                                                                 ^~~~~~~~~~~~~~~~~~~~~~~~~~~~~~
./score/mw/com/impl/com_error.h:57:5: note: declared here
   57 |     kServiceInstanceAlreadyOffered
      |     ^~~~~~~~~~~~~~~~~~~~~~~~~~~~~~
INFO: From Compiling score/mw/com/impl/methods/proxy_method_with_in_args_and_return.cpp:
In file included from ./score/mw/com/impl/instance_identifier.h:16,
                 from ./score/mw/com/impl/handle_type.h:18,
                 from ./score/mw/com/impl/enriched_instance_identifier.h:17,
                 from ./score/mw/com/impl/i_service_discovery_client.h:16,
                 from ./score/mw/com/impl/i_binding_runtime.h:17,
                 from ./score/mw/com/impl/bindings/lola/i_runtime.h:20,
                 from ./score/mw/com/impl/bindings/lola/proxy_method.h:17,
                 from ./score/mw/com/impl/bindings/lola/proxy.h:24,
                 from ./score/mw/com/impl/methods/proxy_method.h:16,
                 from ./score/mw/com/impl/methods/proxy_method_with_in_args_and_return.h:18,
                 from score/mw/com/impl/methods/proxy_method_with_in_args_and_return.cpp:13:
./score/mw/com/impl/com_error.h: In member function 'virtual std::string_view score::mw::com::impl::ComErrorDomain::MessageFor(const score::result::ErrorCode&) const':
./score/mw/com/impl/com_error.h:186:65: warning: 'score::mw::com::impl::ComErrc::kServiceInstanceAlreadyOffered' is deprecated: Value has never been used. Calls to OfferService shall be idempotent. [-Wdeprecated-declarations]
  186 |             case static_cast<score::result::ErrorCode>(ComErrc::kServiceInstanceAlreadyOffered):
      |                                                                 ^~~~~~~~~~~~~~~~~~~~~~~~~~~~~~
./score/mw/com/impl/com_error.h:57:5: note: declared here
   57 |     kServiceInstanceAlreadyOffered
      |     ^~~~~~~~~~~~~~~~~~~~~~~~~~~~~~
INFO: From Compiling score/mw/com/impl/plumbing/skeleton_method_binding_factory.cpp:
In file included from ./score/mw/com/impl/instance_identifier.h:16,
                 from ./score/mw/com/impl/plumbing/skeleton_method_binding_factory.h:16,
                 from score/mw/com/impl/plumbing/skeleton_method_binding_factory.cpp:13:
./score/mw/com/impl/com_error.h: In member function 'virtual std::string_view score::mw::com::impl::ComErrorDomain::MessageFor(const score::result::ErrorCode&) const':
./score/mw/com/impl/com_error.h:186:65: warning: 'score::mw::com::impl::ComErrc::kServiceInstanceAlreadyOffered' is deprecated: Value has never been used. Calls to OfferService shall be idempotent. [-Wdeprecated-declarations]
  186 |             case static_cast<score::result::ErrorCode>(ComErrc::kServiceInstanceAlreadyOffered):
      |                                                                 ^~~~~~~~~~~~~~~~~~~~~~~~~~~~~~
./score/mw/com/impl/com_error.h:57:5: note: declared here
   57 |     kServiceInstanceAlreadyOffered
      |     ^~~~~~~~~~~~~~~~~~~~~~~~~~~~~~
[1,312 / 1,345] Compiling score/mw/com/impl/methods/proxy_method_with_return_type.cpp; 1s linux-sandbox ... (2 actions, 1 running)
[1,313 / 1,345] Compiling score/mw/com/impl/methods/proxy_method_with_return_type.cpp; 2s linux-sandbox ... (2 actions running)
INFO: From Compiling score/mw/com/impl/methods/proxy_method_with_return_type.cpp:
In file included from ./score/mw/com/impl/instance_identifier.h:16,
                 from ./score/mw/com/impl/handle_type.h:18,
                 from ./score/mw/com/impl/enriched_instance_identifier.h:17,
                 from ./score/mw/com/impl/i_service_discovery_client.h:16,
                 from ./score/mw/com/impl/i_binding_runtime.h:17,
                 from ./score/mw/com/impl/bindings/lola/i_runtime.h:20,
                 from ./score/mw/com/impl/bindings/lola/proxy_method.h:17,
                 from ./score/mw/com/impl/bindings/lola/proxy.h:24,
                 from ./score/mw/com/impl/methods/proxy_method.h:16,
                 from ./score/mw/com/impl/methods/proxy_method_with_return_type.h:18,
                 from score/mw/com/impl/methods/proxy_method_with_return_type.cpp:13:
./score/mw/com/impl/com_error.h: In member function 'virtual std::string_view score::mw::com::impl::ComErrorDomain::MessageFor(const score::result::ErrorCode&) const':
./score/mw/com/impl/com_error.h:186:65: warning: 'score::mw::com::impl::ComErrc::kServiceInstanceAlreadyOffered' is deprecated: Value has never been used. Calls to OfferService shall be idempotent. [-Wdeprecated-declarations]
  186 |             case static_cast<score::result::ErrorCode>(ComErrc::kServiceInstanceAlreadyOffered):
      |                                                                 ^~~~~~~~~~~~~~~~~~~~~~~~~~~~~~
./score/mw/com/impl/com_error.h:57:5: note: declared here
   57 |     kServiceInstanceAlreadyOffered
      |     ^~~~~~~~~~~~~~~~~~~~~~~~~~~~~~
INFO: From Compiling score/mw/com/impl/methods/skeleton_method.cpp:
In file included from ./score/mw/com/impl/instance_identifier.h:16,
                 from ./score/mw/com/impl/plumbing/skeleton_method_binding_factory.h:16,
                 from ./score/mw/com/impl/methods/skeleton_method.h:21,
                 from score/mw/com/impl/methods/skeleton_method.cpp:13:
./score/mw/com/impl/com_error.h: In member function 'virtual std::string_view score::mw::com::impl::ComErrorDomain::MessageFor(const score::result::ErrorCode&) const':
./score/mw/com/impl/com_error.h:186:65: warning: 'score::mw::com::impl::ComErrc::kServiceInstanceAlreadyOffered' is deprecated: Value has never been used. Calls to OfferService shall be idempotent. [-Wdeprecated-declarations]
  186 |             case static_cast<score::result::ErrorCode>(ComErrc::kServiceInstanceAlreadyOffered):
      |                                                                 ^~~~~~~~~~~~~~~~~~~~~~~~~~~~~~
./score/mw/com/impl/com_error.h:57:5: note: declared here
   57 |     kServiceInstanceAlreadyOffered
      |     ^~~~~~~~~~~~~~~~~~~~~~~~~~~~~~
[1,316 / 1,345] Compiling score/mw/com/impl/methods/proxy_method_without_in_args_or_return.cpp; 1s linux-sandbox ... (2 actions running)
INFO: From Compiling score/mw/com/impl/methods/proxy_method_without_in_args_or_return.cpp:
In file included from ./score/mw/com/impl/instance_identifier.h:16,
                 from ./score/mw/com/impl/handle_type.h:18,
                 from ./score/mw/com/impl/enriched_instance_identifier.h:17,
                 from ./score/mw/com/impl/i_service_discovery_client.h:16,
                 from ./score/mw/com/impl/i_binding_runtime.h:17,
                 from ./score/mw/com/impl/bindings/lola/i_runtime.h:20,
                 from ./score/mw/com/impl/bindings/lola/proxy_method.h:17,
                 from ./score/mw/com/impl/bindings/lola/proxy.h:24,
                 from ./score/mw/com/impl/methods/proxy_method.h:16,
                 from ./score/mw/com/impl/methods/proxy_method_without_in_args_or_return.h:17,
                 from score/mw/com/impl/methods/proxy_method_without_in_args_or_return.cpp:13:
./score/mw/com/impl/com_error.h: In member function 'virtual std::string_view score::mw::com::impl::ComErrorDomain::MessageFor(const score::result::ErrorCode&) const':
./score/mw/com/impl/com_error.h:186:65: warning: 'score::mw::com::impl::ComErrc::kServiceInstanceAlreadyOffered' is deprecated: Value has never been used. Calls to OfferService shall be idempotent. [-Wdeprecated-declarations]
  186 |             case static_cast<score::result::ErrorCode>(ComErrc::kServiceInstanceAlreadyOffered):
      |                                                                 ^~~~~~~~~~~~~~~~~~~~~~~~~~~~~~
./score/mw/com/impl/com_error.h:57:5: note: declared here
   57 |     kServiceInstanceAlreadyOffered
      |     ^~~~~~~~~~~~~~~~~~~~~~~~~~~~~~
INFO: From Compiling score/mw/com/impl/skeleton_field.cpp:
In file included from ./score/mw/com/impl/instance_identifier.h:16,
                 from ./score/mw/com/impl/plumbing/skeleton_method_binding_factory.h:16,
                 from ./score/mw/com/impl/methods/skeleton_method.h:21,
                 from ./score/mw/com/impl/skeleton_field.h:19,
                 from score/mw/com/impl/skeleton_field.cpp:13:
./score/mw/com/impl/com_error.h: In member function 'virtual std::string_view score::mw::com::impl::ComErrorDomain::MessageFor(const score::result::ErrorCode&) const':
./score/mw/com/impl/com_error.h:186:65: warning: 'score::mw::com::impl::ComErrc::kServiceInstanceAlreadyOffered' is deprecated: Value has never been used. Calls to OfferService shall be idempotent. [-Wdeprecated-declarations]
  186 |             case static_cast<score::result::ErrorCode>(ComErrc::kServiceInstanceAlreadyOffered):
      |                                                                 ^~~~~~~~~~~~~~~~~~~~~~~~~~~~~~
./score/mw/com/impl/com_error.h:57:5: note: declared here
   57 |     kServiceInstanceAlreadyOffered
      |     ^~~~~~~~~~~~~~~~~~~~~~~~~~~~~~
[1,319 / 1,345] Compiling score/mw/com/impl/proxy_field.cpp; 0s linux-sandbox ... (2 actions, 1 running)
[1,320 / 1,345] Compiling score/mw/com/impl/proxy_field.cpp; 2s linux-sandbox ... (2 actions running)
INFO: From Compiling score/mw/com/impl/proxy_field.cpp:
In file included from ./score/mw/com/impl/instance_identifier.h:16,
                 from ./score/mw/com/impl/handle_type.h:18,
                 from ./score/mw/com/impl/enriched_instance_identifier.h:17,
                 from ./score/mw/com/impl/i_service_discovery_client.h:16,
                 from ./score/mw/com/impl/i_binding_runtime.h:17,
                 from ./score/mw/com/impl/bindings/lola/i_runtime.h:20,
                 from ./score/mw/com/impl/bindings/lola/proxy_method.h:17,
                 from ./score/mw/com/impl/bindings/lola/proxy.h:24,
                 from ./score/mw/com/impl/methods/proxy_method.h:16,
                 from ./score/mw/com/impl/methods/proxy_method_with_in_args_and_return.h:18,
                 from ./score/mw/com/impl/proxy_field.h:19,
                 from score/mw/com/impl/proxy_field.cpp:13:
./score/mw/com/impl/com_error.h: In member function 'virtual std::string_view score::mw::com::impl::ComErrorDomain::MessageFor(const score::result::ErrorCode&) const':
./score/mw/com/impl/com_error.h:186:65: warning: 'score::mw::com::impl::ComErrc::kServiceInstanceAlreadyOffered' is deprecated: Value has never been used. Calls to OfferService shall be idempotent. [-Wdeprecated-declarations]
  186 |             case static_cast<score::result::ErrorCode>(ComErrc::kServiceInstanceAlreadyOffered):
      |                                                                 ^~~~~~~~~~~~~~~~~~~~~~~~~~~~~~
./score/mw/com/impl/com_error.h:57:5: note: declared here
   57 |     kServiceInstanceAlreadyOffered
      |     ^~~~~~~~~~~~~~~~~~~~~~~~~~~~~~
[1,322 / 1,345] Compiling score/mw/com/impl/traits.cpp; 2s linux-sandbox ... (2 actions running)
INFO: From Compiling score/mw/com/impl/traits.cpp:
In file included from ./score/mw/com/impl/traits.h:16,
                 from score/mw/com/impl/traits.cpp:13:
./score/mw/com/impl/com_error.h: In member function 'virtual std::string_view score::mw::com::impl::ComErrorDomain::MessageFor(const score::result::ErrorCode&) const':
./score/mw/com/impl/com_error.h:186:65: warning: 'score::mw::com::impl::ComErrc::kServiceInstanceAlreadyOffered' is deprecated: Value has never been used. Calls to OfferService shall be idempotent. [-Wdeprecated-declarations]
  186 |             case static_cast<score::result::ErrorCode>(ComErrc::kServiceInstanceAlreadyOffered):
      |                                                                 ^~~~~~~~~~~~~~~~~~~~~~~~~~~~~~
./score/mw/com/impl/com_error.h:57:5: note: declared here
   57 |     kServiceInstanceAlreadyOffered
      |     ^~~~~~~~~~~~~~~~~~~~~~~~~~~~~~
[1,324 / 1,345] Compiling score/mw/com/types.cpp; 2s linux-sandbox ... (2 actions running)
INFO: From Compiling score/mw/com/types.cpp:
In file included from ./score/mw/com/impl/instance_identifier.h:16,
                 from ./score/mw/com/impl/handle_type.h:18,
                 from ./score/mw/com/impl/proxy_base.h:18,
                 from ./score/mw/com/impl/generic_proxy_event.h:18,
                 from ./score/mw/com/impl/generic_proxy.h:18,
                 from ./score/mw/com/types.h:24,
                 from score/mw/com/types.cpp:13:
./score/mw/com/impl/com_error.h: In member function 'virtual std::string_view score::mw::com::impl::ComErrorDomain::MessageFor(const score::result::ErrorCode&) const':
./score/mw/com/impl/com_error.h:186:65: warning: 'score::mw::com::impl::ComErrc::kServiceInstanceAlreadyOffered' is deprecated: Value has never been used. Calls to OfferService shall be idempotent. [-Wdeprecated-declarations]
  186 |             case static_cast<score::result::ErrorCode>(ComErrc::kServiceInstanceAlreadyOffered):
      |                                                                 ^~~~~~~~~~~~~~~~~~~~~~~~~~~~~~
./score/mw/com/impl/com_error.h:57:5: note: declared here
   57 |     kServiceInstanceAlreadyOffered
      |     ^~~~~~~~~~~~~~~~~~~~~~~~~~~~~~
INFO: From Compiling score/mw/com/runtime.cpp:
In file included from ./score/mw/com/impl/instance_identifier.h:16,
                 from ./score/mw/com/impl/handle_type.h:18,
                 from ./score/mw/com/impl/proxy_base.h:18,
                 from ./score/mw/com/impl/generic_proxy_event.h:18,
                 from ./score/mw/com/impl/generic_proxy.h:18,
                 from ./score/mw/com/types.h:24,
                 from ./score/mw/com/mocking/i_runtime.h:17,
                 from ./score/mw/com/runtime.h:24,
                 from score/mw/com/runtime.cpp:13:
./score/mw/com/impl/com_error.h: In member function 'virtual std::string_view score::mw::com::impl::ComErrorDomain::MessageFor(const score::result::ErrorCode&) const':
./score/mw/com/impl/com_error.h:186:65: warning: 'score::mw::com::impl::ComErrc::kServiceInstanceAlreadyOffered' is deprecated: Value has never been used. Calls to OfferService shall be idempotent. [-Wdeprecated-declarations]
  186 |             case static_cast<score::result::ErrorCode>(ComErrc::kServiceInstanceAlreadyOffered):
      |                                                                 ^~~~~~~~~~~~~~~~~~~~~~~~~~~~~~
./score/mw/com/impl/com_error.h:57:5: note: declared here
   57 |     kServiceInstanceAlreadyOffered
      |     ^~~~~~~~~~~~~~~~~~~~~~~~~~~~~~
score/mw/com/runtime.cpp: In function 'void score::mw::com::runtime::InitializeRuntime(int32_t, const char**)':
score/mw/com/runtime.cpp:58:47: warning: 'virtual void score::mw::com::runtime::IRuntime::InitializeRuntime(int32_t, score::cpp::span<const char*>)' is deprecated: Please use InitializeRuntime(cpp::span<safecpp::zstring_view> command_line_arguments) for guaranteed NULL terminated arguments [-Wdeprecated-declarations]
   58 |         runtime_mock_holder->InitializeRuntime(argc, argv_span);
      |         ~~~~~~~~~~~~~~~~~~~~~~~~~~~~~~~~~~~~~~^~~~~~~~~~~~~~~~~
./score/mw/com/mocking/i_runtime.h:38:18: note: declared here
   38 |     virtual void InitializeRuntime(const std::int32_t argc, score::cpp::span<const char*> argv) = 0;
      |                  ^~~~~~~~~~~~~~~~~
score/mw/com/runtime.cpp:62:64: warning: 'score::mw::com::runtime::RuntimeConfiguration::RuntimeConfiguration(int32_t, const char**)' is deprecated: Please use RuntimeConfiguration(cpp::span<safecpp::zstring_view> command_line_arguments) for guaranteed NULL terminated arguments [-Wdeprecated-declarations]
   62 |     const RuntimeConfiguration runtime_configuration{argc, argv};
      |                                                                ^
In file included from ./score/mw/com/mocking/i_runtime.h:16:
./score/mw/com/runtime_configuration.h:56:5: note: declared here
   56 |     RuntimeConfiguration(const std::int32_t argc, const char* argv[]);
      |     ^~~~~~~~~~~~~~~~~~~~
[1,327 / 1,345] Compiling score/mw/com/test/common_test_resources/big_datatype.cpp; 1s linux-sandbox ... (2 actions, 1 running)
[1,330 / 1,345] Compiling score/mw/com/test/common_test_resources/big_datatype.cpp; 2s linux-sandbox ... (2 actions running)
INFO: From Compiling score/mw/com/test/common_test_resources/big_datatype.cpp:
In file included from ./score/mw/com/impl/instance_identifier.h:16,
                 from ./score/mw/com/impl/handle_type.h:18,
                 from ./score/mw/com/impl/proxy_base.h:18,
                 from ./score/mw/com/impl/generic_proxy_event.h:18,
                 from ./score/mw/com/impl/generic_proxy.h:18,
                 from ./score/mw/com/types.h:24,
                 from ./score/mw/com/test/common_test_resources/big_datatype.h:20,
                 from score/mw/com/test/common_test_resources/big_datatype.cpp:14:
./score/mw/com/impl/com_error.h: In member function 'virtual std::string_view score::mw::com::impl::ComErrorDomain::MessageFor(const score::result::ErrorCode&) const':
./score/mw/com/impl/com_error.h:186:65: warning: 'score::mw::com::impl::ComErrc::kServiceInstanceAlreadyOffered' is deprecated: Value has never been used. Calls to OfferService shall be idempotent. [-Wdeprecated-declarations]
  186 |             case static_cast<score::result::ErrorCode>(ComErrc::kServiceInstanceAlreadyOffered):
      |                                                                 ^~~~~~~~~~~~~~~~~~~~~~~~~~~~~~
./score/mw/com/impl/com_error.h:57:5: note: declared here
   57 |     kServiceInstanceAlreadyOffered
      |     ^~~~~~~~~~~~~~~~~~~~~~~~~~~~~~
[1,331 / 1,345] Compiling score/mw/com/mocking/i_runtime.cpp; 2s linux-sandbox ... (2 actions, 1 running)
INFO: From Compiling score/mw/com/mocking/i_runtime.cpp:
In file included from ./score/mw/com/impl/instance_identifier.h:16,
                 from ./score/mw/com/impl/handle_type.h:18,
                 from ./score/mw/com/impl/proxy_base.h:18,
                 from ./score/mw/com/impl/generic_proxy_event.h:18,
                 from ./score/mw/com/impl/generic_proxy.h:18,
                 from ./score/mw/com/types.h:24,
                 from ./score/mw/com/mocking/i_runtime.h:17,
                 from score/mw/com/mocking/i_runtime.cpp:13:
./score/mw/com/impl/com_error.h: In member function 'virtual std::string_view score::mw::com::impl::ComErrorDomain::MessageFor(const score::result::ErrorCode&) const':
./score/mw/com/impl/com_error.h:186:65: warning: 'score::mw::com::impl::ComErrc::kServiceInstanceAlreadyOffered' is deprecated: Value has never been used. Calls to OfferService shall be idempotent. [-Wdeprecated-declarations]
  186 |             case static_cast<score::result::ErrorCode>(ComErrc::kServiceInstanceAlreadyOffered):
      |                                                                 ^~~~~~~~~~~~~~~~~~~~~~~~~~~~~~
./score/mw/com/impl/com_error.h:57:5: note: declared here
   57 |     kServiceInstanceAlreadyOffered
      |     ^~~~~~~~~~~~~~~~~~~~~~~~~~~~~~
[1,333 / 1,345] Compiling score/mw/com/test/basic_rust_api/bigdata_com_api_gen.cpp; 1s linux-sandbox ... (2 actions, 1 running)
[1,336 / 1,345] Compiling score/mw/com/test/basic_rust_api/bigdata_com_api_gen.cpp; 2s linux-sandbox ... (2 actions running)
INFO: From Compiling score/mw/com/impl/rust/com-api/com-api-ffi-lola/registry_bridge_macro.cpp:
In file included from ./score/mw/com/impl/instance_identifier.h:16,
                 from ./score/mw/com/impl/handle_type.h:18,
                 from ./score/mw/com/impl/proxy_base.h:18,
                 from ./score/mw/com/impl/rust/com-api/com-api-ffi-lola/registry_bridge_macro.h:68,
                 from score/mw/com/impl/rust/com-api/com-api-ffi-lola/registry_bridge_macro.cpp:24:
./score/mw/com/impl/com_error.h: In member function 'virtual std::string_view score::mw::com::impl::ComErrorDomain::MessageFor(const score::result::ErrorCode&) const':
./score/mw/com/impl/com_error.h:186:65: warning: 'score::mw::com::impl::ComErrc::kServiceInstanceAlreadyOffered' is deprecated: Value has never been used. Calls to OfferService shall be idempotent. [-Wdeprecated-declarations]
  186 |             case static_cast<score::result::ErrorCode>(ComErrc::kServiceInstanceAlreadyOffered):
      |                                                                 ^~~~~~~~~~~~~~~~~~~~~~~~~~~~~~
./score/mw/com/impl/com_error.h:57:5: note: declared here
   57 |     kServiceInstanceAlreadyOffered
      |     ^~~~~~~~~~~~~~~~~~~~~~~~~~~~~~
[1,337 / 1,345] Compiling score/mw/com/test/basic_rust_api/bigdata_com_api_gen.cpp; 5s linux-sandbox ... (2 actions, 1 running)
[1,339 / 1,345] Compiling score/mw/com/test/basic_rust_api/bigdata_com_api_gen.cpp; 6s linux-sandbox ... (2 actions running)
INFO: From Compiling score/mw/com/test/basic_rust_api/bigdata_com_api_gen.cpp:
In file included from ./score/mw/com/impl/instance_identifier.h:16,
                 from ./score/mw/com/impl/handle_type.h:18,
                 from ./score/mw/com/impl/proxy_base.h:18,
                 from ./score/mw/com/impl/generic_proxy_event.h:18,
                 from ./score/mw/com/impl/generic_proxy.h:18,
                 from ./score/mw/com/types.h:24,
                 from ./score/mw/com/test/common_test_resources/big_datatype.h:20,
                 from ./score/mw/com/test/basic_rust_api/bigdata_com_api_gen.h:19,
                 from score/mw/com/test/basic_rust_api/bigdata_com_api_gen.cpp:14:
./score/mw/com/impl/com_error.h: In member function 'virtual std::string_view score::mw::com::impl::ComErrorDomain::MessageFor(const score::result::ErrorCode&) const':
./score/mw/com/impl/com_error.h:186:65: warning: 'score::mw::com::impl::ComErrc::kServiceInstanceAlreadyOffered' is deprecated: Value has never been used. Calls to OfferService shall be idempotent. [-Wdeprecated-declarations]
  186 |             case static_cast<score::result::ErrorCode>(ComErrc::kServiceInstanceAlreadyOffered):
      |                                                                 ^~~~~~~~~~~~~~~~~~~~~~~~~~~~~~
./score/mw/com/impl/com_error.h:57:5: note: declared here
   57 |     kServiceInstanceAlreadyOffered
      |     ^~~~~~~~~~~~~~~~~~~~~~~~~~~~~~
[1,340 / 1,345] Compiling score/mw/com/rust/score_com_cpp_bridge/register_interface.cpp; 2s linux-sandbox ... (2 actions, 1 running)
INFO: From Compiling score/mw/com/rust/score_com_cpp_bridge/register_interface.cpp:
In file included from ./score/mw/com/impl/instance_identifier.h:16,
                 from ./score/mw/com/impl/handle_type.h:18,
                 from ./score/mw/com/impl/proxy_base.h:18,
                 from ./score/mw/com/impl/rust/com-api/com-api-ffi-lola/registry_bridge_macro.h:68,
                 from ./score/mw/com/rust/score_com_cpp_bridge/register_interface.h:45,
                 from score/mw/com/rust/score_com_cpp_bridge/register_interface.cpp:14:
./score/mw/com/impl/com_error.h: In member function 'virtual std::string_view score::mw::com::impl::ComErrorDomain::MessageFor(const score::result::ErrorCode&) const':
./score/mw/com/impl/com_error.h:186:65: warning: 'score::mw::com::impl::ComErrc::kServiceInstanceAlreadyOffered' is deprecated: Value has never been used. Calls to OfferService shall be idempotent. [-Wdeprecated-declarations]
  186 |             case static_cast<score::result::ErrorCode>(ComErrc::kServiceInstanceAlreadyOffered):
      |                                                                 ^~~~~~~~~~~~~~~~~~~~~~~~~~~~~~
./score/mw/com/impl/com_error.h:57:5: note: declared here
   57 |     kServiceInstanceAlreadyOffered
      |     ^~~~~~~~~~~~~~~~~~~~~~~~~~~~~~
[1,343 / 1,345] Compiling Rust bin bigdata-consumer (1 file); 0s linux-sandbox ... (2 actions running)
INFO: Found 11 targets...
INFO: Elapsed time: 750.244s, Critical Path: 104.18s
INFO: 1345 processes: 224 internal, 1121 linux-sandbox.
INFO: Build completed successfully, 1345 total actions
