Image resized.
==================== Test output for //tests/integration_test:test_someipd_startup:
============================= test session starts ==============================
platform linux -- Python 3.12.12, pytest-9.1.1, pluggy-1.6.0
rootdir: /media/jefferson/11c42dee-73a3-4c2b-ab42-a0440011d9e0/.s-core-build/runs/score-someip84-full-6w80fgob/bazel-output/16df730b0babb9c4a4b46d33742bb204/sandbox/linux-sandbox/627/execroot/_main/bazel-out/k8-fastbuild/bin/tests/integration_test/test_someipd_startup.runfiles/score_itf+
configfile: pytest.ini
collected 1 item

../score_itf+::test_start_someipd 
-------------------------------- live log setup --------------------------------
[2026-10-07 16:21:27.796] [INFO] [score.itf.plugins.qemu.config] Loading configuration from ../os_images+/ubuntu_x86_64/qemu_config.json
[2026-10-07 16:21:27.800] [INFO] [score.itf.plugins.qemu] Starting tests on host: master
[2026-10-07 16:21:27.871] [INFO] [score.itf.plugins.qemu] Created qcow2 overlay: /media/jefferson/11c42dee-73a3-4c2b-ab42-a0440011d9e0/.s-core-build/runs/score-someip84-full-6w80fgob/native/.llm_tmp/tmp/qemu_overlay_hc48tnyf.qcow2 (backing: /media/jefferson/11c42dee-73a3-4c2b-ab42-a0440011d9e0/.s-core-build/runs/score-someip84-full-6w80fgob/bazel-output/16df730b0babb9c4a4b46d33742bb204/sandbox/linux-sandbox/627/execroot/_main/bazel-out/k8-fastbuild/bin/tests/integration_test/test_someipd_startup.runfiles/os_images+/ubuntu_x86_64/ubuntu-x86_64-itf/ubuntu-24.04-minimal-cloudimg-amd64.img)
[2026-10-07 16:21:27.929] [INFO] [score.itf.plugins.qemu] Created qcow2 overlay: /media/jefferson/11c42dee-73a3-4c2b-ab42-a0440011d9e0/.s-core-build/runs/score-someip84-full-6w80fgob/native/.llm_tmp/tmp/qemu_overlay_blmdjg_a.qcow2 (backing: /media/jefferson/11c42dee-73a3-4c2b-ab42-a0440011d9e0/.s-core-build/runs/score-someip84-full-6w80fgob/bazel-output/16df730b0babb9c4a4b46d33742bb204/sandbox/linux-sandbox/627/execroot/_main/bazel-out/k8-fastbuild/bin/tests/integration_test/test_someipd_startup.runfiles/_main/tests/integration_test/qemu_disk_test_someipd_startup.ext4)
[2026-10-07 16:21:27.929] [INFO] [score.itf.plugins.qemu.qemu_process] Starting Qemu...
[2026-10-07 16:21:27.929] [INFO] [score.itf.plugins.qemu.qemu_process] Using QEMU root filesystem image: /media/jefferson/11c42dee-73a3-4c2b-ab42-a0440011d9e0/.s-core-build/runs/score-someip84-full-6w80fgob/native/.llm_tmp/tmp/qemu_overlay_hc48tnyf.qcow2
[2026-10-07 16:21:27.929] [INFO] [score.itf.plugins.qemu.qemu_process] Using QEMU additional disk image: /media/jefferson/11c42dee-73a3-4c2b-ab42-a0440011d9e0/.s-core-build/runs/score-someip84-full-6w80fgob/native/.llm_tmp/tmp/qemu_overlay_blmdjg_a.qcow2
[2026-10-07 16:21:27.929] [DEBUG] [score.itf.plugins.qemu.qemu] ['/usr/bin/qemu-system-x86_64', '-accel', 'kvm', '-accel', 'tcg', '-smp', '2,maxcpus=2,cores=2', '-machine', 'pc', '-cpu', 'Cascadelake-Server-v5', '-m', '2G', '-nographic', '-serial', 'mon:stdio', '-object', 'rng-random,filename=/dev/urandom,id=rng0', '-device', 'virtio-rng-pci,rng=rng0', '-netdev', 'tap,id=t1,ifname=tap0,script=no,downscript=no', '-device', 'virtio-net-pci,netdev=t1,id=nic1,guest_csum=off', '-device', 'virtio-blk-pci,drive=vd0', '-drive', 'if=none,format=qcow2,file=/media/jefferson/11c42dee-73a3-4c2b-ab42-a0440011d9e0/.s-core-build/runs/score-someip84-full-6w80fgob/native/.llm_tmp/tmp/qemu_overlay_hc48tnyf.qcow2,id=vd0', '-device', 'virtio-blk-pci,drive=vd1', '-drive', 'if=none,format=qcow2,file=/media/jefferson/11c42dee-73a3-4c2b-ab42-a0440011d9e0/.s-core-build/runs/score-someip84-full-6w80fgob/native/.llm_tmp/tmp/qemu_overlay_blmdjg_a.qcow2,id=vd1']
[2026-10-07 16:21:27.956] [INFO] [QEMU] qemu-system-x86_64: warning: host doesn't support requested feature: CPUID.07H:EBX.avx512f [bit 16]
[2026-10-07 16:21:27.957] [INFO] [QEMU] qemu-system-x86_64: warning: host doesn't support requested feature: CPUID.07H:EBX.avx512dq [bit 17]
[2026-10-07 16:21:27.957] [INFO] [QEMU] qemu-system-x86_64: warning: host doesn't support requested feature: CPUID.07H:EBX.avx512cd [bit 28]
[2026-10-07 16:21:27.957] [INFO] [QEMU] qemu-system-x86_64: warning: host doesn't support requested feature: CPUID.07H:EBX.avx512bw [bit 30]
[2026-10-07 16:21:27.957] [INFO] [QEMU] qemu-system-x86_64: warning: host doesn't support requested feature: CPUID.07H:EBX.avx512vl [bit 31]
[2026-10-07 16:21:27.957] [INFO] [QEMU] qemu-system-x86_64: warning: host doesn't support requested feature: CPUID.07H:ECX.avx512vnni [bit 11]
[2026-10-07 16:21:27.957] [INFO] [QEMU] qemu-system-x86_64: warning: host doesn't support requested feature: CPUID.0DH:EAX [bit 5]
[2026-10-07 16:21:27.957] [INFO] [QEMU] qemu-system-x86_64: warning: host doesn't support requested feature: CPUID.0DH:EAX [bit 6]
[2026-10-07 16:21:27.957] [INFO] [QEMU] qemu-system-x86_64: warning: host doesn't support requested feature: CPUID.0DH:EAX [bit 7]
[2026-10-07 16:21:27.958] [INFO] [QEMU] qemu-system-x86_64: warning: host doesn't support requested feature: CPUID.07H:EBX.avx512f [bit 16]
[2026-10-07 16:21:27.958] [INFO] [QEMU] qemu-system-x86_64: warning: host doesn't support requested feature: CPUID.07H:EBX.avx512dq [bit 17]
[2026-10-07 16:21:27.958] [INFO] [QEMU] qemu-system-x86_64: warning: host doesn't support requested feature: CPUID.07H:EBX.avx512cd [bit 28]
[2026-10-07 16:21:27.958] [INFO] [QEMU] qemu-system-x86_64: warning: host doesn't support requested feature: CPUID.07H:EBX.avx512bw [bit 30]
[2026-10-07 16:21:27.958] [INFO] [QEMU] qemu-system-x86_64: warning: host doesn't support requested feature: CPUID.07H:EBX.avx512vl [bit 31]
[2026-10-07 16:21:27.958] [INFO] [QEMU] qemu-system-x86_64: warning: host doesn't support requested feature: CPUID.07H:ECX.avx512vnni [bit 11]
[2026-10-07 16:21:27.958] [INFO] [QEMU] qemu-system-x86_64: warning: host doesn't support requested feature: CPUID.0DH:EAX [bit 5]
[2026-10-07 16:21:27.958] [INFO] [QEMU] qemu-system-x86_64: warning: host doesn't support requested feature: CPUID.0DH:EAX [bit 6]
[2026-10-07 16:21:27.958] [INFO] [QEMU] qemu-system-x86_64: warning: host doesn't support requested feature: CPUID.0DH:EAX [bit 7]
[2026-10-07 16:21:28.054] [INFO] [QEMU] cSeaBIOS (version 1.15.0-1)
[2026-10-07 16:21:28.054] [INFO] [QEMU] 
[2026-10-07 16:21:28.055] [INFO] [QEMU] 
[2026-10-07 16:21:28.057] [INFO] [QEMU] iPXE (https://ipxe.org) 00:04.0 CA00 PCI2.10 PnP PMM+7FF8B380+7FECB380 CA00
[2026-10-07 16:21:28.064] [INFO] [QEMU] Press Ctrl-B to configure iPXE (PCI 00:04.0)...
[2026-10-07 16:21:28.064] [INFO] [QEMU] 
[2026-10-07 16:21:28.064] [INFO] [QEMU] 
[2026-10-07 16:21:28.083] [INFO] [QEMU] Booting from Hard Disk...
[2026-10-07 16:21:28.797] [INFO] [QEMU] GRUB_FORCE_PARTUUID set, attempting initrdless boot.
[2026-10-07 16:21:30.967] [INFO] [QEMU] [    0.000000] Linux version 6.8.0-136-generic (buildd@lcy02-amd64-041) (x86_64-linux-gnu-gcc-13 (Ubuntu 13.3.0-6ubuntu2~24.04.1) 13.3.0, GNU ld (GNU Binutils for Ubuntu) 2.42) #136-Ubuntu SMP PREEMPT_DYNAMIC Wed Jul  1 21:53:05 UTC 2026 (Ubuntu 6.8.0-136.136-generic 6.8.12)
[2026-10-07 16:21:30.969] [INFO] [QEMU] [    0.000000] Command line: BOOT_IMAGE=/vmlinuz-6.8.0-136-generic root=PARTUUID=91defc72-0e0a-4749-973f-2bd295668950 ro console=tty1 console=ttyS0 panic=-1
[2026-10-07 16:21:30.969] [INFO] [QEMU] [    0.000000] KERNEL supported cpus:
[2026-10-07 16:21:30.970] [INFO] [QEMU] [    0.000000]   Intel GenuineIntel
[2026-10-07 16:21:30.970] [INFO] [QEMU] [    0.000000]   AMD AuthenticAMD
[2026-10-07 16:21:30.971] [INFO] [QEMU] [    0.000000]   Hygon HygonGenuine
[2026-10-07 16:21:30.971] [INFO] [QEMU] [    0.000000]   Centaur CentaurHauls
[2026-10-07 16:21:30.972] [INFO] [QEMU] [    0.000000]   zhaoxin   Shanghai
[2026-10-07 16:21:30.973] [INFO] [QEMU] [    0.000000] BIOS-provided physical RAM map:
[2026-10-07 16:21:30.974] [INFO] [QEMU] [    0.000000] BIOS-e820: [mem 0x0000000000000000-0x000000000009fbff] usable
[2026-10-07 16:21:30.975] [INFO] [QEMU] [    0.000000] BIOS-e820: [mem 0x000000000009fc00-0x000000000009ffff] reserved
[2026-10-07 16:21:30.976] [INFO] [QEMU] [    0.000000] BIOS-e820: [mem 0x00000000000f0000-0x00000000000fffff] reserved
[2026-10-07 16:21:30.977] [INFO] [QEMU] [    0.000000] BIOS-e820: [mem 0x0000000000100000-0x000000007ffd9fff] usable
[2026-10-07 16:21:30.978] [INFO] [QEMU] [    0.000000] BIOS-e820: [mem 0x000000007ffda000-0x000000007fffffff] reserved
[2026-10-07 16:21:30.979] [INFO] [QEMU] [    0.000000] BIOS-e820: [mem 0x00000000feffc000-0x00000000feffffff] reserved
[2026-10-07 16:21:30.980] [INFO] [QEMU] [    0.000000] BIOS-e820: [mem 0x00000000fffc0000-0x00000000ffffffff] reserved
[2026-10-07 16:21:30.981] [INFO] [QEMU] [    0.000000] NX (Execute Disable) protection: active
[2026-10-07 16:21:30.981] [INFO] [QEMU] [    0.000000] APIC: Static calls initialized
[2026-10-07 16:21:30.982] [INFO] [QEMU] [    0.000000] SMBIOS 2.8 present.
[2026-10-07 16:21:30.983] [INFO] [QEMU] [    0.000000] DMI: QEMU Standard PC (i440FX + PIIX, 1996), BIOS 1.15.0-1 04/01/2014
[2026-10-07 16:21:30.983] [INFO] [QEMU] [    0.000000] Hypervisor detected: KVM
[2026-10-07 16:21:30.984] [INFO] [QEMU] [    0.000000] kvm-clock: Using msrs 4b564d01 and 4b564d00
[2026-10-07 16:21:30.985] [INFO] [QEMU] [    0.000002] kvm-clock: using sched offset of 2736329826 cycles
[2026-10-07 16:21:30.987] [INFO] [QEMU] [    0.000005] clocksource: kvm-clock: mask: 0xffffffffffffffff max_cycles: 0x1cd42e4dffb, max_idle_ns: 881590591483 ns
[2026-10-07 16:21:30.987] [INFO] [QEMU] [    0.000011] tsc: Detected 2419.200 MHz processor
[2026-10-07 16:21:30.988] [INFO] [QEMU] [    0.001641] last_pfn = 0x7ffda max_arch_pfn = 0x400000000
[2026-10-07 16:21:30.989] [INFO] [QEMU] [    0.001704] MTRR map: 4 entries (3 fixed + 1 variable; max 19), built from 8 variable MTRRs
[2026-10-07 16:21:30.990] [INFO] [QEMU] [    0.001709] x86/PAT: Configuration [0-7]: WB  WC  UC- UC  WB  WP  UC- WT
[2026-10-07 16:21:30.991] [INFO] [QEMU] [    0.014463] found SMP MP-table at [mem 0x000f5b80-0x000f5b8f]
[2026-10-07 16:21:30.992] [INFO] [QEMU] [    0.014495] Using GB pages for direct mapping
[2026-10-07 16:21:30.993] [INFO] [QEMU] [    0.014669] RAMDISK: [mem 0x3631f000-0x37186fff]
[2026-10-07 16:21:30.993] [INFO] [QEMU] [    0.014678] ACPI: Early table checksum verification disabled
[2026-10-07 16:21:30.994] [INFO] [QEMU] [    0.014683] ACPI: RSDP 0x00000000000F59C0 000014 (v00 BOCHS )
[2026-10-07 16:21:30.995] [INFO] [QEMU] [    0.014692] ACPI: RSDT 0x000000007FFE1975 000034 (v01 BOCHS  BXPC     00000001 BXPC 00000001)
[2026-10-07 16:21:30.997] [INFO] [QEMU] [    0.014702] ACPI: FACP 0x000000007FFE1821 000074 (v01 BOCHS  BXPC     00000001 BXPC 00000001)
[2026-10-07 16:21:30.998] [INFO] [QEMU] [    0.014731] ACPI: DSDT 0x000000007FFE0040 0017E1 (v01 BOCHS  BXPC     00000001 BXPC 00000001)
[2026-10-07 16:21:30.999] [INFO] [QEMU] [    0.014738] ACPI: FACS 0x000000007FFE0000 000040
[2026-10-07 16:21:31.000] [INFO] [QEMU] [    0.014743] ACPI: APIC 0x000000007FFE1895 000080 (v01 BOCHS  BXPC     00000001 BXPC 00000001)
[2026-10-07 16:21:31.001] [INFO] [QEMU] [    0.014749] ACPI: HPET 0x000000007FFE1915 000038 (v01 BOCHS  BXPC     00000001 BXPC 00000001)
[2026-10-07 16:21:31.003] [INFO] [QEMU] [    0.014755] ACPI: WAET 0x000000007FFE194D 000028 (v01 BOCHS  BXPC     00000001 BXPC 00000001)
[2026-10-07 16:21:31.004] [INFO] [QEMU] [    0.014759] ACPI: Reserving FACP table memory at [mem 0x7ffe1821-0x7ffe1894]
[2026-10-07 16:21:31.005] [INFO] [QEMU] [    0.014762] ACPI: Reserving DSDT table memory at [mem 0x7ffe0040-0x7ffe1820]
[2026-10-07 16:21:31.006] [INFO] [QEMU] [    0.014763] ACPI: Reserving FACS table memory at [mem 0x7ffe0000-0x7ffe003f]
[2026-10-07 16:21:31.007] [INFO] [QEMU] [    0.014764] ACPI: Reserving APIC table memory at [mem 0x7ffe1895-0x7ffe1914]
[2026-10-07 16:21:31.008] [INFO] [QEMU] [    0.014765] ACPI: Reserving HPET table memory at [mem 0x7ffe1915-0x7ffe194c]
[2026-10-07 16:21:31.009] [INFO] [QEMU] [    0.014767] ACPI: Reserving WAET table memory at [mem 0x7ffe194d-0x7ffe1974]
[2026-10-07 16:21:31.010] [INFO] [QEMU] [    0.015252] No NUMA configuration found
[2026-10-07 16:21:31.011] [INFO] [QEMU] [    0.015253] Faking a node at [mem 0x0000000000000000-0x000000007ffd9fff]
[2026-10-07 16:21:31.012] [INFO] [QEMU] [    0.015263] NODE_DATA(0) allocated [mem 0x7ffaf000-0x7ffd9fff]
[2026-10-07 16:21:31.012] [INFO] [QEMU] [    0.015517] Zone ranges:
[2026-10-07 16:21:31.013] [INFO] [QEMU] [    0.015518]   DMA      [mem 0x0000000000001000-0x0000000000ffffff]
[2026-10-07 16:21:31.014] [INFO] [QEMU] [    0.015521]   DMA32    [mem 0x0000000001000000-0x000000007ffd9fff]
[2026-10-07 16:21:31.014] [INFO] [QEMU] [    0.015523]   Normal   empty
[2026-10-07 16:21:31.015] [INFO] [QEMU] [    0.015525]   Device   empty
[2026-10-07 16:21:31.015] [INFO] [QEMU] [    0.015526] Movable zone start for each node
[2026-10-07 16:21:31.016] [INFO] [QEMU] [    0.015529] Early memory node ranges
[2026-10-07 16:21:31.017] [INFO] [QEMU] [    0.015530]   node   0: [mem 0x0000000000001000-0x000000000009efff]
[2026-10-07 16:21:31.018] [INFO] [QEMU] [    0.015532]   node   0: [mem 0x0000000000100000-0x000000007ffd9fff]
[2026-10-07 16:21:31.019] [INFO] [QEMU] [    0.015534] Initmem setup node 0 [mem 0x0000000000001000-0x000000007ffd9fff]
[2026-10-07 16:21:31.020] [INFO] [QEMU] [    0.023288] On node 0, zone DMA: 1 pages in unavailable ranges
[2026-10-07 16:21:31.021] [INFO] [QEMU] [    0.023567] On node 0, zone DMA: 97 pages in unavailable ranges
[2026-10-07 16:21:31.022] [INFO] [QEMU] [    0.138101] On node 0, zone DMA32: 38 pages in unavailable ranges
[2026-10-07 16:21:31.022] [INFO] [QEMU] [    0.138686] ACPI: PM-Timer IO Port: 0x608
[2026-10-07 16:21:31.023] [INFO] [QEMU] [    0.138712] ACPI: LAPIC_NMI (acpi_id[0xff] dfl dfl lint[0x1])
[2026-10-07 16:21:31.024] [INFO] [QEMU] [    0.138776] IOAPIC[0]: apic_id 0, version 17, address 0xfec00000, GSI 0-23
[2026-10-07 16:21:31.025] [INFO] [QEMU] [    0.138781] ACPI: INT_SRC_OVR (bus 0 bus_irq 0 global_irq 2 dfl dfl)
[2026-10-07 16:21:31.026] [INFO] [QEMU] [    0.138784] ACPI: INT_SRC_OVR (bus 0 bus_irq 5 global_irq 5 high level)
[2026-10-07 16:21:31.027] [INFO] [QEMU] [    0.138786] ACPI: INT_SRC_OVR (bus 0 bus_irq 9 global_irq 9 high level)
[2026-10-07 16:21:31.028] [INFO] [QEMU] [    0.138788] ACPI: INT_SRC_OVR (bus 0 bus_irq 10 global_irq 10 high level)
[2026-10-07 16:21:31.029] [INFO] [QEMU] [    0.138789] ACPI: INT_SRC_OVR (bus 0 bus_irq 11 global_irq 11 high level)
[2026-10-07 16:21:31.030] [INFO] [QEMU] [    0.138797] ACPI: Using ACPI (MADT) for SMP configuration information
[2026-10-07 16:21:31.031] [INFO] [QEMU] [    0.138799] ACPI: HPET id: 0x8086a201 base: 0xfed00000
[2026-10-07 16:21:31.031] [INFO] [QEMU] [    0.138806] TSC deadline timer available
[2026-10-07 16:21:31.032] [INFO] [QEMU] [    0.138808] smpboot: Allowing 2 CPUs, 0 hotplug CPUs
[2026-10-07 16:21:31.033] [INFO] [QEMU] [    0.138841] kvm-guest: APIC: eoi() replaced with kvm_guest_apic_eoi_write()
[2026-10-07 16:21:31.034] [INFO] [QEMU] [    0.138863] PM: hibernation: Registered nosave memory: [mem 0x00000000-0x00000fff]
[2026-10-07 16:21:31.035] [INFO] [QEMU] [    0.138870] PM: hibernation: Registered nosave memory: [mem 0x0009f000-0x000fffff]
[2026-10-07 16:21:31.036] [INFO] [QEMU] [    0.138873] [mem 0x80000000-0xfeffbfff] available for PCI devices
[2026-10-07 16:21:31.037] [INFO] [QEMU] [    0.138875] Booting paravirtualized kernel on KVM
[2026-10-07 16:21:31.039] [INFO] [QEMU] [    0.138878] clocksource: refined-jiffies: mask: 0xffffffff max_cycles: 0xffffffff, max_idle_ns: 1910969940391419 ns
[2026-10-07 16:21:31.040] [INFO] [QEMU] [    0.138894] setup_percpu: NR_CPUS:8192 nr_cpumask_bits:2 nr_cpu_ids:2 nr_node_ids:1
[2026-10-07 16:21:31.041] [INFO] [QEMU] [    0.145567] percpu: Embedded 86 pages/cpu s229376 r8192 d114688 u1048576
[2026-10-07 16:21:31.042] [INFO] [QEMU] [    0.145625] kvm-guest: PV spinlocks disabled, no host support
[2026-10-07 16:21:31.044] [INFO] [QEMU] [    0.145627] Kernel command line: BOOT_IMAGE=/vmlinuz-6.8.0-136-generic root=PARTUUID=91defc72-0e0a-4749-973f-2bd295668950 ro console=tty1 console=ttyS0 panic=-1
[2026-10-07 16:21:31.044] [INFO] [QEMU] [    0.145701] random: crng init done
[2026-10-07 16:21:31.045] [INFO] [QEMU] [    0.152554] Dentry cache hash table entries: 262144 (order: 9, 2097152 bytes, linear)
[2026-10-07 16:21:31.047] [INFO] [QEMU] [    0.152762] Inode-cache hash table entries: 131072 (order: 8, 1048576 bytes, linear)
[2026-10-07 16:21:31.047] [INFO] [QEMU] [    0.152862] Fallback order for Node 0: 0
[2026-10-07 16:21:31.048] [INFO] [QEMU] [    0.152868] Built 1 zonelists, mobility grouping on.  Total pages: 515802
[2026-10-07 16:21:31.049] [INFO] [QEMU] [    0.152871] Policy zone: DMA32
[2026-10-07 16:21:31.050] [INFO] [QEMU] [    0.152882] mem auto-init: stack:all(zero), heap alloc:on, heap free:off
[2026-10-07 16:21:31.052] [INFO] [QEMU] [    0.158342] Memory: 1990880K/2096608K available (22528K kernel code, 4441K rwdata, 14428K rodata, 4932K init, 4776K bss, 105468K reserved, 0K cma-reserved)
[2026-10-07 16:21:31.053] [INFO] [QEMU] [    0.159617] SLUB: HWalign=64, Order=0-3, MinObjects=0, CPUs=2, Nodes=1
[2026-10-07 16:21:31.054] [INFO] [QEMU] [    0.159655] ftrace: allocating 58332 entries in 228 pages
[2026-10-07 16:21:31.054] [INFO] [QEMU] [    0.175309] ftrace: allocated 228 pages with 4 groups
[2026-10-07 16:21:31.055] [INFO] [QEMU] [    0.176760] Dynamic Preempt: voluntary
[2026-10-07 16:21:31.056] [INFO] [QEMU] [    0.176851] rcu: Preemptible hierarchical RCU implementation.
[2026-10-07 16:21:31.057] [INFO] [QEMU] [    0.176855] rcu: 	RCU restricting CPUs from NR_CPUS=8192 to nr_cpu_ids=2.
[2026-10-07 16:21:31.058] [INFO] [QEMU] [    0.176860] 	Trampoline variant of Tasks RCU enabled.
[2026-10-07 16:21:31.059] [INFO] [QEMU] [    0.176861] 	Rude variant of Tasks RCU enabled.
[2026-10-07 16:21:31.059] [INFO] [QEMU] [    0.176861] 	Tracing variant of Tasks RCU enabled.
[2026-10-07 16:21:31.061] [INFO] [QEMU] [    0.176862] rcu: RCU calculated value of scheduler-enlistment delay is 100 jiffies.
[2026-10-07 16:21:31.062] [INFO] [QEMU] [    0.176864] rcu: Adjusting geometry for rcu_fanout_leaf=16, nr_cpu_ids=2
[2026-10-07 16:21:31.063] [INFO] [QEMU] [    0.176877] RCU Tasks: Setting shift to 1 and lim to 1 rcu_task_cb_adjust=1 rcu_task_cpu_ids=2.
[2026-10-07 16:21:31.064] [INFO] [QEMU] [    0.176880] RCU Tasks Rude: Setting shift to 1 and lim to 1 rcu_task_cb_adjust=1 rcu_task_cpu_ids=2.
[2026-10-07 16:21:31.066] [INFO] [QEMU] [    0.176881] RCU Tasks Trace: Setting shift to 1 and lim to 1 rcu_task_cb_adjust=1 rcu_task_cpu_ids=2.
[2026-10-07 16:21:31.066] [INFO] [QEMU] [    0.181155] NR_IRQS: 524544, nr_irqs: 440, preallocated irqs: 16
[2026-10-07 16:21:31.067] [INFO] [QEMU] [    0.181408] rcu: srcu_init: Setting srcu_struct sizes based on contention.
[2026-10-07 16:21:31.068] [INFO] [QEMU] [    0.195273] Console: colour VGA+ 80x25
[2026-10-07 16:21:31.069] [INFO] [QEMU] [    0.195279] printk: legacy console [tty1] enabled
[2026-10-07 16:21:31.069] [INFO] [QEMU] [    0.234564] printk: legacy console [ttyS0] enabled
[2026-10-07 16:21:31.070] [INFO] [QEMU] [    0.340931] ACPI: Core revision 20230628
[2026-10-07 16:21:31.072] [INFO] [QEMU] [    0.341999] clocksource: hpet: mask: 0xffffffff max_cycles: 0xffffffff, max_idle_ns: 19112604467 ns
[2026-10-07 16:21:31.073] [INFO] [QEMU] [    0.343948] APIC: Switch to symmetric I/O mode setup
[2026-10-07 16:21:31.074] [INFO] [QEMU] [    0.345301] x2apic enabled
[2026-10-07 16:21:31.076] [INFO] [QEMU] [    0.346344] APIC: Switched APIC routing to: physical x2apic
[2026-10-07 16:21:31.079] [INFO] [QEMU] [    0.349753] ..TIMER: vector=0x30 apic1=0 pin1=2 apic2=-1 pin2=-1
[2026-10-07 16:21:31.081] [INFO] [QEMU] [    0.351189] clocksource: tsc-early: mask: 0xffffffffffffffff max_cycles: 0x22df1149949, max_idle_ns: 440795312789 ns
[2026-10-07 16:21:31.083] [INFO] [QEMU] [    0.353342] Calibrating delay loop (skipped) preset value.. 4838.40 BogoMIPS (lpj=2419200)
[2026-10-07 16:21:31.085] [INFO] [QEMU] [    0.355589] Last level iTLB entries: 4KB 0, 2MB 0, 4MB 0
[2026-10-07 16:21:31.086] [INFO] [QEMU] [    0.356638] Last level dTLB entries: 4KB 0, 2MB 0, 4MB 0, 1GB 0
[2026-10-07 16:21:31.088] [INFO] [QEMU] [    0.357673] Spectre V1 : Mitigation: usercopy/swapgs barriers and __user pointer sanitization
[2026-10-07 16:21:31.089] [INFO] [QEMU] [    0.358786] Spectre V2 : Spectre BHI mitigation: SW BHB clearing on vm exit
[2026-10-07 16:21:31.091] [INFO] [QEMU] [    0.360336] Spectre V2 : Spectre BHI mitigation: SW BHB clearing on syscall
[2026-10-07 16:21:31.092] [INFO] [QEMU] [    0.361691] Spectre V2 : Mitigation: Enhanced / Automatic IBRS
[2026-10-07 16:21:31.093] [INFO] [QEMU] [    0.362649] Spectre V2 : Spectre v2 / PBRSB-eIBRS: Retire a single CALL on VMEXIT
[2026-10-07 16:21:31.094] [INFO] [QEMU] [    0.364336] RETBleed: Mitigation: Enhanced IBRS
[2026-10-07 16:21:31.096] [INFO] [QEMU] [    0.365339] Spectre V2 : mitigation: Enabling conditional Indirect Branch Prediction Barrier
[2026-10-07 16:21:31.098] [INFO] [QEMU] [    0.367337] Speculative Store Bypass: Mitigation: Speculative Store Bypass disabled via prctl
[2026-10-07 16:21:31.099] [INFO] [QEMU] [    0.368800] MMIO Stale Data: Vulnerable: Clear CPU buffers attempted, no microcode
[2026-10-07 16:21:31.101] [INFO] [QEMU] [    0.370337] GDS: Unknown: Dependent on hypervisor status
[2026-10-07 16:21:31.102] [INFO] [QEMU] [    0.371638] active return thunk: its_return_thunk
[2026-10-07 16:21:31.103] [INFO] [QEMU] [    0.372624] ITS: Mitigation: Aligned branch/return thunks
[2026-10-07 16:21:31.104] [INFO] [QEMU] [    0.373672] x86/fpu: Supporting XSAVE feature 0x001: 'x87 floating point registers'
[2026-10-07 16:21:31.106] [INFO] [QEMU] [    0.375336] x86/fpu: Supporting XSAVE feature 0x002: 'SSE registers'
[2026-10-07 16:21:31.107] [INFO] [QEMU] [    0.376704] x86/fpu: Supporting XSAVE feature 0x004: 'AVX registers'
[2026-10-07 16:21:31.109] [INFO] [QEMU] [    0.378336] x86/fpu: Supporting XSAVE feature 0x200: 'Protection Keys User registers'
[2026-10-07 16:21:31.110] [INFO] [QEMU] [    0.379799] x86/fpu: xstate_offset[2]:  576, xstate_sizes[2]:  256
[2026-10-07 16:21:31.112] [INFO] [QEMU] [    0.381337] x86/fpu: xstate_offset[9]:  832, xstate_sizes[9]:    8
[2026-10-07 16:21:31.114] [INFO] [QEMU] [    0.382689] x86/fpu: Enabled xstate features 0x207, context size is 840 bytes, using 'compacted' format.
[2026-10-07 16:21:31.186] [INFO] [QEMU] [    0.453867] Freeing SMP alternatives memory: 48K
[2026-10-07 16:21:31.189] [INFO] [QEMU] [    0.455344] pid_max: default: 32768 minimum: 301
[2026-10-07 16:21:31.192] [INFO] [QEMU] [    0.457058] LSM: initializing lsm=lockdown,capability,landlock,yama,apparmor,integrity
[2026-10-07 16:21:31.195] [INFO] [QEMU] [    0.458403] landlock: Up and running.
[2026-10-07 16:21:31.197] [INFO] [QEMU] [    0.459857] Yama: becoming mindful.
[2026-10-07 16:21:31.199] [INFO] [QEMU] [    0.460950] AppArmor: AppArmor initialized
[2026-10-07 16:21:31.202] [INFO] [QEMU] [    0.462475] Mount-cache hash table entries: 4096 (order: 3, 32768 bytes, linear)
[2026-10-07 16:21:31.206] [INFO] [QEMU] [    0.464350] Mountpoint-cache hash table entries: 4096 (order: 3, 32768 bytes, linear)
[2026-10-07 16:21:31.212] [INFO] [QEMU] [    0.467757] smpboot: CPU0: Intel Xeon Processor (Cascadelake) (family: 0x6, model: 0x55, stepping: 0x6)
[2026-10-07 16:21:31.216] [INFO] [QEMU] [    0.469651] Performance Events: unsupported p6 CPU model 85 no PMU driver, software events only.
[2026-10-07 16:21:31.219] [INFO] [QEMU] [    0.471468] signal: max sigframe size: 3632
[2026-10-07 16:21:31.222] [INFO] [QEMU] [    0.473018] rcu: Hierarchical SRCU implementation.
[2026-10-07 16:21:31.224] [INFO] [QEMU] [    0.473913] rcu: 	Max phase no-delay instances is 400.
[2026-10-07 16:21:31.240] [INFO] [QEMU] [    0.478277] NMI watchdog: Perf NMI watchdog permanently disabled
[2026-10-07 16:21:31.243] [INFO] [QEMU] [    0.479138] smp: Bringing up secondary CPUs ...
[2026-10-07 16:21:31.246] [INFO] [QEMU] [    0.480233] smpboot: x86: Booting SMP configuration:
[2026-10-07 16:21:31.251] [INFO] [QEMU] [    0.480954] .... node  #0, CPUs:      #1
[2026-10-07 16:21:31.253] [INFO] [QEMU] [    0.482406] smp: Brought up 1 node, 2 CPUs
[2026-10-07 16:21:31.255] [INFO] [QEMU] [    0.484910] smpboot: Max logical packages: 1
[2026-10-07 16:21:31.258] [INFO] [QEMU] [    0.485901] smpboot: Total of 2 processors activated (9676.80 BogoMIPS)
[2026-10-07 16:21:31.261] [INFO] [QEMU] [    0.487802] devtmpfs: initialized
[2026-10-07 16:21:31.263] [INFO] [QEMU] [    0.488970] x86/mm: Memory block size: 128MB
[2026-10-07 16:21:31.269] [INFO] [QEMU] [    0.490627] clocksource: jiffies: mask: 0xffffffff max_cycles: 0xffffffff, max_idle_ns: 1911260446275000 ns
[2026-10-07 16:21:31.272] [INFO] [QEMU] [    0.492327] futex hash table entries: 512 (order: 3, 32768 bytes, linear)
[2026-10-07 16:21:31.275] [INFO] [QEMU] [    0.493186] pinctrl core: initialized pinctrl subsystem
[2026-10-07 16:21:31.278] [INFO] [QEMU] [    0.494330] PM: RTC time: 16:21:30, date: 2026-10-07
[2026-10-07 16:21:31.283] [INFO] [QEMU] [    0.498318] NET: Registered PF_NETLINK/PF_ROUTE protocol family
[2026-10-07 16:21:31.287] [INFO] [QEMU] [    0.499306] DMA: preallocated 256 KiB GFP_KERNEL pool for atomic allocations
[2026-10-07 16:21:31.291] [INFO] [QEMU] [    0.500147] DMA: preallocated 256 KiB GFP_KERNEL|GFP_DMA pool for atomic allocations
[2026-10-07 16:21:31.295] [INFO] [QEMU] [    0.501310] DMA: preallocated 256 KiB GFP_KERNEL|GFP_DMA32 pool for atomic allocations
[2026-10-07 16:21:31.298] [INFO] [QEMU] [    0.502278] audit: initializing netlink subsys (disabled)
[2026-10-07 16:21:31.302] [INFO] [QEMU] [    0.503068] audit: type=2000 audit(1791390091.066:1): state=initialized audit_enabled=0 res=1
[2026-10-07 16:21:31.305] [INFO] [QEMU] [    0.503377] thermal_sys: Registered thermal governor 'fair_share'
[2026-10-07 16:21:31.308] [INFO] [QEMU] [    0.505254] thermal_sys: Registered thermal governor 'bang_bang'
[2026-10-07 16:21:31.311] [INFO] [QEMU] [    0.506019] thermal_sys: Registered thermal governor 'step_wise'
[2026-10-07 16:21:31.314] [INFO] [QEMU] [    0.507017] thermal_sys: Registered thermal governor 'user_space'
[2026-10-07 16:21:31.317] [INFO] [QEMU] [    0.507991] thermal_sys: Registered thermal governor 'power_allocator'
[2026-10-07 16:21:31.319] [INFO] [QEMU] [    0.509061] cpuidle: using governor ladder
[2026-10-07 16:21:31.321] [INFO] [QEMU] [    0.510916] cpuidle: using governor menu
[2026-10-07 16:21:31.325] [INFO] [QEMU] [    0.512120] acpiphp: ACPI Hot Plug PCI Controller Driver version: 0.5
[2026-10-07 16:21:31.328] [INFO] [QEMU] [    0.513366] PCI: Using configuration type 1 for base access
[2026-10-07 16:21:31.332] [INFO] [QEMU] [    0.515216] kprobes: kprobe jump-optimization is enabled. All kprobes are optimized if possible.
[2026-10-07 16:21:31.347] [INFO] [QEMU] [    0.528715] HugeTLB: registered 1.00 GiB page size, pre-allocated 0 pages
[2026-10-07 16:21:31.350] [INFO] [QEMU] [    0.531057] HugeTLB: 16380 KiB vmemmap can be freed for a 1.00 GiB page
[2026-10-07 16:21:31.353] [INFO] [QEMU] [    0.534081] HugeTLB: registered 2.00 MiB page size, pre-allocated 0 pages
[2026-10-07 16:21:31.357] [INFO] [QEMU] [    0.537049] HugeTLB: 28 KiB vmemmap can be freed for a 2.00 MiB page
[2026-10-07 16:21:31.368] [INFO] [QEMU] [    0.548770] ACPI: Added _OSI(Module Device)
[2026-10-07 16:21:31.371] [INFO] [QEMU] [    0.550979] ACPI: Added _OSI(Processor Device)
[2026-10-07 16:21:31.374] [INFO] [QEMU] [    0.553950] ACPI: Added _OSI(Processor Aggregator Device)
[2026-10-07 16:21:31.376] [INFO] [QEMU] [    0.557674] ACPI: 1 ACPI AML tables successfully acquired and loaded
[2026-10-07 16:21:31.392] [INFO] [QEMU] [    0.572846] ACPI: _OSC evaluation for CPUs failed, trying _PDC
[2026-10-07 16:21:31.395] [INFO] [QEMU] [    0.575257] ACPI: Interpreter enabled
[2026-10-07 16:21:31.397] [INFO] [QEMU] [    0.577900] ACPI: PM: (supports S0 S3 S4 S5)
[2026-10-07 16:21:31.399] [INFO] [QEMU] [    0.579905] ACPI: Using IOAPIC for interrupt routing
[2026-10-07 16:21:31.404] [INFO] [QEMU] [    0.582150] PCI: Using host bridge windows from ACPI; if necessary, use "pci=nocrs" and report a bug
[2026-10-07 16:21:31.407] [INFO] [QEMU] [    0.586346] PCI: Using E820 reservations for host bridge windows
[2026-10-07 16:21:31.410] [INFO] [QEMU] [    0.590565] ACPI: Enabled 2 GPEs in block 00 to 0F
[2026-10-07 16:21:31.419] [INFO] [QEMU] [    0.598499] ACPI: PCI Root Bridge [PCI0] (domain 0000 [bus 00-ff])
[2026-10-07 16:21:31.423] [INFO] [QEMU] [    0.602097] acpi PNP0A03:00: _OSC: OS supports [ASPM ClockPM Segments MSI EDR HPX-Type3]
[2026-10-07 16:21:31.428] [INFO] [QEMU] [    0.605332] acpi PNP0A03:00: _OSC: not requesting OS control; OS requires [ExtendedConfig ASPM ClockPM MSI]
[2026-10-07 16:21:31.434] [INFO] [QEMU] [    0.610415] acpi PNP0A03:00: fail to add MMCONFIG information, can't access extended configuration space under this bridge
[2026-10-07 16:21:31.438] [INFO] [QEMU] [    0.617259] acpiphp: Slot [3] registered
[2026-10-07 16:21:31.440] [INFO] [QEMU] [    0.618985] acpiphp: Slot [4] registered
[2026-10-07 16:21:31.442] [INFO] [QEMU] [    0.620969] acpiphp: Slot [5] registered
[2026-10-07 16:21:31.444] [INFO] [QEMU] [    0.624001] acpiphp: Slot [6] registered
[2026-10-07 16:21:31.447] [INFO] [QEMU] [    0.625976] acpiphp: Slot [7] registered
[2026-10-07 16:21:31.449] [INFO] [QEMU] [    0.627965] acpiphp: Slot [8] registered
[2026-10-07 16:21:31.451] [INFO] [QEMU] [    0.629981] acpiphp: Slot [9] registered
[2026-10-07 16:21:31.453] [INFO] [QEMU] [    0.631970] acpiphp: Slot [10] registered
[2026-10-07 16:21:31.455] [INFO] [QEMU] [    0.633938] acpiphp: Slot [11] registered
[2026-10-07 16:21:31.458] [INFO] [QEMU] [    0.635923] acpiphp: Slot [12] registered
[2026-10-07 16:21:31.460] [INFO] [QEMU] [    0.638970] acpiphp: Slot [13] registered
[2026-10-07 16:21:31.462] [INFO] [QEMU] [    0.640986] acpiphp: Slot [14] registered
[2026-10-07 16:21:31.464] [INFO] [QEMU] [    0.642955] acpiphp: Slot [15] registered
[2026-10-07 16:21:31.467] [INFO] [QEMU] [    0.644964] acpiphp: Slot [16] registered
[2026-10-07 16:21:31.469] [INFO] [QEMU] [    0.647006] acpiphp: Slot [17] registered
[2026-10-07 16:21:31.471] [INFO] [QEMU] [    0.650023] acpiphp: Slot [18] registered
[2026-10-07 16:21:31.474] [INFO] [QEMU] [    0.651963] acpiphp: Slot [19] registered
[2026-10-07 16:21:31.476] [INFO] [QEMU] [    0.654036] acpiphp: Slot [20] registered
[2026-10-07 16:21:31.479] [INFO] [QEMU] [    0.655995] acpiphp: Slot [21] registered
[2026-10-07 16:21:31.481] [INFO] [QEMU] [    0.659099] acpiphp: Slot [22] registered
[2026-10-07 16:21:31.484] [INFO] [QEMU] [    0.661042] acpiphp: Slot [23] registered
[2026-10-07 16:21:31.486] [INFO] [QEMU] [    0.664059] acpiphp: Slot [24] registered
[2026-10-07 16:21:31.488] [INFO] [QEMU] [    0.665991] acpiphp: Slot [25] registered
[2026-10-07 16:21:31.491] [INFO] [QEMU] [    0.668068] acpiphp: Slot [26] registered
[2026-10-07 16:21:31.493] [INFO] [QEMU] [    0.669979] acpiphp: Slot [27] registered
[2026-10-07 16:21:31.495] [INFO] [QEMU] [    0.671993] acpiphp: Slot [28] registered
[2026-10-07 16:21:31.497] [INFO] [QEMU] [    0.673984] acpiphp: Slot [29] registered
[2026-10-07 16:21:31.500] [INFO] [QEMU] [    0.676957] acpiphp: Slot [30] registered
[2026-10-07 16:21:31.502] [INFO] [QEMU] [    0.679017] acpiphp: Slot [31] registered
[2026-10-07 16:21:31.504] [INFO] [QEMU] [    0.680993] PCI host bridge to bus 0000:00
[2026-10-07 16:21:31.508] [INFO] [QEMU] [    0.682920] pci_bus 0000:00: root bus resource [io  0x0000-0x0cf7 window]
[2026-10-07 16:21:31.511] [INFO] [QEMU] [    0.686060] pci_bus 0000:00: root bus resource [io  0x0d00-0xffff window]
[2026-10-07 16:21:31.515] [INFO] [QEMU] [    0.690067] pci_bus 0000:00: root bus resource [mem 0x000a0000-0x000bffff window]
[2026-10-07 16:21:31.518] [INFO] [QEMU] [    0.693242] pci_bus 0000:00: root bus resource [mem 0x80000000-0xfebfffff window]
[2026-10-07 16:21:31.522] [INFO] [QEMU] [    0.697212] pci_bus 0000:00: root bus resource [mem 0x100000000-0x17fffffff window]
[2026-10-07 16:21:31.525] [INFO] [QEMU] [    0.701244] pci_bus 0000:00: root bus resource [bus 00-ff]
[2026-10-07 16:21:31.530] [INFO] [QEMU] [    0.704190] pci 0000:00:00.0: [8086:1237] type 00 class 0x060000 conventional PCI endpoint
[2026-10-07 16:21:31.536] [INFO] [QEMU] [    0.710962] pci 0000:00:01.0: [8086:7000] type 00 class 0x060100 conventional PCI endpoint
[2026-10-07 16:21:31.542] [INFO] [QEMU] [    0.716775] pci 0000:00:01.1: [8086:7010] type 00 class 0x010180 conventional PCI endpoint
[2026-10-07 16:21:31.547] [INFO] [QEMU] [    0.722249] pci 0000:00:01.1: BAR 4 [io  0xc140-0xc14f]
[2026-10-07 16:21:31.551] [INFO] [QEMU] [    0.725122] pci 0000:00:01.1: BAR 0 [io  0x01f0-0x01f7]: legacy IDE quirk
[2026-10-07 16:21:31.554] [INFO] [QEMU] [    0.729083] pci 0000:00:01.1: BAR 1 [io  0x03f6]: legacy IDE quirk
[2026-10-07 16:21:31.557] [INFO] [QEMU] [    0.732041] pci 0000:00:01.1: BAR 2 [io  0x0170-0x0177]: legacy IDE quirk
[2026-10-07 16:21:31.561] [INFO] [QEMU] [    0.735063] pci 0000:00:01.1: BAR 3 [io  0x0376]: legacy IDE quirk
[2026-10-07 16:21:31.565] [INFO] [QEMU] [    0.738508] pci 0000:00:01.3: [8086:7113] type 00 class 0x068000 conventional PCI endpoint
[2026-10-07 16:21:31.570] [INFO] [QEMU] [    0.744376] pci 0000:00:01.3: quirk: [io  0x0600-0x063f] claimed by PIIX4 ACPI
[2026-10-07 16:21:31.574] [INFO] [QEMU] [    0.748236] pci 0000:00:01.3: quirk: [io  0x0700-0x070f] claimed by PIIX4 SMB
[2026-10-07 16:21:31.578] [INFO] [QEMU] [    0.751716] pci 0000:00:02.0: [1234:1111] type 00 class 0x030000 conventional PCI endpoint
[2026-10-07 16:21:31.594] [INFO] [QEMU] [    0.759494] pci 0000:00:02.0: BAR 0 [mem 0xfd000000-0xfdffffff pref]
[2026-10-07 16:21:31.598] [INFO] [QEMU] [    0.763304] pci 0000:00:02.0: BAR 2 [mem 0xfeb90000-0xfeb90fff]
[2026-10-07 16:21:31.601] [INFO] [QEMU] [    0.766113] pci 0000:00:02.0: ROM [mem 0xfeb80000-0xfeb8ffff pref]
[2026-10-07 16:21:31.605] [INFO] [QEMU] [    0.769507] pci 0000:00:02.0: Video device with shadowed ROM at [mem 0x000c0000-0x000dffff]
[2026-10-07 16:21:31.613] [INFO] [QEMU] [    0.777597] pci 0000:00:03.0: [1af4:1005] type 00 class 0x00ff00 conventional PCI endpoint
[2026-10-07 16:21:31.618] [INFO] [QEMU] [    0.783185] pci 0000:00:03.0: BAR 0 [io  0xc100-0xc11f]
[2026-10-07 16:21:31.622] [INFO] [QEMU] [    0.786128] pci 0000:00:03.0: BAR 4 [mem 0xfe000000-0xfe003fff 64bit pref]
[2026-10-07 16:21:31.629] [INFO] [QEMU] [    0.792140] pci 0000:00:04.0: [1af4:1000] type 00 class 0x020000 conventional PCI endpoint
[2026-10-07 16:21:31.635] [INFO] [QEMU] [    0.800379] pci 0000:00:04.0: BAR 0 [io  0xc120-0xc13f]
[2026-10-07 16:21:31.638] [INFO] [QEMU] [    0.803010] pci 0000:00:04.0: BAR 1 [mem 0xfeb91000-0xfeb91fff]
[2026-10-07 16:21:31.642] [INFO] [QEMU] [    0.806125] pci 0000:00:04.0: BAR 4 [mem 0xfe004000-0xfe007fff 64bit pref]
[2026-10-07 16:21:31.645] [INFO] [QEMU] [    0.809119] pci 0000:00:04.0: ROM [mem 0xfeb00000-0xfeb7ffff pref]
[2026-10-07 16:21:31.652] [INFO] [QEMU] [    0.815230] pci 0000:00:05.0: [1af4:1001] type 00 class 0x010000 conventional PCI endpoint
[2026-10-07 16:21:31.662] [INFO] [QEMU] [    0.825383] pci 0000:00:05.0: BAR 0 [io  0xc000-0xc07f]
[2026-10-07 16:21:31.665] [INFO] [QEMU] [    0.828044] pci 0000:00:05.0: BAR 1 [mem 0xfeb92000-0xfeb92fff]
[2026-10-07 16:21:31.668] [INFO] [QEMU] [    0.831255] pci 0000:00:05.0: BAR 4 [mem 0xfe008000-0xfe00bfff 64bit pref]
[2026-10-07 16:21:31.676] [INFO] [QEMU] [    0.838296] pci 0000:00:06.0: [1af4:1001] type 00 class 0x010000 conventional PCI endpoint
[2026-10-07 16:21:31.681] [INFO] [QEMU] [    0.844375] pci 0000:00:06.0: BAR 0 [io  0xc080-0xc0ff]
[2026-10-07 16:21:31.684] [INFO] [QEMU] [    0.847017] pci 0000:00:06.0: BAR 1 [mem 0xfeb93000-0xfeb93fff]
[2026-10-07 16:21:31.688] [INFO] [QEMU] [    0.850142] pci 0000:00:06.0: BAR 4 [mem 0xfe00c000-0xfe00ffff 64bit pref]
[2026-10-07 16:21:31.716] [INFO] [QEMU] [    0.878907] ACPI: PCI: Interrupt link LNKA configured for IRQ 10
[2026-10-07 16:21:31.720] [INFO] [QEMU] [    0.882396] ACPI: PCI: Interrupt link LNKB configured for IRQ 10
[2026-10-07 16:21:31.723] [INFO] [QEMU] [    0.885343] ACPI: PCI: Interrupt link LNKC configured for IRQ 11
[2026-10-07 16:21:31.727] [INFO] [QEMU] [    0.888346] ACPI: PCI: Interrupt link LNKD configured for IRQ 11
[2026-10-07 16:21:31.730] [INFO] [QEMU] [    0.892210] ACPI: PCI: Interrupt link LNKS configured for IRQ 9
[2026-10-07 16:21:31.735] [INFO] [QEMU] [    0.897384] iommu: Default domain type: Translated
[2026-10-07 16:21:31.738] [INFO] [QEMU] [    0.898997] iommu: DMA domain TLB invalidation policy: lazy mode
[2026-10-07 16:21:31.741] [INFO] [QEMU] [    0.901166] SCSI subsystem initialized
[2026-10-07 16:21:31.744] [INFO] [QEMU] [    0.902005] ACPI: bus type USB registered
[2026-10-07 16:21:31.747] [INFO] [QEMU] [    0.904035] usbcore: registered new interface driver usbfs
[2026-10-07 16:21:31.750] [INFO] [QEMU] [    0.907065] usbcore: registered new interface driver hub
[2026-10-07 16:21:31.753] [INFO] [QEMU] [    0.910050] usbcore: registered new device driver usb
[2026-10-07 16:21:31.755] [INFO] [QEMU] [    0.912130] pps_core: LinuxPPS API ver. 1 registered
[2026-10-07 16:21:31.760] [INFO] [QEMU] [    0.914955] pps_core: Software ver. 5.3.6 - Copyright 2005-2007 Rodolfo Giometti <giometti@linux.it>
[2026-10-07 16:21:31.762] [INFO] [QEMU] [    0.919347] PTP clock support registered
[2026-10-07 16:21:31.765] [INFO] [QEMU] [    0.922477] EDAC MC: Ver: 3.0.0
[2026-10-07 16:21:31.769] [INFO] [QEMU] [    0.926620] NetLabel: Initializing
[2026-10-07 16:21:31.772] [INFO] [QEMU] [    0.928882] NetLabel:  domain hash size = 128
[2026-10-07 16:21:31.775] [INFO] [QEMU] [    0.930954] NetLabel:  protocols = UNLABELED CIPSOv4 CALIPSO
[2026-10-07 16:21:31.778] [INFO] [QEMU] [    0.934169] NetLabel:  unlabeled traffic allowed by default
[2026-10-07 16:21:31.781] [INFO] [QEMU] [    0.937606] mctp: management component transport protocol core
[2026-10-07 16:21:31.784] [INFO] [QEMU] [    0.940034] NET: Registered PF_MCTP protocol family
[2026-10-07 16:21:31.786] [INFO] [QEMU] [    0.943028] PCI: Using ACPI for IRQ routing
[2026-10-07 16:21:31.790] [INFO] [QEMU] [    0.945561] pci 0000:00:02.0: vgaarb: setting as boot VGA device
[2026-10-07 16:21:31.793] [INFO] [QEMU] [    0.946334] pci 0000:00:02.0: vgaarb: bridge control possible
[2026-10-07 16:21:31.797] [INFO] [QEMU] [    0.946334] pci 0000:00:02.0: vgaarb: VGA device added: decodes=io+mem,owns=io+mem,locks=none
[2026-10-07 16:21:31.799] [INFO] [QEMU] [    0.956353] vgaarb: loaded
[2026-10-07 16:21:31.802] [INFO] [QEMU] [    0.958604] hpet0: at MMIO 0xfed00000, IRQs 2, 8, 0
[2026-10-07 16:21:31.805] [INFO] [QEMU] [    0.959971] hpet0: 3 comparators, 64-bit 100.000000 MHz counter
[2026-10-07 16:21:31.811] [INFO] [QEMU] [    0.963569] clocksource: Switched to clocksource kvm-clock
[2026-10-07 16:21:31.817] [INFO] [QEMU] [    0.969507] VFS: Disk quotas dquot_6.6.0
[2026-10-07 16:21:31.820] [INFO] [QEMU] [    0.971747] VFS: Dquot-cache hash table entries: 512 (order 0, 4096 bytes)
[2026-10-07 16:21:31.824] [INFO] [QEMU] [    0.976421] AppArmor: AppArmor Filesystem Enabled
[2026-10-07 16:21:31.826] [INFO] [QEMU] [    0.979121] pnp: PnP ACPI init
[2026-10-07 16:21:31.829] [INFO] [QEMU] [    0.981848] pnp: PnP ACPI: found 6 devices
[2026-10-07 16:21:31.843] [INFO] [QEMU] [    0.993628] clocksource: acpi_pm: mask: 0xffffff max_cycles: 0xffffff, max_idle_ns: 2085701024 ns
[2026-10-07 16:21:31.846] [INFO] [QEMU] [    0.998392] NET: Registered PF_INET protocol family
[2026-10-07 16:21:31.850] [INFO] [QEMU] [    1.001441] IP idents hash table entries: 32768 (order: 6, 262144 bytes, linear)
[2026-10-07 16:21:31.898] [INFO] [QEMU] [    1.048850] tcp_listen_portaddr_hash hash table entries: 1024 (order: 2, 16384 bytes, linear)
[2026-10-07 16:21:31.902] [INFO] [QEMU] [    1.053252] Table-perturb hash table entries: 65536 (order: 6, 262144 bytes, linear)
[2026-10-07 16:21:31.906] [INFO] [QEMU] [    1.057394] TCP established hash table entries: 16384 (order: 5, 131072 bytes, linear)
[2026-10-07 16:21:31.910] [INFO] [QEMU] [    1.061558] TCP bind hash table entries: 16384 (order: 7, 524288 bytes, linear)
[2026-10-07 16:21:31.914] [INFO] [QEMU] [    1.065410] TCP: Hash tables configured (established 16384 bind 16384)
[2026-10-07 16:21:31.918] [INFO] [QEMU] [    1.068918] MPTCP token hash table entries: 2048 (order: 4, 49152 bytes, linear)
[2026-10-07 16:21:31.921] [INFO] [QEMU] [    1.072868] UDP hash table entries: 1024 (order: 3, 32768 bytes, linear)
[2026-10-07 16:21:31.925] [INFO] [QEMU] [    1.076301] UDP-Lite hash table entries: 1024 (order: 3, 32768 bytes, linear)
[2026-10-07 16:21:31.928] [INFO] [QEMU] [    1.080093] NET: Registered PF_UNIX/PF_LOCAL protocol family
[2026-10-07 16:21:31.931] [INFO] [QEMU] [    1.083074] NET: Registered PF_XDP protocol family
[2026-10-07 16:21:31.934] [INFO] [QEMU] [    1.085669] pci_bus 0000:00: resource 4 [io  0x0000-0x0cf7 window]
[2026-10-07 16:21:31.937] [INFO] [QEMU] [    1.088831] pci_bus 0000:00: resource 5 [io  0x0d00-0xffff window]
[2026-10-07 16:21:31.940] [INFO] [QEMU] [    1.092008] pci_bus 0000:00: resource 6 [mem 0x000a0000-0x000bffff window]
[2026-10-07 16:21:31.944] [INFO] [QEMU] [    1.095488] pci_bus 0000:00: resource 7 [mem 0x80000000-0xfebfffff window]
[2026-10-07 16:21:31.947] [INFO] [QEMU] [    1.098959] pci_bus 0000:00: resource 8 [mem 0x100000000-0x17fffffff window]
[2026-10-07 16:21:31.951] [INFO] [QEMU] [    1.102641] pci 0000:00:01.0: PIIX3: Enabling Passive Release
[2026-10-07 16:21:31.954] [INFO] [QEMU] [    1.105634] pci 0000:00:00.0: Limiting direct PCI/PCI transfers
[2026-10-07 16:21:31.956] [INFO] [QEMU] [    1.108908] PCI: CLS 0 bytes, default 64
[2026-10-07 16:21:31.961] [INFO] [QEMU] [    1.111397] clocksource: tsc: mask: 0xffffffffffffffff max_cycles: 0x22df1149949, max_idle_ns: 440795312789 ns
[2026-10-07 16:21:31.963] [INFO] [QEMU] [    1.111512] Trying to unpack rootfs image as initramfs...
[2026-10-07 16:21:31.965] [INFO] [QEMU] [    1.116528] Initialise system trusted keyrings
[2026-10-07 16:21:31.969] [INFO] [QEMU] [    1.121675] Key type blacklist registered
[2026-10-07 16:21:31.974] [INFO] [QEMU] [    1.125051] workingset: timestamp_bits=36 max_order=19 bucket_order=0
[2026-10-07 16:21:31.975] [INFO] [QEMU] [    1.128544] zbud: loaded
[2026-10-07 16:21:31.979] [INFO] [QEMU] [    1.130678] squashfs: version 4.0 (2009/01/31) Phillip Lougher
[2026-10-07 16:21:31.981] [INFO] [QEMU] [    1.134031] fuse: init (API version 7.39)
[2026-10-07 16:21:31.985] [INFO] [QEMU] [    1.136784] integrity: Platform Keyring initialized
[2026-10-07 16:21:31.987] [INFO] [QEMU] [    1.139440] integrity: Machine keyring initialized
[2026-10-07 16:21:32.006] [INFO] [QEMU] [    1.158626] Key type asymmetric registered
[2026-10-07 16:21:32.008] [INFO] [QEMU] [    1.160790] Asymmetric key parser 'x509' registered
[2026-10-07 16:21:32.012] [INFO] [QEMU] [    1.163328] Block layer SCSI generic (bsg) driver version 0.4 loaded (major 243)
[2026-10-07 16:21:32.014] [INFO] [QEMU] [    1.166388] Freeing initrd memory: 14752K
[2026-10-07 16:21:32.016] [INFO] [QEMU] [    1.168062] io scheduler mq-deadline registered
[2026-10-07 16:21:32.020] [INFO] [QEMU] [    1.172006] shpchp: Standard Hot Plug PCI Controller Driver version: 0.4
[2026-10-07 16:21:32.024] [INFO] [QEMU] [    1.175639] input: Power Button as /devices/LNXSYSTM:00/LNXPWRBN:00/input/input0
[2026-10-07 16:21:32.027] [INFO] [QEMU] [    1.179567] ACPI: button: Power Button [PWRF]
[2026-10-07 16:21:32.057] [INFO] [QEMU] [    1.209750] ACPI: \_SB_.LNKC: Enabled at IRQ 11
[2026-10-07 16:21:32.089] [INFO] [QEMU] [    1.241176] ACPI: \_SB_.LNKD: Enabled at IRQ 10
[2026-10-07 16:21:32.119] [INFO] [QEMU] [    1.271615] ACPI: \_SB_.LNKA: Enabled at IRQ 10
[2026-10-07 16:21:32.150] [INFO] [QEMU] [    1.303044] ACPI: \_SB_.LNKB: Enabled at IRQ 11
[2026-10-07 16:21:32.156] [INFO] [QEMU] [    1.308136] Serial: 8250/16550 driver, 32 ports, IRQ sharing enabled
[2026-10-07 16:21:32.187] [INFO] [QEMU] [    1.338358] 00:04: ttyS0 at I/O 0x3f8 (irq = 4, base_baud = 115200) is a 16550A
[2026-10-07 16:21:32.194] [INFO] [QEMU] [    1.347025] Linux agpgart interface v0.103
[2026-10-07 16:21:32.201] [INFO] [QEMU] [    1.353942] loop: module loaded
[2026-10-07 16:21:32.204] [INFO] [QEMU] [    1.355966] virtio_blk virtio2: 2/0/0 default/read/poll queues
[2026-10-07 16:21:32.210] [INFO] [QEMU] [    1.361499] virtio_blk virtio2: [vda] 16777216 512-byte logical blocks (8.59 GB/8.00 GiB)
[2026-10-07 16:21:32.216] [INFO] [QEMU] [    1.368413]  vda: vda1 vda14 vda15 vda16
[2026-10-07 16:21:32.219] [INFO] [QEMU] [    1.371279] virtio_blk virtio3: 2/0/0 default/read/poll queues
[2026-10-07 16:21:32.225] [INFO] [QEMU] [    1.376480] virtio_blk virtio3: [vdb] 123376 512-byte logical blocks (63.2 MB/60.2 MiB)
[2026-10-07 16:21:32.231] [INFO] [QEMU] [    1.383793] scsi host0: ata_piix
[2026-10-07 16:21:32.233] [INFO] [QEMU] [    1.385948] scsi host1: ata_piix
[2026-10-07 16:21:32.236] [INFO] [QEMU] [    1.387747] ata1: PATA max MWDMA2 cmd 0x1f0 ctl 0x3f6 bmdma 0xc140 irq 14 lpm-pol 0
[2026-10-07 16:21:32.240] [INFO] [QEMU] [    1.391300] ata2: PATA max MWDMA2 cmd 0x170 ctl 0x376 bmdma 0xc148 irq 15 lpm-pol 0
[2026-10-07 16:21:32.243] [INFO] [QEMU] [    1.395110] ACPI: bus type drm_connector registered
[2026-10-07 16:21:32.246] [INFO] [QEMU] [    1.398179] tun: Universal TUN/TAP device driver, 1.6
[2026-10-07 16:21:32.253] [INFO] [QEMU] [    1.404784] PPP generic driver version 2.4.2
[2026-10-07 16:21:32.258] [INFO] [QEMU] [    1.408240] i8042: PNP: PS/2 Controller [PNP0303:KBD,PNP0f13:MOU] at 0x60,0x64 irq 1,12
[2026-10-07 16:21:32.266] [INFO] [QEMU] [    1.417483] serio: i8042 KBD port at 0x60,0x64 irq 1
[2026-10-07 16:21:32.269] [INFO] [QEMU] [    1.420281] serio: i8042 AUX port at 0x60,0x64 irq 12
[2026-10-07 16:21:32.273] [INFO] [QEMU] [    1.424402] mousedev: PS/2 mouse device common for all mice
[2026-10-07 16:21:32.278] [INFO] [QEMU] [    1.428600] input: AT Translated Set 2 keyboard as /devices/platform/i8042/serio0/input/input1
[2026-10-07 16:21:32.280] [INFO] [QEMU] [    1.432552] rtc_cmos 00:05: RTC can wake from S4
[2026-10-07 16:21:32.284] [INFO] [QEMU] [    1.436536] rtc_cmos 00:05: registered as rtc0
[2026-10-07 16:21:32.289] [INFO] [QEMU] [    1.439422] rtc_cmos 00:05: setting system clock to 2026-10-07T16:21:31 UTC (1791390091)
[2026-10-07 16:21:32.293] [INFO] [QEMU] [    1.444210] rtc_cmos 00:05: alarms up to one day, y3k, 242 bytes nvram, hpet irqs
[2026-10-07 16:21:32.296] [INFO] [QEMU] [    1.448452] i2c_dev: i2c /dev entries driver
[2026-10-07 16:21:32.302] [INFO] [QEMU] [    1.451121] device-mapper: core: CONFIG_IMA_DISABLE_HTABLE is disabled. Duplicate IMA measurements will not be recorded in the IMA log.
[2026-10-07 16:21:32.306] [INFO] [QEMU] [    1.457705] device-mapper: uevent: version 1.0.3
[2026-10-07 16:21:32.310] [INFO] [QEMU] [    1.460746] device-mapper: ioctl: 4.48.0-ioctl (2023-03-01) initialised: dm-devel@redhat.com
[2026-10-07 16:21:32.314] [INFO] [QEMU] [    1.465531] intel_pstate: CPU model not supported
[2026-10-07 16:21:32.317] [INFO] [QEMU] [    1.468587] ledtrig-cpu: registered to indicate activity on CPUs
[2026-10-07 16:21:32.321] [INFO] [QEMU] [    1.472427] drop_monitor: Initializing network drop monitor service
[2026-10-07 16:21:32.325] [INFO] [QEMU] [    1.476511] NET: Registered PF_INET6 protocol family
[2026-10-07 16:21:32.330] [INFO] [QEMU] [    1.482378] Segment Routing with IPv6
[2026-10-07 16:21:32.332] [INFO] [QEMU] [    1.484830] In-situ OAM (IOAM) with IPv6
[2026-10-07 16:21:32.335] [INFO] [QEMU] [    1.487377] NET: Registered PF_PACKET protocol family
[2026-10-07 16:21:32.337] [INFO] [QEMU] [    1.490704] Key type dns_resolver registered
[2026-10-07 16:21:32.340] [INFO] [QEMU] [    1.492953] No MBM correction factor available
[2026-10-07 16:21:32.341] [INFO] [QEMU] [    1.494583] IPI shorthand broadcast: enabled
[2026-10-07 16:21:32.347] [INFO] [QEMU] [    1.499130] sched_clock: Marking stable (1334004943, 164916686)->(1616130506, -117208877)
[2026-10-07 16:21:32.348] [INFO] [QEMU] [    1.501801] registered taskstats version 1
[2026-10-07 16:21:32.350] [INFO] [QEMU] [    1.503421] Loading compiled-in X.509 certificates
[2026-10-07 16:21:32.354] [INFO] [QEMU] [    1.505711] Loaded X.509 cert 'Build time autogenerated kernel key: eea4a9707394bf26b4f59ee0ef16383ba94b4361'
[2026-10-07 16:21:32.360] [INFO] [QEMU] [    1.510538] Loaded X.509 cert 'Canonical Ltd. Live Patch Signing 2025 Kmod: d541cef61dc7e793b7eb7e899970a2eef0b5dc8c'
[2026-10-07 16:21:32.367] [INFO] [QEMU] [    1.516726] Loaded X.509 cert 'Canonical Ltd. Live Patch Signing: 14df34d1a87cf37625abec039ef2bf521249b969'
[2026-10-07 16:21:32.374] [INFO] [QEMU] [    1.523160] Loaded X.509 cert 'Canonical Ltd. Kernel Module Signing 2025 Kmod: 4627603d2357a2a3f81006370894c221175893e9'
[2026-10-07 16:21:32.380] [INFO] [QEMU] [    1.530155] Loaded X.509 cert 'Canonical Ltd. Kernel Module Signing: 88f752e560a1e0737e31163a466ad7b70a850c19'
[2026-10-07 16:21:32.385] [INFO] [QEMU] [    1.535752] blacklist: Loading compiled-in revocation X.509 certificates
[2026-10-07 16:21:32.390] [INFO] [QEMU] [    1.539628] Loaded X.509 cert 'Canonical Ltd. Secure Boot Signing: 61482aa2830d0ab2ad5af10b7250da9033ddcef0'
[2026-10-07 16:21:32.395] [INFO] [QEMU] [    1.545096] Loaded X.509 cert 'Canonical Ltd. Secure Boot Signing (2017): 242ade75ac4a15e50d50c84b0d45ff3eae707a03'
[2026-10-07 16:21:32.401] [INFO] [QEMU] [    1.550907] Loaded X.509 cert 'Canonical Ltd. Secure Boot Signing (ESM 2018): 365188c1d374d6b07c3c8f240f8ef722433d6a8b'
[2026-10-07 16:21:32.404] [INFO] [QEMU] [    1.555966] ata2: found unknown device (class 0)
[2026-10-07 16:21:32.408] [INFO] [QEMU] [    1.556946] Loaded X.509 cert 'Canonical Ltd. Secure Boot Signing (2019): c0746fd6c5da3ae827864651ad66ae47fe24b3e8'
[2026-10-07 16:21:32.409] [INFO] [QEMU] [    1.558763] ata2.00: ATAPI: QEMU DVD-ROM, 2.5+, max UDMA/100
[2026-10-07 16:21:32.417] [INFO] [QEMU] [    1.564000] Loaded X.509 cert 'Canonical Ltd. Secure Boot Signing (2021 v1): a8d54bbb3825cfb94fa13c9f8a594a195c107b8d'
[2026-10-07 16:21:32.423] [INFO] [QEMU] [    1.572964] Loaded X.509 cert 'Canonical Ltd. Secure Boot Signing (2021 v2): 4cf046892d6fd3c9a5b03f98d845f90851dc6a8c'
[2026-10-07 16:21:32.428] [INFO] [QEMU] [    1.577509] scsi 1:0:0:0: CD-ROM            QEMU     QEMU DVD-ROM     2.5+ PQ: 0 ANSI: 5
[2026-10-07 16:21:32.432] [INFO] [QEMU] [    1.579283] Loaded X.509 cert 'Canonical Ltd. Secure Boot Signing (2021 v3): 100437bb6de6e469b581e61cd66bce3ef4ed53af'
[2026-10-07 16:21:32.436] [INFO] [QEMU] [    1.587495] Loaded X.509 cert 'Canonical Ltd. Secure Boot Signing (Ubuntu Core 2019): c1d57b8f6b743f23ee41f4f7ee292f06eecadfb9'
[2026-10-07 16:21:32.444] [INFO] [QEMU] [    1.597209] Key type .fscrypt registered
[2026-10-07 16:21:32.445] [INFO] [QEMU] [    1.598350] Key type fscrypt-provisioning registered
[2026-10-07 16:21:32.451] [INFO] [QEMU] [    1.602008] sr 1:0:0:0: [sr0] scsi3-mmc drive: 4x/4x cd/rw xa/form2 tray
[2026-10-07 16:21:32.452] [INFO] [QEMU] [    1.603026] Key type encrypted registered
[2026-10-07 16:21:32.454] [INFO] [QEMU] [    1.606897] AppArmor: AppArmor sha256 policy hashing enabled
[2026-10-07 16:21:32.455] [INFO] [QEMU] [    1.608421] ima: No TPM chip found, activating TPM-bypass!
[2026-10-07 16:21:32.457] [INFO] [QEMU] [    1.609844] Loading compiled-in module X.509 certificates
[2026-10-07 16:21:32.459] [INFO] [QEMU] [    1.611839] Loaded X.509 cert 'Build time autogenerated kernel key: eea4a9707394bf26b4f59ee0ef16383ba94b4361'
[2026-10-07 16:21:32.461] [INFO] [QEMU] [    1.614310] ima: Allocated hash algorithm: sha256
[2026-10-07 16:21:32.462] [INFO] [QEMU] [    1.615602] ima: No architecture policies found
[2026-10-07 16:21:32.464] [INFO] [QEMU] [    1.616821] evm: Initialising EVM extended attributes:
[2026-10-07 16:21:32.465] [INFO] [QEMU] [    1.618162] evm: security.selinux
[2026-10-07 16:21:32.466] [INFO] [QEMU] [    1.619183] evm: security.SMACK64
[2026-10-07 16:21:32.467] [INFO] [QEMU] [    1.620155] evm: security.SMACK64EXEC
[2026-10-07 16:21:32.468] [INFO] [QEMU] [    1.621201] evm: security.SMACK64TRANSMUTE
[2026-10-07 16:21:32.469] [INFO] [QEMU] [    1.622278] evm: security.SMACK64MMAP
[2026-10-07 16:21:32.470] [INFO] [QEMU] [    1.623295] evm: security.apparmor
[2026-10-07 16:21:32.471] [INFO] [QEMU] [    1.624232] evm: security.ima
[2026-10-07 16:21:32.472] [INFO] [QEMU] [    1.625081] evm: security.capability
[2026-10-07 16:21:32.472] [INFO] [QEMU] [    1.626070] evm: HMAC attrs: 0x1
[2026-10-07 16:21:32.474] [INFO] [QEMU] [    1.627782] PM:   Magic number: 14:71:388
[2026-10-07 16:21:32.483] [INFO] [QEMU] [    1.635334] RAS: Correctable Errors collector initialized.
[2026-10-07 16:21:32.485] [INFO] [QEMU] [    1.637981] clk: Disabling unused clocks
[2026-10-07 16:21:32.486] [INFO] [QEMU] [    1.639249] cdrom: Uniform CD-ROM driver Revision: 3.20
[2026-10-07 16:21:32.496] [INFO] [QEMU] [    1.648942] sr 1:0:0:0: Attached scsi generic sg0 type 5
[2026-10-07 16:21:32.498] [INFO] [QEMU] [    1.650599] md: Waiting for all devices to be available before autodetect
[2026-10-07 16:21:32.501] [INFO] [QEMU] [    1.653384] md: If you don't use raid, use raid=noautodetect
[2026-10-07 16:21:32.503] [INFO] [QEMU] [    1.655809] md: Autodetecting RAID arrays.
[2026-10-07 16:21:32.504] [INFO] [QEMU] [    1.657693] md: autorun ...
[2026-10-07 16:21:32.506] [INFO] [QEMU] [    1.659155] md: ... autorun DONE.
[2026-10-07 16:21:32.514] [INFO] [QEMU] [    1.664716] EXT4-fs (vda1): mounted filesystem 03bf9af0-1bed-46b6-a5c1-32fc5e52d0c6 ro with ordered data mode. Quota mode: none.
[2026-10-07 16:21:32.517] [INFO] [QEMU] [    1.669424] VFS: Mounted root (ext4 filesystem) readonly on device 253:1.
[2026-10-07 16:21:32.519] [INFO] [QEMU] [    1.672773] devtmpfs: mounted
[2026-10-07 16:21:32.526] [INFO] [QEMU] [    1.679049] Freeing unused decrypted memory: 2028K
[2026-10-07 16:21:32.534] [INFO] [QEMU] [    1.686774] Freeing unused kernel image (initmem) memory: 4932K
[2026-10-07 16:21:32.537] [INFO] [QEMU] [    1.689177] Write protecting the kernel read-only data: 38912k
[2026-10-07 16:21:32.542] [INFO] [QEMU] [    1.694387] Freeing unused kernel image (rodata/data gap) memory: 1956K
[2026-10-07 16:21:32.570] [INFO] [QEMU] [    1.722042] x86/mm: Checked W+X mappings: passed, no W+X pages found.
[2026-10-07 16:21:32.572] [INFO] [QEMU] [    1.724770] Run /sbin/init as init process
[2026-10-07 16:21:32.701] [INFO] [QEMU] [    1.854328] systemd[1]: Inserted module 'autofs4'
[2026-10-07 16:21:32.730] [INFO] [QEMU] [    1.880872] systemd[1]: systemd 255.4-1ubuntu8.16 running in system mode (+PAM +AUDIT +SELINUX +APPARMOR +IMA +SMACK +SECCOMP +GCRYPT -GNUTLS +OPENSSL +ACL +BLKID +CURL +ELFUTILS +FIDO2 +IDN2 -IDN +IPTC +KMOD +LIBCRYPTSETUP +LIBFDISK +PCRE2 -PWQUALITY +P11KIT +QRENCODE +TPM2 +BZIP2 +LZ4 +XZ +ZLIB +ZSTD -BPF_FRAMEWORK -XKBCOMMON +UTMP +SYSVINIT default-hierarchy=unified)
[2026-10-07 16:21:32.737] [INFO] [QEMU] [    1.890512] systemd[1]: Detected virtualization kvm.
[2026-10-07 16:21:32.738] [INFO] [QEMU] [    1.891450] systemd[1]: Detected architecture x86-64.
[2026-10-07 16:21:32.739] [INFO] [QEMU] 
[2026-10-07 16:21:32.740] [INFO] [QEMU] Welcome to Ubuntu 24.04.4 LTS!
[2026-10-07 16:21:32.740] [INFO] [QEMU] 
[2026-10-07 16:21:32.742] [INFO] [QEMU] [    1.895625] systemd[1]: Hostname set to <score-itf>.
[2026-10-07 16:21:32.982] [INFO] [QEMU] [    2.135112] systemd[1]: Queued start job for default target graphical.target.
[2026-10-07 16:21:32.997] [INFO] [QEMU] [    2.149841] systemd[1]: Created slice system-modprobe.slice - Slice /system/modprobe.
[2026-10-07 16:21:32.998] [INFO] [QEMU] [  OK  ] Created slice system-modprobe.slice - Slice /system/modprobe.
[2026-10-07 16:21:33.000] [INFO] [QEMU] [    2.153039] systemd[1]: Created slice system-serial\x2dgetty.slice - Slice /system/serial-getty.
[2026-10-07 16:21:33.001] [INFO] [QEMU] [  OK  ] Created slice system-serial\x2dget���slice - Slice /system/serial-getty.
[2026-10-07 16:21:33.003] [INFO] [QEMU] [    2.156478] systemd[1]: Created slice system-systemd\x2dfsck.slice - Slice /system/systemd-fsck.
[2026-10-07 16:21:33.005] [INFO] [QEMU] [  OK  ] Created slice system-systemd\x2dfs���slice - Slice /system/systemd-fsck.
[2026-10-07 16:21:33.006] [INFO] [QEMU] [    2.159818] systemd[1]: Created slice user.slice - User and Session Slice.
[2026-10-07 16:21:33.008] [INFO] [QEMU] [  OK  ] Created slice user.slice - User and Session Slice.
[2026-10-07 16:21:33.009] [INFO] [QEMU] [    2.162064] systemd[1]: Started systemd-ask-password-console.path - Dispatch Password Requests to Console Directory Watch.
[2026-10-07 16:21:33.011] [INFO] [QEMU] [  OK  ] Started systemd-ask-password-conso���equests to Console Directory Watch.
[2026-10-07 16:21:33.012] [INFO] [QEMU] [    2.165067] systemd[1]: Started systemd-ask-password-wall.path - Forward Password Requests to Wall Directory Watch.
[2026-10-07 16:21:33.014] [INFO] [QEMU] [  OK  ] Started systemd-ask-password-wall.���d Requests to Wall Directory Watch.
[2026-10-07 16:21:33.015] [INFO] [QEMU] [    2.168095] systemd[1]: Set up automount proc-sys-fs-binfmt_misc.automount - Arbitrary Executable File Formats File System Automount Point.
[2026-10-07 16:21:33.017] [INFO] [QEMU] [  OK  ] Set up automount proc-sys-fs-binfm���ormats File System Automount Point.
[2026-10-07 16:21:33.018] [INFO] [QEMU] [    2.171457] systemd[1]: Expecting device dev-disk-by\x2dlabel-BOOT.device - /dev/disk/by-label/BOOT...
[2026-10-07 16:21:33.020] [INFO] [QEMU] Expecting device dev-disk-by\x2dla���device - /dev/disk/by-label/BOOT...
[2026-10-07 16:21:33.021] [INFO] [QEMU] [    2.174030] systemd[1]: Expecting device dev-disk-by\x2dlabel-UEFI.device - /dev/disk/by-label/UEFI...
[2026-10-07 16:21:33.022] [INFO] [QEMU] Expecting device dev-disk-by\x2dla���device - /dev/disk/by-label/UEFI...
[2026-10-07 16:21:33.023] [INFO] [QEMU] [    2.176546] systemd[1]: Expecting device dev-ttyS0.device - /dev/ttyS0...
[2026-10-07 16:21:33.024] [INFO] [QEMU] Expecting device dev-ttyS0.device - /dev/ttyS0...
[2026-10-07 16:21:33.025] [INFO] [QEMU] [    2.178398] systemd[1]: Expecting device dev-vdb.device - /dev/vdb...
[2026-10-07 16:21:33.026] [INFO] [QEMU] Expecting device dev-vdb.device - /dev/vdb...
[2026-10-07 16:21:33.027] [INFO] [QEMU] [    2.180186] systemd[1]: Reached target cryptsetup.target - Local Encrypted Volumes.
[2026-10-07 16:21:33.028] [INFO] [QEMU] [  OK  ] Reached target cryptsetup.target - Local Encrypted Volumes.
[2026-10-07 16:21:33.029] [INFO] [QEMU] [    2.182420] systemd[1]: Reached target integritysetup.target - Local Integrity Protected Volumes.
[2026-10-07 16:21:33.031] [INFO] [QEMU] [  OK  ] Reached target integritysetup.targ��� Local Integrity Protected Volumes.
[2026-10-07 16:21:33.031] [INFO] [QEMU] [    2.184978] systemd[1]: Reached target remote-fs.target - Remote File Systems.
[2026-10-07 16:21:33.033] [INFO] [QEMU] [  OK  ] Reached target remote-fs.target - Remote File Systems.
[2026-10-07 16:21:33.034] [INFO] [QEMU] [    2.187088] systemd[1]: Reached target slices.target - Slice Units.
[2026-10-07 16:21:33.035] [INFO] [QEMU] [  OK  ] Reached target slices.target - Slice Units.
[2026-10-07 16:21:33.035] [INFO] [QEMU] [    2.188951] systemd[1]: Reached target snapd.mounts-pre.target - Mounting snaps.
[2026-10-07 16:21:33.037] [INFO] [QEMU] [  OK  ] Reached target snapd.mounts-pre.target - Mounting snaps.
[2026-10-07 16:21:33.038] [INFO] [QEMU] [    2.191138] systemd[1]: Reached target snapd.mounts.target - Mounted snaps.
[2026-10-07 16:21:33.041] [INFO] [QEMU] [  OK  ] Reached target snapd.mounts.target - Mounted snaps.
[2026-10-07 16:21:33.042] [INFO] [QEMU] [    2.195733] systemd[1]: Reached target swap.target - Swaps.
[2026-10-07 16:21:33.043] [INFO] [QEMU] [  OK  ] Reached target swap.target - Swaps.
[2026-10-07 16:21:33.044] [INFO] [QEMU] [    2.197491] systemd[1]: Reached target veritysetup.target - Local Verity Protected Volumes.
[2026-10-07 16:21:33.046] [INFO] [QEMU] [  OK  ] Reached target veritysetup.target - Local Verity Protected Volumes.
[2026-10-07 16:21:33.047] [INFO] [QEMU] [    2.200169] systemd[1]: Listening on systemd-fsckd.socket - fsck to fsckd communication Socket.
[2026-10-07 16:21:33.048] [INFO] [QEMU] [  OK  ] Listening on systemd-fsckd.socket ���fsck to fsckd communication Socket.
[2026-10-07 16:21:33.050] [INFO] [QEMU] [    2.202780] systemd[1]: Listening on systemd-initctl.socket - initctl Compatibility Named Pipe.
[2026-10-07 16:21:33.051] [INFO] [QEMU] [  OK  ] Listening on systemd-initctl.socke���- initctl Compatibility Named Pipe.
[2026-10-07 16:21:33.052] [INFO] [QEMU] [    2.205420] systemd[1]: Listening on systemd-journald-dev-log.socket - Journal Socket (/dev/log).
[2026-10-07 16:21:33.054] [INFO] [QEMU] [  OK  ] Listening on systemd-journald-dev-���socket - Journal Socket (/dev/log).
[2026-10-07 16:21:33.055] [INFO] [QEMU] [    2.208199] systemd[1]: Listening on systemd-journald.socket - Journal Socket.
[2026-10-07 16:21:33.056] [INFO] [QEMU] [  OK  ] Listening on systemd-journald.socket - Journal Socket.
[2026-10-07 16:21:33.057] [INFO] [QEMU] [    2.210671] systemd[1]: Listening on systemd-networkd.socket - Network Service Netlink Socket.
[2026-10-07 16:21:33.059] [INFO] [QEMU] [  OK  ] Listening on systemd-networkd.socket - Network Service Netlink Socket.
[2026-10-07 16:21:33.061] [INFO] [QEMU] [    2.213255] systemd[1]: systemd-pcrextend.socket - TPM2 PCR Extension (Varlink) was skipped because of an unmet condition check (ConditionSecurity=measured-uki).
[2026-10-07 16:21:33.062] [INFO] [QEMU] [    2.215680] systemd[1]: Listening on systemd-udevd-control.socket - udev Control Socket.
[2026-10-07 16:21:33.064] [INFO] [QEMU] [  OK  ] Listening on systemd-udevd-control.socket - udev Control Socket.
[2026-10-07 16:21:33.065] [INFO] [QEMU] [    2.218237] systemd[1]: Listening on systemd-udevd-kernel.socket - udev Kernel Socket.
[2026-10-07 16:21:33.066] [INFO] [QEMU] [  OK  ] Listening on systemd-udevd-kernel.socket - udev Kernel Socket.
[2026-10-07 16:21:33.083] [INFO] [QEMU] [    2.235884] systemd[1]: Mounting dev-hugepages.mount - Huge Pages File System...
[2026-10-07 16:21:33.084] [INFO] [QEMU] Mounting dev-hugepages.mount - Huge Pages File System...
[2026-10-07 16:21:33.091] [INFO] [QEMU] [    2.244168] systemd[1]: Mounting dev-mqueue.mount - POSIX Message Queue File System...
[2026-10-07 16:21:33.095] [INFO] [QEMU] Mounting dev-mqueue.mount - POSIX Message Queue File System...
[2026-10-07 16:21:33.100] [INFO] [QEMU] [    2.251638] systemd[1]: Mounting sys-kernel-debug.mount - Kernel Debug File System...
[2026-10-07 16:21:33.103] [INFO] [QEMU] Mounting sys-kernel-debug.mount - Kernel Debug File System...
[2026-10-07 16:21:33.116] [INFO] [QEMU] [    2.266256] systemd[1]: Mounting sys-kernel-tracing.mount - Kernel Trace File System...
[2026-10-07 16:21:33.120] [INFO] [QEMU] Mounting sys-kernel-tracing.mount - Kernel Trace File System...
[2026-10-07 16:21:33.132] [INFO] [QEMU] [    2.284006] systemd[1]: Starting systemd-journald.service - Journal Service...
[2026-10-07 16:21:33.137] [INFO] [QEMU] Starting systemd-journald.service - Journal Service...
[2026-10-07 16:21:33.149] [INFO] [QEMU] [    2.299354] systemd[1]: Starting keyboard-setup.service - Set the console keyboard layout...
[2026-10-07 16:21:33.155] [INFO] [QEMU] Starting keyboard-setup.service - Set the console keyboard layout...
[2026-10-07 16:21:33.169] [INFO] [QEMU] [    2.319831] systemd[1]: Starting kmod-static-nodes.service - Create List of Static Device Nodes...
[2026-10-07 16:21:33.177] [INFO] [QEMU] Starting kmod-static-nodes.service���eate List of Static Device Nodes...
[2026-10-07 16:21:33.200] [INFO] [QEMU] [    2.350458] systemd[1]: Starting modprobe@configfs.service - Load Kernel Module configfs...
[2026-10-07 16:21:33.201] [INFO] [QEMU] [    2.352742] systemd-journald[120]: Collecting audit messages is disabled.
[2026-10-07 16:21:33.215] [INFO] [QEMU] Starting modprobe@configfs.service - Load Kernel Module configfs...
[2026-10-07 16:21:33.228] [INFO] [QEMU] [    2.379283] systemd[1]: Starting modprobe@dm_mod.service - Load Kernel Module dm_mod...
[2026-10-07 16:21:33.246] [INFO] [QEMU] Starting modprobe@dm_mod.service - Load Kernel Module dm_mod...
[2026-10-07 16:21:33.269] [INFO] [QEMU] [    2.420321] systemd[1]: Starting modprobe@drm.service - Load Kernel Module drm...
[2026-10-07 16:21:33.275] [INFO] [QEMU] Starting modprobe@drm.service - Load Kernel Module drm...
[2026-10-07 16:21:33.289] [INFO] [QEMU] [    2.439413] systemd[1]: Starting modprobe@efi_pstore.service - Load Kernel Module efi_pstore...
[2026-10-07 16:21:33.301] [INFO] [QEMU] Starting modprobe@efi_pstore.servi��� - Load Kernel Module efi_pstore...
[2026-10-07 16:21:33.314] [INFO] [QEMU] [    2.466281] systemd[1]: Starting modprobe@fuse.service - Load Kernel Module fuse...
[2026-10-07 16:21:33.319] [INFO] [QEMU] Starting modprobe@fuse.service - Load Kernel Module fuse...
[2026-10-07 16:21:33.327] [INFO] [QEMU] [    2.479786] systemd[1]: Starting modprobe@loop.service - Load Kernel Module loop...
[2026-10-07 16:21:33.332] [INFO] [QEMU] Starting modprobe@loop.service - Load Kernel Module loop...
[2026-10-07 16:21:33.335] [INFO] [QEMU] [    2.486144] systemd[1]: netplan-ovs-cleanup.service - OpenVSwitch configuration for cleanup was skipped because of an unmet condition check (ConditionFileIsExecutable=/usr/bin/ovs-vsctl).
[2026-10-07 16:21:33.354] [INFO] [QEMU] [    2.506265] systemd[1]: Starting systemd-fsck-root.service - File System Check on Root Device...
[2026-10-07 16:21:33.357] [INFO] [QEMU] Starting systemd-fsck-root.service���File System Check on Root Device...
[2026-10-07 16:21:33.362] [INFO] [QEMU] [    2.514277] systemd[1]: Starting systemd-modules-load.service - Load Kernel Modules...
[2026-10-07 16:21:33.365] [INFO] [QEMU] Starting systemd-modules-load.service - Load Kernel Modules...
[2026-10-07 16:21:33.367] [INFO] [QEMU] [    2.519047] systemd[1]: systemd-pcrmachine.service - TPM2 PCR Machine ID Measurement was skipped because of an unmet condition check (ConditionSecurity=measured-uki).
[2026-10-07 16:21:33.370] [INFO] [QEMU] [    2.522372] systemd[1]: systemd-tpm2-setup-early.service - TPM2 SRK Setup (Early) was skipped because of an unmet condition check (ConditionSecurity=measured-uki).
[2026-10-07 16:21:33.380] [INFO] [QEMU] [    2.532319] systemd[1]: Starting systemd-udev-trigger.service - Coldplug All udev Devices...
[2026-10-07 16:21:33.383] [INFO] [QEMU] Starting systemd-udev-trigger.service - Coldplug All udev Devices...
[2026-10-07 16:21:33.387] [INFO] [QEMU] [    2.540115] systemd[1]: Started systemd-journald.service - Journal Service.
[2026-10-07 16:21:33.391] [INFO] [QEMU] [  OK  ] Started systemd-journald.service - Journal Service.
[2026-10-07 16:21:33.395] [INFO] [QEMU] [  OK  ] Mounted dev-hugepages.mount - Huge Pages File System.
[2026-10-07 16:21:33.397] [INFO] [QEMU] [  OK  ] Mounted dev-mqueue.mount - POSIX Message Queue File System.
[2026-10-07 16:21:33.398] [INFO] [QEMU] [  OK  ] Mounted sys-kernel-debug.mount - Kernel Debug File System.
[2026-10-07 16:21:33.400] [INFO] [QEMU] [  OK  ] Mounted sys-kernel-tracing.mount - Kernel Trace File System.
[2026-10-07 16:21:33.405] [INFO] [QEMU] [  OK  ] Finished keyboard-setup.service - Set the console keyboard layout.
[2026-10-07 16:21:33.408] [INFO] [QEMU] [  OK  ] Finished kmod-static-nodes.service���Create List of Static Device Nodes.
[2026-10-07 16:21:33.411] [INFO] [QEMU] [  OK  ] Finished modprobe@configfs.service - Load Kernel Module configfs.
[2026-10-07 16:21:33.414] [INFO] [QEMU] [  OK  ] Finished modprobe@dm_mod.service - Load Kernel Module dm_mod.
[2026-10-07 16:21:33.416] [INFO] [QEMU] [  OK  ] Finished modprobe@drm.service - Load Kernel Module drm.
[2026-10-07 16:21:33.418] [INFO] [QEMU] [  OK  ] Finished modprobe@efi_pstore.service - Load Kernel Module efi_pstore.
[2026-10-07 16:21:33.423] [INFO] [QEMU] [  OK  ] Finished modprobe@fuse.service - Load Kernel Module fuse.
[2026-10-07 16:21:33.428] [INFO] [QEMU] [  OK  ] Finished modprobe@loop.service - Load Kernel Module loop.
[2026-10-07 16:21:33.433] [INFO] [QEMU] [  OK  ] Finished systemd-fsck-root.service - File System Check on Root Device.
[2026-10-07 16:21:33.437] [INFO] [QEMU] [  OK  ] Finished systemd-modules-load.service - Load Kernel Modules.
[2026-10-07 16:21:33.468] [INFO] [QEMU] Mounting sys-fs-fuse-connections.mount - FUSE Control File System...
[2026-10-07 16:21:33.484] [INFO] [QEMU] Mounting sys-kernel-config.mount - Kernel Configuration File System...
[2026-10-07 16:21:33.497] [INFO] [QEMU] [  OK  ] Started systemd-fsckd.service - Fi���stem Check Daemon to report status.
[2026-10-07 16:21:33.504] [INFO] [QEMU] Starting systemd-remount-fs.servic���unt Root and Kernel File Systems...
[2026-10-07 16:21:33.510] [INFO] [QEMU] Starting systemd-sysctl.service - Apply Kernel Variables...
[2026-10-07 16:21:33.518] [INFO] [QEMU] Starting systemd-tmpfiles-setup-de��� Device Nodes in /dev gracefully...
[2026-10-07 16:21:33.521] [INFO] [QEMU] [  OK  ] Finished systemd-udev-trigger.service - Coldplug All udev Devices.
[2026-10-07 16:21:33.526] [INFO] [QEMU] [  OK  ] Mounted sys-fs-fuse-connections.mount - FUSE Control File System.
[2026-10-07 16:21:33.528] [INFO] [QEMU] [  OK  ] Mounted sys-kernel-config.mount - Kernel Configuration File System.
[2026-10-07 16:21:33.547] [INFO] [QEMU] [  OK  ] Finished systemd-sysctl.service - Apply Kernel Variables.
[2026-10-07 16:21:33.557] [INFO] [QEMU] [  OK  ] Finished systemd-tmpfiles-setup-de���ic Device Nodes in /dev gracefully.
[2026-10-07 16:21:38.146] [INFO] [QEMU] [ TIME ] Timed out waiting for device dev-vdb.device - /dev/vdb.
[2026-10-07 16:21:38.193] [INFO] [QEMU] [DEPEND] Dependency failed for opt.mount - /opt.
[2026-10-07 16:21:38.509] [INFO] [QEMU] [  OK  ] Finished systemd-remount-fs.servic���mount Root and Kernel File Systems.
[2026-10-07 16:21:38.549] [INFO] [QEMU] Starting systemd-journal-flush.ser���sh Journal to Persistent Storage...
[2026-10-07 16:21:38.578] [INFO] [QEMU] Starting systemd-random-seed.service - Load/Save OS Random Seed...
[2026-10-07 16:21:38.603] [INFO] [QEMU] Starting systemd-tmpfiles-setup-de���eate Static Device Nodes in /dev...
[2026-10-07 16:21:38.623] [INFO] [QEMU] [  OK  ] Finished systemd-tmpfiles-setup-de���Create Static Device Nodes in /dev.
[2026-10-07 16:21:38.627] [INFO] [QEMU] [  OK  ] Reached target local-fs-pre.target���Preparation for Local File Systems.
[2026-10-07 16:21:38.644] [INFO] [QEMU] Starting systemd-udevd.service - R���ager for Device Events and Files...
[2026-10-07 16:21:39.968] [INFO] [QEMU] [  OK  ] Started systemd-udevd.service - Ru���anager for Device Events and Files.
[2026-10-07 16:21:39.980] [INFO] [QEMU] Starting systemd-networkd.service - Network Configuration...
[2026-10-07 16:21:40.187] [INFO] [QEMU] [  OK  ] Found device dev-ttyS0.device - /dev/ttyS0.
[2026-10-07 16:21:40.343] [INFO] [QEMU] [  OK  ] Started systemd-networkd.service - Network Configuration.
[2026-10-07 16:21:40.502] [INFO] [QEMU] [  OK  ] Found device dev-disk-by\x2dlabel-���T.device - /dev/disk/by-label/BOOT.
[2026-10-07 16:21:40.512] [INFO] [QEMU] [  OK  ] Found device dev-disk-by\x2dlabel-���I.device - /dev/disk/by-label/UEFI.
[2026-10-07 16:21:40.528] [INFO] [QEMU] Starting systemd-fsck@dev-disk-by\���Check on /dev/disk/by-label/BOOT...
[2026-10-07 16:21:40.583] [INFO] [QEMU] [  OK  ] Listening on systemd-rfkill.socket���ll Switch Status /dev/rfkill Watch.
[2026-10-07 16:21:41.094] [INFO] [QEMU] [  OK  ] Finished systemd-random-seed.service - Load/Save OS Random Seed.
[2026-10-07 16:21:41.644] [INFO] [QEMU] [  OK  ] Finished systemd-fsck@dev-disk-by\���m Check on /dev/disk/by-label/BOOT.
[2026-10-07 16:21:41.660] [INFO] [QEMU] Mounting boot.mount - /boot...
[2026-10-07 16:21:41.690] [INFO] [QEMU] [  OK  ] Mounted boot.mount - /boot.
[2026-10-07 16:21:41.699] [INFO] [QEMU] Mounting boot-efi.mount - /boot/efi...
[2026-10-07 16:21:41.727] [INFO] [QEMU] [  OK  ] Mounted boot-efi.mount - /boot/efi.
[2026-10-07 16:21:41.731] [INFO] [QEMU] [  OK  ] Reached target local-fs.target - Local File Systems.
[2026-10-07 16:21:41.738] [INFO] [QEMU] [  OK  ] Listening on systemd-sysext.socket���tension Image Management (Varlink).
[2026-10-07 16:21:41.749] [INFO] [QEMU] Starting apparmor.service - Load AppArmor profiles...
[2026-10-07 16:21:41.763] [INFO] [QEMU] Starting console-setup.service - Set console font and keymap...
[2026-10-07 16:21:41.784] [INFO] [QEMU] Starting systemd-binfmt.service - Set Up Additional Binary Formats...
[2026-10-07 16:21:41.786] [INFO] [QEMU] [  OK  ] Finished console-setup.service - Set console font and keymap.
[2026-10-07 16:21:41.800] [INFO] [QEMU] Mounting proc-sys-fs-binfmt_misc.m���cutable File Formats File System...
[2026-10-07 16:21:41.941] [INFO] [QEMU] [  OK  ] Mounted proc-sys-fs-binfmt_misc.mo���xecutable File Formats File System.
[2026-10-07 16:21:41.949] [INFO] [QEMU] [  OK  ] Finished systemd-binfmt.service - Set Up Additional Binary Formats.
[2026-10-07 16:21:42.032] [INFO] [QEMU] [  OK  ] Finished systemd-journal-flush.ser���lush Journal to Persistent Storage.
[2026-10-07 16:21:42.052] [INFO] [QEMU] Starting systemd-tmpfiles-setup.se���e Volatile Files and Directories...
[2026-10-07 16:21:42.103] [INFO] [QEMU] [  OK  ] Finished systemd-tmpfiles-setup.se���ate Volatile Files and Directories.
[2026-10-07 16:21:42.118] [INFO] [QEMU] Starting systemd-resolved.service - Network Name Resolution...
[2026-10-07 16:21:42.136] [INFO] [QEMU] Starting systemd-timesyncd.service - Network Time Synchronization...
[2026-10-07 16:21:42.157] [INFO] [QEMU] Starting systemd-update-utmp.servi���ord System Boot/Shutdown in UTMP...
[2026-10-07 16:21:42.198] [INFO] [QEMU] [  OK  ] Finished systemd-update-utmp.servi���ecord System Boot/Shutdown in UTMP.
[2026-10-07 16:21:42.267] [INFO] [QEMU] [  OK  ] Started systemd-timesyncd.service - Network Time Synchronization.
[2026-10-07 16:21:42.270] [INFO] [QEMU] [  OK  ] Reached target time-set.target - System Time Set.
[2026-10-07 16:21:42.424] [INFO] [QEMU] [  OK  ] Finished apparmor.service - Load AppArmor profiles.
[2026-10-07 16:21:42.438] [INFO] [QEMU] Starting snapd.apparmor.service - ���iles managed internally by snapd...
[2026-10-07 16:21:42.444] [INFO] [QEMU] [  OK  ] Started systemd-resolved.service - Network Name Resolution.
[2026-10-07 16:21:42.446] [INFO] [QEMU] [  OK  ] Reached target network.target - Network.
[2026-10-07 16:21:42.449] [INFO] [QEMU] [  OK  ] Reached target nss-lookup.target - Host and Network Name Lookups.
[2026-10-07 16:21:42.494] [INFO] [QEMU] [  OK  ] Finished snapd.apparmor.service - ���ofiles managed internally by snapd.
[2026-10-07 16:21:42.497] [INFO] [QEMU] [  OK  ] Reached target sysinit.target - System Initialization.
[2026-10-07 16:21:42.501] [INFO] [QEMU] [  OK  ] Started apt-daily.timer - Daily apt download activities.
[2026-10-07 16:21:42.505] [INFO] [QEMU] [  OK  ] Started apt-daily-upgrade.timer - ���y apt upgrade and clean activities.
[2026-10-07 16:21:42.508] [INFO] [QEMU] [  OK  ] Started dpkg-db-backup.timer - Daily dpkg database backup timer.
[2026-10-07 16:21:42.511] [INFO] [QEMU] [  OK  ] Started e2scrub_all.timer - Period���Metadata Check for All Filesystems.
[2026-10-07 16:21:42.514] [INFO] [QEMU] [  OK  ] Started fstrim.timer - Discard unused filesystem blocks once a week.
[2026-10-07 16:21:42.516] [INFO] [QEMU] [  OK  ] Started motd-news.timer - Message of the Day.
[2026-10-07 16:21:42.519] [INFO] [QEMU] [  OK  ] Started systemd-tmpfiles-clean.tim���y Cleanup of Temporary Directories.
[2026-10-07 16:21:42.522] [INFO] [QEMU] [  OK  ] Reached target paths.target - Path Units.
[2026-10-07 16:21:42.524] [INFO] [QEMU] [  OK  ] Reached target timers.target - Timer Units.
[2026-10-07 16:21:42.529] [INFO] [QEMU] [  OK  ] Listening on dbus.socket - D-Bus System Message Bus Socket.
[2026-10-07 16:21:42.534] [INFO] [QEMU] Starting lxd-installer.socket - He���er to install lxd snap on demand...
[2026-10-07 16:21:42.539] [INFO] [QEMU] Starting snapd.socket - Socket activation for snappy daemon...
[2026-10-07 16:21:42.547] [INFO] [QEMU] [  OK  ] Listening on ssh.socket - OpenBSD Secure Shell server socket.
[2026-10-07 16:21:42.551] [INFO] [QEMU] [  OK  ] Listening on lxd-installer.socket ���lper to install lxd snap on demand.
[2026-10-07 16:21:42.554] [INFO] [QEMU] [  OK  ] Listening on snapd.socket - Socket activation for snappy daemon.
[2026-10-07 16:21:42.557] [INFO] [QEMU] [  OK  ] Reached target sockets.target - Socket Units.
[2026-10-07 16:21:42.559] [INFO] [QEMU] [  OK  ] Reached target basic.target - Basic System.
[2026-10-07 16:21:42.567] [INFO] [QEMU] Starting apport.service - automatic crash report generation...
[2026-10-07 16:21:42.574] [INFO] [QEMU] Starting dbus.service - D-Bus System Message Bus...
[2026-10-07 16:21:42.579] [INFO] [QEMU] Starting e2scrub_reap.service - Re���ne ext4 Metadata Check Snapshots...
[2026-10-07 16:21:42.594] [INFO] [QEMU] Starting grub-common.service - Record successful boot for GRUB...
[2026-10-07 16:21:42.599] [INFO] [QEMU] [  OK  ] Reached target getty-pre.target - Preparation for Logins.
[2026-10-07 16:21:42.616] [INFO] [QEMU] Starting snapd.seeded.service - Wait until snapd is fully seeded...
[2026-10-07 16:21:42.622] [INFO] [QEMU] Starting snapd.service - Snap Daemon...
[2026-10-07 16:21:42.642] [INFO] [QEMU] Starting systemd-logind.service - User Login Management...
[2026-10-07 16:21:42.654] [INFO] [QEMU] Starting systemd-user-sessions.service - Permit User Sessions...
[2026-10-07 16:21:42.666] [INFO] [QEMU] [  OK  ] Started dbus.service - D-Bus System Message Bus.
[2026-10-07 16:21:42.686] [INFO] [QEMU] [  OK  ] Finished e2scrub_reap.service - Re���line ext4 Metadata Check Snapshots.
[2026-10-07 16:21:42.713] [INFO] [QEMU] [  OK  ] Finished systemd-user-sessions.service - Permit User Sessions.
[2026-10-07 16:21:42.721] [INFO] [QEMU] [  OK  ] Started serial-getty@ttyS0.service - Serial Getty on ttyS0.
[2026-10-07 16:21:42.735] [INFO] [QEMU] Starting setvtrgb.service - Set console scheme...
[2026-10-07 16:21:42.818] [INFO] [QEMU] [  OK  ] Finished setvtrgb.service - Set console scheme.
[2026-10-07 16:21:42.834] [INFO] [QEMU] [  OK  ] Created slice system-getty.slice - Slice /system/getty.
[2026-10-07 16:21:42.853] [INFO] [QEMU] [  OK  ] Started getty@tty1.service - Getty on tty1.
[2026-10-07 16:21:42.856] [INFO] [QEMU] [  OK  ] Reached target getty.target - Login Prompts.
[2026-10-07 16:21:42.861] [INFO] [QEMU] [  OK  ] Finished grub-common.service - Record successful boot for GRUB.
[2026-10-07 16:21:42.868] [INFO] [QEMU] [  OK  ] Started systemd-logind.service - User Login Management.
[2026-10-07 16:21:42.881] [INFO] [QEMU] Starting grub-initrd-fallback.service - GRUB failed boot detection...
[2026-10-07 16:21:42.887] [INFO] [QEMU] [  OK  ] Started unattended-upgrades.service - Unattended Upgrades Shutdown.
[2026-10-07 16:21:42.967] [INFO] [QEMU] [  OK  ] Finished grub-initrd-fallback.service - GRUB failed boot detection.
[2026-10-07 16:21:43.517] [INFO] [QEMU] [  OK  ] Finished apport.service - automatic crash report generation.
[2026-10-07 16:21:44.254] [INFO] [QEMU] [  OK  ] Started snapd.service - Snap Daemon.
[2026-10-07 16:21:44.270] [INFO] [QEMU] Starting systemd-timedated.service - Time & Date Service...
[2026-10-07 16:21:44.336] [INFO] [QEMU] [  OK  ] Started systemd-timedated.service - Time & Date Service.
[2026-10-07 16:21:44.557] [INFO] [QEMU] [  OK  ] Finished snapd.seeded.service - Wait until snapd is fully seeded.
[2026-10-07 16:21:44.561] [INFO] [QEMU] [  OK  ] Reached target multi-user.target - Multi-User System.
[2026-10-07 16:21:44.565] [INFO] [QEMU] [  OK  ] Reached target graphical.target - Graphical Interface.
[2026-10-07 16:21:44.576] [INFO] [QEMU] Starting systemd-update-utmp-runle���- Record Runlevel Change in UTMP...
[2026-10-07 16:21:44.589] [INFO] [QEMU] [  OK  ] Finished systemd-update-utmp-runle���e - Record Runlevel Change in UTMP.
[2026-10-07 16:21:45.608] [INFO] [QEMU] 
[2026-10-07 16:21:45.609] [INFO] [QEMU] Ubuntu 24.04.4 LTS score-itf ttyS0
[2026-10-07 16:21:45.609] [INFO] [QEMU] 
[2026-10-07 16:21:46.985] [INFO] [score.itf.plugins.qemu.checks] Check target ping: OK
[2026-10-07 16:21:46.985] [INFO] [score.itf.core.com.ssh] Connecting to 169.254.158.190 ...
[2026-10-07 16:21:47.098] [INFO] [paramiko.transport] Connected (version 2.0, client OpenSSH_9.6p1)
[2026-10-07 16:21:47.190] [INFO] [paramiko.transport] Authentication (password) successful!
[2026-10-07 16:21:47.191] [INFO] [score.itf.core.com.ssh] SSH connection to 169.254.158.190 established
[2026-10-07 16:21:47.191] [DEBUG] [score.itf.core.com.ssh] Executing command: echo Qnx_S-core!
[2026-10-07 16:21:47.191] [DEBUG] [score.itf.core.com.ssh] timeout: 30; max_exec_time: 180; logger_in: None; verbose: True;
[2026-10-07 16:21:47.522] [INFO] [root] Qnx_S-core!
[2026-10-07 16:21:47.523] [INFO] [score.itf.core.com.ssh] Closed SSH connection.
[2026-10-07 16:21:47.523] [INFO] [score.itf.plugins.qemu.checks] Check target ssh: OK
[2026-10-07 16:21:47.523] [INFO] [score.itf.core.com.ssh] Connecting to 169.254.158.190 ...
[2026-10-07 16:21:47.533] [INFO] [paramiko.transport] Connected (version 2.0, client OpenSSH_9.6p1)
[2026-10-07 16:21:47.590] [INFO] [paramiko.transport] Authentication (password) successful!
[2026-10-07 16:21:47.590] [INFO] [score.itf.core.com.ssh] SSH connection to 169.254.158.190 established
[2026-10-07 16:21:47.705] [INFO] [paramiko.transport.sftp] [chan 0] Opened sftp connection (server version 3)
[2026-10-07 16:21:47.708] [INFO] [paramiko.transport.sftp] [chan 0] sftp session closed.
[2026-10-07 16:21:47.708] [INFO] [score.itf.core.com.ssh] Closed SSH connection.
[2026-10-07 16:21:47.708] [INFO] [score.itf.core.com.sftp] Closed SSH connection.
[2026-10-07 16:21:47.708] [INFO] [score.itf.plugins.qemu.checks] Check target sftp: OK
[2026-10-07 16:21:47.711] [INFO] [score.itf.core.com.ssh] Connecting to 169.254.158.190 ...
[2026-10-07 16:21:47.732] [INFO] [paramiko.transport] Connected (version 2.0, client OpenSSH_9.6p1)
[2026-10-07 16:21:47.801] [INFO] [paramiko.transport] Authentication (password) successful!
[2026-10-07 16:21:47.801] [INFO] [score.itf.core.com.ssh] SSH connection to 169.254.158.190 established
[2026-10-07 16:21:48.642] [INFO] [root] ls: cannot access '/tmp/inc_someip_gateway_test_run': No such file or directory
[2026-10-07 16:21:48.643] [INFO] [score.itf.core.com.ssh] Closed SSH connection.
[2026-10-07 16:21:48.644] [INFO] [score.itf.core.com.ssh] Connecting to 169.254.158.190 ...
[2026-10-07 16:21:48.660] [INFO] [paramiko.transport] Connected (version 2.0, client OpenSSH_9.6p1)
[2026-10-07 16:21:48.718] [INFO] [paramiko.transport] Authentication (password) successful!
[2026-10-07 16:21:48.719] [INFO] [score.itf.core.com.ssh] SSH connection to 169.254.158.190 established
[2026-10-07 16:21:48.948] [INFO] [root] USER         PID %CPU %MEM    VSZ   RSS TTY      STAT START   TIME COMMAND
[2026-10-07 16:21:48.948] [INFO] [root] root           1 12.4  0.6  21592 12892 ?        Ss   16:21   0:02 /sbin/init
[2026-10-07 16:21:48.948] [INFO] [root] root           2  0.0  0.0      0     0 ?        S    16:21   0:00 [kthreadd]
[2026-10-07 16:21:48.948] [INFO] [root] root           3  0.0  0.0      0     0 ?        S    16:21   0:00 [pool_workqueue_release]
[2026-10-07 16:21:48.948] [INFO] [root] root           4  0.0  0.0      0     0 ?        I<   16:21   0:00 [kworker/R-rcu_g]
[2026-10-07 16:21:48.948] [INFO] [root] root           5  0.0  0.0      0     0 ?        I<   16:21   0:00 [kworker/R-rcu_p]
[2026-10-07 16:21:48.949] [INFO] [root] root           6  0.0  0.0      0     0 ?        I<   16:21   0:00 [kworker/R-slub_]
[2026-10-07 16:21:48.949] [INFO] [root] root           7  0.0  0.0      0     0 ?        I<   16:21   0:00 [kworker/R-netns]
[2026-10-07 16:21:48.949] [INFO] [root] root           8  0.0  0.0      0     0 ?        I    16:21   0:00 [kworker/0:0-events]
[2026-10-07 16:21:48.949] [INFO] [root] root           9  0.0  0.0      0     0 ?        I    16:21   0:00 [kworker/0:1-inet_frag_wq]
[2026-10-07 16:21:48.949] [INFO] [root] root          10  0.0  0.0      0     0 ?        I<   16:21   0:00 [kworker/0:0H-events_highpri]
[2026-10-07 16:21:48.949] [INFO] [root] root          11  0.6  0.0      0     0 ?        I    16:21   0:00 [kworker/u4:0-flush-253:0]
[2026-10-07 16:21:48.949] [INFO] [root] root          12  0.0  0.0      0     0 ?        I<   16:21   0:00 [kworker/R-mm_pe]
[2026-10-07 16:21:48.950] [INFO] [root] root          13  0.0  0.0      0     0 ?        I    16:21   0:00 [rcu_tasks_kthread]
[2026-10-07 16:21:48.950] [INFO] [root] root          14  0.0  0.0      0     0 ?        I    16:21   0:00 [rcu_tasks_rude_kthread]
[2026-10-07 16:21:48.950] [INFO] [root] root          15  0.0  0.0      0     0 ?        I    16:21   0:00 [rcu_tasks_trace_kthread]
[2026-10-07 16:21:48.950] [INFO] [root] root          16  0.0  0.0      0     0 ?        S    16:21   0:00 [ksoftirqd/0]
[2026-10-07 16:21:48.950] [INFO] [root] root          17  0.2  0.0      0     0 ?        I    16:21   0:00 [rcu_preempt]
[2026-10-07 16:21:48.950] [INFO] [root] root          18  0.0  0.0      0     0 ?        S    16:21   0:00 [migration/0]
[2026-10-07 16:21:48.951] [INFO] [root] root          19  0.0  0.0      0     0 ?        S    16:21   0:00 [idle_inject/0]
[2026-10-07 16:21:48.951] [INFO] [root] root          20  0.0  0.0      0     0 ?        S    16:21   0:00 [cpuhp/0]
[2026-10-07 16:21:48.951] [INFO] [root] root          21  0.0  0.0      0     0 ?        S    16:21   0:00 [cpuhp/1]
[2026-10-07 16:21:48.951] [INFO] [root] root          22  0.0  0.0      0     0 ?        S    16:21   0:00 [idle_inject/1]
[2026-10-07 16:21:48.951] [INFO] [root] root          23  1.7  0.0      0     0 ?        S    16:21   0:00 [migration/1]
[2026-10-07 16:21:48.951] [INFO] [root] root          24  0.0  0.0      0     0 ?        S    16:21   0:00 [ksoftirqd/1]
[2026-10-07 16:21:48.952] [INFO] [root] root          25  0.1  0.0      0     0 ?        I    16:21   0:00 [kworker/1:0-events]
[2026-10-07 16:21:48.952] [INFO] [root] root          26  0.0  0.0      0     0 ?        I<   16:21   0:00 [kworker/1:0H-events_highpri]
[2026-10-07 16:21:48.952] [INFO] [root] root          27  0.0  0.0      0     0 ?        S    16:21   0:00 [kdevtmpfs]
[2026-10-07 16:21:48.952] [INFO] [root] root          28  0.0  0.0      0     0 ?        I<   16:21   0:00 [kworker/R-inet_]
[2026-10-07 16:21:48.952] [INFO] [root] root          29  0.0  0.0      0     0 ?        S    16:21   0:00 [kauditd]
[2026-10-07 16:21:48.952] [INFO] [root] root          30  0.0  0.0      0     0 ?        S    16:21   0:00 [khungtaskd]
[2026-10-07 16:21:48.953] [INFO] [root] root          31  0.1  0.0      0     0 ?        I    16:21   0:00 [kworker/u4:1-flush-253:0]
[2026-10-07 16:21:48.953] [INFO] [root] root          32  0.0  0.0      0     0 ?        S    16:21   0:00 [oom_reaper]
[2026-10-07 16:21:48.953] [INFO] [root] root          33  0.0  0.0      0     0 ?        I    16:21   0:00 [kworker/u4:2-events_freezable_power_]
[2026-10-07 16:21:48.953] [INFO] [root] root          34  0.0  0.0      0     0 ?        I<   16:21   0:00 [kworker/R-write]
[2026-10-07 16:21:48.953] [INFO] [root] root          35  0.0  0.0      0     0 ?        S    16:21   0:00 [kcompactd0]
[2026-10-07 16:21:48.953] [INFO] [root] root          36  0.0  0.0      0     0 ?        SN   16:21   0:00 [ksmd]
[2026-10-07 16:21:48.953] [INFO] [root] root          37  0.0  0.0      0     0 ?        I    16:21   0:00 [kworker/1:1]
[2026-10-07 16:21:48.953] [INFO] [root] root          38  0.0  0.0      0     0 ?        SN   16:21   0:00 [khugepaged]
[2026-10-07 16:21:48.953] [INFO] [root] root          39  0.0  0.0      0     0 ?        I<   16:21   0:00 [kworker/R-kinte]
[2026-10-07 16:21:48.953] [INFO] [root] root          40  0.0  0.0      0     0 ?        I<   16:21   0:00 [kworker/R-kbloc]
[2026-10-07 16:21:48.954] [INFO] [root] root          41  0.0  0.0      0     0 ?        I<   16:21   0:00 [kworker/R-blkcg]
[2026-10-07 16:21:48.954] [INFO] [root] root          42  0.0  0.0      0     0 ?        S    16:21   0:00 [irq/9-acpi]
[2026-10-07 16:21:48.954] [INFO] [root] root          43  0.0  0.0      0     0 ?        I<   16:21   0:00 [kworker/R-tpm_d]
[2026-10-07 16:21:48.954] [INFO] [root] root          44  0.0  0.0      0     0 ?        I<   16:21   0:00 [kworker/R-ata_s]
[2026-10-07 16:21:48.954] [INFO] [root] root          45  0.0  0.0      0     0 ?        I<   16:21   0:00 [kworker/R-md]
[2026-10-07 16:21:48.954] [INFO] [root] root          46  0.0  0.0      0     0 ?        I<   16:21   0:00 [kworker/R-md_bi]
[2026-10-07 16:21:48.954] [INFO] [root] root          47  0.0  0.0      0     0 ?        I<   16:21   0:00 [kworker/R-edac-]
[2026-10-07 16:21:48.954] [INFO] [root] root          48  0.0  0.0      0     0 ?        I<   16:21   0:00 [kworker/R-devfr]
[2026-10-07 16:21:48.955] [INFO] [root] root          49  0.0  0.0      0     0 ?        S    16:21   0:00 [watchdogd]
[2026-10-07 16:21:48.955] [INFO] [root] root          50  0.0  0.0      0     0 ?        I<   16:21   0:00 [kworker/R-quota]
[2026-10-07 16:21:48.955] [INFO] [root] root          51  0.0  0.0      0     0 ?        I<   16:21   0:00 [kworker/1:1H-kblockd]
[2026-10-07 16:21:48.955] [INFO] [root] root          52  0.0  0.0      0     0 ?        S    16:21   0:00 [kswapd0]
[2026-10-07 16:21:48.955] [INFO] [root] root          53  0.0  0.0      0     0 ?        S    16:21   0:00 [ecryptfs-kthread]
[2026-10-07 16:21:48.955] [INFO] [root] root          54  0.0  0.0      0     0 ?        I<   16:21   0:00 [kworker/R-kthro]
[2026-10-07 16:21:48.955] [INFO] [root] root          55  0.0  0.0      0     0 ?        I<   16:21   0:00 [kworker/R-acpi_]
[2026-10-07 16:21:48.955] [INFO] [root] root          56  0.0  0.0      0     0 ?        S    16:21   0:00 [scsi_eh_0]
[2026-10-07 16:21:48.955] [INFO] [root] root          57  0.0  0.0      0     0 ?        I<   16:21   0:00 [kworker/R-scsi_]
[2026-10-07 16:21:48.956] [INFO] [root] root          58  0.0  0.0      0     0 ?        S    16:21   0:00 [scsi_eh_1]
[2026-10-07 16:21:48.956] [INFO] [root] root          59  0.0  0.0      0     0 ?        I<   16:21   0:00 [kworker/R-scsi_]
[2026-10-07 16:21:48.956] [INFO] [root] root          60  0.0  0.0      0     0 ?        I    16:21   0:00 [kworker/u4:3-events_unbound]
[2026-10-07 16:21:48.956] [INFO] [root] root          61  0.0  0.0      0     0 ?        I<   16:21   0:00 [kworker/R-mld]
[2026-10-07 16:21:48.956] [INFO] [root] root          62  0.0  0.0      0     0 ?        I<   16:21   0:00 [kworker/0:1H-kblockd]
[2026-10-07 16:21:48.956] [INFO] [root] root          63  0.0  0.0      0     0 ?        I<   16:21   0:00 [kworker/R-ipv6_]
[2026-10-07 16:21:48.956] [INFO] [root] root          70  0.0  0.0      0     0 ?        I<   16:21   0:00 [kworker/R-kstrp]
[2026-10-07 16:21:48.956] [INFO] [root] root          72  0.0  0.0      0     0 ?        I<   16:21   0:00 [kworker/u5:0]
[2026-10-07 16:21:48.956] [INFO] [root] root          85  0.0  0.0      0     0 ?        I<   16:21   0:00 [kworker/R-charg]
[2026-10-07 16:21:48.956] [INFO] [root] root          86  0.0  0.0      0     0 ?        S    16:21   0:00 [jbd2/vda1-8]
[2026-10-07 16:21:48.956] [INFO] [root] root          87  0.0  0.0      0     0 ?        I<   16:21   0:00 [kworker/R-ext4-]
[2026-10-07 16:21:48.957] [INFO] [root] root          88  0.0  0.0      0     0 ?        I    16:21   0:00 [kworker/1:2-events]
[2026-10-07 16:21:48.957] [INFO] [root] root          89  0.0  0.0      0     0 ?        S    16:21   0:00 [hwrng]
[2026-10-07 16:21:48.957] [INFO] [root] root         120  1.8  0.5  33904 11192 ?        S<s  16:21   0:00 /usr/lib/systemd/systemd-journald
[2026-10-07 16:21:48.957] [INFO] [root] root         139  0.0  0.0      0     0 ?        I    16:21   0:00 [kworker/0:2-events]
[2026-10-07 16:21:48.957] [INFO] [root] root         156  0.0  0.3  17696  6836 ?        Ss   16:21   0:00 /usr/lib/systemd/systemd-fsckd
[2026-10-07 16:21:48.957] [INFO] [root] root         175  3.0  0.3  25308  7000 ?        Ss   16:21   0:00 /usr/lib/systemd/systemd-udevd
[2026-10-07 16:21:48.957] [INFO] [root] root         176  0.0  0.0      0     0 ?        S    16:21   0:00 [psimon]
[2026-10-07 16:21:48.957] [INFO] [root] systemd+     179  0.9  0.4  18980  9368 ?        Ss   16:21   0:00 /usr/lib/systemd/systemd-networkd
[2026-10-07 16:21:48.957] [INFO] [root] root         201  0.0  0.0      0     0 ?        I<   16:21   0:00 [kworker/R-crypt]
[2026-10-07 16:21:48.957] [INFO] [root] root         207  0.0  0.0      0     0 ?        I    16:21   0:00 [kworker/1:3-events]
[2026-10-07 16:21:48.958] [INFO] [root] root         213  0.0  0.0      0     0 ?        S    16:21   0:00 [jbd2/vda16-8]
[2026-10-07 16:21:48.958] [INFO] [root] root         214  0.0  0.0      0     0 ?        I<   16:21   0:00 [kworker/R-ext4-]
[2026-10-07 16:21:48.958] [INFO] [root] systemd+     278  1.9  0.6  21332 12888 ?        Ss   16:21   0:00 /usr/lib/systemd/systemd-resolved
[2026-10-07 16:21:48.958] [INFO] [root] systemd+     286  0.8  0.3  91028  7832 ?        Ssl  16:21   0:00 /usr/lib/systemd/systemd-timesyncd
[2026-10-07 16:21:48.958] [INFO] [root] message+     362  0.7  0.2   8280  4636 ?        Ss   16:21   0:00 @dbus-daemon --system --address=systemd: --nofork --nopidfile --systemd-activation --syslog-only
[2026-10-07 16:21:48.958] [INFO] [root] root         366  5.6  1.8 1776384 38084 ?       Ssl  16:21   0:00 /usr/lib/snapd/snapd
[2026-10-07 16:21:48.958] [INFO] [root] root         368  1.1  0.4  17640  8640 ?        Ss   16:21   0:00 /usr/lib/systemd/systemd-logind
[2026-10-07 16:21:48.958] [INFO] [root] root         374  0.0  0.0      0     0 ?        I    16:21   0:00 [kworker/0:3-cgroup_offline]
[2026-10-07 16:21:48.958] [INFO] [root] root         378  0.0  0.1   3160  2036 ttyS0    Ss+  16:21   0:00 /sbin/agetty -o -p -- \u --keep-baud 115200,57600,38400,9600 - vt220
[2026-10-07 16:21:48.958] [INFO] [root] root         383  0.8  0.0   3116  1916 tty1     Ss+  16:21   0:00 /sbin/agetty -o -p -- \u --noclear - linux
[2026-10-07 16:21:48.959] [INFO] [root] root         400  3.0  1.1 107016 22732 ?        Ssl  16:21   0:00 /usr/bin/python3 /usr/share/unattended-upgrades/unattended-upgrade-shutdown --wait-for-signal
[2026-10-07 16:21:48.959] [INFO] [root] root         457  0.8  0.3  17284  7420 ?        Ss   16:21   0:00 /usr/lib/systemd/systemd-timedated
[2026-10-07 16:21:48.959] [INFO] [root] root         467  1.1  0.4  12020  8236 ?        Ss   16:21   0:00 sshd: /usr/sbin/sshd -D [listener] 0 of 10-100 startups
[2026-10-07 16:21:48.959] [INFO] [root] root         471  0.0  0.0      0     0 ?        S    16:21   0:00 [psimon]
[2026-10-07 16:21:48.959] [INFO] [root] root         473  5.6  0.5  20024 11108 ?        Ss   16:21   0:00 /usr/lib/systemd/systemd --user
[2026-10-07 16:21:48.959] [INFO] [root] root         474  0.0  0.1  20396  3208 ?        S    16:21   0:00 (sd-pam)
[2026-10-07 16:21:48.959] [INFO] [root] root         479  0.0  0.0      0     0 ?        S    16:21   0:00 [psimon]
[2026-10-07 16:21:48.960] [INFO] [root] root         498 94.2  4.0  95596 81644 ?        R    16:21   0:01 /usr/bin/python3 /usr/lib/ubuntu-release-upgrader/check-new-release -q
[2026-10-07 16:21:48.960] [INFO] [root] root         566  5.2  0.4  14464  9988 ?        Ss   16:21   0:00 sshd: root@notty
[2026-10-07 16:21:48.960] [INFO] [root] root         587 25.0  0.0   2800  1936 ?        Ss   16:21   0:00 sh -lc [ -r /etc/profile ] && . /etc/profile >/dev/null 2>&1; ps aux || pidin
[2026-10-07 16:21:48.960] [INFO] [root] root         597 1000  0.2   8280  4256 ?        R    16:21   0:00 ps aux
[2026-10-07 16:21:48.960] [INFO] [score.itf.core.com.ssh] Closed SSH connection.
[2026-10-07 16:21:48.960] [INFO] [score.itf.core.com.ssh] Connecting to 169.254.158.190 ...
[2026-10-07 16:21:48.976] [INFO] [paramiko.transport] Connected (version 2.0, client OpenSSH_9.6p1)
[2026-10-07 16:21:49.035] [INFO] [paramiko.transport] Authentication (password) successful!
[2026-10-07 16:21:49.036] [INFO] [score.itf.core.com.ssh] SSH connection to 169.254.158.190 established
[2026-10-07 16:21:49.128] [INFO] [root] ls: cannot access '/dev/shm/lola-*': No such file or directory
[2026-10-07 16:21:49.128] [INFO] [score.itf.core.com.ssh] Closed SSH connection.
[2026-10-07 16:21:49.129] [INFO] [score.itf.core.com.ssh] Connecting to 169.254.158.190 ...
[2026-10-07 16:21:49.143] [INFO] [paramiko.transport] Connected (version 2.0, client OpenSSH_9.6p1)
[2026-10-07 16:21:49.203] [INFO] [paramiko.transport] Authentication (password) successful!
[2026-10-07 16:21:49.203] [INFO] [score.itf.core.com.ssh] SSH connection to 169.254.158.190 established
[2026-10-07 16:21:49.325] [INFO] [root] ls: cannot access '/tmp/mw_com_lola/*': No such file or directory
[2026-10-07 16:21:49.325] [INFO] [score.itf.core.com.ssh] Closed SSH connection.
[2026-10-07 16:21:49.325] [INFO] [score.itf.core.com.ssh] Connecting to 169.254.158.190 ...
[2026-10-07 16:21:49.342] [INFO] [paramiko.transport] Connected (version 2.0, client OpenSSH_9.6p1)
[2026-10-07 16:21:49.415] [INFO] [paramiko.transport] Authentication (password) successful!
[2026-10-07 16:21:49.415] [INFO] [score.itf.core.com.ssh] SSH connection to 169.254.158.190 established
[2026-10-07 16:21:49.525] [INFO] [root] ls: cannot access '/tmp/lola-*': No such file or directory
[2026-10-07 16:21:49.526] [INFO] [score.itf.core.com.ssh] Closed SSH connection.
[2026-10-07 16:21:49.526] [INFO] [score.itf.core.com.ssh] Connecting to 169.254.158.190 ...
[2026-10-07 16:21:49.550] [INFO] [paramiko.transport] Connected (version 2.0, client OpenSSH_9.6p1)
[2026-10-07 16:21:49.605] [INFO] [paramiko.transport] Authentication (password) successful!
[2026-10-07 16:21:49.605] [INFO] [score.itf.core.com.ssh] SSH connection to 169.254.158.190 established
[2026-10-07 16:21:49.705] [INFO] [root] ls: cannot access '/dev/shmem/lola-*': No such file or directory
[2026-10-07 16:21:49.706] [INFO] [score.itf.core.com.ssh] Closed SSH connection.
[2026-10-07 16:21:49.706] [INFO] [score.itf.core.com.ssh] Connecting to 169.254.158.190 ...
[2026-10-07 16:21:49.716] [INFO] [paramiko.transport] Connected (version 2.0, client OpenSSH_9.6p1)
[2026-10-07 16:21:49.774] [INFO] [paramiko.transport] Authentication (password) successful!
[2026-10-07 16:21:49.774] [INFO] [score.itf.core.com.ssh] SSH connection to 169.254.158.190 established
[2026-10-07 16:21:49.887] [INFO] [root] ls: cannot access '/tmp_discovery/mw_com_lola/*': No such file or directory
[2026-10-07 16:21:49.888] [INFO] [score.itf.core.com.ssh] Closed SSH connection.
[2026-10-07 16:21:49.888] [INFO] [score.itf.core.com.ssh] Connecting to 169.254.158.190 ...
[2026-10-07 16:21:49.904] [INFO] [paramiko.transport] Connected (version 2.0, client OpenSSH_9.6p1)
[2026-10-07 16:21:49.962] [INFO] [paramiko.transport] Authentication (password) successful!
[2026-10-07 16:21:49.962] [INFO] [score.itf.core.com.ssh] SSH connection to 169.254.158.190 established
[2026-10-07 16:21:50.075] [INFO] [root] ls: cannot access '/tmp_discovery/lola-*': No such file or directory
[2026-10-07 16:21:50.075] [INFO] [score.itf.core.com.ssh] Closed SSH connection.
[2026-10-07 16:21:50.081] [INFO] [score.itf.core.com.ssh] Connecting to 169.254.158.190 ...
[2026-10-07 16:21:50.091] [INFO] [paramiko.transport] Connected (version 2.0, client OpenSSH_9.6p1)
[2026-10-07 16:21:50.149] [INFO] [paramiko.transport] Authentication (password) successful!
[2026-10-07 16:21:50.149] [INFO] [score.itf.core.com.ssh] SSH connection to 169.254.158.190 established
[2026-10-07 16:21:50.239] [INFO] [score.itf.core.com.ssh] Closed SSH connection.
-------------------------------- live log call ---------------------------------
[2026-10-07 16:21:50.240] [INFO] [score.itf.core.com.ssh] Connecting to 169.254.158.190 ...
[2026-10-07 16:21:50.249] [INFO] [paramiko.transport] Connected (version 2.0, client OpenSSH_9.6p1)
[2026-10-07 16:21:50.304] [INFO] [paramiko.transport] Authentication (password) successful!
[2026-10-07 16:21:50.304] [INFO] [score.itf.core.com.ssh] SSH connection to 169.254.158.190 established
[2026-10-07 16:21:50.386] [INFO] [root] Started process /opt/someipd with PID: 879
[2026-10-07 16:21:50.687] [INFO] [opt] sh: 1: exec: /opt/someipd: not found
[2026-10-07 16:21:51.387] [INFO] [score.itf.core.com.ssh] Connecting to 169.254.158.190 ...
[2026-10-07 16:21:51.397] [INFO] [paramiko.transport] Connected (version 2.0, client OpenSSH_9.6p1)
[2026-10-07 16:21:51.454] [INFO] [paramiko.transport] Authentication (password) successful!
[2026-10-07 16:21:51.454] [INFO] [score.itf.core.com.ssh] SSH connection to 169.254.158.190 established
[2026-10-07 16:21:51.564] [INFO] [root] sh: 1: kill: No such process
[2026-10-07 16:21:51.564] [INFO] [root] 
[2026-10-07 16:21:51.564] [INFO] [score.itf.core.com.ssh] Closed SSH connection.
[2026-10-07 16:21:52.565] [INFO] [score.itf.core.com.ssh] Closed SSH connection.
FAILED                                                                   [100%]
------------------------------ live log teardown -------------------------------
[2026-10-07 16:21:52.677] [INFO] [score.itf.plugins.qemu.qemu_process] Stopping Qemu...
[2026-10-07 16:21:52.678] [INFO] [QEMU] score-itf login: qemu-system-x86_64: terminating on signal 15 from pid 18 (/media/jefferson/11c42dee-73a3-4c2b-ab42-a0440011d9e0/.s-core-build/runs/score-someip84-full-6w80fgob/bazel-output/16df730b0babb9c4a4b46d33742bb204/sandbox/linux-sandbox/627/execroot/_main/bazel-out/k8-fastbuild/bin/tests/integration_test/test_someipd_startup.runfiles/rules_python++python+python_3_12_x86_64-unknown-linux-gnu/bin/python3)


=================================== FAILURES ===================================
______________________________ test_start_someipd ______________________________

clean_state = <score.itf.plugins.qemu.qemu_target.QemuTarget object at 0x75f04c8954c0>

    def test_start_someipd(clean_state):
        with ShellProcess(
            clean_state,
            "/opt/someipd",
            args=[
                "--configuration",
                "/opt/mw_someip_config.bin",
            ],
            env="VSOMEIP_CONFIGURATION=/opt/vsomeip.json",
        ) as someipd_process:
            assert someipd_process.is_running(), someipd_process.get_output()
            time.sleep(1)  # check that daemon does not crash immediately and prints output
>           assert someipd_process.is_running(), (
                someipd_process.get_output(),
                "exit code: ",
                someipd_process.get_exit_code(),
            )
E           AssertionError: ('sh: 1: exec: /opt/someipd: not found
E             ', 'exit code: ', 127)
E           assert False
E            +  where False = is_running()
E            +    where is_running = <score.itf.plugins.qemu.qemu_target.QemuAsyncProcess object at 0x75f04bf89640>.is_running

tests/integration_test/someipd_startup.py:31: AssertionError
- generated xml file: /media/jefferson/11c42dee-73a3-4c2b-ab42-a0440011d9e0/.s-core-build/runs/score-someip84-full-6w80fgob/bazel-output/16df730b0babb9c4a4b46d33742bb204/sandbox/linux-sandbox/627/execroot/_main/bazel-out/k8-fastbuild/testlogs/tests/integration_test/test_someipd_startup/test.xml -
=========================== short test summary info ============================
FAILED ../score_itf+::test_start_someipd - AssertionError: ('sh: 1: exec: /op...
============================== 1 failed in 25.67s ==============================
================================================================================
==================== Test output for //tests/integration_test:test_someipd_started_by_test:
============================= test session starts ==============================
platform linux -- Python 3.12.12, pytest-9.1.1, pluggy-1.6.0
rootdir: /media/jefferson/11c42dee-73a3-4c2b-ab42-a0440011d9e0/.s-core-build/runs/score-someip84-full-6w80fgob/bazel-output/16df730b0babb9c4a4b46d33742bb204/sandbox/linux-sandbox/629/execroot/_main/bazel-out/k8-fastbuild/bin/tests/integration_test/test_someipd_started_by_test.runfiles/score_itf+
configfile: pytest.ini
collected 1 item

../score_itf+::test_start_someipd_and_gatewayd 
-------------------------------- live log setup --------------------------------
[2026-10-07 16:21:55.319] [INFO] [score.itf.plugins.qemu.config] Loading configuration from ../os_images+/ubuntu_x86_64/qemu_config.json
[2026-10-07 16:21:55.320] [INFO] [score.itf.plugins.qemu] Starting tests on host: master
[2026-10-07 16:21:55.374] [INFO] [score.itf.plugins.qemu] Created qcow2 overlay: /media/jefferson/11c42dee-73a3-4c2b-ab42-a0440011d9e0/.s-core-build/runs/score-someip84-full-6w80fgob/native/.llm_tmp/tmp/qemu_overlay_xqcyrh88.qcow2 (backing: /media/jefferson/11c42dee-73a3-4c2b-ab42-a0440011d9e0/.s-core-build/runs/score-someip84-full-6w80fgob/bazel-output/16df730b0babb9c4a4b46d33742bb204/sandbox/linux-sandbox/629/execroot/_main/bazel-out/k8-fastbuild/bin/tests/integration_test/test_someipd_started_by_test.runfiles/os_images+/ubuntu_x86_64/ubuntu-x86_64-itf/ubuntu-24.04-minimal-cloudimg-amd64.img)
[2026-10-07 16:21:55.424] [INFO] [score.itf.plugins.qemu] Created qcow2 overlay: /media/jefferson/11c42dee-73a3-4c2b-ab42-a0440011d9e0/.s-core-build/runs/score-someip84-full-6w80fgob/native/.llm_tmp/tmp/qemu_overlay_y_whq_qg.qcow2 (backing: /media/jefferson/11c42dee-73a3-4c2b-ab42-a0440011d9e0/.s-core-build/runs/score-someip84-full-6w80fgob/bazel-output/16df730b0babb9c4a4b46d33742bb204/sandbox/linux-sandbox/629/execroot/_main/bazel-out/k8-fastbuild/bin/tests/integration_test/test_someipd_started_by_test.runfiles/_main/tests/integration_test/qemu_disk_test_someipd_started_by_test.ext4)
[2026-10-07 16:21:55.425] [INFO] [score.itf.plugins.qemu.qemu_process] Starting Qemu...
[2026-10-07 16:21:55.425] [INFO] [score.itf.plugins.qemu.qemu_process] Using QEMU root filesystem image: /media/jefferson/11c42dee-73a3-4c2b-ab42-a0440011d9e0/.s-core-build/runs/score-someip84-full-6w80fgob/native/.llm_tmp/tmp/qemu_overlay_xqcyrh88.qcow2
[2026-10-07 16:21:55.425] [INFO] [score.itf.plugins.qemu.qemu_process] Using QEMU additional disk image: /media/jefferson/11c42dee-73a3-4c2b-ab42-a0440011d9e0/.s-core-build/runs/score-someip84-full-6w80fgob/native/.llm_tmp/tmp/qemu_overlay_y_whq_qg.qcow2
[2026-10-07 16:21:55.425] [DEBUG] [score.itf.plugins.qemu.qemu] ['/usr/bin/qemu-system-x86_64', '-accel', 'kvm', '-accel', 'tcg', '-smp', '2,maxcpus=2,cores=2', '-machine', 'pc', '-cpu', 'Cascadelake-Server-v5', '-m', '2G', '-nographic', '-serial', 'mon:stdio', '-object', 'rng-random,filename=/dev/urandom,id=rng0', '-device', 'virtio-rng-pci,rng=rng0', '-netdev', 'tap,id=t1,ifname=tap0,script=no,downscript=no', '-device', 'virtio-net-pci,netdev=t1,id=nic1,guest_csum=off', '-device', 'virtio-blk-pci,drive=vd0', '-drive', 'if=none,format=qcow2,file=/media/jefferson/11c42dee-73a3-4c2b-ab42-a0440011d9e0/.s-core-build/runs/score-someip84-full-6w80fgob/native/.llm_tmp/tmp/qemu_overlay_xqcyrh88.qcow2,id=vd0', '-device', 'virtio-blk-pci,drive=vd1', '-drive', 'if=none,format=qcow2,file=/media/jefferson/11c42dee-73a3-4c2b-ab42-a0440011d9e0/.s-core-build/runs/score-someip84-full-6w80fgob/native/.llm_tmp/tmp/qemu_overlay_y_whq_qg.qcow2,id=vd1']
[2026-10-07 16:21:55.447] [INFO] [QEMU] qemu-system-x86_64: warning: host doesn't support requested feature: CPUID.07H:EBX.avx512f [bit 16]
[2026-10-07 16:21:55.448] [INFO] [QEMU] qemu-system-x86_64: warning: host doesn't support requested feature: CPUID.07H:EBX.avx512dq [bit 17]
[2026-10-07 16:21:55.448] [INFO] [QEMU] qemu-system-x86_64: warning: host doesn't support requested feature: CPUID.07H:EBX.avx512cd [bit 28]
[2026-10-07 16:21:55.448] [INFO] [QEMU] qemu-system-x86_64: warning: host doesn't support requested feature: CPUID.07H:EBX.avx512bw [bit 30]
[2026-10-07 16:21:55.448] [INFO] [QEMU] qemu-system-x86_64: warning: host doesn't support requested feature: CPUID.07H:EBX.avx512vl [bit 31]
[2026-10-07 16:21:55.448] [INFO] [QEMU] qemu-system-x86_64: warning: host doesn't support requested feature: CPUID.07H:ECX.avx512vnni [bit 11]
[2026-10-07 16:21:55.448] [INFO] [QEMU] qemu-system-x86_64: warning: host doesn't support requested feature: CPUID.0DH:EAX [bit 5]
[2026-10-07 16:21:55.448] [INFO] [QEMU] qemu-system-x86_64: warning: host doesn't support requested feature: CPUID.0DH:EAX [bit 6]
[2026-10-07 16:21:55.448] [INFO] [QEMU] qemu-system-x86_64: warning: host doesn't support requested feature: CPUID.0DH:EAX [bit 7]
[2026-10-07 16:21:55.448] [INFO] [QEMU] qemu-system-x86_64: warning: host doesn't support requested feature: CPUID.07H:EBX.avx512f [bit 16]
[2026-10-07 16:21:55.448] [INFO] [QEMU] qemu-system-x86_64: warning: host doesn't support requested feature: CPUID.07H:EBX.avx512dq [bit 17]
[2026-10-07 16:21:55.448] [INFO] [QEMU] qemu-system-x86_64: warning: host doesn't support requested feature: CPUID.07H:EBX.avx512cd [bit 28]
[2026-10-07 16:21:55.448] [INFO] [QEMU] qemu-system-x86_64: warning: host doesn't support requested feature: CPUID.07H:EBX.avx512bw [bit 30]
[2026-10-07 16:21:55.448] [INFO] [QEMU] qemu-system-x86_64: warning: host doesn't support requested feature: CPUID.07H:EBX.avx512vl [bit 31]
[2026-10-07 16:21:55.448] [INFO] [QEMU] qemu-system-x86_64: warning: host doesn't support requested feature: CPUID.07H:ECX.avx512vnni [bit 11]
[2026-10-07 16:21:55.449] [INFO] [QEMU] qemu-system-x86_64: warning: host doesn't support requested feature: CPUID.0DH:EAX [bit 5]
[2026-10-07 16:21:55.449] [INFO] [QEMU] qemu-system-x86_64: warning: host doesn't support requested feature: CPUID.0DH:EAX [bit 6]
[2026-10-07 16:21:55.449] [INFO] [QEMU] qemu-system-x86_64: warning: host doesn't support requested feature: CPUID.0DH:EAX [bit 7]
[2026-10-07 16:21:55.708] [INFO] [QEMU] cSeaBIOS (version 1.15.0-1)
[2026-10-07 16:21:55.708] [INFO] [QEMU] 
[2026-10-07 16:21:55.708] [INFO] [QEMU] 
[2026-10-07 16:21:55.714] [INFO] [QEMU] iPXE (https://ipxe.org) 00:04.0 CA00 PCI2.10 PnP PMM+7FF8B380+7FECB380 CA00
[2026-10-07 16:21:55.729] [INFO] [QEMU] Press Ctrl-B to configure iPXE (PCI 00:04.0)...
[2026-10-07 16:21:55.729] [INFO] [QEMU] 
[2026-10-07 16:21:55.729] [INFO] [QEMU] 
[2026-10-07 16:21:55.806] [INFO] [QEMU] Booting from Hard Disk...
[2026-10-07 16:21:56.137] [INFO] [QEMU] GRUB_FORCE_PARTUUID set, attempting initrdless boot.
[2026-10-07 16:21:58.418] [INFO] [QEMU] [    0.000000] Linux version 6.8.0-136-generic (buildd@lcy02-amd64-041) (x86_64-linux-gnu-gcc-13 (Ubuntu 13.3.0-6ubuntu2~24.04.1) 13.3.0, GNU ld (GNU Binutils for Ubuntu) 2.42) #136-Ubuntu SMP PREEMPT_DYNAMIC Wed Jul  1 21:53:05 UTC 2026 (Ubuntu 6.8.0-136.136-generic 6.8.12)
[2026-10-07 16:21:58.420] [INFO] [QEMU] [    0.000000] Command line: BOOT_IMAGE=/vmlinuz-6.8.0-136-generic root=PARTUUID=91defc72-0e0a-4749-973f-2bd295668950 ro console=tty1 console=ttyS0 panic=-1
[2026-10-07 16:21:58.420] [INFO] [QEMU] [    0.000000] KERNEL supported cpus:
[2026-10-07 16:21:58.420] [INFO] [QEMU] [    0.000000]   Intel GenuineIntel
[2026-10-07 16:21:58.421] [INFO] [QEMU] [    0.000000]   AMD AuthenticAMD
[2026-10-07 16:21:58.421] [INFO] [QEMU] [    0.000000]   Hygon HygonGenuine
[2026-10-07 16:21:58.422] [INFO] [QEMU] [    0.000000]   Centaur CentaurHauls
[2026-10-07 16:21:58.422] [INFO] [QEMU] [    0.000000]   zhaoxin   Shanghai
[2026-10-07 16:21:58.423] [INFO] [QEMU] [    0.000000] BIOS-provided physical RAM map:
[2026-10-07 16:21:58.424] [INFO] [QEMU] [    0.000000] BIOS-e820: [mem 0x0000000000000000-0x000000000009fbff] usable
[2026-10-07 16:21:58.425] [INFO] [QEMU] [    0.000000] BIOS-e820: [mem 0x000000000009fc00-0x000000000009ffff] reserved
[2026-10-07 16:21:58.426] [INFO] [QEMU] [    0.000000] BIOS-e820: [mem 0x00000000000f0000-0x00000000000fffff] reserved
[2026-10-07 16:21:58.427] [INFO] [QEMU] [    0.000000] BIOS-e820: [mem 0x0000000000100000-0x000000007ffd9fff] usable
[2026-10-07 16:21:58.427] [INFO] [QEMU] [    0.000000] BIOS-e820: [mem 0x000000007ffda000-0x000000007fffffff] reserved
[2026-10-07 16:21:58.428] [INFO] [QEMU] [    0.000000] BIOS-e820: [mem 0x00000000feffc000-0x00000000feffffff] reserved
[2026-10-07 16:21:58.429] [INFO] [QEMU] [    0.000000] BIOS-e820: [mem 0x00000000fffc0000-0x00000000ffffffff] reserved
[2026-10-07 16:21:58.430] [INFO] [QEMU] [    0.000000] NX (Execute Disable) protection: active
[2026-10-07 16:21:58.431] [INFO] [QEMU] [    0.000000] APIC: Static calls initialized
[2026-10-07 16:21:58.431] [INFO] [QEMU] [    0.000000] SMBIOS 2.8 present.
[2026-10-07 16:21:58.432] [INFO] [QEMU] [    0.000000] DMI: QEMU Standard PC (i440FX + PIIX, 1996), BIOS 1.15.0-1 04/01/2014
[2026-10-07 16:21:58.432] [INFO] [QEMU] [    0.000000] Hypervisor detected: KVM
[2026-10-07 16:21:58.433] [INFO] [QEMU] [    0.000000] kvm-clock: Using msrs 4b564d01 and 4b564d00
[2026-10-07 16:21:58.434] [INFO] [QEMU] [    0.000002] kvm-clock: using sched offset of 2663447198 cycles
[2026-10-07 16:21:58.435] [INFO] [QEMU] [    0.000005] clocksource: kvm-clock: mask: 0xffffffffffffffff max_cycles: 0x1cd42e4dffb, max_idle_ns: 881590591483 ns
[2026-10-07 16:21:58.436] [INFO] [QEMU] [    0.000010] tsc: Detected 2419.200 MHz processor
[2026-10-07 16:21:58.437] [INFO] [QEMU] [    0.001584] last_pfn = 0x7ffda max_arch_pfn = 0x400000000
[2026-10-07 16:21:58.438] [INFO] [QEMU] [    0.001641] MTRR map: 4 entries (3 fixed + 1 variable; max 19), built from 8 variable MTRRs
[2026-10-07 16:21:58.439] [INFO] [QEMU] [    0.001646] x86/PAT: Configuration [0-7]: WB  WC  UC- UC  WB  WP  UC- WT
[2026-10-07 16:21:58.440] [INFO] [QEMU] [    0.010708] found SMP MP-table at [mem 0x000f5b80-0x000f5b8f]
[2026-10-07 16:21:58.440] [INFO] [QEMU] [    0.010743] Using GB pages for direct mapping
[2026-10-07 16:21:58.441] [INFO] [QEMU] [    0.010944] RAMDISK: [mem 0x3631f000-0x37186fff]
[2026-10-07 16:21:58.442] [INFO] [QEMU] [    0.010967] ACPI: Early table checksum verification disabled
[2026-10-07 16:21:58.442] [INFO] [QEMU] [    0.010974] ACPI: RSDP 0x00000000000F59C0 000014 (v00 BOCHS )
[2026-10-07 16:21:58.443] [INFO] [QEMU] [    0.010982] ACPI: RSDT 0x000000007FFE1975 000034 (v01 BOCHS  BXPC     00000001 BXPC 00000001)
[2026-10-07 16:21:58.445] [INFO] [QEMU] [    0.010992] ACPI: FACP 0x000000007FFE1821 000074 (v01 BOCHS  BXPC     00000001 BXPC 00000001)
[2026-10-07 16:21:58.446] [INFO] [QEMU] [    0.011006] ACPI: DSDT 0x000000007FFE0040 0017E1 (v01 BOCHS  BXPC     00000001 BXPC 00000001)
[2026-10-07 16:21:58.446] [INFO] [QEMU] [    0.011012] ACPI: FACS 0x000000007FFE0000 000040
[2026-10-07 16:21:58.448] [INFO] [QEMU] [    0.011017] ACPI: APIC 0x000000007FFE1895 000080 (v01 BOCHS  BXPC     00000001 BXPC 00000001)
[2026-10-07 16:21:58.449] [INFO] [QEMU] [    0.011022] ACPI: HPET 0x000000007FFE1915 000038 (v01 BOCHS  BXPC     00000001 BXPC 00000001)
[2026-10-07 16:21:58.450] [INFO] [QEMU] [    0.011026] ACPI: WAET 0x000000007FFE194D 000028 (v01 BOCHS  BXPC     00000001 BXPC 00000001)
[2026-10-07 16:21:58.451] [INFO] [QEMU] [    0.011030] ACPI: Reserving FACP table memory at [mem 0x7ffe1821-0x7ffe1894]
[2026-10-07 16:21:58.452] [INFO] [QEMU] [    0.011033] ACPI: Reserving DSDT table memory at [mem 0x7ffe0040-0x7ffe1820]
[2026-10-07 16:21:58.453] [INFO] [QEMU] [    0.011034] ACPI: Reserving FACS table memory at [mem 0x7ffe0000-0x7ffe003f]
[2026-10-07 16:21:58.454] [INFO] [QEMU] [    0.011036] ACPI: Reserving APIC table memory at [mem 0x7ffe1895-0x7ffe1914]
[2026-10-07 16:21:58.455] [INFO] [QEMU] [    0.011037] ACPI: Reserving HPET table memory at [mem 0x7ffe1915-0x7ffe194c]
[2026-10-07 16:21:58.456] [INFO] [QEMU] [    0.011039] ACPI: Reserving WAET table memory at [mem 0x7ffe194d-0x7ffe1974]
[2026-10-07 16:21:58.456] [INFO] [QEMU] [    0.011883] No NUMA configuration found
[2026-10-07 16:21:58.457] [INFO] [QEMU] [    0.011887] Faking a node at [mem 0x0000000000000000-0x000000007ffd9fff]
[2026-10-07 16:21:58.458] [INFO] [QEMU] [    0.011900] NODE_DATA(0) allocated [mem 0x7ffaf000-0x7ffd9fff]
[2026-10-07 16:21:58.458] [INFO] [QEMU] [    0.012255] Zone ranges:
[2026-10-07 16:21:58.459] [INFO] [QEMU] [    0.012257]   DMA      [mem 0x0000000000001000-0x0000000000ffffff]
[2026-10-07 16:21:58.460] [INFO] [QEMU] [    0.012261]   DMA32    [mem 0x0000000001000000-0x000000007ffd9fff]
[2026-10-07 16:21:58.460] [INFO] [QEMU] [    0.012264]   Normal   empty
[2026-10-07 16:21:58.461] [INFO] [QEMU] [    0.012266]   Device   empty
[2026-10-07 16:21:58.461] [INFO] [QEMU] [    0.012268] Movable zone start for each node
[2026-10-07 16:21:58.462] [INFO] [QEMU] [    0.012270] Early memory node ranges
[2026-10-07 16:21:58.463] [INFO] [QEMU] [    0.012271]   node   0: [mem 0x0000000000001000-0x000000000009efff]
[2026-10-07 16:21:58.464] [INFO] [QEMU] [    0.012274]   node   0: [mem 0x0000000000100000-0x000000007ffd9fff]
[2026-10-07 16:21:58.465] [INFO] [QEMU] [    0.012276] Initmem setup node 0 [mem 0x0000000000001000-0x000000007ffd9fff]
[2026-10-07 16:21:58.466] [INFO] [QEMU] [    0.016934] On node 0, zone DMA: 1 pages in unavailable ranges
[2026-10-07 16:21:58.466] [INFO] [QEMU] [    0.017442] On node 0, zone DMA: 97 pages in unavailable ranges
[2026-10-07 16:21:58.467] [INFO] [QEMU] [    0.046286] On node 0, zone DMA32: 38 pages in unavailable ranges
[2026-10-07 16:21:58.468] [INFO] [QEMU] [    0.047377] ACPI: PM-Timer IO Port: 0x608
[2026-10-07 16:21:58.469] [INFO] [QEMU] [    0.047406] ACPI: LAPIC_NMI (acpi_id[0xff] dfl dfl lint[0x1])
[2026-10-07 16:21:58.469] [INFO] [QEMU] [    0.047471] IOAPIC[0]: apic_id 0, version 17, address 0xfec00000, GSI 0-23
[2026-10-07 16:21:58.470] [INFO] [QEMU] [    0.047477] ACPI: INT_SRC_OVR (bus 0 bus_irq 0 global_irq 2 dfl dfl)
[2026-10-07 16:21:58.471] [INFO] [QEMU] [    0.047480] ACPI: INT_SRC_OVR (bus 0 bus_irq 5 global_irq 5 high level)
[2026-10-07 16:21:58.472] [INFO] [QEMU] [    0.047483] ACPI: INT_SRC_OVR (bus 0 bus_irq 9 global_irq 9 high level)
[2026-10-07 16:21:58.473] [INFO] [QEMU] [    0.047484] ACPI: INT_SRC_OVR (bus 0 bus_irq 10 global_irq 10 high level)
[2026-10-07 16:21:58.474] [INFO] [QEMU] [    0.047486] ACPI: INT_SRC_OVR (bus 0 bus_irq 11 global_irq 11 high level)
[2026-10-07 16:21:58.475] [INFO] [QEMU] [    0.047492] ACPI: Using ACPI (MADT) for SMP configuration information
[2026-10-07 16:21:58.475] [INFO] [QEMU] [    0.047494] ACPI: HPET id: 0x8086a201 base: 0xfed00000
[2026-10-07 16:21:58.476] [INFO] [QEMU] [    0.047500] TSC deadline timer available
[2026-10-07 16:21:58.477] [INFO] [QEMU] [    0.047502] smpboot: Allowing 2 CPUs, 0 hotplug CPUs
[2026-10-07 16:21:58.478] [INFO] [QEMU] [    0.047534] kvm-guest: APIC: eoi() replaced with kvm_guest_apic_eoi_write()
[2026-10-07 16:21:58.478] [INFO] [QEMU] [    0.047558] PM: hibernation: Registered nosave memory: [mem 0x00000000-0x00000fff]
[2026-10-07 16:21:58.479] [INFO] [QEMU] [    0.047561] PM: hibernation: Registered nosave memory: [mem 0x0009f000-0x000fffff]
[2026-10-07 16:21:58.480] [INFO] [QEMU] [    0.047564] [mem 0x80000000-0xfeffbfff] available for PCI devices
[2026-10-07 16:21:58.481] [INFO] [QEMU] [    0.047566] Booting paravirtualized kernel on KVM
[2026-10-07 16:21:58.482] [INFO] [QEMU] [    0.047570] clocksource: refined-jiffies: mask: 0xffffffff max_cycles: 0xffffffff, max_idle_ns: 1910969940391419 ns
[2026-10-07 16:21:58.483] [INFO] [QEMU] [    0.047580] setup_percpu: NR_CPUS:8192 nr_cpumask_bits:2 nr_cpu_ids:2 nr_node_ids:1
[2026-10-07 16:21:58.484] [INFO] [QEMU] [    0.053465] percpu: Embedded 86 pages/cpu s229376 r8192 d114688 u1048576
[2026-10-07 16:21:58.485] [INFO] [QEMU] [    0.053526] kvm-guest: PV spinlocks disabled, no host support
[2026-10-07 16:21:58.487] [INFO] [QEMU] [    0.053528] Kernel command line: BOOT_IMAGE=/vmlinuz-6.8.0-136-generic root=PARTUUID=91defc72-0e0a-4749-973f-2bd295668950 ro console=tty1 console=ttyS0 panic=-1
[2026-10-07 16:21:58.487] [INFO] [QEMU] [    0.053613] random: crng init done
[2026-10-07 16:21:58.488] [INFO] [QEMU] [    0.060352] Dentry cache hash table entries: 262144 (order: 9, 2097152 bytes, linear)
[2026-10-07 16:21:58.489] [INFO] [QEMU] [    0.060583] Inode-cache hash table entries: 131072 (order: 8, 1048576 bytes, linear)
[2026-10-07 16:21:58.490] [INFO] [QEMU] [    0.060668] Fallback order for Node 0: 0
[2026-10-07 16:21:58.491] [INFO] [QEMU] [    0.060674] Built 1 zonelists, mobility grouping on.  Total pages: 515802
[2026-10-07 16:21:58.491] [INFO] [QEMU] [    0.060676] Policy zone: DMA32
[2026-10-07 16:21:58.492] [INFO] [QEMU] [    0.060688] mem auto-init: stack:all(zero), heap alloc:on, heap free:off
[2026-10-07 16:21:58.494] [INFO] [QEMU] [    0.066040] Memory: 1990880K/2096608K available (22528K kernel code, 4441K rwdata, 14428K rodata, 4932K init, 4776K bss, 105468K reserved, 0K cma-reserved)
[2026-10-07 16:21:58.495] [INFO] [QEMU] [    0.067286] SLUB: HWalign=64, Order=0-3, MinObjects=0, CPUs=2, Nodes=1
[2026-10-07 16:21:58.496] [INFO] [QEMU] [    0.067319] ftrace: allocating 58332 entries in 228 pages
[2026-10-07 16:21:58.496] [INFO] [QEMU] [    0.081038] ftrace: allocated 228 pages with 4 groups
[2026-10-07 16:21:58.497] [INFO] [QEMU] [    0.082279] Dynamic Preempt: voluntary
[2026-10-07 16:21:58.497] [INFO] [QEMU] [    0.082363] rcu: Preemptible hierarchical RCU implementation.
[2026-10-07 16:21:58.498] [INFO] [QEMU] [    0.082364] rcu: 	RCU restricting CPUs from NR_CPUS=8192 to nr_cpu_ids=2.
[2026-10-07 16:21:58.499] [INFO] [QEMU] [    0.082366] 	Trampoline variant of Tasks RCU enabled.
[2026-10-07 16:21:58.500] [INFO] [QEMU] [    0.082367] 	Rude variant of Tasks RCU enabled.
[2026-10-07 16:21:58.500] [INFO] [QEMU] [    0.082368] 	Tracing variant of Tasks RCU enabled.
[2026-10-07 16:21:58.501] [INFO] [QEMU] [    0.082369] rcu: RCU calculated value of scheduler-enlistment delay is 100 jiffies.
[2026-10-07 16:21:58.502] [INFO] [QEMU] [    0.082370] rcu: Adjusting geometry for rcu_fanout_leaf=16, nr_cpu_ids=2
[2026-10-07 16:21:58.503] [INFO] [QEMU] [    0.082381] RCU Tasks: Setting shift to 1 and lim to 1 rcu_task_cb_adjust=1 rcu_task_cpu_ids=2.
[2026-10-07 16:21:58.505] [INFO] [QEMU] [    0.082384] RCU Tasks Rude: Setting shift to 1 and lim to 1 rcu_task_cb_adjust=1 rcu_task_cpu_ids=2.
[2026-10-07 16:21:58.506] [INFO] [QEMU] [    0.082385] RCU Tasks Trace: Setting shift to 1 and lim to 1 rcu_task_cb_adjust=1 rcu_task_cpu_ids=2.
[2026-10-07 16:21:58.507] [INFO] [QEMU] [    0.086417] NR_IRQS: 524544, nr_irqs: 440, preallocated irqs: 16
[2026-10-07 16:21:58.508] [INFO] [QEMU] [    0.086689] rcu: srcu_init: Setting srcu_struct sizes based on contention.
[2026-10-07 16:21:58.508] [INFO] [QEMU] [    0.098485] Console: colour VGA+ 80x25
[2026-10-07 16:21:58.509] [INFO] [QEMU] [    0.098489] printk: legacy console [tty1] enabled
[2026-10-07 16:21:58.509] [INFO] [QEMU] [    0.132684] printk: legacy console [ttyS0] enabled
[2026-10-07 16:21:58.510] [INFO] [QEMU] [    0.227853] ACPI: Core revision 20230628
[2026-10-07 16:21:58.512] [INFO] [QEMU] [    0.228852] clocksource: hpet: mask: 0xffffffff max_cycles: 0xffffffff, max_idle_ns: 19112604467 ns
[2026-10-07 16:21:58.513] [INFO] [QEMU] [    0.230638] APIC: Switch to symmetric I/O mode setup
[2026-10-07 16:21:58.514] [INFO] [QEMU] [    0.231950] x2apic enabled
[2026-10-07 16:21:58.515] [INFO] [QEMU] [    0.232900] APIC: Switched APIC routing to: physical x2apic
[2026-10-07 16:21:58.518] [INFO] [QEMU] [    0.235176] ..TIMER: vector=0x30 apic1=0 pin1=2 apic2=-1 pin2=-1
[2026-10-07 16:21:58.519] [INFO] [QEMU] [    0.236354] clocksource: tsc-early: mask: 0xffffffffffffffff max_cycles: 0x22df1149949, max_idle_ns: 440795312789 ns
[2026-10-07 16:21:58.521] [INFO] [QEMU] [    0.238313] Calibrating delay loop (skipped) preset value.. 4838.40 BogoMIPS (lpj=2419200)
[2026-10-07 16:21:58.522] [INFO] [QEMU] [    0.240538] Last level iTLB entries: 4KB 0, 2MB 0, 4MB 0
[2026-10-07 16:21:58.524] [INFO] [QEMU] [    0.241592] Last level dTLB entries: 4KB 0, 2MB 0, 4MB 0, 1GB 0
[2026-10-07 16:21:58.525] [INFO] [QEMU] [    0.242619] Spectre V1 : Mitigation: usercopy/swapgs barriers and __user pointer sanitization
[2026-10-07 16:21:58.527] [INFO] [QEMU] [    0.244314] Spectre V2 : Spectre BHI mitigation: SW BHB clearing on vm exit
[2026-10-07 16:21:58.528] [INFO] [QEMU] [    0.245651] Spectre V2 : Spectre BHI mitigation: SW BHB clearing on syscall
[2026-10-07 16:21:58.529] [INFO] [QEMU] [    0.247310] Spectre V2 : Mitigation: Enhanced / Automatic IBRS
[2026-10-07 16:21:58.531] [INFO] [QEMU] [    0.248627] Spectre V2 : Spectre v2 / PBRSB-eIBRS: Retire a single CALL on VMEXIT
[2026-10-07 16:21:58.532] [INFO] [QEMU] [    0.249708] RETBleed: Mitigation: Enhanced IBRS
[2026-10-07 16:21:58.533] [INFO] [QEMU] [    0.250582] Spectre V2 : mitigation: Enabling conditional Indirect Branch Prediction Barrier
[2026-10-07 16:21:58.535] [INFO] [QEMU] [    0.251752] Speculative Store Bypass: Mitigation: Speculative Store Bypass disabled via prctl
[2026-10-07 16:21:58.537] [INFO] [QEMU] [    0.253315] MMIO Stale Data: Vulnerable: Clear CPU buffers attempted, no microcode
[2026-10-07 16:21:58.538] [INFO] [QEMU] [    0.254711] GDS: Unknown: Dependent on hypervisor status
[2026-10-07 16:21:58.539] [INFO] [QEMU] [    0.255613] active return thunk: its_return_thunk
[2026-10-07 16:21:58.540] [INFO] [QEMU] [    0.256586] ITS: Mitigation: Aligned branch/return thunks
[2026-10-07 16:21:58.541] [INFO] [QEMU] [    0.258330] x86/fpu: Supporting XSAVE feature 0x001: 'x87 floating point registers'
[2026-10-07 16:21:58.543] [INFO] [QEMU] [    0.259742] x86/fpu: Supporting XSAVE feature 0x002: 'SSE registers'
[2026-10-07 16:21:58.544] [INFO] [QEMU] [    0.260660] x86/fpu: Supporting XSAVE feature 0x004: 'AVX registers'
[2026-10-07 16:21:58.546] [INFO] [QEMU] [    0.262309] x86/fpu: Supporting XSAVE feature 0x200: 'Protection Keys User registers'
[2026-10-07 16:21:58.547] [INFO] [QEMU] [    0.263747] x86/fpu: xstate_offset[2]:  576, xstate_sizes[2]:  256
[2026-10-07 16:21:58.548] [INFO] [QEMU] [    0.265309] x86/fpu: xstate_offset[9]:  832, xstate_sizes[9]:    8
[2026-10-07 16:21:58.550] [INFO] [QEMU] [    0.266645] x86/fpu: Enabled xstate features 0x207, context size is 840 bytes, using 'compacted' format.
[2026-10-07 16:21:58.602] [INFO] [QEMU] [    0.319241] Freeing SMP alternatives memory: 48K
[2026-10-07 16:21:58.603] [INFO] [QEMU] [    0.320311] pid_max: default: 32768 minimum: 301
[2026-10-07 16:21:58.604] [INFO] [QEMU] [    0.321385] LSM: initializing lsm=lockdown,capability,landlock,yama,apparmor,integrity
[2026-10-07 16:21:58.605] [INFO] [QEMU] [    0.322772] landlock: Up and running.
[2026-10-07 16:21:58.606] [INFO] [QEMU] [    0.323557] Yama: becoming mindful.
[2026-10-07 16:21:58.607] [INFO] [QEMU] [    0.324654] AppArmor: AppArmor initialized
[2026-10-07 16:21:58.609] [INFO] [QEMU] [    0.325658] Mount-cache hash table entries: 4096 (order: 3, 32768 bytes, linear)
[2026-10-07 16:21:58.610] [INFO] [QEMU] [    0.327332] Mountpoint-cache hash table entries: 4096 (order: 3, 32768 bytes, linear)
[2026-10-07 16:21:58.613] [INFO] [QEMU] [    0.329805] smpboot: CPU0: Intel Xeon Processor (Cascadelake) (family: 0x6, model: 0x55, stepping: 0x6)
[2026-10-07 16:21:58.615] [INFO] [QEMU] [    0.331237] Performance Events: unsupported p6 CPU model 85 no PMU driver, software events only.
[2026-10-07 16:21:58.617] [INFO] [QEMU] [    0.331901] signal: max sigframe size: 3632
[2026-10-07 16:21:58.618] [INFO] [QEMU] [    0.332693] rcu: Hierarchical SRCU implementation.
[2026-10-07 16:21:58.619] [INFO] [QEMU] [    0.333597] rcu: 	Max phase no-delay instances is 400.
[2026-10-07 16:21:58.626] [INFO] [QEMU] [    0.337174] NMI watchdog: Perf NMI watchdog permanently disabled
[2026-10-07 16:21:58.627] [INFO] [QEMU] [    0.337718] smp: Bringing up secondary CPUs ...
[2026-10-07 16:21:58.628] [INFO] [QEMU] [    0.338792] smpboot: x86: Booting SMP configuration:
[2026-10-07 16:21:58.632] [INFO] [QEMU] [    0.339605] .... node  #0, CPUs:      #1
[2026-10-07 16:21:58.633] [INFO] [QEMU] [    0.340395] smp: Brought up 1 node, 2 CPUs
[2026-10-07 16:21:58.634] [INFO] [QEMU] [    0.342203] smpboot: Max logical packages: 1
[2026-10-07 16:21:58.635] [INFO] [QEMU] [    0.342584] smpboot: Total of 2 processors activated (9676.80 BogoMIPS)
[2026-10-07 16:21:58.637] [INFO] [QEMU] [    0.344312] devtmpfs: initialized
[2026-10-07 16:21:58.638] [INFO] [QEMU] [    0.345128] x86/mm: Memory block size: 128MB
[2026-10-07 16:21:58.640] [INFO] [QEMU] [    0.346009] clocksource: jiffies: mask: 0xffffffff max_cycles: 0xffffffff, max_idle_ns: 1911260446275000 ns
[2026-10-07 16:21:58.642] [INFO] [QEMU] [    0.346851] futex hash table entries: 512 (order: 3, 32768 bytes, linear)
[2026-10-07 16:21:58.643] [INFO] [QEMU] [    0.347751] pinctrl core: initialized pinctrl subsystem
[2026-10-07 16:21:58.644] [INFO] [QEMU] [    0.348878] PM: RTC time: 16:21:58, date: 2026-10-07
[2026-10-07 16:21:58.647] [INFO] [QEMU] [    0.350909] NET: Registered PF_NETLINK/PF_ROUTE protocol family
[2026-10-07 16:21:58.648] [INFO] [QEMU] [    0.351780] DMA: preallocated 256 KiB GFP_KERNEL pool for atomic allocations
[2026-10-07 16:21:58.650] [INFO] [QEMU] [    0.352705] DMA: preallocated 256 KiB GFP_KERNEL|GFP_DMA pool for atomic allocations
[2026-10-07 16:21:58.651] [INFO] [QEMU] [    0.353775] DMA: preallocated 256 KiB GFP_KERNEL|GFP_DMA32 pool for atomic allocations
[2026-10-07 16:21:58.653] [INFO] [QEMU] [    0.354770] audit: initializing netlink subsys (disabled)
[2026-10-07 16:21:58.656] [INFO] [QEMU] [    0.355680] audit: type=2000 audit(1791390118.490:1): state=initialized audit_enabled=0 res=1
[2026-10-07 16:21:58.658] [INFO] [QEMU] [    0.355680] thermal_sys: Registered thermal governor 'fair_share'
[2026-10-07 16:21:58.659] [INFO] [QEMU] [    0.356784] thermal_sys: Registered thermal governor 'bang_bang'
[2026-10-07 16:21:58.660] [INFO] [QEMU] [    0.357645] thermal_sys: Registered thermal governor 'step_wise'
[2026-10-07 16:21:58.661] [INFO] [QEMU] [    0.358642] thermal_sys: Registered thermal governor 'user_space'
[2026-10-07 16:21:58.663] [INFO] [QEMU] [    0.359649] thermal_sys: Registered thermal governor 'power_allocator'
[2026-10-07 16:21:58.664] [INFO] [QEMU] [    0.360663] cpuidle: using governor ladder
[2026-10-07 16:21:58.664] [INFO] [QEMU] [    0.362320] cpuidle: using governor menu
[2026-10-07 16:21:58.666] [INFO] [QEMU] [    0.363273] acpiphp: ACPI Hot Plug PCI Controller Driver version: 0.5
[2026-10-07 16:21:58.667] [INFO] [QEMU] [    0.363840] PCI: Using configuration type 1 for base access
[2026-10-07 16:21:58.669] [INFO] [QEMU] [    0.364772] kprobes: kprobe jump-optimization is enabled. All kprobes are optimized if possible.
[2026-10-07 16:21:58.684] [INFO] [QEMU] [    0.376660] HugeTLB: registered 1.00 GiB page size, pre-allocated 0 pages
[2026-10-07 16:21:58.687] [INFO] [QEMU] [    0.380048] HugeTLB: 16380 KiB vmemmap can be freed for a 1.00 GiB page
[2026-10-07 16:21:58.690] [INFO] [QEMU] [    0.383015] HugeTLB: registered 2.00 MiB page size, pre-allocated 0 pages
[2026-10-07 16:21:58.693] [INFO] [QEMU] [    0.386023] HugeTLB: 28 KiB vmemmap can be freed for a 2.00 MiB page
[2026-10-07 16:21:58.698] [INFO] [QEMU] [    0.393024] ACPI: Added _OSI(Module Device)
[2026-10-07 16:21:58.701] [INFO] [QEMU] [    0.394865] ACPI: Added _OSI(Processor Device)
[2026-10-07 16:21:58.703] [INFO] [QEMU] [    0.396879] ACPI: Added _OSI(Processor Aggregator Device)
[2026-10-07 16:21:58.707] [INFO] [QEMU] [    0.401223] ACPI: 1 ACPI AML tables successfully acquired and loaded
[2026-10-07 16:21:58.719] [INFO] [QEMU] [    0.412801] ACPI: _OSC evaluation for CPUs failed, trying _PDC
[2026-10-07 16:21:58.721] [INFO] [QEMU] [    0.415241] ACPI: Interpreter enabled
[2026-10-07 16:21:58.723] [INFO] [QEMU] [    0.417903] ACPI: PM: (supports S0 S3 S4 S5)
[2026-10-07 16:21:58.726] [INFO] [QEMU] [    0.419875] ACPI: Using IOAPIC for interrupt routing
[2026-10-07 16:21:58.730] [INFO] [QEMU] [    0.422160] PCI: Using host bridge windows from ACPI; if necessary, use "pci=nocrs" and report a bug
[2026-10-07 16:21:58.733] [INFO] [QEMU] [    0.426281] PCI: Using E820 reservations for host bridge windows
[2026-10-07 16:21:58.736] [INFO] [QEMU] [    0.429204] ACPI: Enabled 2 GPEs in block 00 to 0F
[2026-10-07 16:21:58.744] [INFO] [QEMU] [    0.437062] ACPI: PCI Root Bridge [PCI0] (domain 0000 [bus 00-ff])
[2026-10-07 16:21:58.748] [INFO] [QEMU] [    0.440015] acpi PNP0A03:00: _OSC: OS supports [ASPM ClockPM Segments MSI EDR HPX-Type3]
[2026-10-07 16:21:58.752] [INFO] [QEMU] [    0.444237] acpi PNP0A03:00: _OSC: not requesting OS control; OS requires [ExtendedConfig ASPM ClockPM MSI]
[2026-10-07 16:21:58.758] [INFO] [QEMU] [    0.448326] acpi PNP0A03:00: fail to add MMCONFIG information, can't access extended configuration space under this bridge
[2026-10-07 16:21:58.761] [INFO] [QEMU] [    0.454042] acpiphp: Slot [3] registered
[2026-10-07 16:21:58.763] [INFO] [QEMU] [    0.456926] acpiphp: Slot [4] registered
[2026-10-07 16:21:58.765] [INFO] [QEMU] [    0.458911] acpiphp: Slot [5] registered
[2026-10-07 16:21:58.767] [INFO] [QEMU] [    0.460971] acpiphp: Slot [6] registered
[2026-10-07 16:21:58.769] [INFO] [QEMU] [    0.462925] acpiphp: Slot [7] registered
[2026-10-07 16:21:58.771] [INFO] [QEMU] [    0.464904] acpiphp: Slot [8] registered
[2026-10-07 16:21:58.773] [INFO] [QEMU] [    0.466909] acpiphp: Slot [9] registered
[2026-10-07 16:21:58.776] [INFO] [QEMU] [    0.468933] acpiphp: Slot [10] registered
[2026-10-07 16:21:58.778] [INFO] [QEMU] [    0.470904] acpiphp: Slot [11] registered
[2026-10-07 16:21:58.780] [INFO] [QEMU] [    0.472897] acpiphp: Slot [12] registered
[2026-10-07 16:21:58.782] [INFO] [QEMU] [    0.474924] acpiphp: Slot [13] registered
[2026-10-07 16:21:58.784] [INFO] [QEMU] [    0.476930] acpiphp: Slot [14] registered
[2026-10-07 16:21:58.786] [INFO] [QEMU] [    0.478924] acpiphp: Slot [15] registered
[2026-10-07 16:21:58.788] [INFO] [QEMU] [    0.480893] acpiphp: Slot [16] registered
[2026-10-07 16:21:58.790] [INFO] [QEMU] [    0.482969] acpiphp: Slot [17] registered
[2026-10-07 16:21:58.793] [INFO] [QEMU] [    0.485920] acpiphp: Slot [18] registered
[2026-10-07 16:21:58.795] [INFO] [QEMU] [    0.487899] acpiphp: Slot [19] registered
[2026-10-07 16:21:58.797] [INFO] [QEMU] [    0.489925] acpiphp: Slot [20] registered
[2026-10-07 16:21:58.799] [INFO] [QEMU] [    0.491930] acpiphp: Slot [21] registered
[2026-10-07 16:21:58.801] [INFO] [QEMU] [    0.493915] acpiphp: Slot [22] registered
[2026-10-07 16:21:58.803] [INFO] [QEMU] [    0.495909] acpiphp: Slot [23] registered
[2026-10-07 16:21:58.805] [INFO] [QEMU] [    0.497962] acpiphp: Slot [24] registered
[2026-10-07 16:21:58.807] [INFO] [QEMU] [    0.499927] acpiphp: Slot [25] registered
[2026-10-07 16:21:58.810] [INFO] [QEMU] [    0.501895] acpiphp: Slot [26] registered
[2026-10-07 16:21:58.812] [INFO] [QEMU] [    0.503900] acpiphp: Slot [27] registered
[2026-10-07 16:21:58.814] [INFO] [QEMU] [    0.505931] acpiphp: Slot [28] registered
[2026-10-07 16:21:58.816] [INFO] [QEMU] [    0.507928] acpiphp: Slot [29] registered
[2026-10-07 16:21:58.818] [INFO] [QEMU] [    0.510907] acpiphp: Slot [30] registered
[2026-10-07 16:21:58.820] [INFO] [QEMU] [    0.512952] acpiphp: Slot [31] registered
[2026-10-07 16:21:58.823] [INFO] [QEMU] [    0.514960] PCI host bridge to bus 0000:00
[2026-10-07 16:21:58.826] [INFO] [QEMU] [    0.516882] pci_bus 0000:00: root bus resource [io  0x0000-0x0cf7 window]
[2026-10-07 16:21:58.829] [INFO] [QEMU] [    0.520005] pci_bus 0000:00: root bus resource [io  0x0d00-0xffff window]
[2026-10-07 16:21:58.832] [INFO] [QEMU] [    0.523001] pci_bus 0000:00: root bus resource [mem 0x000a0000-0x000bffff window]
[2026-10-07 16:21:58.836] [INFO] [QEMU] [    0.526163] pci_bus 0000:00: root bus resource [mem 0x80000000-0xfebfffff window]
[2026-10-07 16:21:58.840] [INFO] [QEMU] [    0.530151] pci_bus 0000:00: root bus resource [mem 0x100000000-0x17fffffff window]
[2026-10-07 16:21:58.843] [INFO] [QEMU] [    0.534177] pci_bus 0000:00: root bus resource [bus 00-ff]
[2026-10-07 16:21:58.846] [INFO] [QEMU] [    0.536073] pci 0000:00:00.0: [8086:1237] type 00 class 0x060000 conventional PCI endpoint
[2026-10-07 16:21:58.853] [INFO] [QEMU] [    0.542759] pci 0000:00:01.0: [8086:7000] type 00 class 0x060100 conventional PCI endpoint
[2026-10-07 16:21:58.859] [INFO] [QEMU] [    0.548677] pci 0000:00:01.1: [8086:7010] type 00 class 0x010180 conventional PCI endpoint
[2026-10-07 16:21:58.863] [INFO] [QEMU] [    0.554076] pci 0000:00:01.1: BAR 4 [io  0xc140-0xc14f]
[2026-10-07 16:21:58.867] [INFO] [QEMU] [    0.557041] pci 0000:00:01.1: BAR 0 [io  0x01f0-0x01f7]: legacy IDE quirk
[2026-10-07 16:21:58.870] [INFO] [QEMU] [    0.560015] pci 0000:00:01.1: BAR 1 [io  0x03f6]: legacy IDE quirk
[2026-10-07 16:21:58.873] [INFO] [QEMU] [    0.562973] pci 0000:00:01.1: BAR 2 [io  0x0170-0x0177]: legacy IDE quirk
[2026-10-07 16:21:58.876] [INFO] [QEMU] [    0.565987] pci 0000:00:01.1: BAR 3 [io  0x0376]: legacy IDE quirk
[2026-10-07 16:21:58.880] [INFO] [QEMU] [    0.569397] pci 0000:00:01.3: [8086:7113] type 00 class 0x068000 conventional PCI endpoint
[2026-10-07 16:21:58.885] [INFO] [QEMU] [    0.574217] pci 0000:00:01.3: quirk: [io  0x0600-0x063f] claimed by PIIX4 ACPI
[2026-10-07 16:21:58.888] [INFO] [QEMU] [    0.577157] pci 0000:00:01.3: quirk: [io  0x0700-0x070f] claimed by PIIX4 SMB
[2026-10-07 16:21:58.893] [INFO] [QEMU] [    0.581623] pci 0000:00:02.0: [1234:1111] type 00 class 0x030000 conventional PCI endpoint
[2026-10-07 16:21:58.908] [INFO] [QEMU] [    0.589457] pci 0000:00:02.0: BAR 0 [mem 0xfd000000-0xfdffffff pref]
[2026-10-07 16:21:58.911] [INFO] [QEMU] [    0.593121] pci 0000:00:02.0: BAR 2 [mem 0xfeb90000-0xfeb90fff]
[2026-10-07 16:21:58.914] [INFO] [QEMU] [    0.596179] pci 0000:00:02.0: ROM [mem 0xfeb80000-0xfeb8ffff pref]
[2026-10-07 16:21:58.919] [INFO] [QEMU] [    0.599542] pci 0000:00:02.0: Video device with shadowed ROM at [mem 0x000c0000-0x000dffff]
[2026-10-07 16:21:58.926] [INFO] [QEMU] [    0.606317] pci 0000:00:03.0: [1af4:1005] type 00 class 0x00ff00 conventional PCI endpoint
[2026-10-07 16:21:58.931] [INFO] [QEMU] [    0.612009] pci 0000:00:03.0: BAR 0 [io  0xc100-0xc11f]
[2026-10-07 16:21:58.934] [INFO] [QEMU] [    0.614054] pci 0000:00:03.0: BAR 4 [mem 0xfe000000-0xfe003fff 64bit pref]
[2026-10-07 16:21:58.941] [INFO] [QEMU] [    0.620937] pci 0000:00:04.0: [1af4:1000] type 00 class 0x020000 conventional PCI endpoint
[2026-10-07 16:21:58.947] [INFO] [QEMU] [    0.628346] pci 0000:00:04.0: BAR 0 [io  0xc120-0xc13f]
[2026-10-07 16:21:58.950] [INFO] [QEMU] [    0.629950] pci 0000:00:04.0: BAR 1 [mem 0xfeb91000-0xfeb91fff]
[2026-10-07 16:21:58.954] [INFO] [QEMU] [    0.633064] pci 0000:00:04.0: BAR 4 [mem 0xfe004000-0xfe007fff 64bit pref]
[2026-10-07 16:21:58.957] [INFO] [QEMU] [    0.637087] pci 0000:00:04.0: ROM [mem 0xfeb00000-0xfeb7ffff pref]
[2026-10-07 16:21:58.963] [INFO] [QEMU] [    0.642977] pci 0000:00:05.0: [1af4:1001] type 00 class 0x010000 conventional PCI endpoint
[2026-10-07 16:21:58.971] [INFO] [QEMU] [    0.651355] pci 0000:00:05.0: BAR 0 [io  0xc000-0xc07f]
[2026-10-07 16:21:58.974] [INFO] [QEMU] [    0.652972] pci 0000:00:05.0: BAR 1 [mem 0xfeb92000-0xfeb92fff]
[2026-10-07 16:21:58.977] [INFO] [QEMU] [    0.657076] pci 0000:00:05.0: BAR 4 [mem 0xfe008000-0xfe00bfff 64bit pref]
[2026-10-07 16:21:58.984] [INFO] [QEMU] [    0.663067] pci 0000:00:06.0: [1af4:1001] type 00 class 0x010000 conventional PCI endpoint
[2026-10-07 16:21:58.991] [INFO] [QEMU] [    0.670360] pci 0000:00:06.0: BAR 0 [io  0xc080-0xc0ff]
[2026-10-07 16:21:58.994] [INFO] [QEMU] [    0.672949] pci 0000:00:06.0: BAR 1 [mem 0xfeb93000-0xfeb93fff]
[2026-10-07 16:21:58.997] [INFO] [QEMU] [    0.676077] pci 0000:00:06.0: BAR 4 [mem 0xfe00c000-0xfe00ffff 64bit pref]
[2026-10-07 16:21:59.017] [INFO] [QEMU] [    0.696053] ACPI: PCI: Interrupt link LNKA configured for IRQ 10
[2026-10-07 16:21:59.017] [INFO] [QEMU] [    0.696805] ACPI: PCI: Interrupt link LNKB configured for IRQ 10
[2026-10-07 16:21:59.019] [INFO] [QEMU] [    0.698769] ACPI: PCI: Interrupt link LNKC configured for IRQ 11
[2026-10-07 16:21:59.020] [INFO] [QEMU] [    0.699776] ACPI: PCI: Interrupt link LNKD configured for IRQ 11
[2026-10-07 16:21:59.021] [INFO] [QEMU] [    0.701727] ACPI: PCI: Interrupt link LNKS configured for IRQ 9
[2026-10-07 16:21:59.025] [INFO] [QEMU] [    0.704526] iommu: Default domain type: Translated
[2026-10-07 16:21:59.028] [INFO] [QEMU] [    0.705932] iommu: DMA domain TLB invalidation policy: lazy mode
[2026-10-07 16:21:59.031] [INFO] [QEMU] [    0.708022] SCSI subsystem initialized
[2026-10-07 16:21:59.033] [INFO] [QEMU] [    0.708953] ACPI: bus type USB registered
[2026-10-07 16:21:59.034] [INFO] [QEMU] [    0.709678] usbcore: registered new interface driver usbfs
[2026-10-07 16:21:59.035] [INFO] [QEMU] [    0.710670] usbcore: registered new interface driver hub
[2026-10-07 16:21:59.036] [INFO] [QEMU] [    0.711654] usbcore: registered new device driver usb
[2026-10-07 16:21:59.038] [INFO] [QEMU] [    0.713716] pps_core: LinuxPPS API ver. 1 registered
[2026-10-07 16:21:59.040] [INFO] [QEMU] [    0.714622] pps_core: Software ver. 5.3.6 - Copyright 2005-2007 Rodolfo Giometti <giometti@linux.it>
[2026-10-07 16:21:59.041] [INFO] [QEMU] [    0.716820] PTP clock support registered
[2026-10-07 16:21:59.042] [INFO] [QEMU] [    0.717657] EDAC MC: Ver: 3.0.0
[2026-10-07 16:21:59.045] [INFO] [QEMU] [    0.720807] NetLabel: Initializing
[2026-10-07 16:21:59.046] [INFO] [QEMU] [    0.721568] NetLabel:  domain hash size = 128
[2026-10-07 16:21:59.047] [INFO] [QEMU] [    0.722312] NetLabel:  protocols = UNLABELED CIPSOv4 CALIPSO
[2026-10-07 16:21:59.048] [INFO] [QEMU] [    0.723390] NetLabel:  unlabeled traffic allowed by default
[2026-10-07 16:21:59.050] [INFO] [QEMU] [    0.724492] mctp: management component transport protocol core
[2026-10-07 16:21:59.051] [INFO] [QEMU] [    0.725652] NET: Registered PF_MCTP protocol family
[2026-10-07 16:21:59.052] [INFO] [QEMU] [    0.726650] PCI: Using ACPI for IRQ routing
[2026-10-07 16:21:59.053] [INFO] [QEMU] [    0.727883] pci 0000:00:02.0: vgaarb: setting as boot VGA device
[2026-10-07 16:21:59.055] [INFO] [QEMU] [    0.728308] pci 0000:00:02.0: vgaarb: bridge control possible
[2026-10-07 16:21:59.056] [INFO] [QEMU] [    0.728308] pci 0000:00:02.0: vgaarb: VGA device added: decodes=io+mem,owns=io+mem,locks=none
[2026-10-07 16:21:59.057] [INFO] [QEMU] [    0.728317] vgaarb: loaded
[2026-10-07 16:21:59.060] [INFO] [QEMU] [    0.729447] hpet0: at MMIO 0xfed00000, IRQs 2, 8, 0
[2026-10-07 16:21:59.063] [INFO] [QEMU] [    0.731320] hpet0: 3 comparators, 64-bit 100.000000 MHz counter
[2026-10-07 16:21:59.070] [INFO] [QEMU] [    0.738574] clocksource: Switched to clocksource kvm-clock
[2026-10-07 16:21:59.075] [INFO] [QEMU] [    0.744124] VFS: Disk quotas dquot_6.6.0
[2026-10-07 16:21:59.078] [INFO] [QEMU] [    0.746293] VFS: Dquot-cache hash table entries: 512 (order 0, 4096 bytes)
[2026-10-07 16:21:59.080] [INFO] [QEMU] [    0.750253] AppArmor: AppArmor Filesystem Enabled
[2026-10-07 16:21:59.081] [INFO] [QEMU] [    0.751437] pnp: PnP ACPI init
[2026-10-07 16:21:59.082] [INFO] [QEMU] [    0.752764] pnp: PnP ACPI: found 6 devices
[2026-10-07 16:21:59.096] [INFO] [QEMU] [    0.763421] clocksource: acpi_pm: mask: 0xffffff max_cycles: 0xffffff, max_idle_ns: 2085701024 ns
[2026-10-07 16:21:59.099] [INFO] [QEMU] [    0.767879] NET: Registered PF_INET protocol family
[2026-10-07 16:21:59.102] [INFO] [QEMU] [    0.770747] IP idents hash table entries: 32768 (order: 6, 262144 bytes, linear)
[2026-10-07 16:21:59.147] [INFO] [QEMU] [    0.814489] tcp_listen_portaddr_hash hash table entries: 1024 (order: 2, 16384 bytes, linear)
[2026-10-07 16:21:59.150] [INFO] [QEMU] [    0.818684] Table-perturb hash table entries: 65536 (order: 6, 262144 bytes, linear)
[2026-10-07 16:21:59.154] [INFO] [QEMU] [    0.822584] TCP established hash table entries: 16384 (order: 5, 131072 bytes, linear)
[2026-10-07 16:21:59.158] [INFO] [QEMU] [    0.826501] TCP bind hash table entries: 16384 (order: 7, 524288 bytes, linear)
[2026-10-07 16:21:59.161] [INFO] [QEMU] [    0.830122] TCP: Hash tables configured (established 16384 bind 16384)
[2026-10-07 16:21:59.165] [INFO] [QEMU] [    0.833452] MPTCP token hash table entries: 2048 (order: 4, 49152 bytes, linear)
[2026-10-07 16:21:59.168] [INFO] [QEMU] [    0.837085] UDP hash table entries: 1024 (order: 3, 32768 bytes, linear)
[2026-10-07 16:21:59.172] [INFO] [QEMU] [    0.840306] UDP-Lite hash table entries: 1024 (order: 3, 32768 bytes, linear)
[2026-10-07 16:21:59.175] [INFO] [QEMU] [    0.843897] NET: Registered PF_UNIX/PF_LOCAL protocol family
[2026-10-07 16:21:59.177] [INFO] [QEMU] [    0.846714] NET: Registered PF_XDP protocol family
[2026-10-07 16:21:59.180] [INFO] [QEMU] [    0.849166] pci_bus 0000:00: resource 4 [io  0x0000-0x0cf7 window]
[2026-10-07 16:21:59.183] [INFO] [QEMU] [    0.852170] pci_bus 0000:00: resource 5 [io  0x0d00-0xffff window]
[2026-10-07 16:21:59.187] [INFO] [QEMU] [    0.855204] pci_bus 0000:00: resource 6 [mem 0x000a0000-0x000bffff window]
[2026-10-07 16:21:59.190] [INFO] [QEMU] [    0.858496] pci_bus 0000:00: resource 7 [mem 0x80000000-0xfebfffff window]
[2026-10-07 16:21:59.193] [INFO] [QEMU] [    0.861729] pci_bus 0000:00: resource 8 [mem 0x100000000-0x17fffffff window]
[2026-10-07 16:21:59.196] [INFO] [QEMU] [    0.865254] pci 0000:00:01.0: PIIX3: Enabling Passive Release
[2026-10-07 16:21:59.199] [INFO] [QEMU] [    0.868195] pci 0000:00:00.0: Limiting direct PCI/PCI transfers
[2026-10-07 16:21:59.202] [INFO] [QEMU] [    0.871374] PCI: CLS 0 bytes, default 64
[2026-10-07 16:21:59.206] [INFO] [QEMU] [    0.873787] clocksource: tsc: mask: 0xffffffffffffffff max_cycles: 0x22df1149949, max_idle_ns: 440795312789 ns
[2026-10-07 16:21:59.207] [INFO] [QEMU] [    0.873913] Trying to unpack rootfs image as initramfs...
[2026-10-07 16:21:59.210] [INFO] [QEMU] [    0.878640] Initialise system trusted keyrings
[2026-10-07 16:21:59.212] [INFO] [QEMU] [    0.881950] Key type blacklist registered
[2026-10-07 16:21:59.216] [INFO] [QEMU] [    0.884267] workingset: timestamp_bits=36 max_order=19 bucket_order=0
[2026-10-07 16:21:59.217] [INFO] [QEMU] [    0.887539] zbud: loaded
[2026-10-07 16:21:59.221] [INFO] [QEMU] [    0.889603] squashfs: version 4.0 (2009/01/31) Phillip Lougher
[2026-10-07 16:21:59.223] [INFO] [QEMU] [    0.892923] fuse: init (API version 7.39)
[2026-10-07 16:21:59.226] [INFO] [QEMU] [    0.895630] integrity: Platform Keyring initialized
[2026-10-07 16:21:59.229] [INFO] [QEMU] [    0.898095] integrity: Machine keyring initialized
[2026-10-07 16:21:59.235] [INFO] [QEMU] [    0.905097] Freeing initrd memory: 14752K
[2026-10-07 16:21:59.247] [INFO] [QEMU] [    0.916350] Key type asymmetric registered
[2026-10-07 16:21:59.249] [INFO] [QEMU] [    0.918548] Asymmetric key parser 'x509' registered
[2026-10-07 16:21:59.253] [INFO] [QEMU] [    0.921103] Block layer SCSI generic (bsg) driver version 0.4 loaded (major 243)
[2026-10-07 16:21:59.256] [INFO] [QEMU] [    0.925008] io scheduler mq-deadline registered
[2026-10-07 16:21:59.259] [INFO] [QEMU] [    0.927881] shpchp: Standard Hot Plug PCI Controller Driver version: 0.4
[2026-10-07 16:21:59.263] [INFO] [QEMU] [    0.931635] input: Power Button as /devices/LNXSYSTM:00/LNXPWRBN:00/input/input0
[2026-10-07 16:21:59.266] [INFO] [QEMU] [    0.935571] ACPI: button: Power Button [PWRF]
[2026-10-07 16:21:59.296] [INFO] [QEMU] [    0.965667] ACPI: \_SB_.LNKC: Enabled at IRQ 11
[2026-10-07 16:21:59.330] [INFO] [QEMU] [    0.999054] ACPI: \_SB_.LNKD: Enabled at IRQ 10
[2026-10-07 16:21:59.363] [INFO] [QEMU] [    1.032655] ACPI: \_SB_.LNKA: Enabled at IRQ 10
[2026-10-07 16:21:59.396] [INFO] [QEMU] [    1.065749] ACPI: \_SB_.LNKB: Enabled at IRQ 11
[2026-10-07 16:21:59.402] [INFO] [QEMU] [    1.070691] Serial: 8250/16550 driver, 32 ports, IRQ sharing enabled
[2026-10-07 16:21:59.432] [INFO] [QEMU] [    1.101768] 00:04: ttyS0 at I/O 0x3f8 (irq = 4, base_baud = 115200) is a 16550A
[2026-10-07 16:21:59.437] [INFO] [QEMU] [    1.107717] Linux agpgart interface v0.103
[2026-10-07 16:21:59.444] [INFO] [QEMU] [    1.113709] loop: module loaded
[2026-10-07 16:21:59.447] [INFO] [QEMU] [    1.115950] virtio_blk virtio2: 2/0/0 default/read/poll queues
[2026-10-07 16:21:59.455] [INFO] [QEMU] [    1.122482] virtio_blk virtio2: [vda] 16777216 512-byte logical blocks (8.59 GB/8.00 GiB)
[2026-10-07 16:21:59.461] [INFO] [QEMU] [    1.130552]  vda: vda1 vda14 vda15 vda16
[2026-10-07 16:21:59.465] [INFO] [QEMU] [    1.133602] virtio_blk virtio3: 2/0/0 default/read/poll queues
[2026-10-07 16:21:59.471] [INFO] [QEMU] [    1.139296] virtio_blk virtio3: [vdb] 123376 512-byte logical blocks (63.2 MB/60.2 MiB)
[2026-10-07 16:21:59.478] [INFO] [QEMU] [    1.147295] scsi host0: ata_piix
[2026-10-07 16:21:59.480] [INFO] [QEMU] [    1.149684] scsi host1: ata_piix
[2026-10-07 16:21:59.484] [INFO] [QEMU] [    1.151634] ata1: PATA max MWDMA2 cmd 0x1f0 ctl 0x3f6 bmdma 0xc140 irq 14 lpm-pol 0
[2026-10-07 16:21:59.487] [INFO] [QEMU] [    1.155446] ata2: PATA max MWDMA2 cmd 0x170 ctl 0x376 bmdma 0xc148 irq 15 lpm-pol 0
[2026-10-07 16:21:59.491] [INFO] [QEMU] [    1.159335] ACPI: bus type drm_connector registered
[2026-10-07 16:21:59.494] [INFO] [QEMU] [    1.162836] tun: Universal TUN/TAP device driver, 1.6
[2026-10-07 16:21:59.500] [INFO] [QEMU] [    1.169702] PPP generic driver version 2.4.2
[2026-10-07 16:21:59.505] [INFO] [QEMU] [    1.172661] i8042: PNP: PS/2 Controller [PNP0303:KBD,PNP0f13:MOU] at 0x60,0x64 irq 1,12
[2026-10-07 16:21:59.509] [INFO] [QEMU] [    1.178283] serio: i8042 KBD port at 0x60,0x64 irq 1
[2026-10-07 16:21:59.512] [INFO] [QEMU] [    1.180811] serio: i8042 AUX port at 0x60,0x64 irq 12
[2026-10-07 16:21:59.515] [INFO] [QEMU] [    1.183760] mousedev: PS/2 mouse device common for all mice
[2026-10-07 16:21:59.518] [INFO] [QEMU] [    1.187008] rtc_cmos 00:05: RTC can wake from S4
[2026-10-07 16:21:59.520] [INFO] [QEMU] [    1.189561] input: AT Translated Set 2 keyboard as /devices/platform/i8042/serio0/input/input1
[2026-10-07 16:21:59.521] [INFO] [QEMU] [    1.191304] rtc_cmos 00:05: registered as rtc0
[2026-10-07 16:21:59.523] [INFO] [QEMU] [    1.192486] rtc_cmos 00:05: setting system clock to 2026-10-07T16:21:59 UTC (1791390119)
[2026-10-07 16:21:59.524] [INFO] [QEMU] [    1.194214] rtc_cmos 00:05: alarms up to one day, y3k, 242 bytes nvram, hpet irqs
[2026-10-07 16:21:59.525] [INFO] [QEMU] [    1.195764] i2c_dev: i2c /dev entries driver
[2026-10-07 16:21:59.527] [INFO] [QEMU] [    1.196784] device-mapper: core: CONFIG_IMA_DISABLE_HTABLE is disabled. Duplicate IMA measurements will not be recorded in the IMA log.
[2026-10-07 16:21:59.529] [INFO] [QEMU] [    1.199195] device-mapper: uevent: version 1.0.3
[2026-10-07 16:21:59.530] [INFO] [QEMU] [    1.200332] device-mapper: ioctl: 4.48.0-ioctl (2023-03-01) initialised: dm-devel@redhat.com
[2026-10-07 16:21:59.532] [INFO] [QEMU] [    1.202067] intel_pstate: CPU model not supported
[2026-10-07 16:21:59.533] [INFO] [QEMU] [    1.203108] ledtrig-cpu: registered to indicate activity on CPUs
[2026-10-07 16:21:59.534] [INFO] [QEMU] [    1.204543] drop_monitor: Initializing network drop monitor service
[2026-10-07 16:21:59.536] [INFO] [QEMU] [    1.206072] NET: Registered PF_INET6 protocol family
[2026-10-07 16:21:59.538] [INFO] [QEMU] [    1.208705] Segment Routing with IPv6
[2026-10-07 16:21:59.539] [INFO] [QEMU] [    1.209561] In-situ OAM (IOAM) with IPv6
[2026-10-07 16:21:59.540] [INFO] [QEMU] [    1.210503] NET: Registered PF_PACKET protocol family
[2026-10-07 16:21:59.542] [INFO] [QEMU] [    1.211699] Key type dns_resolver registered
[2026-10-07 16:21:59.545] [INFO] [QEMU] [    1.214681] No MBM correction factor available
[2026-10-07 16:21:59.548] [INFO] [QEMU] [    1.217060] IPI shorthand broadcast: enabled
[2026-10-07 16:21:59.555] [INFO] [QEMU] [    1.222879] sched_clock: Marking stable (1076006640, 146610317)->(1269983736, -47366779)
[2026-10-07 16:21:59.558] [INFO] [QEMU] [    1.227562] registered taskstats version 1
[2026-10-07 16:21:59.561] [INFO] [QEMU] [    1.230164] Loading compiled-in X.509 certificates
[2026-10-07 16:21:59.566] [INFO] [QEMU] [    1.233803] Loaded X.509 cert 'Build time autogenerated kernel key: eea4a9707394bf26b4f59ee0ef16383ba94b4361'
[2026-10-07 16:21:59.572] [INFO] [QEMU] [    1.239411] Loaded X.509 cert 'Canonical Ltd. Live Patch Signing 2025 Kmod: d541cef61dc7e793b7eb7e899970a2eef0b5dc8c'
[2026-10-07 16:21:59.578] [INFO] [QEMU] [    1.245254] Loaded X.509 cert 'Canonical Ltd. Live Patch Signing: 14df34d1a87cf37625abec039ef2bf521249b969'
[2026-10-07 16:21:59.584] [INFO] [QEMU] [    1.250831] Loaded X.509 cert 'Canonical Ltd. Kernel Module Signing 2025 Kmod: 4627603d2357a2a3f81006370894c221175893e9'
[2026-10-07 16:21:59.590] [INFO] [QEMU] [    1.256842] Loaded X.509 cert 'Canonical Ltd. Kernel Module Signing: 88f752e560a1e0737e31163a466ad7b70a850c19'
[2026-10-07 16:21:59.593] [INFO] [QEMU] [    1.261754] blacklist: Loading compiled-in revocation X.509 certificates
[2026-10-07 16:21:59.598] [INFO] [QEMU] [    1.265178] Loaded X.509 cert 'Canonical Ltd. Secure Boot Signing: 61482aa2830d0ab2ad5af10b7250da9033ddcef0'
[2026-10-07 16:21:59.603] [INFO] [QEMU] [    1.269840] Loaded X.509 cert 'Canonical Ltd. Secure Boot Signing (2017): 242ade75ac4a15e50d50c84b0d45ff3eae707a03'
[2026-10-07 16:21:59.608] [INFO] [QEMU] [    1.274757] Loaded X.509 cert 'Canonical Ltd. Secure Boot Signing (ESM 2018): 365188c1d374d6b07c3c8f240f8ef722433d6a8b'
[2026-10-07 16:21:59.612] [INFO] [QEMU] [    1.279674] Loaded X.509 cert 'Canonical Ltd. Secure Boot Signing (2019): c0746fd6c5da3ae827864651ad66ae47fe24b3e8'
[2026-10-07 16:21:59.617] [INFO] [QEMU] [    1.284363] Loaded X.509 cert 'Canonical Ltd. Secure Boot Signing (2021 v1): a8d54bbb3825cfb94fa13c9f8a594a195c107b8d'
[2026-10-07 16:21:59.622] [INFO] [QEMU] [    1.289309] Loaded X.509 cert 'Canonical Ltd. Secure Boot Signing (2021 v2): 4cf046892d6fd3c9a5b03f98d845f90851dc6a8c'
[2026-10-07 16:21:59.627] [INFO] [QEMU] [    1.294426] Loaded X.509 cert 'Canonical Ltd. Secure Boot Signing (2021 v3): 100437bb6de6e469b581e61cd66bce3ef4ed53af'
[2026-10-07 16:21:59.633] [INFO] [QEMU] [    1.299456] Loaded X.509 cert 'Canonical Ltd. Secure Boot Signing (Ubuntu Core 2019): c1d57b8f6b743f23ee41f4f7ee292f06eecadfb9'
[2026-10-07 16:21:59.644] [INFO] [QEMU] [    1.313168] Key type .fscrypt registered
[2026-10-07 16:21:59.645] [INFO] [QEMU] [    1.314306] ata2: found unknown device (class 0)
[2026-10-07 16:21:59.647] [INFO] [QEMU] [    1.314751] Key type fscrypt-provisioning registered
[2026-10-07 16:21:59.649] [INFO] [QEMU] [    1.319635] ata2.00: ATAPI: QEMU DVD-ROM, 2.5+, max UDMA/100
[2026-10-07 16:21:59.652] [INFO] [QEMU] [    1.322160] Key type encrypted registered
[2026-10-07 16:21:59.653] [INFO] [QEMU] [    1.322496] scsi 1:0:0:0: CD-ROM            QEMU     QEMU DVD-ROM     2.5+ PQ: 0 ANSI: 5
[2026-10-07 16:21:59.654] [INFO] [QEMU] [    1.322858] AppArmor: AppArmor sha256 policy hashing enabled
[2026-10-07 16:21:59.656] [INFO] [QEMU] [    1.326209] ima: No TPM chip found, activating TPM-bypass!
[2026-10-07 16:21:59.658] [INFO] [QEMU] [    1.327553] Loading compiled-in module X.509 certificates
[2026-10-07 16:21:59.663] [INFO] [QEMU] [    1.330811] Loaded X.509 cert 'Build time autogenerated kernel key: eea4a9707394bf26b4f59ee0ef16383ba94b4361'
[2026-10-07 16:21:59.666] [INFO] [QEMU] [    1.335319] ima: Allocated hash algorithm: sha256
[2026-10-07 16:21:59.668] [INFO] [QEMU] [    1.337679] ima: No architecture policies found
[2026-10-07 16:21:59.671] [INFO] [QEMU] [    1.340139] evm: Initialising EVM extended attributes:
[2026-10-07 16:21:59.673] [INFO] [QEMU] [    1.342665] evm: security.selinux
[2026-10-07 16:21:59.674] [INFO] [QEMU] [    1.344366] evm: security.SMACK64
[2026-10-07 16:21:59.676] [INFO] [QEMU] [    1.346099] evm: security.SMACK64EXEC
[2026-10-07 16:21:59.678] [INFO] [QEMU] [    1.347984] evm: security.SMACK64TRANSMUTE
[2026-10-07 16:21:59.680] [INFO] [QEMU] [    1.350035] evm: security.SMACK64MMAP
[2026-10-07 16:21:59.682] [INFO] [QEMU] [    1.351914] evm: security.apparmor
[2026-10-07 16:21:59.684] [INFO] [QEMU] [    1.353676] evm: security.ima
[2026-10-07 16:21:59.685] [INFO] [QEMU] [    1.355221] evm: security.capability
[2026-10-07 16:21:59.687] [INFO] [QEMU] [    1.357051] evm: HMAC attrs: 0x1
[2026-10-07 16:21:59.690] [INFO] [QEMU] [    1.359861] PM:   Magic number: 14:71:388
[2026-10-07 16:21:59.696] [INFO] [QEMU] [    1.365669] sr 1:0:0:0: [sr0] scsi3-mmc drive: 4x/4x cd/rw xa/form2 tray
[2026-10-07 16:21:59.700] [INFO] [QEMU] [    1.369220] RAS: Correctable Errors collector initialized.
[2026-10-07 16:21:59.703] [INFO] [QEMU] [    1.372037] clk: Disabling unused clocks
[2026-10-07 16:21:59.713] [INFO] [QEMU] [    1.382416] cdrom: Uniform CD-ROM driver Revision: 3.20
[2026-10-07 16:21:59.723] [INFO] [QEMU] [    1.392219] sr 1:0:0:0: Attached scsi generic sg0 type 5
[2026-10-07 16:21:59.726] [INFO] [QEMU] [    1.394917] md: Waiting for all devices to be available before autodetect
[2026-10-07 16:21:59.728] [INFO] [QEMU] [    1.397444] md: If you don't use raid, use raid=noautodetect
[2026-10-07 16:21:59.730] [INFO] [QEMU] [    1.399650] md: Autodetecting RAID arrays.
[2026-10-07 16:21:59.731] [INFO] [QEMU] [    1.401322] md: autorun ...
[2026-10-07 16:21:59.731] [INFO] [QEMU] [    1.402048] md: ... autorun DONE.
[2026-10-07 16:21:59.738] [INFO] [QEMU] [    1.408147] EXT4-fs (vda1): mounted filesystem 03bf9af0-1bed-46b6-a5c1-32fc5e52d0c6 ro with ordered data mode. Quota mode: none.
[2026-10-07 16:21:59.740] [INFO] [QEMU] [    1.410030] VFS: Mounted root (ext4 filesystem) readonly on device 253:1.
[2026-10-07 16:21:59.742] [INFO] [QEMU] [    1.412376] devtmpfs: mounted
[2026-10-07 16:21:59.756] [INFO] [QEMU] [    1.425984] Freeing unused decrypted memory: 2028K
[2026-10-07 16:21:59.760] [INFO] [QEMU] [    1.430126] Freeing unused kernel image (initmem) memory: 4932K
[2026-10-07 16:21:59.761] [INFO] [QEMU] [    1.431150] Write protecting the kernel read-only data: 38912k
[2026-10-07 16:21:59.764] [INFO] [QEMU] [    1.434007] Freeing unused kernel image (rodata/data gap) memory: 1956K
[2026-10-07 16:21:59.778] [INFO] [QEMU] [    1.448776] x86/mm: Checked W+X mappings: passed, no W+X pages found.
[2026-10-07 16:21:59.779] [INFO] [QEMU] [    1.449883] Run /sbin/init as init process
[2026-10-07 16:22:00.017] [INFO] [QEMU] [    1.686969] systemd[1]: Inserted module 'autofs4'
[2026-10-07 16:22:00.067] [INFO] [QEMU] [    1.732980] systemd[1]: systemd 255.4-1ubuntu8.16 running in system mode (+PAM +AUDIT +SELINUX +APPARMOR +IMA +SMACK +SECCOMP +GCRYPT -GNUTLS +OPENSSL +ACL +BLKID +CURL +ELFUTILS +FIDO2 +IDN2 -IDN +IPTC +KMOD +LIBCRYPTSETUP +LIBFDISK +PCRE2 -PWQUALITY +P11KIT +QRENCODE +TPM2 +BZIP2 +LZ4 +XZ +ZLIB +ZSTD -BPF_FRAMEWORK -XKBCOMMON +UTMP +SYSVINIT default-hierarchy=unified)
[2026-10-07 16:22:00.073] [INFO] [QEMU] [    1.743678] systemd[1]: Detected virtualization kvm.
[2026-10-07 16:22:00.074] [INFO] [QEMU] [    1.744639] systemd[1]: Detected architecture x86-64.
[2026-10-07 16:22:00.076] [INFO] [QEMU] 
[2026-10-07 16:22:00.077] [INFO] [QEMU] Welcome to Ubuntu 24.04.4 LTS!
[2026-10-07 16:22:00.077] [INFO] [QEMU] 
[2026-10-07 16:22:00.079] [INFO] [QEMU] [    1.749366] systemd[1]: Hostname set to <score-itf>.
[2026-10-07 16:22:00.396] [INFO] [QEMU] [    2.066375] systemd[1]: Queued start job for default target graphical.target.
[2026-10-07 16:22:00.412] [INFO] [QEMU] [    2.080866] systemd[1]: Created slice system-modprobe.slice - Slice /system/modprobe.
[2026-10-07 16:22:00.416] [INFO] [QEMU] [  OK  ] Created slice system-modprobe.slice - Slice /system/modprobe.
[2026-10-07 16:22:00.418] [INFO] [QEMU] [    2.087985] systemd[1]: Created slice system-serial\x2dgetty.slice - Slice /system/serial-getty.
[2026-10-07 16:22:00.420] [INFO] [QEMU] [  OK  ] Created slice system-serial\x2dget���slice - Slice /system/serial-getty.
[2026-10-07 16:22:00.423] [INFO] [QEMU] [    2.091746] systemd[1]: Created slice system-systemd\x2dfsck.slice - Slice /system/systemd-fsck.
[2026-10-07 16:22:00.428] [INFO] [QEMU] [  OK  ] Created slice system-systemd\x2dfs���slice - Slice /system/systemd-fsck.
[2026-10-07 16:22:00.430] [INFO] [QEMU] [    2.099387] systemd[1]: Created slice user.slice - User and Session Slice.
[2026-10-07 16:22:00.434] [INFO] [QEMU] [  OK  ] Created slice user.slice - User and Session Slice.
[2026-10-07 16:22:00.437] [INFO] [QEMU] [    2.105055] systemd[1]: Started systemd-ask-password-console.path - Dispatch Password Requests to Console Directory Watch.
[2026-10-07 16:22:00.441] [INFO] [QEMU] [  OK  ] Started systemd-ask-password-conso���equests to Console Directory Watch.
[2026-10-07 16:22:00.445] [INFO] [QEMU] [    2.112787] systemd[1]: Started systemd-ask-password-wall.path - Forward Password Requests to Wall Directory Watch.
[2026-10-07 16:22:00.448] [INFO] [QEMU] [  OK  ] Started systemd-ask-password-wall.���d Requests to Wall Directory Watch.
[2026-10-07 16:22:00.450] [INFO] [QEMU] [    2.119646] systemd[1]: Set up automount proc-sys-fs-binfmt_misc.automount - Arbitrary Executable File Formats File System Automount Point.
[2026-10-07 16:22:00.452] [INFO] [QEMU] [  OK  ] Set up automount proc-sys-fs-binfm���ormats File System Automount Point.
[2026-10-07 16:22:00.454] [INFO] [QEMU] [    2.123390] systemd[1]: Expecting device dev-disk-by\x2dlabel-BOOT.device - /dev/disk/by-label/BOOT...
[2026-10-07 16:22:00.456] [INFO] [QEMU] Expecting device dev-disk-by\x2dla���device - /dev/disk/by-label/BOOT...
[2026-10-07 16:22:00.458] [INFO] [QEMU] [    2.127457] systemd[1]: Expecting device dev-disk-by\x2dlabel-UEFI.device - /dev/disk/by-label/UEFI...
[2026-10-07 16:22:00.461] [INFO] [QEMU] Expecting device dev-disk-by\x2dla���device - /dev/disk/by-label/UEFI...
[2026-10-07 16:22:00.463] [INFO] [QEMU] [    2.132296] systemd[1]: Expecting device dev-ttyS0.device - /dev/ttyS0...
[2026-10-07 16:22:00.466] [INFO] [QEMU] Expecting device dev-ttyS0.device - /dev/ttyS0...
[2026-10-07 16:22:00.467] [INFO] [QEMU] [    2.137426] systemd[1]: Expecting device dev-vdb.device - /dev/vdb...
[2026-10-07 16:22:00.468] [INFO] [QEMU] Expecting device dev-vdb.device - /dev/vdb...
[2026-10-07 16:22:00.469] [INFO] [QEMU] [    2.139527] systemd[1]: Reached target cryptsetup.target - Local Encrypted Volumes.
[2026-10-07 16:22:00.471] [INFO] [QEMU] [  OK  ] Reached target cryptsetup.target - Local Encrypted Volumes.
[2026-10-07 16:22:00.472] [INFO] [QEMU] [    2.142021] systemd[1]: Reached target integritysetup.target - Local Integrity Protected Volumes.
[2026-10-07 16:22:00.474] [INFO] [QEMU] [  OK  ] Reached target integritysetup.targ��� Local Integrity Protected Volumes.
[2026-10-07 16:22:00.475] [INFO] [QEMU] [    2.144859] systemd[1]: Reached target remote-fs.target - Remote File Systems.
[2026-10-07 16:22:00.476] [INFO] [QEMU] [  OK  ] Reached target remote-fs.target - Remote File Systems.
[2026-10-07 16:22:00.477] [INFO] [QEMU] [    2.147231] systemd[1]: Reached target slices.target - Slice Units.
[2026-10-07 16:22:00.478] [INFO] [QEMU] [  OK  ] Reached target slices.target - Slice Units.
[2026-10-07 16:22:00.479] [INFO] [QEMU] [    2.149292] systemd[1]: Reached target snapd.mounts-pre.target - Mounting snaps.
[2026-10-07 16:22:00.481] [INFO] [QEMU] [  OK  ] Reached target snapd.mounts-pre.target - Mounting snaps.
[2026-10-07 16:22:00.481] [INFO] [QEMU] [    2.151662] systemd[1]: Reached target snapd.mounts.target - Mounted snaps.
[2026-10-07 16:22:00.483] [INFO] [QEMU] [  OK  ] Reached target snapd.mounts.target - Mounted snaps.
[2026-10-07 16:22:00.483] [INFO] [QEMU] [    2.153904] systemd[1]: Reached target swap.target - Swaps.
[2026-10-07 16:22:00.485] [INFO] [QEMU] [  OK  ] Reached target swap.target - Swaps.
[2026-10-07 16:22:00.486] [INFO] [QEMU] [    2.155788] systemd[1]: Reached target veritysetup.target - Local Verity Protected Volumes.
[2026-10-07 16:22:00.487] [INFO] [QEMU] [  OK  ] Reached target veritysetup.target - Local Verity Protected Volumes.
[2026-10-07 16:22:00.489] [INFO] [QEMU] [    2.158683] systemd[1]: Listening on systemd-fsckd.socket - fsck to fsckd communication Socket.
[2026-10-07 16:22:00.490] [INFO] [QEMU] [  OK  ] Listening on systemd-fsckd.socket ���fsck to fsckd communication Socket.
[2026-10-07 16:22:00.492] [INFO] [QEMU] [    2.161640] systemd[1]: Listening on systemd-initctl.socket - initctl Compatibility Named Pipe.
[2026-10-07 16:22:00.494] [INFO] [QEMU] [  OK  ] Listening on systemd-initctl.socke���- initctl Compatibility Named Pipe.
[2026-10-07 16:22:00.495] [INFO] [QEMU] [    2.164910] systemd[1]: Listening on systemd-journald-dev-log.socket - Journal Socket (/dev/log).
[2026-10-07 16:22:00.497] [INFO] [QEMU] [  OK  ] Listening on systemd-journald-dev-���socket - Journal Socket (/dev/log).
[2026-10-07 16:22:00.498] [INFO] [QEMU] [    2.167820] systemd[1]: Listening on systemd-journald.socket - Journal Socket.
[2026-10-07 16:22:00.499] [INFO] [QEMU] [  OK  ] Listening on systemd-journald.socket - Journal Socket.
[2026-10-07 16:22:00.500] [INFO] [QEMU] [    2.170448] systemd[1]: Listening on systemd-networkd.socket - Network Service Netlink Socket.
[2026-10-07 16:22:00.502] [INFO] [QEMU] [  OK  ] Listening on systemd-networkd.socket - Network Service Netlink Socket.
[2026-10-07 16:22:00.504] [INFO] [QEMU] [    2.173291] systemd[1]: systemd-pcrextend.socket - TPM2 PCR Extension (Varlink) was skipped because of an unmet condition check (ConditionSecurity=measured-uki).
[2026-10-07 16:22:00.506] [INFO] [QEMU] [    2.176033] systemd[1]: Listening on systemd-udevd-control.socket - udev Control Socket.
[2026-10-07 16:22:00.508] [INFO] [QEMU] [  OK  ] Listening on systemd-udevd-control.socket - udev Control Socket.
[2026-10-07 16:22:00.509] [INFO] [QEMU] [    2.178754] systemd[1]: Listening on systemd-udevd-kernel.socket - udev Kernel Socket.
[2026-10-07 16:22:00.510] [INFO] [QEMU] [  OK  ] Listening on systemd-udevd-kernel.socket - udev Kernel Socket.
[2026-10-07 16:22:00.518] [INFO] [QEMU] [    2.186801] systemd[1]: Mounting dev-hugepages.mount - Huge Pages File System...
[2026-10-07 16:22:00.521] [INFO] [QEMU] Mounting dev-hugepages.mount - Huge Pages File System...
[2026-10-07 16:22:00.532] [INFO] [QEMU] [    2.200671] systemd[1]: Mounting dev-mqueue.mount - POSIX Message Queue File System...
[2026-10-07 16:22:00.536] [INFO] [QEMU] Mounting dev-mqueue.mount - POSIX Message Queue File System...
[2026-10-07 16:22:00.542] [INFO] [QEMU] [    2.210411] systemd[1]: Mounting sys-kernel-debug.mount - Kernel Debug File System...
[2026-10-07 16:22:00.546] [INFO] [QEMU] Mounting sys-kernel-debug.mount - Kernel Debug File System...
[2026-10-07 16:22:00.555] [INFO] [QEMU] [    2.223826] systemd[1]: Mounting sys-kernel-tracing.mount - Kernel Trace File System...
[2026-10-07 16:22:00.559] [INFO] [QEMU] Mounting sys-kernel-tracing.mount - Kernel Trace File System...
[2026-10-07 16:22:00.566] [INFO] [QEMU] [    2.234925] systemd[1]: Starting systemd-journald.service - Journal Service...
[2026-10-07 16:22:00.569] [INFO] [QEMU] Starting systemd-journald.service - Journal Service...
[2026-10-07 16:22:00.574] [INFO] [QEMU] [    2.242846] systemd[1]: Starting keyboard-setup.service - Set the console keyboard layout...
[2026-10-07 16:22:00.582] [INFO] [QEMU] Starting keyboard-setup.service - Set the console keyboard layout...
[2026-10-07 16:22:00.591] [INFO] [QEMU] [    2.260064] systemd[1]: Starting kmod-static-nodes.service - Create List of Static Device Nodes...
[2026-10-07 16:22:00.594] [INFO] [QEMU] Starting kmod-static-nodes.service���eate List of Static Device Nodes...
[2026-10-07 16:22:00.596] [INFO] [QEMU] [    2.265458] systemd-journald[119]: Collecting audit messages is disabled.
[2026-10-07 16:22:00.601] [INFO] [QEMU] [    2.269820] systemd[1]: Starting modprobe@configfs.service - Load Kernel Module configfs...
[2026-10-07 16:22:00.612] [INFO] [QEMU] Starting modprobe@configfs.service - Load Kernel Module configfs...
[2026-10-07 16:22:00.618] [INFO] [QEMU] [    2.286909] systemd[1]: Starting modprobe@dm_mod.service - Load Kernel Module dm_mod...
[2026-10-07 16:22:00.628] [INFO] [QEMU] Starting modprobe@dm_mod.service - Load Kernel Module dm_mod...
[2026-10-07 16:22:00.648] [INFO] [QEMU] [    2.317066] systemd[1]: Starting modprobe@drm.service - Load Kernel Module drm...
[2026-10-07 16:22:00.654] [INFO] [QEMU] Starting modprobe@drm.service - Load Kernel Module drm...
[2026-10-07 16:22:00.665] [INFO] [QEMU] [    2.333897] systemd[1]: Starting modprobe@efi_pstore.service - Load Kernel Module efi_pstore...
[2026-10-07 16:22:00.672] [INFO] [QEMU] Starting modprobe@efi_pstore.servi��� - Load Kernel Module efi_pstore...
[2026-10-07 16:22:00.682] [INFO] [QEMU] [    2.350902] systemd[1]: Starting modprobe@fuse.service - Load Kernel Module fuse...
[2026-10-07 16:22:00.688] [INFO] [QEMU] Starting modprobe@fuse.service - Load Kernel Module fuse...
[2026-10-07 16:22:00.697] [INFO] [QEMU] [    2.365906] systemd[1]: Starting modprobe@loop.service - Load Kernel Module loop...
[2026-10-07 16:22:00.711] [INFO] [QEMU] Starting modprobe@loop.service - Load Kernel Module loop...
[2026-10-07 16:22:00.716] [INFO] [QEMU] [    2.382174] systemd[1]: netplan-ovs-cleanup.service - OpenVSwitch configuration for cleanup was skipped because of an unmet condition check (ConditionFileIsExecutable=/usr/bin/ovs-vsctl).
[2026-10-07 16:22:00.728] [INFO] [QEMU] [    2.396165] systemd[1]: Starting systemd-fsck-root.service - File System Check on Root Device...
[2026-10-07 16:22:00.732] [INFO] [QEMU] Starting systemd-fsck-root.service���File System Check on Root Device...
[2026-10-07 16:22:00.741] [INFO] [QEMU] [    2.410841] systemd[1]: Starting systemd-modules-load.service - Load Kernel Modules...
[2026-10-07 16:22:00.743] [INFO] [QEMU] Starting systemd-modules-load.service - Load Kernel Modules...
[2026-10-07 16:22:00.744] [INFO] [QEMU] [    2.413700] systemd[1]: systemd-pcrmachine.service - TPM2 PCR Machine ID Measurement was skipped because of an unmet condition check (ConditionSecurity=measured-uki).
[2026-10-07 16:22:00.747] [INFO] [QEMU] [    2.416259] systemd[1]: systemd-tpm2-setup-early.service - TPM2 SRK Setup (Early) was skipped because of an unmet condition check (ConditionSecurity=measured-uki).
[2026-10-07 16:22:00.751] [INFO] [QEMU] [    2.420836] systemd[1]: Starting systemd-udev-trigger.service - Coldplug All udev Devices...
[2026-10-07 16:22:00.755] [INFO] [QEMU] Starting systemd-udev-trigger.service - Coldplug All udev Devices...
[2026-10-07 16:22:00.758] [INFO] [QEMU] [    2.428224] systemd[1]: Started systemd-journald.service - Journal Service.
[2026-10-07 16:22:00.763] [INFO] [QEMU] [  OK  ] Started systemd-journald.service - Journal Service.
[2026-10-07 16:22:00.765] [INFO] [QEMU] [  OK  ] Mounted dev-hugepages.mount - Huge Pages File System.
[2026-10-07 16:22:00.768] [INFO] [QEMU] [  OK  ] Mounted dev-mqueue.mount - POSIX Message Queue File System.
[2026-10-07 16:22:00.770] [INFO] [QEMU] [  OK  ] Mounted sys-kernel-debug.mount - Kernel Debug File System.
[2026-10-07 16:22:00.773] [INFO] [QEMU] [  OK  ] Mounted sys-kernel-tracing.mount - Kernel Trace File System.
[2026-10-07 16:22:00.775] [INFO] [QEMU] [  OK  ] Finished keyboard-setup.service - Set the console keyboard layout.
[2026-10-07 16:22:00.783] [INFO] [QEMU] [  OK  ] Finished kmod-static-nodes.service���Create List of Static Device Nodes.
[2026-10-07 16:22:00.787] [INFO] [QEMU] [  OK  ] Finished modprobe@configfs.service - Load Kernel Module configfs.
[2026-10-07 16:22:00.789] [INFO] [QEMU] [  OK  ] Finished modprobe@dm_mod.service - Load Kernel Module dm_mod.
[2026-10-07 16:22:00.792] [INFO] [QEMU] [  OK  ] Finished modprobe@drm.service - Load Kernel Module drm.
[2026-10-07 16:22:00.795] [INFO] [QEMU] [  OK  ] Finished modprobe@efi_pstore.service - Load Kernel Module efi_pstore.
[2026-10-07 16:22:00.797] [INFO] [QEMU] [  OK  ] Finished modprobe@fuse.service - Load Kernel Module fuse.
[2026-10-07 16:22:00.798] [INFO] [QEMU] [  OK  ] Finished modprobe@loop.service - Load Kernel Module loop.
[2026-10-07 16:22:00.799] [INFO] [QEMU] [  OK  ] Finished systemd-modules-load.service - Load Kernel Modules.
[2026-10-07 16:22:00.804] [INFO] [QEMU] [  OK  ] Finished systemd-fsck-root.service - File System Check on Root Device.
[2026-10-07 16:22:00.812] [INFO] [QEMU] Mounting sys-fs-fuse-connections.mount - FUSE Control File System...
[2026-10-07 16:22:00.817] [INFO] [QEMU] Mounting sys-kernel-config.mount - Kernel Configuration File System...
[2026-10-07 16:22:00.823] [INFO] [QEMU] [  OK  ] Started systemd-fsckd.service - Fi���stem Check Daemon to report status.
[2026-10-07 16:22:00.843] [INFO] [QEMU] Starting systemd-remount-fs.servic���unt Root and Kernel File Systems...
[2026-10-07 16:22:00.854] [INFO] [QEMU] Starting systemd-sysctl.service - Apply Kernel Variables...
[2026-10-07 16:22:00.861] [INFO] [QEMU] Starting systemd-tmpfiles-setup-de��� Device Nodes in /dev gracefully...
[2026-10-07 16:22:00.865] [INFO] [QEMU] [  OK  ] Mounted sys-fs-fuse-connections.mount - FUSE Control File System.
[2026-10-07 16:22:00.867] [INFO] [QEMU] [  OK  ] Mounted sys-kernel-config.mount - Kernel Configuration File System.
[2026-10-07 16:22:00.895] [INFO] [QEMU] [  OK  ] Finished systemd-sysctl.service - Apply Kernel Variables.
[2026-10-07 16:22:00.900] [INFO] [QEMU] [  OK  ] Finished systemd-tmpfiles-setup-de���ic Device Nodes in /dev gracefully.
[2026-10-07 16:22:00.943] [INFO] [QEMU] [  OK  ] Finished systemd-udev-trigger.service - Coldplug All udev Devices.
[2026-10-07 16:22:02.443] [INFO] [QEMU] [  OK  ] Finished systemd-remount-fs.servic���mount Root and Kernel File Systems.
[2026-10-07 16:22:02.450] [INFO] [QEMU] Starting systemd-journal-flush.ser���sh Journal to Persistent Storage...
[2026-10-07 16:22:02.454] [INFO] [QEMU] Starting systemd-random-seed.service - Load/Save OS Random Seed...
[2026-10-07 16:22:02.461] [INFO] [QEMU] Starting systemd-tmpfiles-setup-de���eate Static Device Nodes in /dev...
[2026-10-07 16:22:02.482] [INFO] [QEMU] [  OK  ] Finished systemd-tmpfiles-setup-de���Create Static Device Nodes in /dev.
[2026-10-07 16:22:02.484] [INFO] [QEMU] [  OK  ] Reached target local-fs-pre.target���Preparation for Local File Systems.
[2026-10-07 16:22:02.496] [INFO] [QEMU] Starting systemd-udevd.service - R���ager for Device Events and Files...
[2026-10-07 16:22:02.563] [INFO] [QEMU] [  OK  ] Started systemd-udevd.service - Ru���anager for Device Events and Files.
[2026-10-07 16:22:02.575] [INFO] [QEMU] Starting systemd-networkd.service - Network Configuration...
[2026-10-07 16:22:02.609] [INFO] [QEMU] [  OK  ] Finished systemd-random-seed.service - Load/Save OS Random Seed.
[2026-10-07 16:22:02.681] [INFO] [QEMU] [  OK  ] Found device dev-ttyS0.device - /dev/ttyS0.
[2026-10-07 16:22:02.695] [INFO] [QEMU] [  OK  ] Found device dev-vdb.device - /dev/vdb.
[2026-10-07 16:22:02.719] [INFO] [QEMU] Mounting opt.mount - /opt...
[2026-10-07 16:22:02.799] [INFO] [QEMU] [  OK  ] Started systemd-networkd.service - Network Configuration.
[2026-10-07 16:22:02.808] [INFO] [QEMU] [  OK  ] Finished systemd-journal-flush.ser���lush Journal to Persistent Storage.
[2026-10-07 16:22:02.840] [INFO] [QEMU] [  OK  ] Mounted opt.mount - /opt.
[2026-10-07 16:22:02.890] [INFO] [QEMU] [  OK  ] Found device dev-disk-by\x2dlabel-���I.device - /dev/disk/by-label/UEFI.
[2026-10-07 16:22:02.904] [INFO] [QEMU] [  OK  ] Found device dev-disk-by\x2dlabel-���T.device - /dev/disk/by-label/BOOT.
[2026-10-07 16:22:02.947] [INFO] [QEMU] Starting systemd-fsck@dev-disk-by\���Check on /dev/disk/by-label/BOOT...
[2026-10-07 16:22:03.044] [INFO] [QEMU] [  OK  ] Finished systemd-fsck@dev-disk-by\���m Check on /dev/disk/by-label/BOOT.
[2026-10-07 16:22:03.053] [INFO] [QEMU] Mounting boot.mount - /boot...
[2026-10-07 16:22:03.074] [INFO] [QEMU] [  OK  ] Listening on systemd-rfkill.socket���ll Switch Status /dev/rfkill Watch.
[2026-10-07 16:22:03.102] [INFO] [QEMU] [  OK  ] Mounted boot.mount - /boot.
[2026-10-07 16:22:03.119] [INFO] [QEMU] Mounting boot-efi.mount - /boot/efi...
[2026-10-07 16:22:03.239] [INFO] [QEMU] [  OK  ] Mounted boot-efi.mount - /boot/efi.
[2026-10-07 16:22:03.242] [INFO] [QEMU] [  OK  ] Reached target local-fs.target - Local File Systems.
[2026-10-07 16:22:03.246] [INFO] [QEMU] [  OK  ] Listening on systemd-sysext.socket���tension Image Management (Varlink).
[2026-10-07 16:22:03.253] [INFO] [QEMU] Starting apparmor.service - Load AppArmor profiles...
[2026-10-07 16:22:03.256] [INFO] [QEMU] Starting console-setup.service - Set console font and keymap...
[2026-10-07 16:22:03.261] [INFO] [QEMU] Starting systemd-binfmt.service - Set Up Additional Binary Formats...
[2026-10-07 16:22:03.278] [INFO] [QEMU] Starting systemd-tmpfiles-setup.se���e Volatile Files and Directories...
[2026-10-07 16:22:03.295] [INFO] [QEMU] Mounting proc-sys-fs-binfmt_misc.m���cutable File Formats File System...
[2026-10-07 16:22:03.300] [INFO] [QEMU] [  OK  ] Finished console-setup.service - Set console font and keymap.
[2026-10-07 16:22:03.312] [INFO] [QEMU] [  OK  ] Mounted proc-sys-fs-binfmt_misc.mo���xecutable File Formats File System.
[2026-10-07 16:22:03.321] [INFO] [QEMU] [  OK  ] Finished systemd-binfmt.service - Set Up Additional Binary Formats.
[2026-10-07 16:22:03.347] [INFO] [QEMU] [  OK  ] Finished systemd-tmpfiles-setup.se���ate Volatile Files and Directories.
[2026-10-07 16:22:03.361] [INFO] [QEMU] Starting systemd-resolved.service - Network Name Resolution...
[2026-10-07 16:22:03.368] [INFO] [QEMU] Starting systemd-timesyncd.service - Network Time Synchronization...
[2026-10-07 16:22:03.383] [INFO] [QEMU] Starting systemd-update-utmp.servi���ord System Boot/Shutdown in UTMP...
[2026-10-07 16:22:03.437] [INFO] [QEMU] [  OK  ] Finished systemd-update-utmp.servi���ecord System Boot/Shutdown in UTMP.
[2026-10-07 16:22:03.526] [INFO] [QEMU] [  OK  ] Started systemd-timesyncd.service - Network Time Synchronization.
[2026-10-07 16:22:03.530] [INFO] [QEMU] [  OK  ] Reached target time-set.target - System Time Set.
[2026-10-07 16:22:03.569] [INFO] [QEMU] [  OK  ] Started systemd-resolved.service - Network Name Resolution.
[2026-10-07 16:22:03.570] [INFO] [QEMU] [  OK  ] Reached target network.target - Network.
[2026-10-07 16:22:03.572] [INFO] [QEMU] [  OK  ] Reached target nss-lookup.target - Host and Network Name Lookups.
[2026-10-07 16:22:03.706] [INFO] [QEMU] [  OK  ] Finished apparmor.service - Load AppArmor profiles.
[2026-10-07 16:22:03.713] [INFO] [QEMU] Starting snapd.apparmor.service - ���iles managed internally by snapd...
[2026-10-07 16:22:03.758] [INFO] [QEMU] [  OK  ] Finished snapd.apparmor.service - ���ofiles managed internally by snapd.
[2026-10-07 16:22:03.761] [INFO] [QEMU] [  OK  ] Reached target sysinit.target - System Initialization.
[2026-10-07 16:22:03.765] [INFO] [QEMU] [  OK  ] Started apt-daily.timer - Daily apt download activities.
[2026-10-07 16:22:03.767] [INFO] [QEMU] [  OK  ] Started apt-daily-upgrade.timer - ���y apt upgrade and clean activities.
[2026-10-07 16:22:03.769] [INFO] [QEMU] [  OK  ] Started dpkg-db-backup.timer - Daily dpkg database backup timer.
[2026-10-07 16:22:03.770] [INFO] [QEMU] [  OK  ] Started e2scrub_all.timer - Period���Metadata Check for All Filesystems.
[2026-10-07 16:22:03.772] [INFO] [QEMU] [  OK  ] Started fstrim.timer - Discard unused filesystem blocks once a week.
[2026-10-07 16:22:03.773] [INFO] [QEMU] [  OK  ] Started motd-news.timer - Message of the Day.
[2026-10-07 16:22:03.774] [INFO] [QEMU] [  OK  ] Started systemd-tmpfiles-clean.tim���y Cleanup of Temporary Directories.
[2026-10-07 16:22:03.775] [INFO] [QEMU] [  OK  ] Reached target paths.target - Path Units.
[2026-10-07 16:22:03.776] [INFO] [QEMU] [  OK  ] Reached target timers.target - Timer Units.
[2026-10-07 16:22:03.778] [INFO] [QEMU] [  OK  ] Listening on dbus.socket - D-Bus System Message Bus Socket.
[2026-10-07 16:22:03.781] [INFO] [QEMU] Starting lxd-installer.socket - He���er to install lxd snap on demand...
[2026-10-07 16:22:03.791] [INFO] [QEMU] Starting snapd.socket - Socket activation for snappy daemon...
[2026-10-07 16:22:03.798] [INFO] [QEMU] [  OK  ] Listening on ssh.socket - OpenBSD Secure Shell server socket.
[2026-10-07 16:22:03.801] [INFO] [QEMU] [  OK  ] Listening on lxd-installer.socket ���lper to install lxd snap on demand.
[2026-10-07 16:22:03.805] [INFO] [QEMU] [  OK  ] Listening on snapd.socket - Socket activation for snappy daemon.
[2026-10-07 16:22:03.807] [INFO] [QEMU] [  OK  ] Reached target sockets.target - Socket Units.
[2026-10-07 16:22:03.810] [INFO] [QEMU] [  OK  ] Reached target basic.target - Basic System.
[2026-10-07 16:22:03.821] [INFO] [QEMU] Starting apport.service - automatic crash report generation...
[2026-10-07 16:22:03.831] [INFO] [QEMU] Starting dbus.service - D-Bus System Message Bus...
[2026-10-07 16:22:03.838] [INFO] [QEMU] Starting e2scrub_reap.service - Re���ne ext4 Metadata Check Snapshots...
[2026-10-07 16:22:03.879] [INFO] [QEMU] Starting grub-common.service - Record successful boot for GRUB...
[2026-10-07 16:22:03.882] [INFO] [QEMU] [  OK  ] Reached target getty-pre.target - Preparation for Logins.
[2026-10-07 16:22:03.892] [INFO] [QEMU] Starting snapd.seeded.service - Wait until snapd is fully seeded...
[2026-10-07 16:22:03.898] [INFO] [QEMU] Starting snapd.service - Snap Daemon...
[2026-10-07 16:22:03.920] [INFO] [QEMU] Starting systemd-logind.service - User Login Management...
[2026-10-07 16:22:03.929] [INFO] [QEMU] Starting systemd-user-sessions.service - Permit User Sessions...
[2026-10-07 16:22:03.938] [INFO] [QEMU] [  OK  ] Started dbus.service - D-Bus System Message Bus.
[2026-10-07 16:22:04.033] [INFO] [QEMU] [  OK  ] Finished e2scrub_reap.service - Re���line ext4 Metadata Check Snapshots.
[2026-10-07 16:22:04.040] [INFO] [QEMU] [  OK  ] Finished systemd-user-sessions.service - Permit User Sessions.
[2026-10-07 16:22:04.059] [INFO] [QEMU] [  OK  ] Started serial-getty@ttyS0.service - Serial Getty on ttyS0.
[2026-10-07 16:22:04.084] [INFO] [QEMU] Starting setvtrgb.service - Set console scheme...
[2026-10-07 16:22:04.119] [INFO] [QEMU] [  OK  ] Started systemd-logind.service - User Login Management.
[2026-10-07 16:22:04.194] [INFO] [QEMU] [  OK  ] Started unattended-upgrades.service - Unattended Upgrades Shutdown.
[2026-10-07 16:22:04.202] [INFO] [QEMU] [  OK  ] Finished setvtrgb.service - Set console scheme.
[2026-10-07 16:22:04.228] [INFO] [QEMU] [  OK  ] Created slice system-getty.slice - Slice /system/getty.
[2026-10-07 16:22:04.268] [INFO] [QEMU] [  OK  ] Started getty@tty1.service - Getty on tty1.
[2026-10-07 16:22:04.272] [INFO] [QEMU] [  OK  ] Reached target getty.target - Login Prompts.
[2026-10-07 16:22:04.288] [INFO] [QEMU] [  OK  ] Finished grub-common.service - Record successful boot for GRUB.
[2026-10-07 16:22:04.314] [INFO] [QEMU] Starting grub-initrd-fallback.service - GRUB failed boot detection...
[2026-10-07 16:22:04.447] [INFO] [QEMU] [  OK  ] Finished grub-initrd-fallback.service - GRUB failed boot detection.
[2026-10-07 16:22:05.213] [INFO] [QEMU] [  OK  ] Finished apport.service - automatic crash report generation.
[2026-10-07 16:22:06.476] [INFO] [QEMU] [  OK  ] Started snapd.service - Snap Daemon.
[2026-10-07 16:22:06.484] [INFO] [QEMU] [  OK  ] Finished snapd.seeded.service - Wait until snapd is fully seeded.
[2026-10-07 16:22:06.490] [INFO] [QEMU] [  OK  ] Reached target multi-user.target - Multi-User System.
[2026-10-07 16:22:06.493] [INFO] [QEMU] [  OK  ] Reached target graphical.target - Graphical Interface.
[2026-10-07 16:22:06.507] [INFO] [QEMU] Starting systemd-update-utmp-runle���- Record Runlevel Change in UTMP...
[2026-10-07 16:22:06.527] [INFO] [QEMU] Starting systemd-timedated.service - Time & Date Service...
[2026-10-07 16:22:06.536] [INFO] [QEMU] [  OK  ] Finished systemd-update-utmp-runle���e - Record Runlevel Change in UTMP.
[2026-10-07 16:22:06.602] [INFO] [QEMU] [  OK  ] Started systemd-timedated.service - Time & Date Service.
[2026-10-07 16:22:07.754] [INFO] [QEMU] 
[2026-10-07 16:22:07.756] [INFO] [QEMU] Ubuntu 24.04.4 LTS score-itf ttyS0
[2026-10-07 16:22:07.756] [INFO] [QEMU] 
[2026-10-07 16:22:10.507] [INFO] [score.itf.plugins.qemu.checks] Check target ping: OK
[2026-10-07 16:22:10.507] [INFO] [score.itf.core.com.ssh] Connecting to 169.254.158.190 ...
[2026-10-07 16:22:10.591] [INFO] [paramiko.transport] Connected (version 2.0, client OpenSSH_9.6p1)
[2026-10-07 16:22:10.665] [INFO] [paramiko.transport] Authentication (password) successful!
[2026-10-07 16:22:10.666] [INFO] [score.itf.core.com.ssh] SSH connection to 169.254.158.190 established
[2026-10-07 16:22:10.666] [DEBUG] [score.itf.core.com.ssh] Executing command: echo Qnx_S-core!
[2026-10-07 16:22:10.666] [DEBUG] [score.itf.core.com.ssh] timeout: 30; max_exec_time: 180; logger_in: None; verbose: True;
[2026-10-07 16:22:11.006] [INFO] [root] Qnx_S-core!
[2026-10-07 16:22:11.006] [INFO] [score.itf.core.com.ssh] Closed SSH connection.
[2026-10-07 16:22:11.006] [INFO] [score.itf.plugins.qemu.checks] Check target ssh: OK
[2026-10-07 16:22:11.007] [INFO] [score.itf.core.com.ssh] Connecting to 169.254.158.190 ...
[2026-10-07 16:22:11.024] [INFO] [paramiko.transport] Connected (version 2.0, client OpenSSH_9.6p1)
[2026-10-07 16:22:11.088] [INFO] [paramiko.transport] Authentication (password) successful!
[2026-10-07 16:22:11.089] [INFO] [score.itf.core.com.ssh] SSH connection to 169.254.158.190 established
[2026-10-07 16:22:11.203] [INFO] [paramiko.transport.sftp] [chan 0] Opened sftp connection (server version 3)
[2026-10-07 16:22:11.206] [INFO] [paramiko.transport.sftp] [chan 0] sftp session closed.
[2026-10-07 16:22:11.206] [INFO] [score.itf.core.com.ssh] Closed SSH connection.
[2026-10-07 16:22:11.207] [INFO] [score.itf.core.com.sftp] Closed SSH connection.
[2026-10-07 16:22:11.207] [INFO] [score.itf.plugins.qemu.checks] Check target sftp: OK
[2026-10-07 16:22:11.209] [INFO] [score.itf.core.com.ssh] Connecting to 169.254.158.190 ...
[2026-10-07 16:22:11.220] [INFO] [paramiko.transport] Connected (version 2.0, client OpenSSH_9.6p1)
[2026-10-07 16:22:11.282] [INFO] [paramiko.transport] Authentication (password) successful!
[2026-10-07 16:22:11.283] [INFO] [score.itf.core.com.ssh] SSH connection to 169.254.158.190 established
[2026-10-07 16:22:11.395] [INFO] [root] ls: cannot access '/tmp/inc_someip_gateway_test_run': No such file or directory
[2026-10-07 16:22:11.396] [INFO] [score.itf.core.com.ssh] Closed SSH connection.
[2026-10-07 16:22:11.396] [INFO] [score.itf.core.com.ssh] Connecting to 169.254.158.190 ...
[2026-10-07 16:22:11.411] [INFO] [paramiko.transport] Connected (version 2.0, client OpenSSH_9.6p1)
[2026-10-07 16:22:11.467] [INFO] [paramiko.transport] Authentication (password) successful!
[2026-10-07 16:22:11.468] [INFO] [score.itf.core.com.ssh] SSH connection to 169.254.158.190 established
[2026-10-07 16:22:11.614] [INFO] [root] USER         PID %CPU %MEM    VSZ   RSS TTY      STAT START   TIME COMMAND
[2026-10-07 16:22:11.614] [INFO] [root] root           1 15.0  0.6  21588 12804 ?        Ss   16:21   0:01 /sbin/init
[2026-10-07 16:22:11.614] [INFO] [root] root           2  0.0  0.0      0     0 ?        S    16:21   0:00 [kthreadd]
[2026-10-07 16:22:11.615] [INFO] [root] root           3  0.0  0.0      0     0 ?        S    16:21   0:00 [pool_workqueue_release]
[2026-10-07 16:22:11.615] [INFO] [root] root           4  0.0  0.0      0     0 ?        I<   16:21   0:00 [kworker/R-rcu_g]
[2026-10-07 16:22:11.615] [INFO] [root] root           5  0.0  0.0      0     0 ?        I<   16:21   0:00 [kworker/R-rcu_p]
[2026-10-07 16:22:11.615] [INFO] [root] root           6  0.0  0.0      0     0 ?        I<   16:21   0:00 [kworker/R-slub_]
[2026-10-07 16:22:11.615] [INFO] [root] root           7  0.0  0.0      0     0 ?        I<   16:21   0:00 [kworker/R-netns]
[2026-10-07 16:22:11.615] [INFO] [root] root           8  0.0  0.0      0     0 ?        I    16:21   0:00 [kworker/0:0-cgroup_bpf_destroy]
[2026-10-07 16:22:11.615] [INFO] [root] root           9  0.0  0.0      0     0 ?        I<   16:21   0:00 [kworker/0:0H-events_highpri]
[2026-10-07 16:22:11.615] [INFO] [root] root          10  0.0  0.0      0     0 ?        I    16:21   0:00 [kworker/0:1-cgroup_release]
[2026-10-07 16:22:11.615] [INFO] [root] root          11  0.6  0.0      0     0 ?        I    16:21   0:00 [kworker/u4:0-events_unbound]
[2026-10-07 16:22:11.615] [INFO] [root] root          12  0.0  0.0      0     0 ?        I<   16:21   0:00 [kworker/R-mm_pe]
[2026-10-07 16:22:11.615] [INFO] [root] root          13  0.0  0.0      0     0 ?        I    16:21   0:00 [rcu_tasks_kthread]
[2026-10-07 16:22:11.616] [INFO] [root] root          14  0.0  0.0      0     0 ?        I    16:21   0:00 [rcu_tasks_rude_kthread]
[2026-10-07 16:22:11.616] [INFO] [root] root          15  0.0  0.0      0     0 ?        I    16:21   0:00 [rcu_tasks_trace_kthread]
[2026-10-07 16:22:11.616] [INFO] [root] root          16  0.0  0.0      0     0 ?        S    16:21   0:00 [ksoftirqd/0]
[2026-10-07 16:22:11.616] [INFO] [root] root          17  0.2  0.0      0     0 ?        I    16:21   0:00 [rcu_preempt]
[2026-10-07 16:22:11.616] [INFO] [root] root          18  0.0  0.0      0     0 ?        S    16:21   0:00 [migration/0]
[2026-10-07 16:22:11.616] [INFO] [root] root          19  0.0  0.0      0     0 ?        S    16:21   0:00 [idle_inject/0]
[2026-10-07 16:22:11.616] [INFO] [root] root          20  0.0  0.0      0     0 ?        S    16:21   0:00 [cpuhp/0]
[2026-10-07 16:22:11.616] [INFO] [root] root          21  0.0  0.0      0     0 ?        S    16:21   0:00 [cpuhp/1]
[2026-10-07 16:22:11.616] [INFO] [root] root          22  0.0  0.0      0     0 ?        S    16:21   0:00 [idle_inject/1]
[2026-10-07 16:22:11.616] [INFO] [root] root          23  1.4  0.0      0     0 ?        S    16:21   0:00 [migration/1]
[2026-10-07 16:22:11.616] [INFO] [root] root          24  0.0  0.0      0     0 ?        S    16:21   0:00 [ksoftirqd/1]
[2026-10-07 16:22:11.616] [INFO] [root] root          25  0.0  0.0      0     0 ?        I    16:21   0:00 [kworker/1:0-cgroup_free]
[2026-10-07 16:22:11.617] [INFO] [root] root          26  0.0  0.0      0     0 ?        I<   16:21   0:00 [kworker/1:0H-kblockd]
[2026-10-07 16:22:11.617] [INFO] [root] root          27  0.0  0.0      0     0 ?        S    16:21   0:00 [kdevtmpfs]
[2026-10-07 16:22:11.617] [INFO] [root] root          28  0.0  0.0      0     0 ?        I<   16:21   0:00 [kworker/R-inet_]
[2026-10-07 16:22:11.617] [INFO] [root] root          29  0.0  0.0      0     0 ?        S    16:21   0:00 [kauditd]
[2026-10-07 16:22:11.617] [INFO] [root] root          30  0.0  0.0      0     0 ?        S    16:21   0:00 [khungtaskd]
[2026-10-07 16:22:11.617] [INFO] [root] root          31  0.1  0.0      0     0 ?        I    16:21   0:00 [kworker/u4:1-events_unbound]
[2026-10-07 16:22:11.617] [INFO] [root] root          32  0.0  0.0      0     0 ?        S    16:21   0:00 [oom_reaper]
[2026-10-07 16:22:11.617] [INFO] [root] root          33  0.0  0.0      0     0 ?        I    16:21   0:00 [kworker/u4:2-flush-253:0]
[2026-10-07 16:22:11.618] [INFO] [root] root          34  0.0  0.0      0     0 ?        I<   16:21   0:00 [kworker/R-write]
[2026-10-07 16:22:11.618] [INFO] [root] root          35  0.0  0.0      0     0 ?        S    16:21   0:00 [kcompactd0]
[2026-10-07 16:22:11.618] [INFO] [root] root          36  0.0  0.0      0     0 ?        SN   16:21   0:00 [ksmd]
[2026-10-07 16:22:11.618] [INFO] [root] root          37  0.0  0.0      0     0 ?        I    16:21   0:00 [kworker/1:1-cgroup_free]
[2026-10-07 16:22:11.618] [INFO] [root] root          38  0.0  0.0      0     0 ?        SN   16:21   0:00 [khugepaged]
[2026-10-07 16:22:11.618] [INFO] [root] root          39  0.0  0.0      0     0 ?        I<   16:21   0:00 [kworker/R-kinte]
[2026-10-07 16:22:11.618] [INFO] [root] root          40  0.0  0.0      0     0 ?        I<   16:21   0:00 [kworker/R-kbloc]
[2026-10-07 16:22:11.618] [INFO] [root] root          41  0.0  0.0      0     0 ?        I<   16:21   0:00 [kworker/R-blkcg]
[2026-10-07 16:22:11.618] [INFO] [root] root          42  0.0  0.0      0     0 ?        S    16:21   0:00 [irq/9-acpi]
[2026-10-07 16:22:11.618] [INFO] [root] root          43  0.0  0.0      0     0 ?        I<   16:21   0:00 [kworker/R-tpm_d]
[2026-10-07 16:22:11.618] [INFO] [root] root          44  0.0  0.0      0     0 ?        I<   16:21   0:00 [kworker/R-ata_s]
[2026-10-07 16:22:11.618] [INFO] [root] root          45  0.0  0.0      0     0 ?        I<   16:21   0:00 [kworker/R-md]
[2026-10-07 16:22:11.618] [INFO] [root] root          46  0.0  0.0      0     0 ?        I<   16:21   0:00 [kworker/R-md_bi]
[2026-10-07 16:22:11.619] [INFO] [root] root          47  0.0  0.0      0     0 ?        I<   16:21   0:00 [kworker/R-edac-]
[2026-10-07 16:22:11.619] [INFO] [root] root          48  0.0  0.0      0     0 ?        I<   16:21   0:00 [kworker/R-devfr]
[2026-10-07 16:22:11.619] [INFO] [root] root          49  0.0  0.0      0     0 ?        S    16:21   0:00 [watchdogd]
[2026-10-07 16:22:11.619] [INFO] [root] root          50  0.0  0.0      0     0 ?        I<   16:21   0:00 [kworker/R-quota]
[2026-10-07 16:22:11.619] [INFO] [root] root          51  0.0  0.0      0     0 ?        I<   16:21   0:00 [kworker/0:1H-kblockd]
[2026-10-07 16:22:11.619] [INFO] [root] root          52  0.0  0.0      0     0 ?        S    16:21   0:00 [kswapd0]
[2026-10-07 16:22:11.619] [INFO] [root] root          53  0.0  0.0      0     0 ?        S    16:21   0:00 [ecryptfs-kthread]
[2026-10-07 16:22:11.619] [INFO] [root] root          54  0.0  0.0      0     0 ?        I<   16:21   0:00 [kworker/R-kthro]
[2026-10-07 16:22:11.619] [INFO] [root] root          55  0.0  0.0      0     0 ?        I<   16:21   0:00 [kworker/R-acpi_]
[2026-10-07 16:22:11.619] [INFO] [root] root          56  0.0  0.0      0     0 ?        S    16:21   0:00 [scsi_eh_0]
[2026-10-07 16:22:11.619] [INFO] [root] root          57  0.0  0.0      0     0 ?        I<   16:21   0:00 [kworker/R-scsi_]
[2026-10-07 16:22:11.619] [INFO] [root] root          58  0.0  0.0      0     0 ?        S    16:21   0:00 [scsi_eh_1]
[2026-10-07 16:22:11.620] [INFO] [root] root          59  0.0  0.0      0     0 ?        I<   16:21   0:00 [kworker/R-scsi_]
[2026-10-07 16:22:11.620] [INFO] [root] root          60  0.0  0.0      0     0 ?        I    16:21   0:00 [kworker/u4:3-events_unbound]
[2026-10-07 16:22:11.620] [INFO] [root] root          61  0.0  0.0      0     0 ?        I<   16:21   0:00 [kworker/R-mld]
[2026-10-07 16:22:11.620] [INFO] [root] root          62  0.0  0.0      0     0 ?        I<   16:21   0:00 [kworker/R-ipv6_]
[2026-10-07 16:22:11.620] [INFO] [root] root          69  0.0  0.0      0     0 ?        I<   16:21   0:00 [kworker/R-kstrp]
[2026-10-07 16:22:11.620] [INFO] [root] root          71  0.0  0.0      0     0 ?        I<   16:21   0:00 [kworker/u5:0]
[2026-10-07 16:22:11.620] [INFO] [root] root          84  0.0  0.0      0     0 ?        I<   16:21   0:00 [kworker/1:1H-kblockd]
[2026-10-07 16:22:11.620] [INFO] [root] root          85  0.0  0.0      0     0 ?        I<   16:21   0:00 [kworker/R-charg]
[2026-10-07 16:22:11.620] [INFO] [root] root          86  0.0  0.0      0     0 ?        S    16:21   0:00 [jbd2/vda1-8]
[2026-10-07 16:22:11.620] [INFO] [root] root          87  0.0  0.0      0     0 ?        I<   16:21   0:00 [kworker/R-ext4-]
[2026-10-07 16:22:11.620] [INFO] [root] root          88  0.0  0.0      0     0 ?        S    16:21   0:00 [hwrng]
[2026-10-07 16:22:11.620] [INFO] [root] root         119  1.7  0.5  33904 11208 ?        S<s  16:22   0:00 /usr/lib/systemd/systemd-journald
[2026-10-07 16:22:11.620] [INFO] [root] root         133  0.0  0.0      0     0 ?        I    16:22   0:00 [kworker/1:2-cgroup_free]
[2026-10-07 16:22:11.621] [INFO] [root] root         154  0.0  0.0      0     0 ?        I    16:22   0:00 [kworker/1:3-events]
[2026-10-07 16:22:11.621] [INFO] [root] root         156  0.0  0.3  17696  6784 ?        Ss   16:22   0:00 /usr/lib/systemd/systemd-fsckd
[2026-10-07 16:22:11.621] [INFO] [root] root         159  0.0  0.0      0     0 ?        I    16:22   0:00 [kworker/0:2-cgroup_free]
[2026-10-07 16:22:11.621] [INFO] [root] root         169  0.0  0.0      0     0 ?        I<   16:22   0:00 [kworker/1:2H-kblockd]
[2026-10-07 16:22:11.621] [INFO] [root] root         177  1.0  0.3  25184  6932 ?        Ss   16:22   0:00 /usr/lib/systemd/systemd-udevd
[2026-10-07 16:22:11.621] [INFO] [root] root         178  0.0  0.0      0     0 ?        S    16:22   0:00 [psimon]
[2026-10-07 16:22:11.621] [INFO] [root] systemd+     183  0.6  0.4  18980  9248 ?        Ss   16:22   0:00 /usr/lib/systemd/systemd-networkd
[2026-10-07 16:22:11.621] [INFO] [root] root         203  0.0  0.0      0     0 ?        I<   16:22   0:00 [kworker/R-ext4-]
[2026-10-07 16:22:11.621] [INFO] [root] root         212  0.0  0.0      0     0 ?        I<   16:22   0:00 [kworker/R-crypt]
[2026-10-07 16:22:11.621] [INFO] [root] root         215  0.0  0.0      0     0 ?        S    16:22   0:00 [jbd2/vda16-8]
[2026-10-07 16:22:11.621] [INFO] [root] root         216  0.0  0.0      0     0 ?        I<   16:22   0:00 [kworker/R-ext4-]
[2026-10-07 16:22:11.621] [INFO] [root] systemd+     259  1.2  0.6  21332 12912 ?        Ss   16:22   0:00 /usr/lib/systemd/systemd-resolved
[2026-10-07 16:22:11.621] [INFO] [root] systemd+     263  0.9  0.3  91028  7832 ?        Ssl  16:22   0:00 /usr/lib/systemd/systemd-timesyncd
[2026-10-07 16:22:11.622] [INFO] [root] message+     365  0.6  0.2   8352  4608 ?        Ss   16:22   0:00 @dbus-daemon --system --address=systemd: --nofork --nopidfile --systemd-activation --syslog-only
[2026-10-07 16:22:11.622] [INFO] [root] root         370 15.0  1.8 1702908 37376 ?       Ssl  16:22   0:01 /usr/lib/snapd/snapd
[2026-10-07 16:22:11.622] [INFO] [root] root         371  1.0  0.4  17780  8592 ?        Ss   16:22   0:00 /usr/lib/systemd/systemd-logind
[2026-10-07 16:22:11.622] [INFO] [root] root         380  0.1  0.1   3160  2044 ttyS0    Ss+  16:22   0:00 /sbin/agetty -o -p -- \u --keep-baud 115200,57600,38400,9600 - vt220
[2026-10-07 16:22:11.622] [INFO] [root] root         381  0.0  0.0      0     0 ?        I    16:22   0:00 [kworker/0:3-cgroup_free]
[2026-10-07 16:22:11.622] [INFO] [root] root         389  3.0  1.1 107016 22900 ?        Ssl  16:22   0:00 /usr/bin/python3 /usr/share/unattended-upgrades/unattended-upgrade-shutdown --wait-for-signal
[2026-10-07 16:22:11.622] [INFO] [root] root         399  0.5  0.0   3116  1928 tty1     Ss+  16:22   0:00 /sbin/agetty -o -p -- \u --noclear - linux
[2026-10-07 16:22:11.622] [INFO] [root] root         461  1.1  0.3  17284  7396 ?        Ss   16:22   0:00 /usr/lib/systemd/systemd-timedated
[2026-10-07 16:22:11.622] [INFO] [root] root         467  1.8  0.4  12020  8248 ?        Ss   16:22   0:00 sshd: /usr/sbin/sshd -D [listener] 0 of 10-100 startups
[2026-10-07 16:22:11.622] [INFO] [root] root         472  0.0  0.0      0     0 ?        S    16:22   0:00 [psimon]
[2026-10-07 16:22:11.623] [INFO] [root] root         474 13.3  0.5  20016 11136 ?        Ss   16:22   0:00 /usr/lib/systemd/systemd --user
[2026-10-07 16:22:11.623] [INFO] [root] root         475  0.0  0.1  20396  3232 ?        S    16:22   0:00 (sd-pam)
[2026-10-07 16:22:11.623] [INFO] [root] root         480  0.0  0.0      0     0 ?        S    16:22   0:00 [psimon]
[2026-10-07 16:22:11.623] [INFO] [root] root         499 69.5  3.8  95596 78064 ?        R    16:22   0:00 /usr/bin/python3 /usr/lib/ubuntu-release-upgrader/check-new-release -q
[2026-10-07 16:22:11.623] [INFO] [root] root         567  4.7  0.4  14464 10012 ?        Ss   16:22   0:00 sshd: root@notty
[2026-10-07 16:22:11.623] [INFO] [root] root         588  0.0  0.0   2800  1936 ?        Ss   16:22   0:00 sh -lc [ -r /etc/profile ] && . /etc/profile >/dev/null 2>&1; ps aux || pidin
[2026-10-07 16:22:11.623] [INFO] [root] root         598 80.0  0.2   8280  4256 ?        R    16:22   0:00 ps aux
[2026-10-07 16:22:11.623] [INFO] [score.itf.core.com.ssh] Closed SSH connection.
[2026-10-07 16:22:11.623] [INFO] [score.itf.core.com.ssh] Connecting to 169.254.158.190 ...
[2026-10-07 16:22:11.640] [INFO] [paramiko.transport] Connected (version 2.0, client OpenSSH_9.6p1)
[2026-10-07 16:22:11.700] [INFO] [paramiko.transport] Authentication (password) successful!
[2026-10-07 16:22:11.701] [INFO] [score.itf.core.com.ssh] SSH connection to 169.254.158.190 established
[2026-10-07 16:22:11.812] [INFO] [root] ls: cannot access '/dev/shm/lola-*': No such file or directory
[2026-10-07 16:22:11.812] [INFO] [score.itf.core.com.ssh] Closed SSH connection.
[2026-10-07 16:22:11.812] [INFO] [score.itf.core.com.ssh] Connecting to 169.254.158.190 ...
[2026-10-07 16:22:11.822] [INFO] [paramiko.transport] Connected (version 2.0, client OpenSSH_9.6p1)
[2026-10-07 16:22:11.890] [INFO] [paramiko.transport] Authentication (password) successful!
[2026-10-07 16:22:11.891] [INFO] [score.itf.core.com.ssh] SSH connection to 169.254.158.190 established
[2026-10-07 16:22:12.000] [INFO] [root] ls: cannot access '/tmp/mw_com_lola/*': No such file or directory
[2026-10-07 16:22:12.001] [INFO] [score.itf.core.com.ssh] Closed SSH connection.
[2026-10-07 16:22:12.001] [INFO] [score.itf.core.com.ssh] Connecting to 169.254.158.190 ...
[2026-10-07 16:22:12.017] [INFO] [paramiko.transport] Connected (version 2.0, client OpenSSH_9.6p1)
[2026-10-07 16:22:12.080] [INFO] [paramiko.transport] Authentication (password) successful!
[2026-10-07 16:22:12.080] [INFO] [score.itf.core.com.ssh] SSH connection to 169.254.158.190 established
[2026-10-07 16:22:12.200] [INFO] [root] ls: cannot access '/tmp/lola-*': No such file or directory
[2026-10-07 16:22:12.201] [INFO] [score.itf.core.com.ssh] Closed SSH connection.
[2026-10-07 16:22:12.201] [INFO] [score.itf.core.com.ssh] Connecting to 169.254.158.190 ...
[2026-10-07 16:22:12.222] [INFO] [paramiko.transport] Connected (version 2.0, client OpenSSH_9.6p1)
[2026-10-07 16:22:12.288] [INFO] [paramiko.transport] Authentication (password) successful!
[2026-10-07 16:22:12.288] [INFO] [score.itf.core.com.ssh] SSH connection to 169.254.158.190 established
[2026-10-07 16:22:12.394] [INFO] [root] ls: cannot access '/dev/shmem/lola-*': No such file or directory
[2026-10-07 16:22:12.395] [INFO] [score.itf.core.com.ssh] Closed SSH connection.
[2026-10-07 16:22:12.395] [INFO] [score.itf.core.com.ssh] Connecting to 169.254.158.190 ...
[2026-10-07 16:22:12.404] [INFO] [paramiko.transport] Connected (version 2.0, client OpenSSH_9.6p1)
[2026-10-07 16:22:12.469] [INFO] [paramiko.transport] Authentication (password) successful!
[2026-10-07 16:22:12.469] [INFO] [score.itf.core.com.ssh] SSH connection to 169.254.158.190 established
[2026-10-07 16:22:12.564] [INFO] [root] ls: cannot access '/tmp_discovery/mw_com_lola/*': No such file or directory
[2026-10-07 16:22:12.565] [INFO] [score.itf.core.com.ssh] Closed SSH connection.
[2026-10-07 16:22:12.565] [INFO] [score.itf.core.com.ssh] Connecting to 169.254.158.190 ...
[2026-10-07 16:22:12.582] [INFO] [paramiko.transport] Connected (version 2.0, client OpenSSH_9.6p1)
[2026-10-07 16:22:12.638] [INFO] [paramiko.transport] Authentication (password) successful!
[2026-10-07 16:22:12.638] [INFO] [score.itf.core.com.ssh] SSH connection to 169.254.158.190 established
[2026-10-07 16:22:12.726] [INFO] [root] ls: cannot access '/tmp_discovery/lola-*': No such file or directory
[2026-10-07 16:22:12.726] [INFO] [score.itf.core.com.ssh] Closed SSH connection.
[2026-10-07 16:22:12.732] [INFO] [score.itf.core.com.ssh] Connecting to 169.254.158.190 ...
[2026-10-07 16:22:12.743] [INFO] [paramiko.transport] Connected (version 2.0, client OpenSSH_9.6p1)
[2026-10-07 16:22:12.798] [INFO] [paramiko.transport] Authentication (password) successful!
[2026-10-07 16:22:12.799] [INFO] [score.itf.core.com.ssh] SSH connection to 169.254.158.190 established
[2026-10-07 16:22:12.907] [INFO] [score.itf.core.com.ssh] Closed SSH connection.
FAILED                                                                   [100%]
------------------------------ live log teardown -------------------------------
[2026-10-07 16:22:13.274] [INFO] [score.itf.plugins.qemu.qemu_process] Stopping Qemu...
[2026-10-07 16:22:13.274] [INFO] [QEMU] score-itf login: qemu-system-x86_64: terminating on signal 15 from pid 17 (/media/jefferson/11c42dee-73a3-4c2b-ab42-a0440011d9e0/.s-core-build/runs/score-someip84-full-6w80fgob/bazel-output/16df730b0babb9c4a4b46d33742bb204/sandbox/linux-sandbox/629/execroot/_main/bazel-out/k8-fastbuild/bin/tests/integration_test/test_someipd_started_by_test.runfiles/rules_python++python+python_3_12_x86_64-unknown-linux-gnu/bin/python3)


=================================== FAILURES ===================================
_______________________ test_start_someipd_and_gatewayd ________________________

clean_state = <score.itf.plugins.qemu.qemu_target.QemuTarget object at 0x7153a76fd4c0>

    def test_start_someipd_and_gatewayd(clean_state: Target) -> None:
        """Test reception of SOME/IP-SD message from someipd in tcpdump"""
>       with tcpdump_capture("udp port 30490", packet_count=1) as tcpdump_process:
             ^^^^^^^^^^^^^^^^^^^^^^^^^^^^^^^^^^^^^^^^^^^^^^^^^

tests/integration_test/someipd_started_by_test.py:25: 
_ _ _ _ _ _ _ _ _ _ _ _ _ _ _ _ _ _ _ _ _ _ _ _ _ _ _ _ _ _ _ _ _ _ _ _ _ _ _ _ 

filter_expression = 'udp port 30490', packet_count = 1, output_file = None

    def tcpdump_capture(
        filter_expression: str,
        packet_count: int | None = None,
        output_file: str | None = None,
    ) -> CaptureProcess:
        """Start tcpdump on the host and return a CaptureProcess context manager.
    
        Args:
            filter_expression: BPF filter string.
            packet_count: Exit after this many packets; omit when using stop_capture.
            output_file: Move the completed pcap to this path after capture stops;
                         None streams text to stdout.
    
        Raises:
            RuntimeError: tcpdump exited immediately (missing binary or CAP_NET_RAW).
        """
        # -Z <current_user>: avoids tcpdump dropping to its default user, which fails without CAP_SETUID in CI (even as root).
        try:
            _z_user = pwd.getpwuid(os.getuid()).pw_name
        except KeyError:
            # uid has no /etc/passwd entry (minimal container); use numeric fallback
            _z_user = str(os.getuid())
    
        args = ["/usr/bin/tcpdump", "-n", "-i", "any", "-Z", _z_user]
    
        # Write pcap to /tmp, which is writable in all sandbox configurations.
        # CaptureProcess.__exit__ moves it to output_file after capture stops.
        text_mode = output_file is None
        tmp_pcap: str | None = None
        if output_file is not None:
            tmp_pcap = f"/tmp/tcpdump_{os.urandom(8).hex()}.pcap"
            args.extend(["-U", "-w", tmp_pcap])  # -U: packet-buffered
        else:
            args.append("-l")  # line-buffered output for text mode
    
        if packet_count is not None:
            args.extend(["-c", str(packet_count)])
        if filter_expression:
            args.append(filter_expression)
    
        try:
            proc = subprocess.Popen(
                args,
                stdout=subprocess.PIPE if output_file is None else subprocess.DEVNULL,
                stderr=subprocess.PIPE,
            )
        except OSError as exc:
            raise RuntimeError(
                f"Failed to start tcpdump ({exc}). Check that /usr/bin/tcpdump exists and "
                f"the process has CAP_NET_RAW capability."
            ) from exc
    
        # tcpdump exits within milliseconds if CAP_NET_RAW is missing or binary absent.
        time.sleep(0.2)
        if proc.poll() is not None and proc.returncode != 0:
            stderr_text = _get_content_of_file_object(proc.stderr)
>           raise RuntimeError(
                f"tcpdump failed to start (exit code {proc.returncode}). "
                f"Check that /usr/bin/tcpdump exists and the process has "
                f"CAP_NET_RAW capability. stderr: {stderr_text}"
            )
E           RuntimeError: tcpdump failed to start (exit code 1). Check that /usr/bin/tcpdump exists and the process has CAP_NET_RAW capability. stderr: tcpdump: data link type LINUX_SLL2
E           tcpdump: Couldn't change to 'root' uid=0 gid=0: Operation not permitted

tests/common/capture.py:281: RuntimeError
- generated xml file: /media/jefferson/11c42dee-73a3-4c2b-ab42-a0440011d9e0/.s-core-build/runs/score-someip84-full-6w80fgob/bazel-output/16df730b0babb9c4a4b46d33742bb204/sandbox/linux-sandbox/629/execroot/_main/bazel-out/k8-fastbuild/testlogs/tests/integration_test/test_someipd_started_by_test/test.xml -
=========================== short test summary info ============================
FAILED ../score_itf+::test_start_someipd_and_gatewayd - RuntimeError: tcpdump...
============================== 1 failed in 18.28s ==============================
================================================================================
==================== Test output for //tests/integration_test:test_tcpdump:
============================= test session starts ==============================
platform linux -- Python 3.12.12, pytest-9.1.1, pluggy-1.6.0
rootdir: /media/jefferson/11c42dee-73a3-4c2b-ab42-a0440011d9e0/.s-core-build/runs/score-someip84-full-6w80fgob/bazel-output/16df730b0babb9c4a4b46d33742bb204/sandbox/linux-sandbox/631/execroot/_main/bazel-out/k8-fastbuild/bin/tests/integration_test/test_tcpdump.runfiles/score_itf+
configfile: pytest.ini
collected 5 items

../score_itf+::test_tcpdump_with_ping_from_target_execute 
-------------------------------- live log setup --------------------------------
[2026-10-07 16:22:20.165] [INFO] [score.itf.plugins.qemu.config] Loading configuration from ../os_images+/ubuntu_x86_64/qemu_config.json
[2026-10-07 16:22:20.165] [INFO] [score.itf.plugins.qemu] Starting tests on host: master
[2026-10-07 16:22:20.330] [INFO] [score.itf.plugins.qemu] Created qcow2 overlay: /media/jefferson/11c42dee-73a3-4c2b-ab42-a0440011d9e0/.s-core-build/runs/score-someip84-full-6w80fgob/native/.llm_tmp/tmp/qemu_overlay_y24icgvl.qcow2 (backing: /media/jefferson/11c42dee-73a3-4c2b-ab42-a0440011d9e0/.s-core-build/runs/score-someip84-full-6w80fgob/bazel-output/16df730b0babb9c4a4b46d33742bb204/sandbox/linux-sandbox/631/execroot/_main/bazel-out/k8-fastbuild/bin/tests/integration_test/test_tcpdump.runfiles/os_images+/ubuntu_x86_64/ubuntu-x86_64-itf/ubuntu-24.04-minimal-cloudimg-amd64.img)
[2026-10-07 16:22:20.370] [INFO] [score.itf.plugins.qemu] Created qcow2 overlay: /media/jefferson/11c42dee-73a3-4c2b-ab42-a0440011d9e0/.s-core-build/runs/score-someip84-full-6w80fgob/native/.llm_tmp/tmp/qemu_overlay_i8ebhcph.qcow2 (backing: /media/jefferson/11c42dee-73a3-4c2b-ab42-a0440011d9e0/.s-core-build/runs/score-someip84-full-6w80fgob/bazel-output/16df730b0babb9c4a4b46d33742bb204/sandbox/linux-sandbox/631/execroot/_main/bazel-out/k8-fastbuild/bin/tests/integration_test/test_tcpdump.runfiles/_main/tests/integration_test/qemu_disk_test_tcpdump.ext4)
[2026-10-07 16:22:20.371] [INFO] [score.itf.plugins.qemu.qemu_process] Starting Qemu...
[2026-10-07 16:22:20.371] [INFO] [score.itf.plugins.qemu.qemu_process] Using QEMU root filesystem image: /media/jefferson/11c42dee-73a3-4c2b-ab42-a0440011d9e0/.s-core-build/runs/score-someip84-full-6w80fgob/native/.llm_tmp/tmp/qemu_overlay_y24icgvl.qcow2
[2026-10-07 16:22:20.371] [INFO] [score.itf.plugins.qemu.qemu_process] Using QEMU additional disk image: /media/jefferson/11c42dee-73a3-4c2b-ab42-a0440011d9e0/.s-core-build/runs/score-someip84-full-6w80fgob/native/.llm_tmp/tmp/qemu_overlay_i8ebhcph.qcow2
[2026-10-07 16:22:20.371] [DEBUG] [score.itf.plugins.qemu.qemu] ['/usr/bin/qemu-system-x86_64', '-accel', 'kvm', '-accel', 'tcg', '-smp', '2,maxcpus=2,cores=2', '-machine', 'pc', '-cpu', 'Cascadelake-Server-v5', '-m', '2G', '-nographic', '-serial', 'mon:stdio', '-object', 'rng-random,filename=/dev/urandom,id=rng0', '-device', 'virtio-rng-pci,rng=rng0', '-netdev', 'tap,id=t1,ifname=tap0,script=no,downscript=no', '-device', 'virtio-net-pci,netdev=t1,id=nic1,guest_csum=off', '-device', 'virtio-blk-pci,drive=vd0', '-drive', 'if=none,format=qcow2,file=/media/jefferson/11c42dee-73a3-4c2b-ab42-a0440011d9e0/.s-core-build/runs/score-someip84-full-6w80fgob/native/.llm_tmp/tmp/qemu_overlay_y24icgvl.qcow2,id=vd0', '-device', 'virtio-blk-pci,drive=vd1', '-drive', 'if=none,format=qcow2,file=/media/jefferson/11c42dee-73a3-4c2b-ab42-a0440011d9e0/.s-core-build/runs/score-someip84-full-6w80fgob/native/.llm_tmp/tmp/qemu_overlay_i8ebhcph.qcow2,id=vd1']
[2026-10-07 16:22:20.398] [INFO] [QEMU] qemu-system-x86_64: warning: host doesn't support requested feature: CPUID.07H:EBX.avx512f [bit 16]
[2026-10-07 16:22:20.399] [INFO] [QEMU] qemu-system-x86_64: warning: host doesn't support requested feature: CPUID.07H:EBX.avx512dq [bit 17]
[2026-10-07 16:22:20.399] [INFO] [QEMU] qemu-system-x86_64: warning: host doesn't support requested feature: CPUID.07H:EBX.avx512cd [bit 28]
[2026-10-07 16:22:20.399] [INFO] [QEMU] qemu-system-x86_64: warning: host doesn't support requested feature: CPUID.07H:EBX.avx512bw [bit 30]
[2026-10-07 16:22:20.399] [INFO] [QEMU] qemu-system-x86_64: warning: host doesn't support requested feature: CPUID.07H:EBX.avx512vl [bit 31]
[2026-10-07 16:22:20.399] [INFO] [QEMU] qemu-system-x86_64: warning: host doesn't support requested feature: CPUID.07H:ECX.avx512vnni [bit 11]
[2026-10-07 16:22:20.399] [INFO] [QEMU] qemu-system-x86_64: warning: host doesn't support requested feature: CPUID.0DH:EAX [bit 5]
[2026-10-07 16:22:20.399] [INFO] [QEMU] qemu-system-x86_64: warning: host doesn't support requested feature: CPUID.0DH:EAX [bit 6]
[2026-10-07 16:22:20.400] [INFO] [QEMU] qemu-system-x86_64: warning: host doesn't support requested feature: CPUID.0DH:EAX [bit 7]
[2026-10-07 16:22:20.400] [INFO] [QEMU] qemu-system-x86_64: warning: host doesn't support requested feature: CPUID.07H:EBX.avx512f [bit 16]
[2026-10-07 16:22:20.400] [INFO] [QEMU] qemu-system-x86_64: warning: host doesn't support requested feature: CPUID.07H:EBX.avx512dq [bit 17]
[2026-10-07 16:22:20.400] [INFO] [QEMU] qemu-system-x86_64: warning: host doesn't support requested feature: CPUID.07H:EBX.avx512cd [bit 28]
[2026-10-07 16:22:20.400] [INFO] [QEMU] qemu-system-x86_64: warning: host doesn't support requested feature: CPUID.07H:EBX.avx512bw [bit 30]
[2026-10-07 16:22:20.400] [INFO] [QEMU] qemu-system-x86_64: warning: host doesn't support requested feature: CPUID.07H:EBX.avx512vl [bit 31]
[2026-10-07 16:22:20.400] [INFO] [QEMU] qemu-system-x86_64: warning: host doesn't support requested feature: CPUID.07H:ECX.avx512vnni [bit 11]
[2026-10-07 16:22:20.400] [INFO] [QEMU] qemu-system-x86_64: warning: host doesn't support requested feature: CPUID.0DH:EAX [bit 5]
[2026-10-07 16:22:20.401] [INFO] [QEMU] qemu-system-x86_64: warning: host doesn't support requested feature: CPUID.0DH:EAX [bit 6]
[2026-10-07 16:22:20.401] [INFO] [QEMU] qemu-system-x86_64: warning: host doesn't support requested feature: CPUID.0DH:EAX [bit 7]
[2026-10-07 16:22:20.747] [INFO] [QEMU] cSeaBIOS (version 1.15.0-1)
[2026-10-07 16:22:20.748] [INFO] [QEMU] 
[2026-10-07 16:22:20.748] [INFO] [QEMU] 
[2026-10-07 16:22:20.750] [INFO] [QEMU] iPXE (https://ipxe.org) 00:04.0 CA00 PCI2.10 PnP PMM+7FF8B380+7FECB380 CA00
[2026-10-07 16:22:20.757] [INFO] [QEMU] Press Ctrl-B to configure iPXE (PCI 00:04.0)...
[2026-10-07 16:22:20.757] [INFO] [QEMU] 
[2026-10-07 16:22:20.757] [INFO] [QEMU] 
[2026-10-07 16:22:20.831] [INFO] [QEMU] Booting from Hard Disk...
[2026-10-07 16:22:21.270] [INFO] [QEMU] GRUB_FORCE_PARTUUID set, attempting initrdless boot.
[2026-10-07 16:22:24.402] [INFO] [QEMU] [    0.000000] Linux version 6.8.0-136-generic (buildd@lcy02-amd64-041) (x86_64-linux-gnu-gcc-13 (Ubuntu 13.3.0-6ubuntu2~24.04.1) 13.3.0, GNU ld (GNU Binutils for Ubuntu) 2.42) #136-Ubuntu SMP PREEMPT_DYNAMIC Wed Jul  1 21:53:05 UTC 2026 (Ubuntu 6.8.0-136.136-generic 6.8.12)
[2026-10-07 16:22:24.408] [INFO] [QEMU] [    0.000000] Command line: BOOT_IMAGE=/vmlinuz-6.8.0-136-generic root=PARTUUID=91defc72-0e0a-4749-973f-2bd295668950 ro console=tty1 console=ttyS0 panic=-1
[2026-10-07 16:22:24.409] [INFO] [QEMU] [    0.000000] KERNEL supported cpus:
[2026-10-07 16:22:24.410] [INFO] [QEMU] [    0.000000]   Intel GenuineIntel
[2026-10-07 16:22:24.411] [INFO] [QEMU] [    0.000000]   AMD AuthenticAMD
[2026-10-07 16:22:24.412] [INFO] [QEMU] [    0.000000]   Hygon HygonGenuine
[2026-10-07 16:22:24.414] [INFO] [QEMU] [    0.000000]   Centaur CentaurHauls
[2026-10-07 16:22:24.415] [INFO] [QEMU] [    0.000000]   zhaoxin   Shanghai
[2026-10-07 16:22:24.417] [INFO] [QEMU] [    0.000000] BIOS-provided physical RAM map:
[2026-10-07 16:22:24.419] [INFO] [QEMU] [    0.000000] BIOS-e820: [mem 0x0000000000000000-0x000000000009fbff] usable
[2026-10-07 16:22:24.422] [INFO] [QEMU] [    0.000000] BIOS-e820: [mem 0x000000000009fc00-0x000000000009ffff] reserved
[2026-10-07 16:22:24.424] [INFO] [QEMU] [    0.000000] BIOS-e820: [mem 0x00000000000f0000-0x00000000000fffff] reserved
[2026-10-07 16:22:24.427] [INFO] [QEMU] [    0.000000] BIOS-e820: [mem 0x0000000000100000-0x000000007ffd9fff] usable
[2026-10-07 16:22:24.430] [INFO] [QEMU] [    0.000000] BIOS-e820: [mem 0x000000007ffda000-0x000000007fffffff] reserved
[2026-10-07 16:22:24.432] [INFO] [QEMU] [    0.000000] BIOS-e820: [mem 0x00000000feffc000-0x00000000feffffff] reserved
[2026-10-07 16:22:24.435] [INFO] [QEMU] [    0.000000] BIOS-e820: [mem 0x00000000fffc0000-0x00000000ffffffff] reserved
[2026-10-07 16:22:24.437] [INFO] [QEMU] [    0.000000] NX (Execute Disable) protection: active
[2026-10-07 16:22:24.438] [INFO] [QEMU] [    0.000000] APIC: Static calls initialized
[2026-10-07 16:22:24.439] [INFO] [QEMU] [    0.000000] SMBIOS 2.8 present.
[2026-10-07 16:22:24.442] [INFO] [QEMU] [    0.000000] DMI: QEMU Standard PC (i440FX + PIIX, 1996), BIOS 1.15.0-1 04/01/2014
[2026-10-07 16:22:24.443] [INFO] [QEMU] [    0.000000] Hypervisor detected: KVM
[2026-10-07 16:22:24.445] [INFO] [QEMU] [    0.000000] kvm-clock: Using msrs 4b564d01 and 4b564d00
[2026-10-07 16:22:24.448] [INFO] [QEMU] [    0.000001] kvm-clock: using sched offset of 3512944789 cycles
[2026-10-07 16:22:24.452] [INFO] [QEMU] [    0.000005] clocksource: kvm-clock: mask: 0xffffffffffffffff max_cycles: 0x1cd42e4dffb, max_idle_ns: 881590591483 ns
[2026-10-07 16:22:24.453] [INFO] [QEMU] [    0.000009] tsc: Detected 2419.200 MHz processor
[2026-10-07 16:22:24.455] [INFO] [QEMU] [    0.001660] last_pfn = 0x7ffda max_arch_pfn = 0x400000000
[2026-10-07 16:22:24.458] [INFO] [QEMU] [    0.001718] MTRR map: 4 entries (3 fixed + 1 variable; max 19), built from 8 variable MTRRs
[2026-10-07 16:22:24.461] [INFO] [QEMU] [    0.001723] x86/PAT: Configuration [0-7]: WB  WC  UC- UC  WB  WP  UC- WT
[2026-10-07 16:22:24.463] [INFO] [QEMU] [    0.010875] found SMP MP-table at [mem 0x000f5b80-0x000f5b8f]
[2026-10-07 16:22:24.465] [INFO] [QEMU] [    0.010911] Using GB pages for direct mapping
[2026-10-07 16:22:24.467] [INFO] [QEMU] [    0.011153] RAMDISK: [mem 0x3631f000-0x37186fff]
[2026-10-07 16:22:24.469] [INFO] [QEMU] [    0.011163] ACPI: Early table checksum verification disabled
[2026-10-07 16:22:24.471] [INFO] [QEMU] [    0.011169] ACPI: RSDP 0x00000000000F59C0 000014 (v00 BOCHS )
[2026-10-07 16:22:24.474] [INFO] [QEMU] [    0.011177] ACPI: RSDT 0x000000007FFE1975 000034 (v01 BOCHS  BXPC     00000001 BXPC 00000001)
[2026-10-07 16:22:24.477] [INFO] [QEMU] [    0.011187] ACPI: FACP 0x000000007FFE1821 000074 (v01 BOCHS  BXPC     00000001 BXPC 00000001)
[2026-10-07 16:22:24.481] [INFO] [QEMU] [    0.011208] ACPI: DSDT 0x000000007FFE0040 0017E1 (v01 BOCHS  BXPC     00000001 BXPC 00000001)
[2026-10-07 16:22:24.482] [INFO] [QEMU] [    0.011214] ACPI: FACS 0x000000007FFE0000 000040
[2026-10-07 16:22:24.486] [INFO] [QEMU] [    0.011218] ACPI: APIC 0x000000007FFE1895 000080 (v01 BOCHS  BXPC     00000001 BXPC 00000001)
[2026-10-07 16:22:24.489] [INFO] [QEMU] [    0.011223] ACPI: HPET 0x000000007FFE1915 000038 (v01 BOCHS  BXPC     00000001 BXPC 00000001)
[2026-10-07 16:22:24.492] [INFO] [QEMU] [    0.011228] ACPI: WAET 0x000000007FFE194D 000028 (v01 BOCHS  BXPC     00000001 BXPC 00000001)
[2026-10-07 16:22:24.495] [INFO] [QEMU] [    0.011232] ACPI: Reserving FACP table memory at [mem 0x7ffe1821-0x7ffe1894]
[2026-10-07 16:22:24.497] [INFO] [QEMU] [    0.011235] ACPI: Reserving DSDT table memory at [mem 0x7ffe0040-0x7ffe1820]
[2026-10-07 16:22:24.500] [INFO] [QEMU] [    0.011237] ACPI: Reserving FACS table memory at [mem 0x7ffe0000-0x7ffe003f]
[2026-10-07 16:22:24.502] [INFO] [QEMU] [    0.011238] ACPI: Reserving APIC table memory at [mem 0x7ffe1895-0x7ffe1914]
[2026-10-07 16:22:24.505] [INFO] [QEMU] [    0.011239] ACPI: Reserving HPET table memory at [mem 0x7ffe1915-0x7ffe194c]
[2026-10-07 16:22:24.508] [INFO] [QEMU] [    0.011241] ACPI: Reserving WAET table memory at [mem 0x7ffe194d-0x7ffe1974]
[2026-10-07 16:22:24.509] [INFO] [QEMU] [    0.012030] No NUMA configuration found
[2026-10-07 16:22:24.512] [INFO] [QEMU] [    0.012036] Faking a node at [mem 0x0000000000000000-0x000000007ffd9fff]
[2026-10-07 16:22:24.514] [INFO] [QEMU] [    0.012050] NODE_DATA(0) allocated [mem 0x7ffaf000-0x7ffd9fff]
[2026-10-07 16:22:24.515] [INFO] [QEMU] [    0.012365] Zone ranges:
[2026-10-07 16:22:24.517] [INFO] [QEMU] [    0.012367]   DMA      [mem 0x0000000000001000-0x0000000000ffffff]
[2026-10-07 16:22:24.520] [INFO] [QEMU] [    0.012371]   DMA32    [mem 0x0000000001000000-0x000000007ffd9fff]
[2026-10-07 16:22:24.521] [INFO] [QEMU] [    0.012374]   Normal   empty
[2026-10-07 16:22:24.522] [INFO] [QEMU] [    0.012376]   Device   empty
[2026-10-07 16:22:24.523] [INFO] [QEMU] [    0.012378] Movable zone start for each node
[2026-10-07 16:22:24.525] [INFO] [QEMU] [    0.012381] Early memory node ranges
[2026-10-07 16:22:24.527] [INFO] [QEMU] [    0.012382]   node   0: [mem 0x0000000000001000-0x000000000009efff]
[2026-10-07 16:22:24.529] [INFO] [QEMU] [    0.012385]   node   0: [mem 0x0000000000100000-0x000000007ffd9fff]
[2026-10-07 16:22:24.532] [INFO] [QEMU] [    0.012388] Initmem setup node 0 [mem 0x0000000000001000-0x000000007ffd9fff]
[2026-10-07 16:22:24.534] [INFO] [QEMU] [    0.034971] On node 0, zone DMA: 1 pages in unavailable ranges
[2026-10-07 16:22:24.536] [INFO] [QEMU] [    0.035285] On node 0, zone DMA: 97 pages in unavailable ranges
[2026-10-07 16:22:24.539] [INFO] [QEMU] [    0.070148] On node 0, zone DMA32: 38 pages in unavailable ranges
[2026-10-07 16:22:24.540] [INFO] [QEMU] [    0.071243] ACPI: PM-Timer IO Port: 0x608
[2026-10-07 16:22:24.542] [INFO] [QEMU] [    0.071276] ACPI: LAPIC_NMI (acpi_id[0xff] dfl dfl lint[0x1])
[2026-10-07 16:22:24.545] [INFO] [QEMU] [    0.071339] IOAPIC[0]: apic_id 0, version 17, address 0xfec00000, GSI 0-23
[2026-10-07 16:22:24.547] [INFO] [QEMU] [    0.071346] ACPI: INT_SRC_OVR (bus 0 bus_irq 0 global_irq 2 dfl dfl)
[2026-10-07 16:22:24.550] [INFO] [QEMU] [    0.071349] ACPI: INT_SRC_OVR (bus 0 bus_irq 5 global_irq 5 high level)
[2026-10-07 16:22:24.552] [INFO] [QEMU] [    0.071351] ACPI: INT_SRC_OVR (bus 0 bus_irq 9 global_irq 9 high level)
[2026-10-07 16:22:24.555] [INFO] [QEMU] [    0.071353] ACPI: INT_SRC_OVR (bus 0 bus_irq 10 global_irq 10 high level)
[2026-10-07 16:22:24.557] [INFO] [QEMU] [    0.071356] ACPI: INT_SRC_OVR (bus 0 bus_irq 11 global_irq 11 high level)
[2026-10-07 16:22:24.560] [INFO] [QEMU] [    0.071362] ACPI: Using ACPI (MADT) for SMP configuration information
[2026-10-07 16:22:24.562] [INFO] [QEMU] [    0.071364] ACPI: HPET id: 0x8086a201 base: 0xfed00000
[2026-10-07 16:22:24.563] [INFO] [QEMU] [    0.071372] TSC deadline timer available
[2026-10-07 16:22:24.565] [INFO] [QEMU] [    0.071373] smpboot: Allowing 2 CPUs, 0 hotplug CPUs
[2026-10-07 16:22:24.568] [INFO] [QEMU] [    0.071405] kvm-guest: APIC: eoi() replaced with kvm_guest_apic_eoi_write()
[2026-10-07 16:22:24.570] [INFO] [QEMU] [    0.071431] PM: hibernation: Registered nosave memory: [mem 0x00000000-0x00000fff]
[2026-10-07 16:22:24.573] [INFO] [QEMU] [    0.071434] PM: hibernation: Registered nosave memory: [mem 0x0009f000-0x000fffff]
[2026-10-07 16:22:24.575] [INFO] [QEMU] [    0.071437] [mem 0x80000000-0xfeffbfff] available for PCI devices
[2026-10-07 16:22:24.577] [INFO] [QEMU] [    0.071440] Booting paravirtualized kernel on KVM
[2026-10-07 16:22:24.581] [INFO] [QEMU] [    0.071443] clocksource: refined-jiffies: mask: 0xffffffff max_cycles: 0xffffffff, max_idle_ns: 1910969940391419 ns
[2026-10-07 16:22:24.584] [INFO] [QEMU] [    0.071455] setup_percpu: NR_CPUS:8192 nr_cpumask_bits:2 nr_cpu_ids:2 nr_node_ids:1
[2026-10-07 16:22:24.587] [INFO] [QEMU] [    0.078684] percpu: Embedded 86 pages/cpu s229376 r8192 d114688 u1048576
[2026-10-07 16:22:24.589] [INFO] [QEMU] [    0.078752] kvm-guest: PV spinlocks disabled, no host support
[2026-10-07 16:22:24.594] [INFO] [QEMU] [    0.078754] Kernel command line: BOOT_IMAGE=/vmlinuz-6.8.0-136-generic root=PARTUUID=91defc72-0e0a-4749-973f-2bd295668950 ro console=tty1 console=ttyS0 panic=-1
[2026-10-07 16:22:24.595] [INFO] [QEMU] [    0.078847] random: crng init done
[2026-10-07 16:22:24.598] [INFO] [QEMU] [    0.085628] Dentry cache hash table entries: 262144 (order: 9, 2097152 bytes, linear)
[2026-10-07 16:22:24.601] [INFO] [QEMU] [    0.086133] Inode-cache hash table entries: 131072 (order: 8, 1048576 bytes, linear)
[2026-10-07 16:22:24.603] [INFO] [QEMU] [    0.086223] Fallback order for Node 0: 0
[2026-10-07 16:22:24.605] [INFO] [QEMU] [    0.086230] Built 1 zonelists, mobility grouping on.  Total pages: 515802
[2026-10-07 16:22:24.607] [INFO] [QEMU] [    0.086233] Policy zone: DMA32
[2026-10-07 16:22:24.609] [INFO] [QEMU] [    0.086246] mem auto-init: stack:all(zero), heap alloc:on, heap free:off
[2026-10-07 16:22:24.614] [INFO] [QEMU] [    0.093131] Memory: 1990880K/2096608K available (22528K kernel code, 4441K rwdata, 14428K rodata, 4932K init, 4776K bss, 105468K reserved, 0K cma-reserved)
[2026-10-07 16:22:24.617] [INFO] [QEMU] [    0.094609] SLUB: HWalign=64, Order=0-3, MinObjects=0, CPUs=2, Nodes=1
[2026-10-07 16:22:24.619] [INFO] [QEMU] [    0.094672] ftrace: allocating 58332 entries in 228 pages
[2026-10-07 16:22:24.621] [INFO] [QEMU] [    0.111447] ftrace: allocated 228 pages with 4 groups
[2026-10-07 16:22:24.622] [INFO] [QEMU] [    0.112939] Dynamic Preempt: voluntary
[2026-10-07 16:22:24.625] [INFO] [QEMU] [    0.113049] rcu: Preemptible hierarchical RCU implementation.
[2026-10-07 16:22:24.627] [INFO] [QEMU] [    0.113051] rcu: 	RCU restricting CPUs from NR_CPUS=8192 to nr_cpu_ids=2.
[2026-10-07 16:22:24.628] [INFO] [QEMU] [    0.113054] 	Trampoline variant of Tasks RCU enabled.
[2026-10-07 16:22:24.630] [INFO] [QEMU] [    0.113055] 	Rude variant of Tasks RCU enabled.
[2026-10-07 16:22:24.632] [INFO] [QEMU] [    0.113056] 	Tracing variant of Tasks RCU enabled.
[2026-10-07 16:22:24.635] [INFO] [QEMU] [    0.113057] rcu: RCU calculated value of scheduler-enlistment delay is 100 jiffies.
[2026-10-07 16:22:24.637] [INFO] [QEMU] [    0.113059] rcu: Adjusting geometry for rcu_fanout_leaf=16, nr_cpu_ids=2
[2026-10-07 16:22:24.641] [INFO] [QEMU] [    0.113074] RCU Tasks: Setting shift to 1 and lim to 1 rcu_task_cb_adjust=1 rcu_task_cpu_ids=2.
[2026-10-07 16:22:24.644] [INFO] [QEMU] [    0.113077] RCU Tasks Rude: Setting shift to 1 and lim to 1 rcu_task_cb_adjust=1 rcu_task_cpu_ids=2.
[2026-10-07 16:22:24.647] [INFO] [QEMU] [    0.113079] RCU Tasks Trace: Setting shift to 1 and lim to 1 rcu_task_cb_adjust=1 rcu_task_cpu_ids=2.
[2026-10-07 16:22:24.650] [INFO] [QEMU] [    0.118503] NR_IRQS: 524544, nr_irqs: 440, preallocated irqs: 16
[2026-10-07 16:22:24.652] [INFO] [QEMU] [    0.118793] rcu: srcu_init: Setting srcu_struct sizes based on contention.
[2026-10-07 16:22:24.654] [INFO] [QEMU] [    0.150392] Console: colour VGA+ 80x25
[2026-10-07 16:22:24.655] [INFO] [QEMU] [    0.150406] printk: legacy console [tty1] enabled
[2026-10-07 16:22:24.657] [INFO] [QEMU] [    0.217008] printk: legacy console [ttyS0] enabled
[2026-10-07 16:22:24.659] [INFO] [QEMU] [    0.481715] ACPI: Core revision 20230628
[2026-10-07 16:22:24.663] [INFO] [QEMU] [    0.484147] clocksource: hpet: mask: 0xffffffff max_cycles: 0xffffffff, max_idle_ns: 19112604467 ns
[2026-10-07 16:22:24.666] [INFO] [QEMU] [    0.488705] APIC: Switch to symmetric I/O mode setup
[2026-10-07 16:22:24.668] [INFO] [QEMU] [    0.491566] x2apic enabled
[2026-10-07 16:22:24.671] [INFO] [QEMU] [    0.493687] APIC: Switched APIC routing to: physical x2apic
[2026-10-07 16:22:24.676] [INFO] [QEMU] [    0.498123] ..TIMER: vector=0x30 apic1=0 pin1=2 apic2=-1 pin2=-1
[2026-10-07 16:22:24.681] [INFO] [QEMU] [    0.501093] clocksource: tsc-early: mask: 0xffffffffffffffff max_cycles: 0x22df1149949, max_idle_ns: 440795312789 ns
[2026-10-07 16:22:24.685] [INFO] [QEMU] [    0.506106] Calibrating delay loop (skipped) preset value.. 4838.40 BogoMIPS (lpj=2419200)
[2026-10-07 16:22:24.688] [INFO] [QEMU] [    0.508414] Last level iTLB entries: 4KB 0, 2MB 0, 4MB 0
[2026-10-07 16:22:24.691] [INFO] [QEMU] [    0.510105] Last level dTLB entries: 4KB 0, 2MB 0, 4MB 0, 1GB 0
[2026-10-07 16:22:24.695] [INFO] [QEMU] [    0.512123] Spectre V1 : Mitigation: usercopy/swapgs barriers and __user pointer sanitization
[2026-10-07 16:22:24.699] [INFO] [QEMU] [    0.514113] Spectre V2 : Spectre BHI mitigation: SW BHB clearing on vm exit
[2026-10-07 16:22:24.702] [INFO] [QEMU] [    0.515737] Spectre V2 : Spectre BHI mitigation: SW BHB clearing on syscall
[2026-10-07 16:22:24.705] [INFO] [QEMU] [    0.517105] Spectre V2 : Mitigation: Enhanced / Automatic IBRS
[2026-10-07 16:22:24.708] [INFO] [QEMU] [    0.519105] Spectre V2 : Spectre v2 / PBRSB-eIBRS: Retire a single CALL on VMEXIT
[2026-10-07 16:22:24.711] [INFO] [QEMU] [    0.520853] RETBleed: Mitigation: Enhanced IBRS
[2026-10-07 16:22:24.715] [INFO] [QEMU] [    0.522114] Spectre V2 : mitigation: Enabling conditional Indirect Branch Prediction Barrier
[2026-10-07 16:22:24.719] [INFO] [QEMU] [    0.524107] Speculative Store Bypass: Mitigation: Speculative Store Bypass disabled via prctl
[2026-10-07 16:22:24.723] [INFO] [QEMU] [    0.526120] MMIO Stale Data: Vulnerable: Clear CPU buffers attempted, no microcode
[2026-10-07 16:22:24.726] [INFO] [QEMU] [    0.528108] GDS: Unknown: Dependent on hypervisor status
[2026-10-07 16:22:24.728] [INFO] [QEMU] [    0.530105] active return thunk: its_return_thunk
[2026-10-07 16:22:24.731] [INFO] [QEMU] [    0.532105] ITS: Mitigation: Aligned branch/return thunks
[2026-10-07 16:22:24.735] [INFO] [QEMU] [    0.534146] x86/fpu: Supporting XSAVE feature 0x001: 'x87 floating point registers'
[2026-10-07 16:22:24.738] [INFO] [QEMU] [    0.536107] x86/fpu: Supporting XSAVE feature 0x002: 'SSE registers'
[2026-10-07 16:22:24.742] [INFO] [QEMU] [    0.538106] x86/fpu: Supporting XSAVE feature 0x004: 'AVX registers'
[2026-10-07 16:22:24.745] [INFO] [QEMU] [    0.539780] x86/fpu: Supporting XSAVE feature 0x200: 'Protection Keys User registers'
[2026-10-07 16:22:24.749] [INFO] [QEMU] [    0.541107] x86/fpu: xstate_offset[2]:  576, xstate_sizes[2]:  256
[2026-10-07 16:22:24.752] [INFO] [QEMU] [    0.543107] x86/fpu: xstate_offset[9]:  832, xstate_sizes[9]:    8
[2026-10-07 16:22:24.756] [INFO] [QEMU] [    0.545105] x86/fpu: Enabled xstate features 0x207, context size is 840 bytes, using 'compacted' format.
[2026-10-07 16:22:24.829] [INFO] [QEMU] [    0.616694] Freeing SMP alternatives memory: 48K
[2026-10-07 16:22:24.831] [INFO] [QEMU] [    0.618107] pid_max: default: 32768 minimum: 301
[2026-10-07 16:22:24.835] [INFO] [QEMU] [    0.619771] LSM: initializing lsm=lockdown,capability,landlock,yama,apparmor,integrity
[2026-10-07 16:22:24.838] [INFO] [QEMU] [    0.621115] landlock: Up and running.
[2026-10-07 16:22:24.840] [INFO] [QEMU] [    0.623105] Yama: becoming mindful.
[2026-10-07 16:22:24.842] [INFO] [QEMU] [    0.625186] AppArmor: AppArmor initialized
[2026-10-07 16:22:24.846] [INFO] [QEMU] [    0.627198] Mount-cache hash table entries: 4096 (order: 3, 32768 bytes, linear)
[2026-10-07 16:22:24.850] [INFO] [QEMU] [    0.629117] Mountpoint-cache hash table entries: 4096 (order: 3, 32768 bytes, linear)
[2026-10-07 16:22:24.855] [INFO] [QEMU] [    0.632288] smpboot: CPU0: Intel Xeon Processor (Cascadelake) (family: 0x6, model: 0x55, stepping: 0x6)
[2026-10-07 16:22:24.860] [INFO] [QEMU] [    0.634474] Performance Events: unsupported p6 CPU model 85 no PMU driver, software events only.
[2026-10-07 16:22:24.863] [INFO] [QEMU] [    0.636232] signal: max sigframe size: 3632
[2026-10-07 16:22:24.865] [INFO] [QEMU] [    0.637808] rcu: Hierarchical SRCU implementation.
[2026-10-07 16:22:24.868] [INFO] [QEMU] [    0.638696] rcu: 	Max phase no-delay instances is 400.
[2026-10-07 16:22:24.884] [INFO] [QEMU] [    0.642886] NMI watchdog: Perf NMI watchdog permanently disabled
[2026-10-07 16:22:24.887] [INFO] [QEMU] [    0.643912] smp: Bringing up secondary CPUs ...
[2026-10-07 16:22:24.890] [INFO] [QEMU] [    0.644989] smpboot: x86: Booting SMP configuration:
[2026-10-07 16:22:24.895] [INFO] [QEMU] [    0.645726] .... node  #0, CPUs:      #1
[2026-10-07 16:22:24.897] [INFO] [QEMU] [    0.647158] smp: Brought up 1 node, 2 CPUs
[2026-10-07 16:22:24.899] [INFO] [QEMU] [    0.649675] smpboot: Max logical packages: 1
[2026-10-07 16:22:24.902] [INFO] [QEMU] [    0.650682] smpboot: Total of 2 processors activated (9676.80 BogoMIPS)
[2026-10-07 16:22:24.905] [INFO] [QEMU] [    0.652474] devtmpfs: initialized
[2026-10-07 16:22:24.907] [INFO] [QEMU] [    0.653692] x86/mm: Memory block size: 128MB
[2026-10-07 16:22:24.912] [INFO] [QEMU] [    0.655335] clocksource: jiffies: mask: 0xffffffff max_cycles: 0xffffffff, max_idle_ns: 1911260446275000 ns
[2026-10-07 16:22:24.916] [INFO] [QEMU] [    0.657093] futex hash table entries: 512 (order: 3, 32768 bytes, linear)
[2026-10-07 16:22:24.919] [INFO] [QEMU] [    0.657971] pinctrl core: initialized pinctrl subsystem
[2026-10-07 16:22:24.922] [INFO] [QEMU] [    0.659107] PM: RTC time: 16:22:24, date: 2026-10-07
[2026-10-07 16:22:24.926] [INFO] [QEMU] [    0.661789] NET: Registered PF_NETLINK/PF_ROUTE protocol family
[2026-10-07 16:22:24.930] [INFO] [QEMU] [    0.663028] DMA: preallocated 256 KiB GFP_KERNEL pool for atomic allocations
[2026-10-07 16:22:24.934] [INFO] [QEMU] [    0.663887] DMA: preallocated 256 KiB GFP_KERNEL|GFP_DMA pool for atomic allocations
[2026-10-07 16:22:24.938] [INFO] [QEMU] [    0.665027] DMA: preallocated 256 KiB GFP_KERNEL|GFP_DMA32 pool for atomic allocations
[2026-10-07 16:22:24.941] [INFO] [QEMU] [    0.666045] audit: initializing netlink subsys (disabled)
[2026-10-07 16:22:24.945] [INFO] [QEMU] [    0.666831] audit: type=2000 audit(1791390144.462:1): state=initialized audit_enabled=0 res=1
[2026-10-07 16:22:24.948] [INFO] [QEMU] [    0.667132] thermal_sys: Registered thermal governor 'fair_share'
[2026-10-07 16:22:24.951] [INFO] [QEMU] [    0.668985] thermal_sys: Registered thermal governor 'bang_bang'
[2026-10-07 16:22:24.954] [INFO] [QEMU] [    0.669789] thermal_sys: Registered thermal governor 'step_wise'
[2026-10-07 16:22:24.957] [INFO] [QEMU] [    0.670795] thermal_sys: Registered thermal governor 'user_space'
[2026-10-07 16:22:24.961] [INFO] [QEMU] [    0.671759] thermal_sys: Registered thermal governor 'power_allocator'
[2026-10-07 16:22:24.963] [INFO] [QEMU] [    0.672826] cpuidle: using governor ladder
[2026-10-07 16:22:24.965] [INFO] [QEMU] [    0.674696] cpuidle: using governor menu
[2026-10-07 16:22:24.968] [INFO] [QEMU] [    0.675904] acpiphp: ACPI Hot Plug PCI Controller Driver version: 0.5
[2026-10-07 16:22:24.972] [INFO] [QEMU] [    0.677151] PCI: Using configuration type 1 for base access
[2026-10-07 16:22:24.976] [INFO] [QEMU] [    0.679044] kprobes: kprobe jump-optimization is enabled. All kprobes are optimized if possible.
[2026-10-07 16:22:24.998] [INFO] [QEMU] [    0.698606] HugeTLB: registered 1.00 GiB page size, pre-allocated 0 pages
[2026-10-07 16:22:25.002] [INFO] [QEMU] [    0.701823] HugeTLB: 16380 KiB vmemmap can be freed for a 1.00 GiB page
[2026-10-07 16:22:25.005] [INFO] [QEMU] [    0.704815] HugeTLB: registered 2.00 MiB page size, pre-allocated 0 pages
[2026-10-07 16:22:25.008] [INFO] [QEMU] [    0.707807] HugeTLB: 28 KiB vmemmap can be freed for a 2.00 MiB page
[2026-10-07 16:22:25.017] [INFO] [QEMU] [    0.717547] ACPI: Added _OSI(Module Device)
[2026-10-07 16:22:25.019] [INFO] [QEMU] [    0.719711] ACPI: Added _OSI(Processor Device)
[2026-10-07 16:22:25.022] [INFO] [QEMU] [    0.721687] ACPI: Added _OSI(Processor Aggregator Device)
[2026-10-07 16:22:25.026] [INFO] [QEMU] [    0.725937] ACPI: 1 ACPI AML tables successfully acquired and loaded
[2026-10-07 16:22:25.037] [INFO] [QEMU] [    0.736819] ACPI: _OSC evaluation for CPUs failed, trying _PDC
[2026-10-07 16:22:25.039] [INFO] [QEMU] [    0.740034] ACPI: Interpreter enabled
[2026-10-07 16:22:25.041] [INFO] [QEMU] [    0.741684] ACPI: PM: (supports S0 S3 S4 S5)
[2026-10-07 16:22:25.044] [INFO] [QEMU] [    0.743816] ACPI: Using IOAPIC for interrupt routing
[2026-10-07 16:22:25.048] [INFO] [QEMU] [    0.746951] PCI: Using host bridge windows from ACPI; if necessary, use "pci=nocrs" and report a bug
[2026-10-07 16:22:25.052] [INFO] [QEMU] [    0.751110] PCI: Using E820 reservations for host bridge windows
[2026-10-07 16:22:25.055] [INFO] [QEMU] [    0.754011] ACPI: Enabled 2 GPEs in block 00 to 0F
[2026-10-07 16:22:25.063] [INFO] [QEMU] [    0.761389] ACPI: PCI Root Bridge [PCI0] (domain 0000 [bus 00-ff])
[2026-10-07 16:22:25.066] [INFO] [QEMU] [    0.764851] acpi PNP0A03:00: _OSC: OS supports [ASPM ClockPM Segments MSI EDR HPX-Type3]
[2026-10-07 16:22:25.071] [INFO] [QEMU] [    0.769084] acpi PNP0A03:00: _OSC: not requesting OS control; OS requires [ExtendedConfig ASPM ClockPM MSI]
[2026-10-07 16:22:25.077] [INFO] [QEMU] [    0.773150] acpi PNP0A03:00: fail to add MMCONFIG information, can't access extended configuration space under this bridge
[2026-10-07 16:22:25.080] [INFO] [QEMU] [    0.779750] acpiphp: Slot [3] registered
[2026-10-07 16:22:25.083] [INFO] [QEMU] [    0.781736] acpiphp: Slot [4] registered
[2026-10-07 16:22:25.085] [INFO] [QEMU] [    0.784485] acpiphp: Slot [5] registered
[2026-10-07 16:22:25.086] [INFO] [QEMU] [    0.786443] acpiphp: Slot [6] registered
[2026-10-07 16:22:25.087] [INFO] [QEMU] [    0.787120] acpiphp: Slot [7] registered
[2026-10-07 16:22:25.088] [INFO] [QEMU] [    0.788042] acpiphp: Slot [8] registered
[2026-10-07 16:22:25.089] [INFO] [QEMU] [    0.789399] acpiphp: Slot [9] registered
[2026-10-07 16:22:25.090] [INFO] [QEMU] [    0.790132] acpiphp: Slot [10] registered
[2026-10-07 16:22:25.091] [INFO] [QEMU] [    0.791089] acpiphp: Slot [11] registered
[2026-10-07 16:22:25.091] [INFO] [QEMU] [    0.791407] acpiphp: Slot [12] registered
[2026-10-07 16:22:25.092] [INFO] [QEMU] [    0.793123] acpiphp: Slot [13] registered
[2026-10-07 16:22:25.093] [INFO] [QEMU] [    0.794068] acpiphp: Slot [14] registered
[2026-10-07 16:22:25.094] [INFO] [QEMU] [    0.794404] acpiphp: Slot [15] registered
[2026-10-07 16:22:25.095] [INFO] [QEMU] [    0.795120] acpiphp: Slot [16] registered
[2026-10-07 16:22:25.096] [INFO] [QEMU] [    0.796074] acpiphp: Slot [17] registered
[2026-10-07 16:22:25.097] [INFO] [QEMU] [    0.797408] acpiphp: Slot [18] registered
[2026-10-07 16:22:25.098] [INFO] [QEMU] [    0.798120] acpiphp: Slot [19] registered
[2026-10-07 16:22:25.099] [INFO] [QEMU] [    0.799125] acpiphp: Slot [20] registered
[2026-10-07 16:22:25.100] [INFO] [QEMU] [    0.800079] acpiphp: Slot [21] registered
[2026-10-07 16:22:25.101] [INFO] [QEMU] [    0.801396] acpiphp: Slot [22] registered
[2026-10-07 16:22:25.102] [INFO] [QEMU] [    0.802119] acpiphp: Slot [23] registered
[2026-10-07 16:22:25.103] [INFO] [QEMU] [    0.803084] acpiphp: Slot [24] registered
[2026-10-07 16:22:25.104] [INFO] [QEMU] [    0.804416] acpiphp: Slot [25] registered
[2026-10-07 16:22:25.105] [INFO] [QEMU] [    0.805119] acpiphp: Slot [26] registered
[2026-10-07 16:22:25.106] [INFO] [QEMU] [    0.806085] acpiphp: Slot [27] registered
[2026-10-07 16:22:25.107] [INFO] [QEMU] [    0.807406] acpiphp: Slot [28] registered
[2026-10-07 16:22:25.108] [INFO] [QEMU] [    0.808118] acpiphp: Slot [29] registered
[2026-10-07 16:22:25.109] [INFO] [QEMU] [    0.809068] acpiphp: Slot [30] registered
[2026-10-07 16:22:25.110] [INFO] [QEMU] [    0.809400] acpiphp: Slot [31] registered
[2026-10-07 16:22:25.111] [INFO] [QEMU] [    0.811120] PCI host bridge to bus 0000:00
[2026-10-07 16:22:25.112] [INFO] [QEMU] [    0.812073] pci_bus 0000:00: root bus resource [io  0x0000-0x0cf7 window]
[2026-10-07 16:22:25.114] [INFO] [QEMU] [    0.813490] pci_bus 0000:00: root bus resource [io  0x0d00-0xffff window]
[2026-10-07 16:22:25.115] [INFO] [QEMU] [    0.814476] pci_bus 0000:00: root bus resource [mem 0x000a0000-0x000bffff window]
[2026-10-07 16:22:25.117] [INFO] [QEMU] [    0.816783] pci_bus 0000:00: root bus resource [mem 0x80000000-0xfebfffff window]
[2026-10-07 16:22:25.119] [INFO] [QEMU] [    0.818550] pci_bus 0000:00: root bus resource [mem 0x100000000-0x17fffffff window]
[2026-10-07 16:22:25.121] [INFO] [QEMU] [    0.820564] pci_bus 0000:00: root bus resource [bus 00-ff]
[2026-10-07 16:22:25.122] [INFO] [QEMU] [    0.821515] pci 0000:00:00.0: [8086:1237] type 00 class 0x060000 conventional PCI endpoint
[2026-10-07 16:22:25.129] [INFO] [QEMU] [    0.826173] pci 0000:00:01.0: [8086:7000] type 00 class 0x060100 conventional PCI endpoint
[2026-10-07 16:22:25.135] [INFO] [QEMU] [    0.831573] pci 0000:00:01.1: [8086:7010] type 00 class 0x010180 conventional PCI endpoint
[2026-10-07 16:22:25.140] [INFO] [QEMU] [    0.837733] pci 0000:00:01.1: BAR 4 [io  0xc140-0xc14f]
[2026-10-07 16:22:25.143] [INFO] [QEMU] [    0.840888] pci 0000:00:01.1: BAR 0 [io  0x01f0-0x01f7]: legacy IDE quirk
[2026-10-07 16:22:25.147] [INFO] [QEMU] [    0.843834] pci 0000:00:01.1: BAR 1 [io  0x03f6]: legacy IDE quirk
[2026-10-07 16:22:25.150] [INFO] [QEMU] [    0.846813] pci 0000:00:01.1: BAR 2 [io  0x0170-0x0177]: legacy IDE quirk
[2026-10-07 16:22:25.154] [INFO] [QEMU] [    0.850841] pci 0000:00:01.1: BAR 3 [io  0x0376]: legacy IDE quirk
[2026-10-07 16:22:25.158] [INFO] [QEMU] [    0.854243] pci 0000:00:01.3: [8086:7113] type 00 class 0x068000 conventional PCI endpoint
[2026-10-07 16:22:25.163] [INFO] [QEMU] [    0.860139] pci 0000:00:01.3: quirk: [io  0x0600-0x063f] claimed by PIIX4 ACPI
[2026-10-07 16:22:25.167] [INFO] [QEMU] [    0.863009] pci 0000:00:01.3: quirk: [io  0x0700-0x070f] claimed by PIIX4 SMB
[2026-10-07 16:22:25.172] [INFO] [QEMU] [    0.867503] pci 0000:00:02.0: [1234:1111] type 00 class 0x030000 conventional PCI endpoint
[2026-10-07 16:22:25.186] [INFO] [QEMU] [    0.876219] pci 0000:00:02.0: BAR 0 [mem 0xfd000000-0xfdffffff pref]
[2026-10-07 16:22:25.188] [INFO] [QEMU] [    0.877552] pci 0000:00:02.0: BAR 2 [mem 0xfeb90000-0xfeb90fff]
[2026-10-07 16:22:25.189] [INFO] [QEMU] [    0.879496] pci 0000:00:02.0: ROM [mem 0xfeb80000-0xfeb8ffff pref]
[2026-10-07 16:22:25.193] [INFO] [QEMU] [    0.880758] pci 0000:00:02.0: Video device with shadowed ROM at [mem 0x000c0000-0x000dffff]
[2026-10-07 16:22:25.201] [INFO] [QEMU] [    0.888552] pci 0000:00:03.0: [1af4:1005] type 00 class 0x00ff00 conventional PCI endpoint
[2026-10-07 16:22:25.205] [INFO] [QEMU] [    0.894155] pci 0000:00:03.0: BAR 0 [io  0xc100-0xc11f]
[2026-10-07 16:22:25.206] [INFO] [QEMU] [    0.896151] pci 0000:00:03.0: BAR 4 [mem 0xfe000000-0xfe003fff 64bit pref]
[2026-10-07 16:22:25.210] [INFO] [QEMU] [    0.899006] pci 0000:00:04.0: [1af4:1000] type 00 class 0x020000 conventional PCI endpoint
[2026-10-07 16:22:25.213] [INFO] [QEMU] [    0.902113] pci 0000:00:04.0: BAR 0 [io  0xc120-0xc13f]
[2026-10-07 16:22:25.214] [INFO] [QEMU] [    0.903113] pci 0000:00:04.0: BAR 1 [mem 0xfeb91000-0xfeb91fff]
[2026-10-07 16:22:25.216] [INFO] [QEMU] [    0.905140] pci 0000:00:04.0: BAR 4 [mem 0xfe004000-0xfe007fff 64bit pref]
[2026-10-07 16:22:25.217] [INFO] [QEMU] [    0.906488] pci 0000:00:04.0: ROM [mem 0xfeb00000-0xfeb7ffff pref]
[2026-10-07 16:22:25.220] [INFO] [QEMU] [    0.908825] pci 0000:00:05.0: [1af4:1001] type 00 class 0x010000 conventional PCI endpoint
[2026-10-07 16:22:25.225] [INFO] [QEMU] [    0.914119] pci 0000:00:05.0: BAR 0 [io  0xc000-0xc07f]
[2026-10-07 16:22:25.227] [INFO] [QEMU] [    0.915118] pci 0000:00:05.0: BAR 1 [mem 0xfeb92000-0xfeb92fff]
[2026-10-07 16:22:25.231] [INFO] [QEMU] [    0.917891] pci 0000:00:05.0: BAR 4 [mem 0xfe008000-0xfe00bfff 64bit pref]
[2026-10-07 16:22:25.239] [INFO] [QEMU] [    0.925297] pci 0000:00:06.0: [1af4:1001] type 00 class 0x010000 conventional PCI endpoint
[2026-10-07 16:22:25.244] [INFO] [QEMU] [    0.931135] pci 0000:00:06.0: BAR 0 [io  0xc080-0xc0ff]
[2026-10-07 16:22:25.247] [INFO] [QEMU] [    0.934775] pci 0000:00:06.0: BAR 1 [mem 0xfeb93000-0xfeb93fff]
[2026-10-07 16:22:25.251] [INFO] [QEMU] [    0.937873] pci 0000:00:06.0: BAR 4 [mem 0xfe00c000-0xfe00ffff 64bit pref]
[2026-10-07 16:22:25.270] [INFO] [QEMU] [    0.957881] ACPI: PCI: Interrupt link LNKA configured for IRQ 10
[2026-10-07 16:22:25.271] [INFO] [QEMU] [    0.959613] ACPI: PCI: Interrupt link LNKB configured for IRQ 10
[2026-10-07 16:22:25.273] [INFO] [QEMU] [    0.960577] ACPI: PCI: Interrupt link LNKC configured for IRQ 11
[2026-10-07 16:22:25.274] [INFO] [QEMU] [    0.962574] ACPI: PCI: Interrupt link LNKD configured for IRQ 11
[2026-10-07 16:22:25.275] [INFO] [QEMU] [    0.963534] ACPI: PCI: Interrupt link LNKS configured for IRQ 9
[2026-10-07 16:22:25.279] [INFO] [QEMU] [    0.966740] iommu: Default domain type: Translated
[2026-10-07 16:22:25.282] [INFO] [QEMU] [    0.967739] iommu: DMA domain TLB invalidation policy: lazy mode
[2026-10-07 16:22:25.286] [INFO] [QEMU] [    0.969911] SCSI subsystem initialized
[2026-10-07 16:22:25.289] [INFO] [QEMU] [    0.971102] ACPI: bus type USB registered
[2026-10-07 16:22:25.291] [INFO] [QEMU] [    0.973220] usbcore: registered new interface driver usbfs
[2026-10-07 16:22:25.294] [INFO] [QEMU] [    0.975761] usbcore: registered new interface driver hub
[2026-10-07 16:22:25.296] [INFO] [QEMU] [    0.977727] usbcore: registered new device driver usb
[2026-10-07 16:22:25.299] [INFO] [QEMU] [    0.980850] pps_core: LinuxPPS API ver. 1 registered
[2026-10-07 16:22:25.303] [INFO] [QEMU] [    0.982697] pps_core: Software ver. 5.3.6 - Copyright 2005-2007 Rodolfo Giometti <giometti@linux.it>
[2026-10-07 16:22:25.306] [INFO] [QEMU] [    0.987079] PTP clock support registered
[2026-10-07 16:22:25.308] [INFO] [QEMU] [    0.990194] EDAC MC: Ver: 3.0.0
[2026-10-07 16:22:25.313] [INFO] [QEMU] [    0.994408] NetLabel: Initializing
[2026-10-07 16:22:25.315] [INFO] [QEMU] [    0.996627] NetLabel:  domain hash size = 128
[2026-10-07 16:22:25.318] [INFO] [QEMU] [    0.998693] NetLabel:  protocols = UNLABELED CIPSOv4 CALIPSO
[2026-10-07 16:22:25.321] [INFO] [QEMU] [    1.000899] NetLabel:  unlabeled traffic allowed by default
[2026-10-07 16:22:25.324] [INFO] [QEMU] [    1.004375] mctp: management component transport protocol core
[2026-10-07 16:22:25.327] [INFO] [QEMU] [    1.007759] NET: Registered PF_MCTP protocol family
[2026-10-07 16:22:25.329] [INFO] [QEMU] [    1.009778] PCI: Using ACPI for IRQ routing
[2026-10-07 16:22:25.333] [INFO] [QEMU] [    1.013180] pci 0000:00:02.0: vgaarb: setting as boot VGA device
[2026-10-07 16:22:25.335] [INFO] [QEMU] [    1.014097] pci 0000:00:02.0: vgaarb: bridge control possible
[2026-10-07 16:22:25.339] [INFO] [QEMU] [    1.014097] pci 0000:00:02.0: vgaarb: VGA device added: decodes=io+mem,owns=io+mem,locks=none
[2026-10-07 16:22:25.341] [INFO] [QEMU] [    1.022119] vgaarb: loaded
[2026-10-07 16:22:25.345] [INFO] [QEMU] [    1.024555] hpet0: at MMIO 0xfed00000, IRQs 2, 8, 0
[2026-10-07 16:22:25.348] [INFO] [QEMU] [    1.025837] hpet0: 3 comparators, 64-bit 100.000000 MHz counter
[2026-10-07 16:22:25.354] [INFO] [QEMU] [    1.029361] clocksource: Switched to clocksource kvm-clock
[2026-10-07 16:22:25.360] [INFO] [QEMU] [    1.035467] VFS: Disk quotas dquot_6.6.0
[2026-10-07 16:22:25.364] [INFO] [QEMU] [    1.037773] VFS: Dquot-cache hash table entries: 512 (order 0, 4096 bytes)
[2026-10-07 16:22:25.368] [INFO] [QEMU] [    1.042580] AppArmor: AppArmor Filesystem Enabled
[2026-10-07 16:22:25.370] [INFO] [QEMU] [    1.045267] pnp: PnP ACPI init
[2026-10-07 16:22:25.373] [INFO] [QEMU] [    1.048065] pnp: PnP ACPI: found 6 devices
[2026-10-07 16:22:25.387] [INFO] [QEMU] [    1.060551] clocksource: acpi_pm: mask: 0xffffff max_cycles: 0xffffff, max_idle_ns: 2085701024 ns
[2026-10-07 16:22:25.390] [INFO] [QEMU] [    1.065352] NET: Registered PF_INET protocol family
[2026-10-07 16:22:25.394] [INFO] [QEMU] [    1.068401] IP idents hash table entries: 32768 (order: 6, 262144 bytes, linear)
[2026-10-07 16:22:25.423] [INFO] [QEMU] [    1.099040] tcp_listen_portaddr_hash hash table entries: 1024 (order: 2, 16384 bytes, linear)
[2026-10-07 16:22:25.425] [INFO] [QEMU] [    1.100877] Table-perturb hash table entries: 65536 (order: 6, 262144 bytes, linear)
[2026-10-07 16:22:25.429] [INFO] [QEMU] [    1.102605] TCP established hash table entries: 16384 (order: 5, 131072 bytes, linear)
[2026-10-07 16:22:25.433] [INFO] [QEMU] [    1.106764] TCP bind hash table entries: 16384 (order: 7, 524288 bytes, linear)
[2026-10-07 16:22:25.436] [INFO] [QEMU] [    1.110486] TCP: Hash tables configured (established 16384 bind 16384)
[2026-10-07 16:22:25.440] [INFO] [QEMU] [    1.113939] MPTCP token hash table entries: 2048 (order: 4, 49152 bytes, linear)
[2026-10-07 16:22:25.443] [INFO] [QEMU] [    1.117682] UDP hash table entries: 1024 (order: 3, 32768 bytes, linear)
[2026-10-07 16:22:25.447] [INFO] [QEMU] [    1.120961] UDP-Lite hash table entries: 1024 (order: 3, 32768 bytes, linear)
[2026-10-07 16:22:25.450] [INFO] [QEMU] [    1.124595] NET: Registered PF_UNIX/PF_LOCAL protocol family
[2026-10-07 16:22:25.452] [INFO] [QEMU] [    1.127444] NET: Registered PF_XDP protocol family
[2026-10-07 16:22:25.455] [INFO] [QEMU] [    1.129897] pci_bus 0000:00: resource 4 [io  0x0000-0x0cf7 window]
[2026-10-07 16:22:25.458] [INFO] [QEMU] [    1.132906] pci_bus 0000:00: resource 5 [io  0x0d00-0xffff window]
[2026-10-07 16:22:25.461] [INFO] [QEMU] [    1.135908] pci_bus 0000:00: resource 6 [mem 0x000a0000-0x000bffff window]
[2026-10-07 16:22:25.464] [INFO] [QEMU] [    1.139029] pci_bus 0000:00: resource 7 [mem 0x80000000-0xfebfffff window]
[2026-10-07 16:22:25.468] [INFO] [QEMU] [    1.142125] pci_bus 0000:00: resource 8 [mem 0x100000000-0x17fffffff window]
[2026-10-07 16:22:25.471] [INFO] [QEMU] [    1.145507] pci 0000:00:01.0: PIIX3: Enabling Passive Release
[2026-10-07 16:22:25.473] [INFO] [QEMU] [    1.148195] pci 0000:00:00.0: Limiting direct PCI/PCI transfers
[2026-10-07 16:22:25.476] [INFO] [QEMU] [    1.151178] PCI: CLS 0 bytes, default 64
[2026-10-07 16:22:25.480] [INFO] [QEMU] [    1.153486] clocksource: tsc: mask: 0xffffffffffffffff max_cycles: 0x22df1149949, max_idle_ns: 440795312789 ns
[2026-10-07 16:22:25.481] [INFO] [QEMU] [    1.153547] Trying to unpack rootfs image as initramfs...
[2026-10-07 16:22:25.483] [INFO] [QEMU] [    1.158180] Initialise system trusted keyrings
[2026-10-07 16:22:25.486] [INFO] [QEMU] [    1.161389] Key type blacklist registered
[2026-10-07 16:22:25.490] [INFO] [QEMU] [    1.164454] workingset: timestamp_bits=36 max_order=19 bucket_order=0
[2026-10-07 16:22:25.492] [INFO] [QEMU] [    1.167636] zbud: loaded
[2026-10-07 16:22:25.495] [INFO] [QEMU] [    1.169778] squashfs: version 4.0 (2009/01/31) Phillip Lougher
[2026-10-07 16:22:25.498] [INFO] [QEMU] [    1.173474] fuse: init (API version 7.39)
[2026-10-07 16:22:25.501] [INFO] [QEMU] [    1.176209] integrity: Platform Keyring initialized
[2026-10-07 16:22:25.504] [INFO] [QEMU] [    1.178736] integrity: Machine keyring initialized
[2026-10-07 16:22:25.507] [INFO] [QEMU] [    1.182938] Freeing initrd memory: 14752K
[2026-10-07 16:22:25.523] [INFO] [QEMU] [    1.197934] Key type asymmetric registered
[2026-10-07 16:22:25.525] [INFO] [QEMU] [    1.200092] Asymmetric key parser 'x509' registered
[2026-10-07 16:22:25.528] [INFO] [QEMU] [    1.202673] Block layer SCSI generic (bsg) driver version 0.4 loaded (major 243)
[2026-10-07 16:22:25.531] [INFO] [QEMU] [    1.206601] io scheduler mq-deadline registered
[2026-10-07 16:22:25.535] [INFO] [QEMU] [    1.209514] shpchp: Standard Hot Plug PCI Controller Driver version: 0.4
[2026-10-07 16:22:25.539] [INFO] [QEMU] [    1.213359] input: Power Button as /devices/LNXSYSTM:00/LNXPWRBN:00/input/input0
[2026-10-07 16:22:25.541] [INFO] [QEMU] [    1.216938] ACPI: button: Power Button [PWRF]
[2026-10-07 16:22:25.562] [INFO] [QEMU] [    1.237762] ACPI: \_SB_.LNKC: Enabled at IRQ 11
[2026-10-07 16:22:25.583] [INFO] [QEMU] [    1.259225] ACPI: \_SB_.LNKD: Enabled at IRQ 10
[2026-10-07 16:22:25.604] [INFO] [QEMU] [    1.280224] ACPI: \_SB_.LNKA: Enabled at IRQ 10
[2026-10-07 16:22:25.630] [INFO] [QEMU] [    1.304976] ACPI: \_SB_.LNKB: Enabled at IRQ 11
[2026-10-07 16:22:25.636] [INFO] [QEMU] [    1.310594] Serial: 8250/16550 driver, 32 ports, IRQ sharing enabled
[2026-10-07 16:22:25.667] [INFO] [QEMU] [    1.341169] 00:04: ttyS0 at I/O 0x3f8 (irq = 4, base_baud = 115200) is a 16550A
[2026-10-07 16:22:25.674] [INFO] [QEMU] [    1.349502] Linux agpgart interface v0.103
[2026-10-07 16:22:25.680] [INFO] [QEMU] [    1.356090] loop: module loaded
[2026-10-07 16:22:25.683] [INFO] [QEMU] [    1.358089] virtio_blk virtio2: 2/0/0 default/read/poll queues
[2026-10-07 16:22:25.690] [INFO] [QEMU] [    1.363621] virtio_blk virtio2: [vda] 16777216 512-byte logical blocks (8.59 GB/8.00 GiB)
[2026-10-07 16:22:25.694] [INFO] [QEMU] [    1.369129]  vda: vda1 vda14 vda15 vda16
[2026-10-07 16:22:25.697] [INFO] [QEMU] [    1.371819] virtio_blk virtio3: 2/0/0 default/read/poll queues
[2026-10-07 16:22:25.703] [INFO] [QEMU] [    1.376902] virtio_blk virtio3: [vdb] 123376 512-byte logical blocks (63.2 MB/60.2 MiB)
[2026-10-07 16:22:25.709] [INFO] [QEMU] [    1.384663] scsi host0: ata_piix
[2026-10-07 16:22:25.711] [INFO] [QEMU] [    1.386662] scsi host1: ata_piix
[2026-10-07 16:22:25.714] [INFO] [QEMU] [    1.388455] ata1: PATA max MWDMA2 cmd 0x1f0 ctl 0x3f6 bmdma 0xc140 irq 14 lpm-pol 0
[2026-10-07 16:22:25.718] [INFO] [QEMU] [    1.391957] ata2: PATA max MWDMA2 cmd 0x170 ctl 0x376 bmdma 0xc148 irq 15 lpm-pol 0
[2026-10-07 16:22:25.721] [INFO] [QEMU] [    1.395645] ACPI: bus type drm_connector registered
[2026-10-07 16:22:25.724] [INFO] [QEMU] [    1.398801] tun: Universal TUN/TAP device driver, 1.6
[2026-10-07 16:22:25.731] [INFO] [QEMU] [    1.406190] PPP generic driver version 2.4.2
[2026-10-07 16:22:25.733] [INFO] [QEMU] [    1.408885] i8042: PNP: PS/2 Controller [PNP0303:KBD,PNP0f13:MOU] at 0x60,0x64 irq 1,12
[2026-10-07 16:22:25.735] [INFO] [QEMU] [    1.411637] serio: i8042 KBD port at 0x60,0x64 irq 1
[2026-10-07 16:22:25.736] [INFO] [QEMU] [    1.412646] serio: i8042 AUX port at 0x60,0x64 irq 12
[2026-10-07 16:22:25.738] [INFO] [QEMU] [    1.413913] mousedev: PS/2 mouse device common for all mice
[2026-10-07 16:22:25.740] [INFO] [QEMU] [    1.415430] input: AT Translated Set 2 keyboard as /devices/platform/i8042/serio0/input/input1
[2026-10-07 16:22:25.741] [INFO] [QEMU] [    1.417196] rtc_cmos 00:05: RTC can wake from S4
[2026-10-07 16:22:25.743] [INFO] [QEMU] [    1.419163] rtc_cmos 00:05: registered as rtc0
[2026-10-07 16:22:25.744] [INFO] [QEMU] [    1.420170] rtc_cmos 00:05: setting system clock to 2026-10-07T16:22:25 UTC (1791390145)
[2026-10-07 16:22:25.746] [INFO] [QEMU] [    1.421835] rtc_cmos 00:05: alarms up to one day, y3k, 242 bytes nvram, hpet irqs
[2026-10-07 16:22:25.747] [INFO] [QEMU] [    1.423332] i2c_dev: i2c /dev entries driver
[2026-10-07 16:22:25.749] [INFO] [QEMU] [    1.424253] device-mapper: core: CONFIG_IMA_DISABLE_HTABLE is disabled. Duplicate IMA measurements will not be recorded in the IMA log.
[2026-10-07 16:22:25.750] [INFO] [QEMU] [    1.426561] device-mapper: uevent: version 1.0.3
[2026-10-07 16:22:25.752] [INFO] [QEMU] [    1.427767] device-mapper: ioctl: 4.48.0-ioctl (2023-03-01) initialised: dm-devel@redhat.com
[2026-10-07 16:22:25.753] [INFO] [QEMU] [    1.429453] intel_pstate: CPU model not supported
[2026-10-07 16:22:25.754] [INFO] [QEMU] [    1.430457] ledtrig-cpu: registered to indicate activity on CPUs
[2026-10-07 16:22:25.756] [INFO] [QEMU] [    1.431777] drop_monitor: Initializing network drop monitor service
[2026-10-07 16:22:25.757] [INFO] [QEMU] [    1.433194] NET: Registered PF_INET6 protocol family
[2026-10-07 16:22:25.760] [INFO] [QEMU] [    1.435694] Segment Routing with IPv6
[2026-10-07 16:22:25.762] [INFO] [QEMU] [    1.437620] In-situ OAM (IOAM) with IPv6
[2026-10-07 16:22:25.765] [INFO] [QEMU] [    1.439664] NET: Registered PF_PACKET protocol family
[2026-10-07 16:22:25.766] [INFO] [QEMU] [    1.442203] Key type dns_resolver registered
[2026-10-07 16:22:25.767] [INFO] [QEMU] [    1.443653] No MBM correction factor available
[2026-10-07 16:22:25.768] [INFO] [QEMU] [    1.444621] IPI shorthand broadcast: enabled
[2026-10-07 16:22:25.772] [INFO] [QEMU] [    1.447563] sched_clock: Marking stable (1068002713, 379291572)->(1594642438, -147348153)
[2026-10-07 16:22:25.773] [INFO] [QEMU] [    1.449674] registered taskstats version 1
[2026-10-07 16:22:25.775] [INFO] [QEMU] [    1.450905] Loading compiled-in X.509 certificates
[2026-10-07 16:22:25.780] [INFO] [QEMU] [    1.453159] Loaded X.509 cert 'Build time autogenerated kernel key: eea4a9707394bf26b4f59ee0ef16383ba94b4361'
[2026-10-07 16:22:25.785] [INFO] [QEMU] [    1.458510] Loaded X.509 cert 'Canonical Ltd. Live Patch Signing 2025 Kmod: d541cef61dc7e793b7eb7e899970a2eef0b5dc8c'
[2026-10-07 16:22:25.791] [INFO] [QEMU] [    1.464170] Loaded X.509 cert 'Canonical Ltd. Live Patch Signing: 14df34d1a87cf37625abec039ef2bf521249b969'
[2026-10-07 16:22:25.797] [INFO] [QEMU] [    1.469502] Loaded X.509 cert 'Canonical Ltd. Kernel Module Signing 2025 Kmod: 4627603d2357a2a3f81006370894c221175893e9'
[2026-10-07 16:22:25.802] [INFO] [QEMU] [    1.475180] Loaded X.509 cert 'Canonical Ltd. Kernel Module Signing: 88f752e560a1e0737e31163a466ad7b70a850c19'
[2026-10-07 16:22:25.805] [INFO] [QEMU] [    1.479721] blacklist: Loading compiled-in revocation X.509 certificates
[2026-10-07 16:22:25.809] [INFO] [QEMU] [    1.482883] Loaded X.509 cert 'Canonical Ltd. Secure Boot Signing: 61482aa2830d0ab2ad5af10b7250da9033ddcef0'
[2026-10-07 16:22:25.814] [INFO] [QEMU] [    1.487453] Loaded X.509 cert 'Canonical Ltd. Secure Boot Signing (2017): 242ade75ac4a15e50d50c84b0d45ff3eae707a03'
[2026-10-07 16:22:25.819] [INFO] [QEMU] [    1.492163] Loaded X.509 cert 'Canonical Ltd. Secure Boot Signing (ESM 2018): 365188c1d374d6b07c3c8f240f8ef722433d6a8b'
[2026-10-07 16:22:25.822] [INFO] [QEMU] [    1.497108] Loaded X.509 cert 'Canonical Ltd. Secure Boot Signing (2019): c0746fd6c5da3ae827864651ad66ae47fe24b3e8'
[2026-10-07 16:22:25.824] [INFO] [QEMU] [    1.499402] Loaded X.509 cert 'Canonical Ltd. Secure Boot Signing (2021 v1): a8d54bbb3825cfb94fa13c9f8a594a195c107b8d'
[2026-10-07 16:22:25.826] [INFO] [QEMU] [    1.501481] Loaded X.509 cert 'Canonical Ltd. Secure Boot Signing (2021 v2): 4cf046892d6fd3c9a5b03f98d845f90851dc6a8c'
[2026-10-07 16:22:25.828] [INFO] [QEMU] [    1.503553] Loaded X.509 cert 'Canonical Ltd. Secure Boot Signing (2021 v3): 100437bb6de6e469b581e61cd66bce3ef4ed53af'
[2026-10-07 16:22:25.830] [INFO] [QEMU] [    1.505653] Loaded X.509 cert 'Canonical Ltd. Secure Boot Signing (Ubuntu Core 2019): c1d57b8f6b743f23ee41f4f7ee292f06eecadfb9'
[2026-10-07 16:22:25.837] [INFO] [QEMU] [    1.512400] Key type .fscrypt registered
[2026-10-07 16:22:25.839] [INFO] [QEMU] [    1.514391] Key type fscrypt-provisioning registered
[2026-10-07 16:22:25.843] [INFO] [QEMU] [    1.518131] Key type encrypted registered
[2026-10-07 16:22:25.845] [INFO] [QEMU] [    1.520269] AppArmor: AppArmor sha256 policy hashing enabled
[2026-10-07 16:22:25.848] [INFO] [QEMU] [    1.523075] ima: No TPM chip found, activating TPM-bypass!
[2026-10-07 16:22:25.851] [INFO] [QEMU] [    1.525815] Loading compiled-in module X.509 certificates
[2026-10-07 16:22:25.856] [INFO] [QEMU] [    1.529156] Loaded X.509 cert 'Build time autogenerated kernel key: eea4a9707394bf26b4f59ee0ef16383ba94b4361'
[2026-10-07 16:22:25.858] [INFO] [QEMU] [    1.533554] ima: Allocated hash algorithm: sha256
[2026-10-07 16:22:25.860] [INFO] [QEMU] [    1.535869] ima: No architecture policies found
[2026-10-07 16:22:25.863] [INFO] [QEMU] [    1.538101] evm: Initialising EVM extended attributes:
[2026-10-07 16:22:25.865] [INFO] [QEMU] [    1.540574] evm: security.selinux
[2026-10-07 16:22:25.867] [INFO] [QEMU] [    1.542389] evm: security.SMACK64
[2026-10-07 16:22:25.869] [INFO] [QEMU] [    1.544160] evm: security.SMACK64EXEC
[2026-10-07 16:22:25.871] [INFO] [QEMU] [    1.546065] evm: security.SMACK64TRANSMUTE
[2026-10-07 16:22:25.873] [INFO] [QEMU] [    1.548168] evm: security.SMACK64MMAP
[2026-10-07 16:22:25.874] [INFO] [QEMU] [    1.550095] evm: security.apparmor
[2026-10-07 16:22:25.876] [INFO] [QEMU] [    1.551936] evm: security.ima
[2026-10-07 16:22:25.877] [INFO] [QEMU] [    1.553608] evm: security.capability
[2026-10-07 16:22:25.878] [INFO] [QEMU] [    1.554532] evm: HMAC attrs: 0x1
[2026-10-07 16:22:25.879] [INFO] [QEMU] [    1.554541] ata2: found unknown device (class 0)
[2026-10-07 16:22:25.881] [INFO] [QEMU] [    1.556978] PM:   Magic number: 14:71:388
[2026-10-07 16:22:25.881] [INFO] [QEMU] [    1.556991] ata2.00: ATAPI: QEMU DVD-ROM, 2.5+, max UDMA/100
[2026-10-07 16:22:25.885] [INFO] [QEMU] [    1.560441] scsi 1:0:0:0: CD-ROM            QEMU     QEMU DVD-ROM     2.5+ PQ: 0 ANSI: 5
[2026-10-07 16:22:25.887] [INFO] [QEMU] [    1.563388] RAS: Correctable Errors collector initialized.
[2026-10-07 16:22:25.888] [INFO] [QEMU] [    1.564810] clk: Disabling unused clocks
[2026-10-07 16:22:25.898] [INFO] [QEMU] [    1.573947] sr 1:0:0:0: [sr0] scsi3-mmc drive: 4x/4x cd/rw xa/form2 tray
[2026-10-07 16:22:25.914] [INFO] [QEMU] [    1.589154] cdrom: Uniform CD-ROM driver Revision: 3.20
[2026-10-07 16:22:25.924] [INFO] [QEMU] [    1.599133] sr 1:0:0:0: Attached scsi generic sg0 type 5
[2026-10-07 16:22:25.925] [INFO] [QEMU] [    1.601673] md: Waiting for all devices to be available before autodetect
[2026-10-07 16:22:25.926] [INFO] [QEMU] [    1.602776] md: If you don't use raid, use raid=noautodetect
[2026-10-07 16:22:25.927] [INFO] [QEMU] [    1.603685] md: Autodetecting RAID arrays.
[2026-10-07 16:22:25.928] [INFO] [QEMU] [    1.604395] md: autorun ...
[2026-10-07 16:22:25.931] [INFO] [QEMU] [    1.604911] md: ... autorun DONE.
[2026-10-07 16:22:25.934] [INFO] [QEMU] [    1.608218] EXT4-fs (vda1): mounted filesystem 03bf9af0-1bed-46b6-a5c1-32fc5e52d0c6 ro with ordered data mode. Quota mode: none.
[2026-10-07 16:22:25.937] [INFO] [QEMU] [    1.612479] VFS: Mounted root (ext4 filesystem) readonly on device 253:1.
[2026-10-07 16:22:25.939] [INFO] [QEMU] [    1.615286] devtmpfs: mounted
[2026-10-07 16:22:25.945] [INFO] [QEMU] [    1.620853] Freeing unused decrypted memory: 2028K
[2026-10-07 16:22:25.953] [INFO] [QEMU] [    1.627966] Freeing unused kernel image (initmem) memory: 4932K
[2026-10-07 16:22:25.955] [INFO] [QEMU] [    1.630255] Write protecting the kernel read-only data: 38912k
[2026-10-07 16:22:25.960] [INFO] [QEMU] [    1.635157] Freeing unused kernel image (rodata/data gap) memory: 1956K
[2026-10-07 16:22:25.976] [INFO] [QEMU] [    1.651892] x86/mm: Checked W+X mappings: passed, no W+X pages found.
[2026-10-07 16:22:25.976] [INFO] [QEMU] [    1.653023] Run /sbin/init as init process
[2026-10-07 16:22:26.107] [INFO] [QEMU] [    1.783055] systemd[1]: Inserted module 'autofs4'
[2026-10-07 16:22:26.151] [INFO] [QEMU] [    1.823109] systemd[1]: systemd 255.4-1ubuntu8.16 running in system mode (+PAM +AUDIT +SELINUX +APPARMOR +IMA +SMACK +SECCOMP +GCRYPT -GNUTLS +OPENSSL +ACL +BLKID +CURL +ELFUTILS +FIDO2 +IDN2 -IDN +IPTC +KMOD +LIBCRYPTSETUP +LIBFDISK +PCRE2 -PWQUALITY +P11KIT +QRENCODE +TPM2 +BZIP2 +LZ4 +XZ +ZLIB +ZSTD -BPF_FRAMEWORK -XKBCOMMON +UTMP +SYSVINIT default-hierarchy=unified)
[2026-10-07 16:22:26.159] [INFO] [QEMU] [    1.835230] systemd[1]: Detected virtualization kvm.
[2026-10-07 16:22:26.160] [INFO] [QEMU] [    1.836266] systemd[1]: Detected architecture x86-64.
[2026-10-07 16:22:26.161] [INFO] [QEMU] 
[2026-10-07 16:22:26.162] [INFO] [QEMU] Welcome to Ubuntu 24.04.4 LTS!
[2026-10-07 16:22:26.162] [INFO] [QEMU] 
[2026-10-07 16:22:26.164] [INFO] [QEMU] [    1.839971] systemd[1]: Hostname set to <score-itf>.
[2026-10-07 16:22:26.384] [INFO] [QEMU] [    2.059676] systemd[1]: Queued start job for default target graphical.target.
[2026-10-07 16:22:26.398] [INFO] [QEMU] [    2.073023] systemd[1]: Created slice system-modprobe.slice - Slice /system/modprobe.
[2026-10-07 16:22:26.402] [INFO] [QEMU] [  OK  ] Created slice system-modprobe.slice - Slice /system/modprobe.
[2026-10-07 16:22:26.405] [INFO] [QEMU] [    2.079720] systemd[1]: Created slice system-serial\x2dgetty.slice - Slice /system/serial-getty.
[2026-10-07 16:22:26.409] [INFO] [QEMU] [  OK  ] Created slice system-serial\x2dget���slice - Slice /system/serial-getty.
[2026-10-07 16:22:26.412] [INFO] [QEMU] [    2.086686] systemd[1]: Created slice system-systemd\x2dfsck.slice - Slice /system/systemd-fsck.
[2026-10-07 16:22:26.416] [INFO] [QEMU] [  OK  ] Created slice system-systemd\x2dfs���slice - Slice /system/systemd-fsck.
[2026-10-07 16:22:26.418] [INFO] [QEMU] [    2.093614] systemd[1]: Created slice user.slice - User and Session Slice.
[2026-10-07 16:22:26.422] [INFO] [QEMU] [  OK  ] Created slice user.slice - User and Session Slice.
[2026-10-07 16:22:26.425] [INFO] [QEMU] [    2.098781] systemd[1]: Started systemd-ask-password-console.path - Dispatch Password Requests to Console Directory Watch.
[2026-10-07 16:22:26.429] [INFO] [QEMU] [  OK  ] Started systemd-ask-password-conso���equests to Console Directory Watch.
[2026-10-07 16:22:26.432] [INFO] [QEMU] [    2.105821] systemd[1]: Started systemd-ask-password-wall.path - Forward Password Requests to Wall Directory Watch.
[2026-10-07 16:22:26.436] [INFO] [QEMU] [  OK  ] Started systemd-ask-password-wall.���d Requests to Wall Directory Watch.
[2026-10-07 16:22:26.439] [INFO] [QEMU] [    2.112909] systemd[1]: Set up automount proc-sys-fs-binfmt_misc.automount - Arbitrary Executable File Formats File System Automount Point.
[2026-10-07 16:22:26.443] [INFO] [QEMU] [  OK  ] Set up automount proc-sys-fs-binfm���ormats File System Automount Point.
[2026-10-07 16:22:26.446] [INFO] [QEMU] [    2.120339] systemd[1]: Expecting device dev-disk-by\x2dlabel-BOOT.device - /dev/disk/by-label/BOOT...
[2026-10-07 16:22:26.449] [INFO] [QEMU] Expecting device dev-disk-by\x2dla���device - /dev/disk/by-label/BOOT...
[2026-10-07 16:22:26.452] [INFO] [QEMU] [    2.126470] systemd[1]: Expecting device dev-disk-by\x2dlabel-UEFI.device - /dev/disk/by-label/UEFI...
[2026-10-07 16:22:26.456] [INFO] [QEMU] Expecting device dev-disk-by\x2dla���device - /dev/disk/by-label/UEFI...
[2026-10-07 16:22:26.457] [INFO] [QEMU] [    2.132671] systemd[1]: Expecting device dev-ttyS0.device - /dev/ttyS0...
[2026-10-07 16:22:26.460] [INFO] [QEMU] Expecting device dev-ttyS0.device - /dev/ttyS0...
[2026-10-07 16:22:26.462] [INFO] [QEMU] [    2.137342] systemd[1]: Expecting device dev-vdb.device - /dev/vdb...
[2026-10-07 16:22:26.465] [INFO] [QEMU] Expecting device dev-vdb.device - /dev/vdb...
[2026-10-07 16:22:26.467] [INFO] [QEMU] [    2.141865] systemd[1]: Reached target cryptsetup.target - Local Encrypted Volumes.
[2026-10-07 16:22:26.470] [INFO] [QEMU] [  OK  ] Reached target cryptsetup.target - Local Encrypted Volumes.
[2026-10-07 16:22:26.473] [INFO] [QEMU] [    2.147378] systemd[1]: Reached target integritysetup.target - Local Integrity Protected Volumes.
[2026-10-07 16:22:26.476] [INFO] [QEMU] [  OK  ] Reached target integritysetup.targ��� Local Integrity Protected Volumes.
[2026-10-07 16:22:26.478] [INFO] [QEMU] [    2.153380] systemd[1]: Reached target remote-fs.target - Remote File Systems.
[2026-10-07 16:22:26.481] [INFO] [QEMU] [  OK  ] Reached target remote-fs.target - Remote File Systems.
[2026-10-07 16:22:26.483] [INFO] [QEMU] [    2.158448] systemd[1]: Reached target slices.target - Slice Units.
[2026-10-07 16:22:26.486] [INFO] [QEMU] [  OK  ] Reached target slices.target - Slice Units.
[2026-10-07 16:22:26.486] [INFO] [QEMU] [    2.162682] systemd[1]: Reached target snapd.mounts-pre.target - Mounting snaps.
[2026-10-07 16:22:26.488] [INFO] [QEMU] [  OK  ] Reached target snapd.mounts-pre.target - Mounting snaps.
[2026-10-07 16:22:26.489] [INFO] [QEMU] [    2.164953] systemd[1]: Reached target snapd.mounts.target - Mounted snaps.
[2026-10-07 16:22:26.490] [INFO] [QEMU] [  OK  ] Reached target snapd.mounts.target - Mounted snaps.
[2026-10-07 16:22:26.491] [INFO] [QEMU] [    2.167036] systemd[1]: Reached target swap.target - Swaps.
[2026-10-07 16:22:26.492] [INFO] [QEMU] [  OK  ] Reached target swap.target - Swaps.
[2026-10-07 16:22:26.493] [INFO] [QEMU] [    2.168788] systemd[1]: Reached target veritysetup.target - Local Verity Protected Volumes.
[2026-10-07 16:22:26.494] [INFO] [QEMU] [  OK  ] Reached target veritysetup.target - Local Verity Protected Volumes.
[2026-10-07 16:22:26.495] [INFO] [QEMU] [    2.171514] systemd[1]: Listening on systemd-fsckd.socket - fsck to fsckd communication Socket.
[2026-10-07 16:22:26.497] [INFO] [QEMU] [  OK  ] Listening on systemd-fsckd.socket ���fsck to fsckd communication Socket.
[2026-10-07 16:22:26.498] [INFO] [QEMU] [    2.174189] systemd[1]: Listening on systemd-initctl.socket - initctl Compatibility Named Pipe.
[2026-10-07 16:22:26.500] [INFO] [QEMU] [  OK  ] Listening on systemd-initctl.socke���- initctl Compatibility Named Pipe.
[2026-10-07 16:22:26.501] [INFO] [QEMU] [    2.176954] systemd[1]: Listening on systemd-journald-dev-log.socket - Journal Socket (/dev/log).
[2026-10-07 16:22:26.502] [INFO] [QEMU] [  OK  ] Listening on systemd-journald-dev-���socket - Journal Socket (/dev/log).
[2026-10-07 16:22:26.503] [INFO] [QEMU] [    2.179605] systemd[1]: Listening on systemd-journald.socket - Journal Socket.
[2026-10-07 16:22:26.505] [INFO] [QEMU] [  OK  ] Listening on systemd-journald.socket - Journal Socket.
[2026-10-07 16:22:26.506] [INFO] [QEMU] [    2.181902] systemd[1]: Listening on systemd-networkd.socket - Network Service Netlink Socket.
[2026-10-07 16:22:26.507] [INFO] [QEMU] [  OK  ] Listening on systemd-networkd.socket - Network Service Netlink Socket.
[2026-10-07 16:22:26.509] [INFO] [QEMU] [    2.184419] systemd[1]: systemd-pcrextend.socket - TPM2 PCR Extension (Varlink) was skipped because of an unmet condition check (ConditionSecurity=measured-uki).
[2026-10-07 16:22:26.511] [INFO] [QEMU] [    2.186719] systemd[1]: Listening on systemd-udevd-control.socket - udev Control Socket.
[2026-10-07 16:22:26.512] [INFO] [QEMU] [  OK  ] Listening on systemd-udevd-control.socket - udev Control Socket.
[2026-10-07 16:22:26.513] [INFO] [QEMU] [    2.189240] systemd[1]: Listening on systemd-udevd-kernel.socket - udev Kernel Socket.
[2026-10-07 16:22:26.515] [INFO] [QEMU] [  OK  ] Listening on systemd-udevd-kernel.socket - udev Kernel Socket.
[2026-10-07 16:22:26.523] [INFO] [QEMU] [    2.197526] systemd[1]: Mounting dev-hugepages.mount - Huge Pages File System...
[2026-10-07 16:22:26.526] [INFO] [QEMU] Mounting dev-hugepages.mount - Huge Pages File System...
[2026-10-07 16:22:26.533] [INFO] [QEMU] [    2.207467] systemd[1]: Mounting dev-mqueue.mount - POSIX Message Queue File System...
[2026-10-07 16:22:26.536] [INFO] [QEMU] Mounting dev-mqueue.mount - POSIX Message Queue File System...
[2026-10-07 16:22:26.538] [INFO] [QEMU] [    2.214233] systemd[1]: Mounting sys-kernel-debug.mount - Kernel Debug File System...
[2026-10-07 16:22:26.541] [INFO] [QEMU] Mounting sys-kernel-debug.mount - Kernel Debug File System...
[2026-10-07 16:22:26.557] [INFO] [QEMU] [    2.233490] systemd[1]: Mounting sys-kernel-tracing.mount - Kernel Trace File System...
[2026-10-07 16:22:26.559] [INFO] [QEMU] Mounting sys-kernel-tracing.mount - Kernel Trace File System...
[2026-10-07 16:22:26.563] [INFO] [QEMU] [    2.238839] systemd[1]: Starting systemd-journald.service - Journal Service...
[2026-10-07 16:22:26.564] [INFO] [QEMU] Starting systemd-journald.service - Journal Service...
[2026-10-07 16:22:26.567] [INFO] [QEMU] [    2.243433] systemd[1]: Starting keyboard-setup.service - Set the console keyboard layout...
[2026-10-07 16:22:26.570] [INFO] [QEMU] Starting keyboard-setup.service - Set the console keyboard layout...
[2026-10-07 16:22:26.573] [INFO] [QEMU] [    2.248643] systemd[1]: Starting kmod-static-nodes.service - Create List of Static Device Nodes...
[2026-10-07 16:22:26.577] [INFO] [QEMU] Starting kmod-static-nodes.service���eate List of Static Device Nodes...
[2026-10-07 16:22:26.583] [INFO] [QEMU] [    2.258456] systemd[1]: Starting modprobe@configfs.service - Load Kernel Module configfs...
[2026-10-07 16:22:26.585] [INFO] [QEMU] Starting modprobe@configfs.service - Load Kernel Module configfs...
[2026-10-07 16:22:26.586] [INFO] [QEMU] [    2.262447] systemd-journald[121]: Collecting audit messages is disabled.
[2026-10-07 16:22:26.588] [INFO] [QEMU] [    2.264521] systemd[1]: Starting modprobe@dm_mod.service - Load Kernel Module dm_mod...
[2026-10-07 16:22:26.597] [INFO] [QEMU] Starting modprobe@dm_mod.service - Load Kernel Module dm_mod...
[2026-10-07 16:22:26.604] [INFO] [QEMU] [    2.280045] systemd[1]: Starting modprobe@drm.service - Load Kernel Module drm...
[2026-10-07 16:22:26.606] [INFO] [QEMU] Starting modprobe@drm.service - Load Kernel Module drm...
[2026-10-07 16:22:26.611] [INFO] [QEMU] [    2.287476] systemd[1]: Starting modprobe@efi_pstore.service - Load Kernel Module efi_pstore...
[2026-10-07 16:22:26.615] [INFO] [QEMU] Starting modprobe@efi_pstore.servi��� - Load Kernel Module efi_pstore...
[2026-10-07 16:22:26.625] [INFO] [QEMU] [    2.300832] systemd[1]: Starting modprobe@fuse.service - Load Kernel Module fuse...
[2026-10-07 16:22:26.628] [INFO] [QEMU] Starting modprobe@fuse.service - Load Kernel Module fuse...
[2026-10-07 16:22:26.632] [INFO] [QEMU] [    2.307750] systemd[1]: Starting modprobe@loop.service - Load Kernel Module loop...
[2026-10-07 16:22:26.636] [INFO] [QEMU] Starting modprobe@loop.service - Load Kernel Module loop...
[2026-10-07 16:22:26.638] [INFO] [QEMU] [    2.313458] systemd[1]: netplan-ovs-cleanup.service - OpenVSwitch configuration for cleanup was skipped because of an unmet condition check (ConditionFileIsExecutable=/usr/bin/ovs-vsctl).
[2026-10-07 16:22:26.646] [INFO] [QEMU] [    2.321743] systemd[1]: Starting systemd-fsck-root.service - File System Check on Root Device...
[2026-10-07 16:22:26.648] [INFO] [QEMU] Starting systemd-fsck-root.service���File System Check on Root Device...
[2026-10-07 16:22:26.652] [INFO] [QEMU] [    2.326615] systemd[1]: Starting systemd-modules-load.service - Load Kernel Modules...
[2026-10-07 16:22:26.656] [INFO] [QEMU] Starting systemd-modules-load.service - Load Kernel Modules...
[2026-10-07 16:22:26.660] [INFO] [QEMU] [    2.332673] systemd[1]: systemd-pcrmachine.service - TPM2 PCR Machine ID Measurement was skipped because of an unmet condition check (ConditionSecurity=measured-uki).
[2026-10-07 16:22:26.666] [INFO] [QEMU] [    2.338094] systemd[1]: systemd-tpm2-setup-early.service - TPM2 SRK Setup (Early) was skipped because of an unmet condition check (ConditionSecurity=measured-uki).
[2026-10-07 16:22:26.676] [INFO] [QEMU] [    2.350591] systemd[1]: Starting systemd-udev-trigger.service - Coldplug All udev Devices...
[2026-10-07 16:22:26.680] [INFO] [QEMU] Starting systemd-udev-trigger.service - Coldplug All udev Devices...
[2026-10-07 16:22:26.689] [INFO] [QEMU] [    2.364100] systemd[1]: Started systemd-journald.service - Journal Service.
[2026-10-07 16:22:26.693] [INFO] [QEMU] [  OK  ] Started systemd-journald.service - Journal Service.
[2026-10-07 16:22:26.697] [INFO] [QEMU] [  OK  ] Mounted dev-hugepages.mount - Huge Pages File System.
[2026-10-07 16:22:26.700] [INFO] [QEMU] [  OK  ] Mounted dev-mqueue.mount - POSIX Message Queue File System.
[2026-10-07 16:22:26.704] [INFO] [QEMU] [  OK  ] Mounted sys-kernel-debug.mount - Kernel Debug File System.
[2026-10-07 16:22:26.706] [INFO] [QEMU] [  OK  ] Mounted sys-kernel-tracing.mount - Kernel Trace File System.
[2026-10-07 16:22:26.710] [INFO] [QEMU] [  OK  ] Finished keyboard-setup.service - Set the console keyboard layout.
[2026-10-07 16:22:26.713] [INFO] [QEMU] [  OK  ] Finished kmod-static-nodes.service���Create List of Static Device Nodes.
[2026-10-07 16:22:26.717] [INFO] [QEMU] [  OK  ] Finished modprobe@configfs.service - Load Kernel Module configfs.
[2026-10-07 16:22:26.721] [INFO] [QEMU] [  OK  ] Finished modprobe@dm_mod.service - Load Kernel Module dm_mod.
[2026-10-07 16:22:26.725] [INFO] [QEMU] [  OK  ] Finished modprobe@drm.service - Load Kernel Module drm.
[2026-10-07 16:22:26.728] [INFO] [QEMU] [  OK  ] Finished modprobe@efi_pstore.service - Load Kernel Module efi_pstore.
[2026-10-07 16:22:26.732] [INFO] [QEMU] [  OK  ] Finished modprobe@fuse.service - Load Kernel Module fuse.
[2026-10-07 16:22:26.735] [INFO] [QEMU] [  OK  ] Finished modprobe@loop.service - Load Kernel Module loop.
[2026-10-07 16:22:26.739] [INFO] [QEMU] [  OK  ] Finished systemd-fsck-root.service - File System Check on Root Device.
[2026-10-07 16:22:26.742] [INFO] [QEMU] [  OK  ] Finished systemd-modules-load.service - Load Kernel Modules.
[2026-10-07 16:22:26.765] [INFO] [QEMU] Mounting sys-fs-fuse-connections.mount - FUSE Control File System...
[2026-10-07 16:22:26.779] [INFO] [QEMU] Mounting sys-kernel-config.mount - Kernel Configuration File System...
[2026-10-07 16:22:26.794] [INFO] [QEMU] [  OK  ] Started systemd-fsckd.service - Fi���stem Check Daemon to report status.
[2026-10-07 16:22:26.810] [INFO] [QEMU] Starting systemd-remount-fs.servic���unt Root and Kernel File Systems...
[2026-10-07 16:22:26.821] [INFO] [QEMU] Starting systemd-sysctl.service - Apply Kernel Variables...
[2026-10-07 16:22:26.829] [INFO] [QEMU] Starting systemd-tmpfiles-setup-de��� Device Nodes in /dev gracefully...
[2026-10-07 16:22:26.837] [INFO] [QEMU] [  OK  ] Finished systemd-udev-trigger.service - Coldplug All udev Devices.
[2026-10-07 16:22:26.841] [INFO] [QEMU] [  OK  ] Mounted sys-fs-fuse-connections.mount - FUSE Control File System.
[2026-10-07 16:22:26.845] [INFO] [QEMU] [  OK  ] Mounted sys-kernel-config.mount - Kernel Configuration File System.
[2026-10-07 16:22:26.867] [INFO] [QEMU] [  OK  ] Finished systemd-tmpfiles-setup-de���ic Device Nodes in /dev gracefully.
[2026-10-07 16:22:26.871] [INFO] [QEMU] [  OK  ] Finished systemd-sysctl.service - Apply Kernel Variables.
[2026-10-07 16:22:27.507] [INFO] [QEMU] [  OK  ] Finished systemd-remount-fs.servic���mount Root and Kernel File Systems.
[2026-10-07 16:22:27.512] [INFO] [QEMU] Starting systemd-journal-flush.ser���sh Journal to Persistent Storage...
[2026-10-07 16:22:27.516] [INFO] [QEMU] Starting systemd-random-seed.service - Load/Save OS Random Seed...
[2026-10-07 16:22:27.521] [INFO] [QEMU] Starting systemd-tmpfiles-setup-de���eate Static Device Nodes in /dev...
[2026-10-07 16:22:27.550] [INFO] [QEMU] [  OK  ] Finished systemd-tmpfiles-setup-de���Create Static Device Nodes in /dev.
[2026-10-07 16:22:27.561] [INFO] [QEMU] [  OK  ] Reached target local-fs-pre.target���Preparation for Local File Systems.
[2026-10-07 16:22:27.565] [INFO] [QEMU] Starting systemd-udevd.service - R���ager for Device Events and Files...
[2026-10-07 16:22:27.676] [INFO] [QEMU] [  OK  ] Started systemd-udevd.service - Ru���anager for Device Events and Files.
[2026-10-07 16:22:27.687] [INFO] [QEMU] Starting systemd-networkd.service - Network Configuration...
[2026-10-07 16:22:27.698] [INFO] [QEMU] [  OK  ] Finished systemd-random-seed.service - Load/Save OS Random Seed.
[2026-10-07 16:22:27.918] [INFO] [QEMU] [  OK  ] Started systemd-networkd.service - Network Configuration.
[2026-10-07 16:22:27.942] [INFO] [QEMU] [  OK  ] Found device dev-vdb.device - /dev/vdb.
[2026-10-07 16:22:27.989] [INFO] [QEMU] Mounting opt.mount - /opt...
[2026-10-07 16:22:28.005] [INFO] [QEMU] [  OK  ] Found device dev-disk-by\x2dlabel-���T.device - /dev/disk/by-label/BOOT.
[2026-10-07 16:22:28.015] [INFO] [QEMU] [  OK  ] Finished systemd-journal-flush.ser���lush Journal to Persistent Storage.
[2026-10-07 16:22:28.020] [INFO] [QEMU] [  OK  ] Found device dev-ttyS0.device - /dev/ttyS0.
[2026-10-07 16:22:28.032] [INFO] [QEMU] [  OK  ] Found device dev-disk-by\x2dlabel-���I.device - /dev/disk/by-label/UEFI.
[2026-10-07 16:22:28.052] [INFO] [QEMU] Starting systemd-fsck@dev-disk-by\���Check on /dev/disk/by-label/BOOT...
[2026-10-07 16:22:28.065] [INFO] [QEMU] [  OK  ] Mounted opt.mount - /opt.
[2026-10-07 16:22:28.131] [INFO] [QEMU] [  OK  ] Finished systemd-fsck@dev-disk-by\���m Check on /dev/disk/by-label/BOOT.
[2026-10-07 16:22:28.141] [INFO] [QEMU] Mounting boot.mount - /boot...
[2026-10-07 16:22:28.165] [INFO] [QEMU] [  OK  ] Mounted boot.mount - /boot.
[2026-10-07 16:22:28.177] [INFO] [QEMU] Mounting boot-efi.mount - /boot/efi...
[2026-10-07 16:22:28.197] [INFO] [QEMU] [  OK  ] Listening on systemd-rfkill.socket���ll Switch Status /dev/rfkill Watch.
[2026-10-07 16:22:28.204] [INFO] [QEMU] [  OK  ] Mounted boot-efi.mount - /boot/efi.
[2026-10-07 16:22:28.207] [INFO] [QEMU] [  OK  ] Reached target local-fs.target - Local File Systems.
[2026-10-07 16:22:28.214] [INFO] [QEMU] [  OK  ] Listening on systemd-sysext.socket���tension Image Management (Varlink).
[2026-10-07 16:22:28.226] [INFO] [QEMU] Starting apparmor.service - Load AppArmor profiles...
[2026-10-07 16:22:28.265] [INFO] [QEMU] Starting console-setup.service - Set console font and keymap...
[2026-10-07 16:22:28.435] [INFO] [QEMU] Starting systemd-binfmt.service - Set Up Additional Binary Formats...
[2026-10-07 16:22:28.447] [INFO] [QEMU] Starting systemd-tmpfiles-setup.se���e Volatile Files and Directories...
[2026-10-07 16:22:28.451] [INFO] [QEMU] [  OK  ] Finished console-setup.service - Set console font and keymap.
[2026-10-07 16:22:28.476] [INFO] [QEMU] Mounting proc-sys-fs-binfmt_misc.m���cutable File Formats File System...
[2026-10-07 16:22:28.500] [INFO] [QEMU] [  OK  ] Mounted proc-sys-fs-binfmt_misc.mo���xecutable File Formats File System.
[2026-10-07 16:22:28.513] [INFO] [QEMU] [  OK  ] Finished systemd-binfmt.service - Set Up Additional Binary Formats.
[2026-10-07 16:22:28.527] [INFO] [QEMU] [  OK  ] Finished systemd-tmpfiles-setup.se���ate Volatile Files and Directories.
[2026-10-07 16:22:28.546] [INFO] [QEMU] Starting systemd-resolved.service - Network Name Resolution...
[2026-10-07 16:22:28.563] [INFO] [QEMU] Starting systemd-timesyncd.service - Network Time Synchronization...
[2026-10-07 16:22:28.592] [INFO] [QEMU] Starting systemd-update-utmp.servi���ord System Boot/Shutdown in UTMP...
[2026-10-07 16:22:28.694] [INFO] [QEMU] [  OK  ] Finished systemd-update-utmp.servi���ecord System Boot/Shutdown in UTMP.
[2026-10-07 16:22:28.732] [INFO] [QEMU] [  OK  ] Started systemd-timesyncd.service - Network Time Synchronization.
[2026-10-07 16:22:28.736] [INFO] [QEMU] [  OK  ] Reached target time-set.target - System Time Set.
[2026-10-07 16:22:28.751] [INFO] [QEMU] [  OK  ] Finished apparmor.service - Load AppArmor profiles.
[2026-10-07 16:22:28.760] [INFO] [QEMU] Starting snapd.apparmor.service - ���iles managed internally by snapd...
[2026-10-07 16:22:28.818] [INFO] [QEMU] [  OK  ] Started systemd-resolved.service - Network Name Resolution.
[2026-10-07 16:22:28.820] [INFO] [QEMU] [  OK  ] Finished snapd.apparmor.service - ���ofiles managed internally by snapd.
[2026-10-07 16:22:28.821] [INFO] [QEMU] [  OK  ] Reached target network.target - Network.
[2026-10-07 16:22:28.823] [INFO] [QEMU] [  OK  ] Reached target nss-lookup.target - Host and Network Name Lookups.
[2026-10-07 16:22:28.824] [INFO] [QEMU] [  OK  ] Reached target sysinit.target - System Initialization.
[2026-10-07 16:22:28.826] [INFO] [QEMU] [  OK  ] Started apt-daily.timer - Daily apt download activities.
[2026-10-07 16:22:28.827] [INFO] [QEMU] [  OK  ] Started apt-daily-upgrade.timer - ���y apt upgrade and clean activities.
[2026-10-07 16:22:28.828] [INFO] [QEMU] [  OK  ] Started dpkg-db-backup.timer - Daily dpkg database backup timer.
[2026-10-07 16:22:28.830] [INFO] [QEMU] [  OK  ] Started e2scrub_all.timer - Period���Metadata Check for All Filesystems.
[2026-10-07 16:22:28.831] [INFO] [QEMU] [  OK  ] Started fstrim.timer - Discard unused filesystem blocks once a week.
[2026-10-07 16:22:28.832] [INFO] [QEMU] [  OK  ] Started motd-news.timer - Message of the Day.
[2026-10-07 16:22:28.834] [INFO] [QEMU] [  OK  ] Started systemd-tmpfiles-clean.tim���y Cleanup of Temporary Directories.
[2026-10-07 16:22:28.835] [INFO] [QEMU] [  OK  ] Reached target paths.target - Path Units.
[2026-10-07 16:22:28.836] [INFO] [QEMU] [  OK  ] Reached target timers.target - Timer Units.
[2026-10-07 16:22:28.837] [INFO] [QEMU] [  OK  ] Listening on dbus.socket - D-Bus System Message Bus Socket.
[2026-10-07 16:22:28.840] [INFO] [QEMU] Starting lxd-installer.socket - He���er to install lxd snap on demand...
[2026-10-07 16:22:28.848] [INFO] [QEMU] Starting snapd.socket - Socket activation for snappy daemon...
[2026-10-07 16:22:28.852] [INFO] [QEMU] [  OK  ] Listening on ssh.socket - OpenBSD Secure Shell server socket.
[2026-10-07 16:22:28.854] [INFO] [QEMU] [  OK  ] Listening on lxd-installer.socket ���lper to install lxd snap on demand.
[2026-10-07 16:22:28.855] [INFO] [QEMU] [  OK  ] Listening on snapd.socket - Socket activation for snappy daemon.
[2026-10-07 16:22:28.856] [INFO] [QEMU] [  OK  ] Reached target sockets.target - Socket Units.
[2026-10-07 16:22:28.857] [INFO] [QEMU] [  OK  ] Reached target basic.target - Basic System.
[2026-10-07 16:22:28.860] [INFO] [QEMU] Starting apport.service - automatic crash report generation...
[2026-10-07 16:22:28.864] [INFO] [QEMU] Starting dbus.service - D-Bus System Message Bus...
[2026-10-07 16:22:28.870] [INFO] [QEMU] Starting e2scrub_reap.service - Re���ne ext4 Metadata Check Snapshots...
[2026-10-07 16:22:28.878] [INFO] [QEMU] Starting grub-common.service - Record successful boot for GRUB...
[2026-10-07 16:22:28.891] [INFO] [QEMU] [  OK  ] Reached target getty-pre.target - Preparation for Logins.
[2026-10-07 16:22:28.914] [INFO] [QEMU] Starting snapd.seeded.service - Wait until snapd is fully seeded...
[2026-10-07 16:22:28.925] [INFO] [QEMU] Starting snapd.service - Snap Daemon...
[2026-10-07 16:22:29.013] [INFO] [QEMU] Starting systemd-logind.service - User Login Management...
[2026-10-07 16:22:29.048] [INFO] [QEMU] Starting systemd-user-sessions.service - Permit User Sessions...
[2026-10-07 16:22:29.061] [INFO] [QEMU] [  OK  ] Started dbus.service - D-Bus System Message Bus.
[2026-10-07 16:22:29.081] [INFO] [QEMU] [  OK  ] Finished e2scrub_reap.service - Re���line ext4 Metadata Check Snapshots.
[2026-10-07 16:22:29.126] [INFO] [QEMU] [  OK  ] Finished systemd-user-sessions.service - Permit User Sessions.
[2026-10-07 16:22:29.183] [INFO] [QEMU] [  OK  ] Started serial-getty@ttyS0.service - Serial Getty on ttyS0.
[2026-10-07 16:22:29.200] [INFO] [QEMU] Starting setvtrgb.service - Set console scheme...
[2026-10-07 16:22:29.260] [INFO] [QEMU] [  OK  ] Started systemd-logind.service - User Login Management.
[2026-10-07 16:22:29.263] [INFO] [QEMU] [  OK  ] Finished setvtrgb.service - Set console scheme.
[2026-10-07 16:22:29.360] [INFO] [QEMU] [  OK  ] Created slice system-getty.slice - Slice /system/getty.
[2026-10-07 16:22:29.545] [INFO] [QEMU] [  OK  ] Started getty@tty1.service - Getty on tty1.
[2026-10-07 16:22:29.550] [INFO] [QEMU] [  OK  ] Reached target getty.target - Login Prompts.
[2026-10-07 16:22:29.572] [INFO] [QEMU] [  OK  ] Started unattended-upgrades.service - Unattended Upgrades Shutdown.
[2026-10-07 16:22:29.581] [INFO] [QEMU] [  OK  ] Finished grub-common.service - Record successful boot for GRUB.
[2026-10-07 16:22:29.626] [INFO] [QEMU] Starting grub-initrd-fallback.service - GRUB failed boot detection...
[2026-10-07 16:22:29.764] [INFO] [QEMU] [  OK  ] Finished grub-initrd-fallback.service - GRUB failed boot detection.
[2026-10-07 16:22:30.033] [INFO] [QEMU] [  OK  ] Finished apport.service - automatic crash report generation.
[2026-10-07 16:22:30.576] [INFO] [QEMU] [  OK  ] Started snapd.service - Snap Daemon.
[2026-10-07 16:22:30.592] [INFO] [QEMU] Starting systemd-timedated.service - Time & Date Service...
[2026-10-07 16:22:30.642] [INFO] [QEMU] [  OK  ] Started systemd-timedated.service - Time & Date Service.
[2026-10-07 16:22:30.688] [INFO] [QEMU] [  OK  ] Finished snapd.seeded.service - Wait until snapd is fully seeded.
[2026-10-07 16:22:30.691] [INFO] [QEMU] [  OK  ] Reached target multi-user.target - Multi-User System.
[2026-10-07 16:22:30.693] [INFO] [QEMU] [  OK  ] Reached target graphical.target - Graphical Interface.
[2026-10-07 16:22:30.701] [INFO] [QEMU] Starting systemd-update-utmp-runle���- Record Runlevel Change in UTMP...
[2026-10-07 16:22:30.708] [INFO] [QEMU] [  OK  ] Finished systemd-update-utmp-runle���e - Record Runlevel Change in UTMP.
[2026-10-07 16:22:31.748] [INFO] [QEMU] 
[2026-10-07 16:22:31.749] [INFO] [QEMU] Ubuntu 24.04.4 LTS score-itf ttyS0
[2026-10-07 16:22:31.749] [INFO] [QEMU] 
[2026-10-07 16:22:35.399] [INFO] [score.itf.plugins.qemu.checks] Check target ping: OK
[2026-10-07 16:22:35.400] [INFO] [score.itf.core.com.ssh] Connecting to 169.254.158.190 ...
[2026-10-07 16:22:35.486] [INFO] [paramiko.transport] Connected (version 2.0, client OpenSSH_9.6p1)
[2026-10-07 16:22:35.582] [INFO] [paramiko.transport] Authentication (password) successful!
[2026-10-07 16:22:35.582] [INFO] [score.itf.core.com.ssh] SSH connection to 169.254.158.190 established
[2026-10-07 16:22:35.583] [DEBUG] [score.itf.core.com.ssh] Executing command: echo Qnx_S-core!
[2026-10-07 16:22:35.583] [DEBUG] [score.itf.core.com.ssh] timeout: 30; max_exec_time: 180; logger_in: None; verbose: True;
[2026-10-07 16:22:35.994] [INFO] [root] Qnx_S-core!
[2026-10-07 16:22:35.995] [INFO] [score.itf.core.com.ssh] Closed SSH connection.
[2026-10-07 16:22:35.995] [INFO] [score.itf.plugins.qemu.checks] Check target ssh: OK
[2026-10-07 16:22:35.995] [INFO] [score.itf.core.com.ssh] Connecting to 169.254.158.190 ...
[2026-10-07 16:22:36.006] [INFO] [paramiko.transport] Connected (version 2.0, client OpenSSH_9.6p1)
[2026-10-07 16:22:36.060] [INFO] [paramiko.transport] Authentication (password) successful!
[2026-10-07 16:22:36.060] [INFO] [score.itf.core.com.ssh] SSH connection to 169.254.158.190 established
[2026-10-07 16:22:36.176] [INFO] [paramiko.transport.sftp] [chan 0] Opened sftp connection (server version 3)
[2026-10-07 16:22:36.181] [INFO] [paramiko.transport.sftp] [chan 0] sftp session closed.
[2026-10-07 16:22:36.182] [INFO] [score.itf.core.com.ssh] Closed SSH connection.
[2026-10-07 16:22:36.182] [INFO] [score.itf.core.com.sftp] Closed SSH connection.
[2026-10-07 16:22:36.182] [INFO] [score.itf.plugins.qemu.checks] Check target sftp: OK
FAILED                                                                   [ 20%]
../score_itf+::test_tcpdump_with_ping_from_target FAILED                 [ 40%]
../score_itf+::test_tcpdump_with_long_running_ping_from_target FAILED    [ 60%]
../score_itf+::test_killing_tcpdump FAILED                               [ 80%]
../score_itf+::test_killing_tcpdump_while_ping_is_running FAILED         [100%]
------------------------------ live log teardown -------------------------------
[2026-10-07 16:22:37.449] [INFO] [score.itf.plugins.qemu.qemu_process] Stopping Qemu...

[2026-10-07 16:22:37.450] [INFO] [QEMU] score-itf login: qemu-system-x86_64: terminating on signal 15 from pid 17 (/media/jefferson/11c42dee-73a3-4c2b-ab42-a0440011d9e0/.s-core-build/runs/score-someip84-full-6w80fgob/bazel-output/16df730b0babb9c4a4b46d33742bb204/sandbox/linux-sandbox/631/execroot/_main/bazel-out/k8-fastbuild/bin/tests/integration_test/test_tcpdump.runfiles/rules_python++python+python_3_12_x86_64-unknown-linux-gnu/bin/python3)


=================================== FAILURES ===================================
__________________ test_tcpdump_with_ping_from_target_execute __________________

target = <score.itf.plugins.qemu.qemu_target.QemuTarget object at 0x7371db3654c0>

    def test_tcpdump_with_ping_from_target_execute(target) -> None:
>       with tcpdump_capture("icmp", packet_count=2) as tcpdump_process:
             ^^^^^^^^^^^^^^^^^^^^^^^^^^^^^^^^^^^^^^^

tests/integration_test/tcpdump.py:25: 
_ _ _ _ _ _ _ _ _ _ _ _ _ _ _ _ _ _ _ _ _ _ _ _ _ _ _ _ _ _ _ _ _ _ _ _ _ _ _ _ 

filter_expression = 'icmp', packet_count = 2, output_file = None

    def tcpdump_capture(
        filter_expression: str,
        packet_count: int | None = None,
        output_file: str | None = None,
    ) -> CaptureProcess:
        """Start tcpdump on the host and return a CaptureProcess context manager.
    
        Args:
            filter_expression: BPF filter string.
            packet_count: Exit after this many packets; omit when using stop_capture.
            output_file: Move the completed pcap to this path after capture stops;
                         None streams text to stdout.
    
        Raises:
            RuntimeError: tcpdump exited immediately (missing binary or CAP_NET_RAW).
        """
        # -Z <current_user>: avoids tcpdump dropping to its default user, which fails without CAP_SETUID in CI (even as root).
        try:
            _z_user = pwd.getpwuid(os.getuid()).pw_name
        except KeyError:
            # uid has no /etc/passwd entry (minimal container); use numeric fallback
            _z_user = str(os.getuid())
    
        args = ["/usr/bin/tcpdump", "-n", "-i", "any", "-Z", _z_user]
    
        # Write pcap to /tmp, which is writable in all sandbox configurations.
        # CaptureProcess.__exit__ moves it to output_file after capture stops.
        text_mode = output_file is None
        tmp_pcap: str | None = None
        if output_file is not None:
            tmp_pcap = f"/tmp/tcpdump_{os.urandom(8).hex()}.pcap"
            args.extend(["-U", "-w", tmp_pcap])  # -U: packet-buffered
        else:
            args.append("-l")  # line-buffered output for text mode
    
        if packet_count is not None:
            args.extend(["-c", str(packet_count)])
        if filter_expression:
            args.append(filter_expression)
    
        try:
            proc = subprocess.Popen(
                args,
                stdout=subprocess.PIPE if output_file is None else subprocess.DEVNULL,
                stderr=subprocess.PIPE,
            )
        except OSError as exc:
            raise RuntimeError(
                f"Failed to start tcpdump ({exc}). Check that /usr/bin/tcpdump exists and "
                f"the process has CAP_NET_RAW capability."
            ) from exc
    
        # tcpdump exits within milliseconds if CAP_NET_RAW is missing or binary absent.
        time.sleep(0.2)
        if proc.poll() is not None and proc.returncode != 0:
            stderr_text = _get_content_of_file_object(proc.stderr)
>           raise RuntimeError(
                f"tcpdump failed to start (exit code {proc.returncode}). "
                f"Check that /usr/bin/tcpdump exists and the process has "
                f"CAP_NET_RAW capability. stderr: {stderr_text}"
            )
E           RuntimeError: tcpdump failed to start (exit code 1). Check that /usr/bin/tcpdump exists and the process has CAP_NET_RAW capability. stderr: tcpdump: data link type LINUX_SLL2
E           tcpdump: Couldn't change to 'root' uid=0 gid=0: Operation not permitted

tests/common/capture.py:281: RuntimeError
______________________ test_tcpdump_with_ping_from_target ______________________

target = <score.itf.plugins.qemu.qemu_target.QemuTarget object at 0x7371db3654c0>

    def test_tcpdump_with_ping_from_target(target):
>       with tcpdump_capture("icmp", packet_count=2) as tcpdump_process:
             ^^^^^^^^^^^^^^^^^^^^^^^^^^^^^^^^^^^^^^^

tests/integration_test/tcpdump.py:53: 
_ _ _ _ _ _ _ _ _ _ _ _ _ _ _ _ _ _ _ _ _ _ _ _ _ _ _ _ _ _ _ _ _ _ _ _ _ _ _ _ 

filter_expression = 'icmp', packet_count = 2, output_file = None

    def tcpdump_capture(
        filter_expression: str,
        packet_count: int | None = None,
        output_file: str | None = None,
    ) -> CaptureProcess:
        """Start tcpdump on the host and return a CaptureProcess context manager.
    
        Args:
            filter_expression: BPF filter string.
            packet_count: Exit after this many packets; omit when using stop_capture.
            output_file: Move the completed pcap to this path after capture stops;
                         None streams text to stdout.
    
        Raises:
            RuntimeError: tcpdump exited immediately (missing binary or CAP_NET_RAW).
        """
        # -Z <current_user>: avoids tcpdump dropping to its default user, which fails without CAP_SETUID in CI (even as root).
        try:
            _z_user = pwd.getpwuid(os.getuid()).pw_name
        except KeyError:
            # uid has no /etc/passwd entry (minimal container); use numeric fallback
            _z_user = str(os.getuid())
    
        args = ["/usr/bin/tcpdump", "-n", "-i", "any", "-Z", _z_user]
    
        # Write pcap to /tmp, which is writable in all sandbox configurations.
        # CaptureProcess.__exit__ moves it to output_file after capture stops.
        text_mode = output_file is None
        tmp_pcap: str | None = None
        if output_file is not None:
            tmp_pcap = f"/tmp/tcpdump_{os.urandom(8).hex()}.pcap"
            args.extend(["-U", "-w", tmp_pcap])  # -U: packet-buffered
        else:
            args.append("-l")  # line-buffered output for text mode
    
        if packet_count is not None:
            args.extend(["-c", str(packet_count)])
        if filter_expression:
            args.append(filter_expression)
    
        try:
            proc = subprocess.Popen(
                args,
                stdout=subprocess.PIPE if output_file is None else subprocess.DEVNULL,
                stderr=subprocess.PIPE,
            )
        except OSError as exc:
            raise RuntimeError(
                f"Failed to start tcpdump ({exc}). Check that /usr/bin/tcpdump exists and "
                f"the process has CAP_NET_RAW capability."
            ) from exc
    
        # tcpdump exits within milliseconds if CAP_NET_RAW is missing or binary absent.
        time.sleep(0.2)
        if proc.poll() is not None and proc.returncode != 0:
            stderr_text = _get_content_of_file_object(proc.stderr)
>           raise RuntimeError(
                f"tcpdump failed to start (exit code {proc.returncode}). "
                f"Check that /usr/bin/tcpdump exists and the process has "
                f"CAP_NET_RAW capability. stderr: {stderr_text}"
            )
E           RuntimeError: tcpdump failed to start (exit code 1). Check that /usr/bin/tcpdump exists and the process has CAP_NET_RAW capability. stderr: tcpdump: data link type LINUX_SLL2
E           tcpdump: Couldn't change to 'root' uid=0 gid=0: Operation not permitted

tests/common/capture.py:281: RuntimeError
_______________ test_tcpdump_with_long_running_ping_from_target ________________

target = <score.itf.plugins.qemu.qemu_target.QemuTarget object at 0x7371db3654c0>

    def test_tcpdump_with_long_running_ping_from_target(target):
>       with tcpdump_capture("icmp", packet_count=5) as tcpdump_process:
             ^^^^^^^^^^^^^^^^^^^^^^^^^^^^^^^^^^^^^^^

tests/integration_test/tcpdump.py:73: 
_ _ _ _ _ _ _ _ _ _ _ _ _ _ _ _ _ _ _ _ _ _ _ _ _ _ _ _ _ _ _ _ _ _ _ _ _ _ _ _ 

filter_expression = 'icmp', packet_count = 5, output_file = None

    def tcpdump_capture(
        filter_expression: str,
        packet_count: int | None = None,
        output_file: str | None = None,
    ) -> CaptureProcess:
        """Start tcpdump on the host and return a CaptureProcess context manager.
    
        Args:
            filter_expression: BPF filter string.
            packet_count: Exit after this many packets; omit when using stop_capture.
            output_file: Move the completed pcap to this path after capture stops;
                         None streams text to stdout.
    
        Raises:
            RuntimeError: tcpdump exited immediately (missing binary or CAP_NET_RAW).
        """
        # -Z <current_user>: avoids tcpdump dropping to its default user, which fails without CAP_SETUID in CI (even as root).
        try:
            _z_user = pwd.getpwuid(os.getuid()).pw_name
        except KeyError:
            # uid has no /etc/passwd entry (minimal container); use numeric fallback
            _z_user = str(os.getuid())
    
        args = ["/usr/bin/tcpdump", "-n", "-i", "any", "-Z", _z_user]
    
        # Write pcap to /tmp, which is writable in all sandbox configurations.
        # CaptureProcess.__exit__ moves it to output_file after capture stops.
        text_mode = output_file is None
        tmp_pcap: str | None = None
        if output_file is not None:
            tmp_pcap = f"/tmp/tcpdump_{os.urandom(8).hex()}.pcap"
            args.extend(["-U", "-w", tmp_pcap])  # -U: packet-buffered
        else:
            args.append("-l")  # line-buffered output for text mode
    
        if packet_count is not None:
            args.extend(["-c", str(packet_count)])
        if filter_expression:
            args.append(filter_expression)
    
        try:
            proc = subprocess.Popen(
                args,
                stdout=subprocess.PIPE if output_file is None else subprocess.DEVNULL,
                stderr=subprocess.PIPE,
            )
        except OSError as exc:
            raise RuntimeError(
                f"Failed to start tcpdump ({exc}). Check that /usr/bin/tcpdump exists and "
                f"the process has CAP_NET_RAW capability."
            ) from exc
    
        # tcpdump exits within milliseconds if CAP_NET_RAW is missing or binary absent.
        time.sleep(0.2)
        if proc.poll() is not None and proc.returncode != 0:
            stderr_text = _get_content_of_file_object(proc.stderr)
>           raise RuntimeError(
                f"tcpdump failed to start (exit code {proc.returncode}). "
                f"Check that /usr/bin/tcpdump exists and the process has "
                f"CAP_NET_RAW capability. stderr: {stderr_text}"
            )
E           RuntimeError: tcpdump failed to start (exit code 1). Check that /usr/bin/tcpdump exists and the process has CAP_NET_RAW capability. stderr: tcpdump: data link type LINUX_SLL2
E           tcpdump: Couldn't change to 'root' uid=0 gid=0: Operation not permitted

tests/common/capture.py:281: RuntimeError
_____________________________ test_killing_tcpdump _____________________________

target = <score.itf.plugins.qemu.qemu_target.QemuTarget object at 0x7371db3654c0>

    def test_killing_tcpdump(target):
        # No traffic here, so force_stop() (not signals; unreliable in this sandbox) is needed to end it.
>       capture = tcpdump_capture("icmp", packet_count=500)
                  ^^^^^^^^^^^^^^^^^^^^^^^^^^^^^^^^^^^^^^^^^

tests/integration_test/tcpdump.py:117: 
_ _ _ _ _ _ _ _ _ _ _ _ _ _ _ _ _ _ _ _ _ _ _ _ _ _ _ _ _ _ _ _ _ _ _ _ _ _ _ _ 

filter_expression = 'icmp', packet_count = 500, output_file = None

    def tcpdump_capture(
        filter_expression: str,
        packet_count: int | None = None,
        output_file: str | None = None,
    ) -> CaptureProcess:
        """Start tcpdump on the host and return a CaptureProcess context manager.
    
        Args:
            filter_expression: BPF filter string.
            packet_count: Exit after this many packets; omit when using stop_capture.
            output_file: Move the completed pcap to this path after capture stops;
                         None streams text to stdout.
    
        Raises:
            RuntimeError: tcpdump exited immediately (missing binary or CAP_NET_RAW).
        """
        # -Z <current_user>: avoids tcpdump dropping to its default user, which fails without CAP_SETUID in CI (even as root).
        try:
            _z_user = pwd.getpwuid(os.getuid()).pw_name
        except KeyError:
            # uid has no /etc/passwd entry (minimal container); use numeric fallback
            _z_user = str(os.getuid())
    
        args = ["/usr/bin/tcpdump", "-n", "-i", "any", "-Z", _z_user]
    
        # Write pcap to /tmp, which is writable in all sandbox configurations.
        # CaptureProcess.__exit__ moves it to output_file after capture stops.
        text_mode = output_file is None
        tmp_pcap: str | None = None
        if output_file is not None:
            tmp_pcap = f"/tmp/tcpdump_{os.urandom(8).hex()}.pcap"
            args.extend(["-U", "-w", tmp_pcap])  # -U: packet-buffered
        else:
            args.append("-l")  # line-buffered output for text mode
    
        if packet_count is not None:
            args.extend(["-c", str(packet_count)])
        if filter_expression:
            args.append(filter_expression)
    
        try:
            proc = subprocess.Popen(
                args,
                stdout=subprocess.PIPE if output_file is None else subprocess.DEVNULL,
                stderr=subprocess.PIPE,
            )
        except OSError as exc:
            raise RuntimeError(
                f"Failed to start tcpdump ({exc}). Check that /usr/bin/tcpdump exists and "
                f"the process has CAP_NET_RAW capability."
            ) from exc
    
        # tcpdump exits within milliseconds if CAP_NET_RAW is missing or binary absent.
        time.sleep(0.2)
        if proc.poll() is not None and proc.returncode != 0:
            stderr_text = _get_content_of_file_object(proc.stderr)
>           raise RuntimeError(
                f"tcpdump failed to start (exit code {proc.returncode}). "
                f"Check that /usr/bin/tcpdump exists and the process has "
                f"CAP_NET_RAW capability. stderr: {stderr_text}"
            )
E           RuntimeError: tcpdump failed to start (exit code 1). Check that /usr/bin/tcpdump exists and the process has CAP_NET_RAW capability. stderr: tcpdump: data link type LINUX_SLL2
E           tcpdump: Couldn't change to 'root' uid=0 gid=0: Operation not permitted

tests/common/capture.py:281: RuntimeError
__________________ test_killing_tcpdump_while_ping_is_running __________________

target = <score.itf.plugins.qemu.qemu_target.QemuTarget object at 0x7371db3654c0>

    def test_killing_tcpdump_while_ping_is_running(target):
>       capture = tcpdump_capture("icmp", packet_count=500)
                  ^^^^^^^^^^^^^^^^^^^^^^^^^^^^^^^^^^^^^^^^^

tests/integration_test/tcpdump.py:127: 
_ _ _ _ _ _ _ _ _ _ _ _ _ _ _ _ _ _ _ _ _ _ _ _ _ _ _ _ _ _ _ _ _ _ _ _ _ _ _ _ 

filter_expression = 'icmp', packet_count = 500, output_file = None

    def tcpdump_capture(
        filter_expression: str,
        packet_count: int | None = None,
        output_file: str | None = None,
    ) -> CaptureProcess:
        """Start tcpdump on the host and return a CaptureProcess context manager.
    
        Args:
            filter_expression: BPF filter string.
            packet_count: Exit after this many packets; omit when using stop_capture.
            output_file: Move the completed pcap to this path after capture stops;
                         None streams text to stdout.
    
        Raises:
            RuntimeError: tcpdump exited immediately (missing binary or CAP_NET_RAW).
        """
        # -Z <current_user>: avoids tcpdump dropping to its default user, which fails without CAP_SETUID in CI (even as root).
        try:
            _z_user = pwd.getpwuid(os.getuid()).pw_name
        except KeyError:
            # uid has no /etc/passwd entry (minimal container); use numeric fallback
            _z_user = str(os.getuid())
    
        args = ["/usr/bin/tcpdump", "-n", "-i", "any", "-Z", _z_user]
    
        # Write pcap to /tmp, which is writable in all sandbox configurations.
        # CaptureProcess.__exit__ moves it to output_file after capture stops.
        text_mode = output_file is None
        tmp_pcap: str | None = None
        if output_file is not None:
            tmp_pcap = f"/tmp/tcpdump_{os.urandom(8).hex()}.pcap"
            args.extend(["-U", "-w", tmp_pcap])  # -U: packet-buffered
        else:
            args.append("-l")  # line-buffered output for text mode
    
        if packet_count is not None:
            args.extend(["-c", str(packet_count)])
        if filter_expression:
            args.append(filter_expression)
    
        try:
            proc = subprocess.Popen(
                args,
                stdout=subprocess.PIPE if output_file is None else subprocess.DEVNULL,
                stderr=subprocess.PIPE,
            )
        except OSError as exc:
            raise RuntimeError(
                f"Failed to start tcpdump ({exc}). Check that /usr/bin/tcpdump exists and "
                f"the process has CAP_NET_RAW capability."
            ) from exc
    
        # tcpdump exits within milliseconds if CAP_NET_RAW is missing or binary absent.
        time.sleep(0.2)
        if proc.poll() is not None and proc.returncode != 0:
            stderr_text = _get_content_of_file_object(proc.stderr)
>           raise RuntimeError(
                f"tcpdump failed to start (exit code {proc.returncode}). "
                f"Check that /usr/bin/tcpdump exists and the process has "
                f"CAP_NET_RAW capability. stderr: {stderr_text}"
            )
E           RuntimeError: tcpdump failed to start (exit code 1). Check that /usr/bin/tcpdump exists and the process has CAP_NET_RAW capability. stderr: tcpdump: data link type LINUX_SLL2
E           tcpdump: Couldn't change to 'root' uid=0 gid=0: Operation not permitted

tests/common/capture.py:281: RuntimeError
- generated xml file: /media/jefferson/11c42dee-73a3-4c2b-ab42-a0440011d9e0/.s-core-build/runs/score-someip84-full-6w80fgob/bazel-output/16df730b0babb9c4a4b46d33742bb204/sandbox/linux-sandbox/631/execroot/_main/bazel-out/k8-fastbuild/testlogs/tests/integration_test/test_tcpdump/test.xml -
=========================== short test summary info ============================
FAILED ../score_itf+::test_tcpdump_with_ping_from_target_execute - RuntimeErr...
FAILED ../score_itf+::test_tcpdump_with_ping_from_target - RuntimeError: tcpd...
FAILED ../score_itf+::test_tcpdump_with_long_running_ping_from_target - Runti...
FAILED ../score_itf+::test_killing_tcpdump - RuntimeError: tcpdump failed to ...
FAILED ../score_itf+::test_killing_tcpdump_while_ping_is_running - RuntimeErr...
============================== 5 failed in 17.79s ==============================
================================================================================
==================== Test output for //tests/integration_test:test_someipd_sends_someip-sd_message:
============================= test session starts ==============================
platform linux -- Python 3.12.12, pytest-9.1.1, pluggy-1.6.0
rootdir: /media/jefferson/11c42dee-73a3-4c2b-ab42-a0440011d9e0/.s-core-build/runs/score-someip84-full-6w80fgob/bazel-output/16df730b0babb9c4a4b46d33742bb204/sandbox/linux-sandbox/630/execroot/_main/bazel-out/k8-fastbuild/bin/tests/integration_test/test_someipd_sends_someip-sd_message.runfiles/score_itf+
configfile: pytest.ini
collected 1 item

../score_itf+::test_start_someipd_and_gatewayd 
-------------------------------- live log setup --------------------------------
[2026-10-07 16:22:16.572] [INFO] [score.itf.plugins.qemu.config] Loading configuration from ../os_images+/ubuntu_x86_64/qemu_config.json
[2026-10-07 16:22:16.572] [INFO] [score.itf.plugins.qemu] Starting tests on host: master
[2026-10-07 16:22:17.572] [INFO] [score.itf.plugins.qemu] Created qcow2 overlay: /media/jefferson/11c42dee-73a3-4c2b-ab42-a0440011d9e0/.s-core-build/runs/score-someip84-full-6w80fgob/native/.llm_tmp/tmp/qemu_overlay_ng5g_8tv.qcow2 (backing: /media/jefferson/11c42dee-73a3-4c2b-ab42-a0440011d9e0/.s-core-build/runs/score-someip84-full-6w80fgob/bazel-output/16df730b0babb9c4a4b46d33742bb204/sandbox/linux-sandbox/630/execroot/_main/bazel-out/k8-fastbuild/bin/tests/integration_test/test_someipd_sends_someip-sd_message.runfiles/os_images+/ubuntu_x86_64/ubuntu-x86_64-itf/ubuntu-24.04-minimal-cloudimg-amd64.img)
[2026-10-07 16:22:17.609] [INFO] [score.itf.plugins.qemu] Created qcow2 overlay: /media/jefferson/11c42dee-73a3-4c2b-ab42-a0440011d9e0/.s-core-build/runs/score-someip84-full-6w80fgob/native/.llm_tmp/tmp/qemu_overlay__9vjnujz.qcow2 (backing: /media/jefferson/11c42dee-73a3-4c2b-ab42-a0440011d9e0/.s-core-build/runs/score-someip84-full-6w80fgob/bazel-output/16df730b0babb9c4a4b46d33742bb204/sandbox/linux-sandbox/630/execroot/_main/bazel-out/k8-fastbuild/bin/tests/integration_test/test_someipd_sends_someip-sd_message.runfiles/_main/tests/integration_test/qemu_disk_test_someipd_sends_someip-sd_message.ext4)
[2026-10-07 16:22:17.609] [INFO] [score.itf.plugins.qemu.qemu_process] Starting Qemu...
[2026-10-07 16:22:17.609] [INFO] [score.itf.plugins.qemu.qemu_process] Using QEMU root filesystem image: /media/jefferson/11c42dee-73a3-4c2b-ab42-a0440011d9e0/.s-core-build/runs/score-someip84-full-6w80fgob/native/.llm_tmp/tmp/qemu_overlay_ng5g_8tv.qcow2
[2026-10-07 16:22:17.609] [INFO] [score.itf.plugins.qemu.qemu_process] Using QEMU additional disk image: /media/jefferson/11c42dee-73a3-4c2b-ab42-a0440011d9e0/.s-core-build/runs/score-someip84-full-6w80fgob/native/.llm_tmp/tmp/qemu_overlay__9vjnujz.qcow2
[2026-10-07 16:22:17.609] [DEBUG] [score.itf.plugins.qemu.qemu] ['/usr/bin/qemu-system-x86_64', '-accel', 'kvm', '-accel', 'tcg', '-smp', '2,maxcpus=2,cores=2', '-machine', 'pc', '-cpu', 'Cascadelake-Server-v5', '-m', '2G', '-nographic', '-serial', 'mon:stdio', '-object', 'rng-random,filename=/dev/urandom,id=rng0', '-device', 'virtio-rng-pci,rng=rng0', '-netdev', 'tap,id=t1,ifname=tap0,script=no,downscript=no', '-device', 'virtio-net-pci,netdev=t1,id=nic1,guest_csum=off', '-device', 'virtio-blk-pci,drive=vd0', '-drive', 'if=none,format=qcow2,file=/media/jefferson/11c42dee-73a3-4c2b-ab42-a0440011d9e0/.s-core-build/runs/score-someip84-full-6w80fgob/native/.llm_tmp/tmp/qemu_overlay_ng5g_8tv.qcow2,id=vd0', '-device', 'virtio-blk-pci,drive=vd1', '-drive', 'if=none,format=qcow2,file=/media/jefferson/11c42dee-73a3-4c2b-ab42-a0440011d9e0/.s-core-build/runs/score-someip84-full-6w80fgob/native/.llm_tmp/tmp/qemu_overlay__9vjnujz.qcow2,id=vd1']
[2026-10-07 16:22:17.632] [INFO] [QEMU] qemu-system-x86_64: warning: host doesn't support requested feature: CPUID.07H:EBX.avx512f [bit 16]
[2026-10-07 16:22:17.632] [INFO] [QEMU] qemu-system-x86_64: warning: host doesn't support requested feature: CPUID.07H:EBX.avx512dq [bit 17]
[2026-10-07 16:22:17.633] [INFO] [QEMU] qemu-system-x86_64: warning: host doesn't support requested feature: CPUID.07H:EBX.avx512cd [bit 28]
[2026-10-07 16:22:17.633] [INFO] [QEMU] qemu-system-x86_64: warning: host doesn't support requested feature: CPUID.07H:EBX.avx512bw [bit 30]
[2026-10-07 16:22:17.633] [INFO] [QEMU] qemu-system-x86_64: warning: host doesn't support requested feature: CPUID.07H:EBX.avx512vl [bit 31]
[2026-10-07 16:22:17.633] [INFO] [QEMU] qemu-system-x86_64: warning: host doesn't support requested feature: CPUID.07H:ECX.avx512vnni [bit 11]
[2026-10-07 16:22:17.633] [INFO] [QEMU] qemu-system-x86_64: warning: host doesn't support requested feature: CPUID.0DH:EAX [bit 5]
[2026-10-07 16:22:17.633] [INFO] [QEMU] qemu-system-x86_64: warning: host doesn't support requested feature: CPUID.0DH:EAX [bit 6]
[2026-10-07 16:22:17.633] [INFO] [QEMU] qemu-system-x86_64: warning: host doesn't support requested feature: CPUID.0DH:EAX [bit 7]
[2026-10-07 16:22:17.634] [INFO] [QEMU] qemu-system-x86_64: warning: host doesn't support requested feature: CPUID.07H:EBX.avx512f [bit 16]
[2026-10-07 16:22:17.634] [INFO] [QEMU] qemu-system-x86_64: warning: host doesn't support requested feature: CPUID.07H:EBX.avx512dq [bit 17]
[2026-10-07 16:22:17.634] [INFO] [QEMU] qemu-system-x86_64: warning: host doesn't support requested feature: CPUID.07H:EBX.avx512cd [bit 28]
[2026-10-07 16:22:17.634] [INFO] [QEMU] qemu-system-x86_64: warning: host doesn't support requested feature: CPUID.07H:EBX.avx512bw [bit 30]
[2026-10-07 16:22:17.634] [INFO] [QEMU] qemu-system-x86_64: warning: host doesn't support requested feature: CPUID.07H:EBX.avx512vl [bit 31]
[2026-10-07 16:22:17.634] [INFO] [QEMU] qemu-system-x86_64: warning: host doesn't support requested feature: CPUID.07H:ECX.avx512vnni [bit 11]
[2026-10-07 16:22:17.634] [INFO] [QEMU] qemu-system-x86_64: warning: host doesn't support requested feature: CPUID.0DH:EAX [bit 5]
[2026-10-07 16:22:17.634] [INFO] [QEMU] qemu-system-x86_64: warning: host doesn't support requested feature: CPUID.0DH:EAX [bit 6]
[2026-10-07 16:22:17.634] [INFO] [QEMU] qemu-system-x86_64: warning: host doesn't support requested feature: CPUID.0DH:EAX [bit 7]
[2026-10-07 16:22:17.800] [INFO] [QEMU] cSeaBIOS (version 1.15.0-1)
[2026-10-07 16:22:17.800] [INFO] [QEMU] 
[2026-10-07 16:22:17.801] [INFO] [QEMU] 
[2026-10-07 16:22:17.803] [INFO] [QEMU] iPXE (https://ipxe.org) 00:04.0 CA00 PCI2.10 PnP PMM+7FF8B380+7FECB380 CA00
[2026-10-07 16:22:17.812] [INFO] [QEMU] Press Ctrl-B to configure iPXE (PCI 00:04.0)...
[2026-10-07 16:22:17.812] [INFO] [QEMU] 
[2026-10-07 16:22:17.813] [INFO] [QEMU] 
[2026-10-07 16:22:17.836] [INFO] [QEMU] Booting from Hard Disk...
[2026-10-07 16:22:18.387] [INFO] [QEMU] GRUB_FORCE_PARTUUID set, attempting initrdless boot.
[2026-10-07 16:22:23.904] [INFO] [QEMU] [    0.000000] Linux version 6.8.0-136-generic (buildd@lcy02-amd64-041) (x86_64-linux-gnu-gcc-13 (Ubuntu 13.3.0-6ubuntu2~24.04.1) 13.3.0, GNU ld (GNU Binutils for Ubuntu) 2.42) #136-Ubuntu SMP PREEMPT_DYNAMIC Wed Jul  1 21:53:05 UTC 2026 (Ubuntu 6.8.0-136.136-generic 6.8.12)
[2026-10-07 16:22:23.910] [INFO] [QEMU] [    0.000000] Command line: BOOT_IMAGE=/vmlinuz-6.8.0-136-generic root=PARTUUID=91defc72-0e0a-4749-973f-2bd295668950 ro console=tty1 console=ttyS0 panic=-1
[2026-10-07 16:22:23.911] [INFO] [QEMU] [    0.000000] KERNEL supported cpus:
[2026-10-07 16:22:23.912] [INFO] [QEMU] [    0.000000]   Intel GenuineIntel
[2026-10-07 16:22:23.913] [INFO] [QEMU] [    0.000000]   AMD AuthenticAMD
[2026-10-07 16:22:23.915] [INFO] [QEMU] [    0.000000]   Hygon HygonGenuine
[2026-10-07 16:22:23.916] [INFO] [QEMU] [    0.000000]   Centaur CentaurHauls
[2026-10-07 16:22:23.917] [INFO] [QEMU] [    0.000000]   zhaoxin   Shanghai
[2026-10-07 16:22:23.919] [INFO] [QEMU] [    0.000000] BIOS-provided physical RAM map:
[2026-10-07 16:22:23.921] [INFO] [QEMU] [    0.000000] BIOS-e820: [mem 0x0000000000000000-0x000000000009fbff] usable
[2026-10-07 16:22:23.924] [INFO] [QEMU] [    0.000000] BIOS-e820: [mem 0x000000000009fc00-0x000000000009ffff] reserved
[2026-10-07 16:22:23.926] [INFO] [QEMU] [    0.000000] BIOS-e820: [mem 0x00000000000f0000-0x00000000000fffff] reserved
[2026-10-07 16:22:23.929] [INFO] [QEMU] [    0.000000] BIOS-e820: [mem 0x0000000000100000-0x000000007ffd9fff] usable
[2026-10-07 16:22:23.931] [INFO] [QEMU] [    0.000000] BIOS-e820: [mem 0x000000007ffda000-0x000000007fffffff] reserved
[2026-10-07 16:22:23.934] [INFO] [QEMU] [    0.000000] BIOS-e820: [mem 0x00000000feffc000-0x00000000feffffff] reserved
[2026-10-07 16:22:23.936] [INFO] [QEMU] [    0.000000] BIOS-e820: [mem 0x00000000fffc0000-0x00000000ffffffff] reserved
[2026-10-07 16:22:23.938] [INFO] [QEMU] [    0.000000] NX (Execute Disable) protection: active
[2026-10-07 16:22:23.940] [INFO] [QEMU] [    0.000000] APIC: Static calls initialized
[2026-10-07 16:22:23.941] [INFO] [QEMU] [    0.000000] SMBIOS 2.8 present.
[2026-10-07 16:22:23.944] [INFO] [QEMU] [    0.000000] DMI: QEMU Standard PC (i440FX + PIIX, 1996), BIOS 1.15.0-1 04/01/2014
[2026-10-07 16:22:23.945] [INFO] [QEMU] [    0.000000] Hypervisor detected: KVM
[2026-10-07 16:22:23.947] [INFO] [QEMU] [    0.000000] kvm-clock: Using msrs 4b564d01 and 4b564d00
[2026-10-07 16:22:23.949] [INFO] [QEMU] [    0.000002] kvm-clock: using sched offset of 6026680809 cycles
[2026-10-07 16:22:23.953] [INFO] [QEMU] [    0.000006] clocksource: kvm-clock: mask: 0xffffffffffffffff max_cycles: 0x1cd42e4dffb, max_idle_ns: 881590591483 ns
[2026-10-07 16:22:23.955] [INFO] [QEMU] [    0.000011] tsc: Detected 2419.200 MHz processor
[2026-10-07 16:22:23.957] [INFO] [QEMU] [    0.001726] last_pfn = 0x7ffda max_arch_pfn = 0x400000000
[2026-10-07 16:22:23.960] [INFO] [QEMU] [    0.001785] MTRR map: 4 entries (3 fixed + 1 variable; max 19), built from 8 variable MTRRs
[2026-10-07 16:22:23.963] [INFO] [QEMU] [    0.001791] x86/PAT: Configuration [0-7]: WB  WC  UC- UC  WB  WP  UC- WT
[2026-10-07 16:22:23.965] [INFO] [QEMU] [    0.015418] found SMP MP-table at [mem 0x000f5b80-0x000f5b8f]
[2026-10-07 16:22:23.967] [INFO] [QEMU] [    0.015459] Using GB pages for direct mapping
[2026-10-07 16:22:23.968] [INFO] [QEMU] [    0.015698] RAMDISK: [mem 0x3631f000-0x37186fff]
[2026-10-07 16:22:23.970] [INFO] [QEMU] [    0.015722] ACPI: Early table checksum verification disabled
[2026-10-07 16:22:23.973] [INFO] [QEMU] [    0.015730] ACPI: RSDP 0x00000000000F59C0 000014 (v00 BOCHS )
[2026-10-07 16:22:23.976] [INFO] [QEMU] [    0.015739] ACPI: RSDT 0x000000007FFE1975 000034 (v01 BOCHS  BXPC     00000001 BXPC 00000001)
[2026-10-07 16:22:23.982] [INFO] [QEMU] [    0.015749] ACPI: FACP 0x000000007FFE1821 000074 (v01 BOCHS  BXPC     00000001 BXPC 00000001)
[2026-10-07 16:22:23.983] [INFO] [QEMU] [    0.015765] ACPI: DSDT 0x000000007FFE0040 0017E1 (v01 BOCHS  BXPC     00000001 BXPC 00000001)
[2026-10-07 16:22:23.984] [INFO] [QEMU] [    0.015772] ACPI: FACS 0x000000007FFE0000 000040
[2026-10-07 16:22:23.987] [INFO] [QEMU] [    0.015777] ACPI: APIC 0x000000007FFE1895 000080 (v01 BOCHS  BXPC     00000001 BXPC 00000001)
[2026-10-07 16:22:23.990] [INFO] [QEMU] [    0.015783] ACPI: HPET 0x000000007FFE1915 000038 (v01 BOCHS  BXPC     00000001 BXPC 00000001)
[2026-10-07 16:22:23.993] [INFO] [QEMU] [    0.015788] ACPI: WAET 0x000000007FFE194D 000028 (v01 BOCHS  BXPC     00000001 BXPC 00000001)
[2026-10-07 16:22:23.996] [INFO] [QEMU] [    0.015793] ACPI: Reserving FACP table memory at [mem 0x7ffe1821-0x7ffe1894]
[2026-10-07 16:22:23.999] [INFO] [QEMU] [    0.015795] ACPI: Reserving DSDT table memory at [mem 0x7ffe0040-0x7ffe1820]
[2026-10-07 16:22:24.001] [INFO] [QEMU] [    0.015797] ACPI: Reserving FACS table memory at [mem 0x7ffe0000-0x7ffe003f]
[2026-10-07 16:22:24.004] [INFO] [QEMU] [    0.015799] ACPI: Reserving APIC table memory at [mem 0x7ffe1895-0x7ffe1914]
[2026-10-07 16:22:24.007] [INFO] [QEMU] [    0.015800] ACPI: Reserving HPET table memory at [mem 0x7ffe1915-0x7ffe194c]
[2026-10-07 16:22:24.009] [INFO] [QEMU] [    0.015802] ACPI: Reserving WAET table memory at [mem 0x7ffe194d-0x7ffe1974]
[2026-10-07 16:22:24.011] [INFO] [QEMU] [    0.016625] No NUMA configuration found
[2026-10-07 16:22:24.013] [INFO] [QEMU] [    0.016632] Faking a node at [mem 0x0000000000000000-0x000000007ffd9fff]
[2026-10-07 16:22:24.015] [INFO] [QEMU] [    0.016649] NODE_DATA(0) allocated [mem 0x7ffaf000-0x7ffd9fff]
[2026-10-07 16:22:24.016] [INFO] [QEMU] [    0.017044] Zone ranges:
[2026-10-07 16:22:24.019] [INFO] [QEMU] [    0.017058]   DMA      [mem 0x0000000000001000-0x0000000000ffffff]
[2026-10-07 16:22:24.021] [INFO] [QEMU] [    0.017063]   DMA32    [mem 0x0000000001000000-0x000000007ffd9fff]
[2026-10-07 16:22:24.022] [INFO] [QEMU] [    0.017066]   Normal   empty
[2026-10-07 16:22:24.023] [INFO] [QEMU] [    0.017069]   Device   empty
[2026-10-07 16:22:24.025] [INFO] [QEMU] [    0.017070] Movable zone start for each node
[2026-10-07 16:22:24.026] [INFO] [QEMU] [    0.017074] Early memory node ranges
[2026-10-07 16:22:24.029] [INFO] [QEMU] [    0.017075]   node   0: [mem 0x0000000000001000-0x000000000009efff]
[2026-10-07 16:22:24.031] [INFO] [QEMU] [    0.017078]   node   0: [mem 0x0000000000100000-0x000000007ffd9fff]
[2026-10-07 16:22:24.034] [INFO] [QEMU] [    0.017081] Initmem setup node 0 [mem 0x0000000000001000-0x000000007ffd9fff]
[2026-10-07 16:22:24.036] [INFO] [QEMU] [    0.022154] On node 0, zone DMA: 1 pages in unavailable ranges
[2026-10-07 16:22:24.038] [INFO] [QEMU] [    0.022477] On node 0, zone DMA: 97 pages in unavailable ranges
[2026-10-07 16:22:24.040] [INFO] [QEMU] [    0.053281] On node 0, zone DMA32: 38 pages in unavailable ranges
[2026-10-07 16:22:24.042] [INFO] [QEMU] [    0.054386] ACPI: PM-Timer IO Port: 0x608
[2026-10-07 16:22:24.044] [INFO] [QEMU] [    0.054421] ACPI: LAPIC_NMI (acpi_id[0xff] dfl dfl lint[0x1])
[2026-10-07 16:22:24.047] [INFO] [QEMU] [    0.054490] IOAPIC[0]: apic_id 0, version 17, address 0xfec00000, GSI 0-23
[2026-10-07 16:22:24.049] [INFO] [QEMU] [    0.054497] ACPI: INT_SRC_OVR (bus 0 bus_irq 0 global_irq 2 dfl dfl)
[2026-10-07 16:22:24.052] [INFO] [QEMU] [    0.054500] ACPI: INT_SRC_OVR (bus 0 bus_irq 5 global_irq 5 high level)
[2026-10-07 16:22:24.054] [INFO] [QEMU] [    0.054503] ACPI: INT_SRC_OVR (bus 0 bus_irq 9 global_irq 9 high level)
[2026-10-07 16:22:24.057] [INFO] [QEMU] [    0.054505] ACPI: INT_SRC_OVR (bus 0 bus_irq 10 global_irq 10 high level)
[2026-10-07 16:22:24.059] [INFO] [QEMU] [    0.054507] ACPI: INT_SRC_OVR (bus 0 bus_irq 11 global_irq 11 high level)
[2026-10-07 16:22:24.062] [INFO] [QEMU] [    0.054514] ACPI: Using ACPI (MADT) for SMP configuration information
[2026-10-07 16:22:24.064] [INFO] [QEMU] [    0.054516] ACPI: HPET id: 0x8086a201 base: 0xfed00000
[2026-10-07 16:22:24.065] [INFO] [QEMU] [    0.054524] TSC deadline timer available
[2026-10-07 16:22:24.067] [INFO] [QEMU] [    0.054526] smpboot: Allowing 2 CPUs, 0 hotplug CPUs
[2026-10-07 16:22:24.070] [INFO] [QEMU] [    0.054557] kvm-guest: APIC: eoi() replaced with kvm_guest_apic_eoi_write()
[2026-10-07 16:22:24.073] [INFO] [QEMU] [    0.054583] PM: hibernation: Registered nosave memory: [mem 0x00000000-0x00000fff]
[2026-10-07 16:22:24.075] [INFO] [QEMU] [    0.054586] PM: hibernation: Registered nosave memory: [mem 0x0009f000-0x000fffff]
[2026-10-07 16:22:24.078] [INFO] [QEMU] [    0.054589] [mem 0x80000000-0xfeffbfff] available for PCI devices
[2026-10-07 16:22:24.079] [INFO] [QEMU] [    0.054592] Booting paravirtualized kernel on KVM
[2026-10-07 16:22:24.083] [INFO] [QEMU] [    0.054596] clocksource: refined-jiffies: mask: 0xffffffff max_cycles: 0xffffffff, max_idle_ns: 1910969940391419 ns
[2026-10-07 16:22:24.086] [INFO] [QEMU] [    0.054607] setup_percpu: NR_CPUS:8192 nr_cpumask_bits:2 nr_cpu_ids:2 nr_node_ids:1
[2026-10-07 16:22:24.089] [INFO] [QEMU] [    0.059565] percpu: Embedded 86 pages/cpu s229376 r8192 d114688 u1048576
[2026-10-07 16:22:24.091] [INFO] [QEMU] [    0.059641] kvm-guest: PV spinlocks disabled, no host support
[2026-10-07 16:22:24.097] [INFO] [QEMU] [    0.059644] Kernel command line: BOOT_IMAGE=/vmlinuz-6.8.0-136-generic root=PARTUUID=91defc72-0e0a-4749-973f-2bd295668950 ro console=tty1 console=ttyS0 panic=-1
[2026-10-07 16:22:24.098] [INFO] [QEMU] [    0.059738] random: crng init done
[2026-10-07 16:22:24.101] [INFO] [QEMU] [    0.067424] Dentry cache hash table entries: 262144 (order: 9, 2097152 bytes, linear)
[2026-10-07 16:22:24.104] [INFO] [QEMU] [    0.068166] Inode-cache hash table entries: 131072 (order: 8, 1048576 bytes, linear)
[2026-10-07 16:22:24.105] [INFO] [QEMU] [    0.068285] Fallback order for Node 0: 0
[2026-10-07 16:22:24.108] [INFO] [QEMU] [    0.068291] Built 1 zonelists, mobility grouping on.  Total pages: 515802
[2026-10-07 16:22:24.109] [INFO] [QEMU] [    0.068294] Policy zone: DMA32
[2026-10-07 16:22:24.111] [INFO] [QEMU] [    0.068308] mem auto-init: stack:all(zero), heap alloc:on, heap free:off
[2026-10-07 16:22:24.117] [INFO] [QEMU] [    0.075455] Memory: 1990880K/2096608K available (22528K kernel code, 4441K rwdata, 14428K rodata, 4932K init, 4776K bss, 105468K reserved, 0K cma-reserved)
[2026-10-07 16:22:24.119] [INFO] [QEMU] [    0.076965] SLUB: HWalign=64, Order=0-3, MinObjects=0, CPUs=2, Nodes=1
[2026-10-07 16:22:24.121] [INFO] [QEMU] [    0.077018] ftrace: allocating 58332 entries in 228 pages
[2026-10-07 16:22:24.123] [INFO] [QEMU] [    0.095110] ftrace: allocated 228 pages with 4 groups
[2026-10-07 16:22:24.124] [INFO] [QEMU] [    0.096647] Dynamic Preempt: voluntary
[2026-10-07 16:22:24.127] [INFO] [QEMU] [    0.096766] rcu: Preemptible hierarchical RCU implementation.
[2026-10-07 16:22:24.129] [INFO] [QEMU] [    0.096768] rcu: 	RCU restricting CPUs from NR_CPUS=8192 to nr_cpu_ids=2.
[2026-10-07 16:22:24.131] [INFO] [QEMU] [    0.096771] 	Trampoline variant of Tasks RCU enabled.
[2026-10-07 16:22:24.133] [INFO] [QEMU] [    0.096772] 	Rude variant of Tasks RCU enabled.
[2026-10-07 16:22:24.134] [INFO] [QEMU] [    0.096773] 	Tracing variant of Tasks RCU enabled.
[2026-10-07 16:22:24.137] [INFO] [QEMU] [    0.096774] rcu: RCU calculated value of scheduler-enlistment delay is 100 jiffies.
[2026-10-07 16:22:24.140] [INFO] [QEMU] [    0.096776] rcu: Adjusting geometry for rcu_fanout_leaf=16, nr_cpu_ids=2
[2026-10-07 16:22:24.143] [INFO] [QEMU] [    0.096794] RCU Tasks: Setting shift to 1 and lim to 1 rcu_task_cb_adjust=1 rcu_task_cpu_ids=2.
[2026-10-07 16:22:24.147] [INFO] [QEMU] [    0.096797] RCU Tasks Rude: Setting shift to 1 and lim to 1 rcu_task_cb_adjust=1 rcu_task_cpu_ids=2.
[2026-10-07 16:22:24.150] [INFO] [QEMU] [    0.096799] RCU Tasks Trace: Setting shift to 1 and lim to 1 rcu_task_cb_adjust=1 rcu_task_cpu_ids=2.
[2026-10-07 16:22:24.152] [INFO] [QEMU] [    0.102613] NR_IRQS: 524544, nr_irqs: 440, preallocated irqs: 16
[2026-10-07 16:22:24.155] [INFO] [QEMU] [    0.102901] rcu: srcu_init: Setting srcu_struct sizes based on contention.
[2026-10-07 16:22:24.156] [INFO] [QEMU] [    0.135351] Console: colour VGA+ 80x25
[2026-10-07 16:22:24.158] [INFO] [QEMU] [    0.135365] printk: legacy console [tty1] enabled
[2026-10-07 16:22:24.160] [INFO] [QEMU] [    0.201606] printk: legacy console [ttyS0] enabled
[2026-10-07 16:22:24.161] [INFO] [QEMU] [    0.465739] ACPI: Core revision 20230628
[2026-10-07 16:22:24.166] [INFO] [QEMU] [    0.468083] clocksource: hpet: mask: 0xffffffff max_cycles: 0xffffffff, max_idle_ns: 19112604467 ns
[2026-10-07 16:22:24.168] [INFO] [QEMU] [    0.472497] APIC: Switch to symmetric I/O mode setup
[2026-10-07 16:22:24.170] [INFO] [QEMU] [    0.475208] x2apic enabled
[2026-10-07 16:22:24.173] [INFO] [QEMU] [    0.477219] APIC: Switched APIC routing to: physical x2apic
[2026-10-07 16:22:24.178] [INFO] [QEMU] [    0.481458] ..TIMER: vector=0x30 apic1=0 pin1=2 apic2=-1 pin2=-1
[2026-10-07 16:22:24.182] [INFO] [QEMU] [    0.484254] clocksource: tsc-early: mask: 0xffffffffffffffff max_cycles: 0x22df1149949, max_idle_ns: 440795312789 ns
[2026-10-07 16:22:24.186] [INFO] [QEMU] [    0.489115] Calibrating delay loop (skipped) preset value.. 4838.40 BogoMIPS (lpj=2419200)
[2026-10-07 16:22:24.190] [INFO] [QEMU] [    0.491427] Last level iTLB entries: 4KB 0, 2MB 0, 4MB 0
[2026-10-07 16:22:24.193] [INFO] [QEMU] [    0.493116] Last level dTLB entries: 4KB 0, 2MB 0, 4MB 0, 1GB 0
[2026-10-07 16:22:24.196] [INFO] [QEMU] [    0.495136] Spectre V1 : Mitigation: usercopy/swapgs barriers and __user pointer sanitization
[2026-10-07 16:22:24.200] [INFO] [QEMU] [    0.497124] Spectre V2 : Spectre BHI mitigation: SW BHB clearing on vm exit
[2026-10-07 16:22:24.203] [INFO] [QEMU] [    0.498744] Spectre V2 : Spectre BHI mitigation: SW BHB clearing on syscall
[2026-10-07 16:22:24.206] [INFO] [QEMU] [    0.500115] Spectre V2 : Mitigation: Enhanced / Automatic IBRS
[2026-10-07 16:22:24.210] [INFO] [QEMU] [    0.502116] Spectre V2 : Spectre v2 / PBRSB-eIBRS: Retire a single CALL on VMEXIT
[2026-10-07 16:22:24.212] [INFO] [QEMU] [    0.503895] RETBleed: Mitigation: Enhanced IBRS
[2026-10-07 16:22:24.216] [INFO] [QEMU] [    0.505125] Spectre V2 : mitigation: Enabling conditional Indirect Branch Prediction Barrier
[2026-10-07 16:22:24.220] [INFO] [QEMU] [    0.507117] Speculative Store Bypass: Mitigation: Speculative Store Bypass disabled via prctl
[2026-10-07 16:22:24.224] [INFO] [QEMU] [    0.509130] MMIO Stale Data: Vulnerable: Clear CPU buffers attempted, no microcode
[2026-10-07 16:22:24.227] [INFO] [QEMU] [    0.511118] GDS: Unknown: Dependent on hypervisor status
[2026-10-07 16:22:24.229] [INFO] [QEMU] [    0.512688] active return thunk: its_return_thunk
[2026-10-07 16:22:24.232] [INFO] [QEMU] [    0.514114] ITS: Mitigation: Aligned branch/return thunks
[2026-10-07 16:22:24.236] [INFO] [QEMU] [    0.515727] x86/fpu: Supporting XSAVE feature 0x001: 'x87 floating point registers'
[2026-10-07 16:22:24.239] [INFO] [QEMU] [    0.517954] x86/fpu: Supporting XSAVE feature 0x002: 'SSE registers'
[2026-10-07 16:22:24.242] [INFO] [QEMU] [    0.519115] x86/fpu: Supporting XSAVE feature 0x004: 'AVX registers'
[2026-10-07 16:22:24.246] [INFO] [QEMU] [    0.521116] x86/fpu: Supporting XSAVE feature 0x200: 'Protection Keys User registers'
[2026-10-07 16:22:24.250] [INFO] [QEMU] [    0.523118] x86/fpu: xstate_offset[2]:  576, xstate_sizes[2]:  256
[2026-10-07 16:22:24.253] [INFO] [QEMU] [    0.524781] x86/fpu: xstate_offset[9]:  832, xstate_sizes[9]:    8
[2026-10-07 16:22:24.257] [INFO] [QEMU] [    0.525793] x86/fpu: Enabled xstate features 0x207, context size is 840 bytes, using 'compacted' format.
[2026-10-07 16:22:24.330] [INFO] [QEMU] [    0.597868] Freeing SMP alternatives memory: 48K
[2026-10-07 16:22:24.333] [INFO] [QEMU] [    0.599115] pid_max: default: 32768 minimum: 301
[2026-10-07 16:22:24.337] [INFO] [QEMU] [    0.600772] LSM: initializing lsm=lockdown,capability,landlock,yama,apparmor,integrity
[2026-10-07 16:22:24.339] [INFO] [QEMU] [    0.602181] landlock: Up and running.
[2026-10-07 16:22:24.341] [INFO] [QEMU] [    0.603629] Yama: becoming mindful.
[2026-10-07 16:22:24.343] [INFO] [QEMU] [    0.605163] AppArmor: AppArmor initialized
[2026-10-07 16:22:24.347] [INFO] [QEMU] [    0.607207] Mount-cache hash table entries: 4096 (order: 3, 32768 bytes, linear)
[2026-10-07 16:22:24.351] [INFO] [QEMU] [    0.609126] Mountpoint-cache hash table entries: 4096 (order: 3, 32768 bytes, linear)
[2026-10-07 16:22:24.356] [INFO] [QEMU] [    0.611935] smpboot: CPU0: Intel Xeon Processor (Cascadelake) (family: 0x6, model: 0x55, stepping: 0x6)
[2026-10-07 16:22:24.361] [INFO] [QEMU] [    0.613509] Performance Events: unsupported p6 CPU model 85 no PMU driver, software events only.
[2026-10-07 16:22:24.364] [INFO] [QEMU] [    0.615245] signal: max sigframe size: 3632
[2026-10-07 16:22:24.366] [INFO] [QEMU] [    0.616796] rcu: Hierarchical SRCU implementation.
[2026-10-07 16:22:24.369] [INFO] [QEMU] [    0.617696] rcu: 	Max phase no-delay instances is 400.
[2026-10-07 16:22:24.385] [INFO] [QEMU] [    0.621952] NMI watchdog: Perf NMI watchdog permanently disabled
[2026-10-07 16:22:24.387] [INFO] [QEMU] [    0.622922] smp: Bringing up secondary CPUs ...
[2026-10-07 16:22:24.390] [INFO] [QEMU] [    0.623980] smpboot: x86: Booting SMP configuration:
[2026-10-07 16:22:24.395] [INFO] [QEMU] [    0.624704] .... node  #0, CPUs:      #1
[2026-10-07 16:22:24.397] [INFO] [QEMU] [    0.626167] smp: Brought up 1 node, 2 CPUs
[2026-10-07 16:22:24.399] [INFO] [QEMU] [    0.628693] smpboot: Max logical packages: 1
[2026-10-07 16:22:24.402] [INFO] [QEMU] [    0.629664] smpboot: Total of 2 processors activated (9676.80 BogoMIPS)
[2026-10-07 16:22:24.405] [INFO] [QEMU] [    0.631509] devtmpfs: initialized
[2026-10-07 16:22:24.407] [INFO] [QEMU] [    0.632686] x86/mm: Memory block size: 128MB
[2026-10-07 16:22:24.412] [INFO] [QEMU] [    0.634347] clocksource: jiffies: mask: 0xffffffff max_cycles: 0xffffffff, max_idle_ns: 1911260446275000 ns
[2026-10-07 16:22:24.416] [INFO] [QEMU] [    0.636126] futex hash table entries: 512 (order: 3, 32768 bytes, linear)
[2026-10-07 16:22:24.419] [INFO] [QEMU] [    0.637994] pinctrl core: initialized pinctrl subsystem
[2026-10-07 16:22:24.422] [INFO] [QEMU] [    0.639116] PM: RTC time: 16:22:23, date: 2026-10-07
[2026-10-07 16:22:24.425] [INFO] [QEMU] [    0.641771] NET: Registered PF_NETLINK/PF_ROUTE protocol family
[2026-10-07 16:22:24.429] [INFO] [QEMU] [    0.643037] DMA: preallocated 256 KiB GFP_KERNEL pool for atomic allocations
[2026-10-07 16:22:24.433] [INFO] [QEMU] [    0.643885] DMA: preallocated 256 KiB GFP_KERNEL|GFP_DMA pool for atomic allocations
[2026-10-07 16:22:24.437] [INFO] [QEMU] [    0.645054] DMA: preallocated 256 KiB GFP_KERNEL|GFP_DMA32 pool for atomic allocations
[2026-10-07 16:22:24.440] [INFO] [QEMU] [    0.646054] audit: initializing netlink subsys (disabled)
[2026-10-07 16:22:24.444] [INFO] [QEMU] [    0.646852] audit: type=2000 audit(1791390143.962:1): state=initialized audit_enabled=0 res=1
[2026-10-07 16:22:24.447] [INFO] [QEMU] [    0.647163] thermal_sys: Registered thermal governor 'fair_share'
[2026-10-07 16:22:24.450] [INFO] [QEMU] [    0.649014] thermal_sys: Registered thermal governor 'bang_bang'
[2026-10-07 16:22:24.453] [INFO] [QEMU] [    0.649799] thermal_sys: Registered thermal governor 'step_wise'
[2026-10-07 16:22:24.456] [INFO] [QEMU] [    0.650801] thermal_sys: Registered thermal governor 'user_space'
[2026-10-07 16:22:24.459] [INFO] [QEMU] [    0.651772] thermal_sys: Registered thermal governor 'power_allocator'
[2026-10-07 16:22:24.461] [INFO] [QEMU] [    0.652828] cpuidle: using governor ladder
[2026-10-07 16:22:24.463] [INFO] [QEMU] [    0.654689] cpuidle: using governor menu
[2026-10-07 16:22:24.467] [INFO] [QEMU] [    0.655880] acpiphp: ACPI Hot Plug PCI Controller Driver version: 0.5
[2026-10-07 16:22:24.470] [INFO] [QEMU] [    0.657141] PCI: Using configuration type 1 for base access
[2026-10-07 16:22:24.474] [INFO] [QEMU] [    0.659042] kprobes: kprobe jump-optimization is enabled. All kprobes are optimized if possible.
[2026-10-07 16:22:24.490] [INFO] [QEMU] [    0.673188] HugeTLB: registered 1.00 GiB page size, pre-allocated 0 pages
[2026-10-07 16:22:24.491] [INFO] [QEMU] [    0.674492] HugeTLB: 16380 KiB vmemmap can be freed for a 1.00 GiB page
[2026-10-07 16:22:24.492] [INFO] [QEMU] [    0.675466] HugeTLB: registered 2.00 MiB page size, pre-allocated 0 pages
[2026-10-07 16:22:24.494] [INFO] [QEMU] [    0.677477] HugeTLB: 28 KiB vmemmap can be freed for a 2.00 MiB page
[2026-10-07 16:22:24.500] [INFO] [QEMU] [    0.683314] ACPI: Added _OSI(Module Device)
[2026-10-07 16:22:24.501] [INFO] [QEMU] [    0.684115] ACPI: Added _OSI(Processor Device)
[2026-10-07 16:22:24.502] [INFO] [QEMU] [    0.685112] ACPI: Added _OSI(Processor Aggregator Device)
[2026-10-07 16:22:24.504] [INFO] [QEMU] [    0.687018] ACPI: 1 ACPI AML tables successfully acquired and loaded
[2026-10-07 16:22:24.531] [INFO] [QEMU] [    0.715210] ACPI: _OSC evaluation for CPUs failed, trying _PDC
[2026-10-07 16:22:24.533] [INFO] [QEMU] [    0.716632] ACPI: Interpreter enabled
[2026-10-07 16:22:24.534] [INFO] [QEMU] [    0.717392] ACPI: PM: (supports S0 S3 S4 S5)
[2026-10-07 16:22:24.535] [INFO] [QEMU] [    0.718112] ACPI: Using IOAPIC for interrupt routing
[2026-10-07 16:22:24.537] [INFO] [QEMU] [    0.719239] PCI: Using host bridge windows from ACPI; if necessary, use "pci=nocrs" and report a bug
[2026-10-07 16:22:24.538] [INFO] [QEMU] [    0.721638] PCI: Using E820 reservations for host bridge windows
[2026-10-07 16:22:24.539] [INFO] [QEMU] [    0.722594] ACPI: Enabled 2 GPEs in block 00 to 0F
[2026-10-07 16:22:24.543] [INFO] [QEMU] [    0.726043] ACPI: PCI Root Bridge [PCI0] (domain 0000 [bus 00-ff])
[2026-10-07 16:22:24.545] [INFO] [QEMU] [    0.727489] acpi PNP0A03:00: _OSC: OS supports [ASPM ClockPM Segments MSI EDR HPX-Type3]
[2026-10-07 16:22:24.547] [INFO] [QEMU] [    0.729599] acpi PNP0A03:00: _OSC: not requesting OS control; OS requires [ExtendedConfig ASPM ClockPM MSI]
[2026-10-07 16:22:24.549] [INFO] [QEMU] [    0.731661] acpi PNP0A03:00: fail to add MMCONFIG information, can't access extended configuration space under this bridge
[2026-10-07 16:22:24.551] [INFO] [QEMU] [    0.734102] acpiphp: Slot [3] registered
[2026-10-07 16:22:24.552] [INFO] [QEMU] [    0.735401] acpiphp: Slot [4] registered
[2026-10-07 16:22:24.553] [INFO] [QEMU] [    0.736130] acpiphp: Slot [5] registered
[2026-10-07 16:22:24.554] [INFO] [QEMU] [    0.737046] acpiphp: Slot [6] registered
[2026-10-07 16:22:24.555] [INFO] [QEMU] [    0.737417] acpiphp: Slot [7] registered
[2026-10-07 16:22:24.555] [INFO] [QEMU] [    0.738131] acpiphp: Slot [8] registered
[2026-10-07 16:22:24.556] [INFO] [QEMU] [    0.739049] acpiphp: Slot [9] registered
[2026-10-07 16:22:24.557] [INFO] [QEMU] [    0.740414] acpiphp: Slot [10] registered
[2026-10-07 16:22:24.558] [INFO] [QEMU] [    0.741130] acpiphp: Slot [11] registered
[2026-10-07 16:22:24.559] [INFO] [QEMU] [    0.742060] acpiphp: Slot [12] registered
[2026-10-07 16:22:24.560] [INFO] [QEMU] [    0.743411] acpiphp: Slot [13] registered
[2026-10-07 16:22:24.561] [INFO] [QEMU] [    0.744130] acpiphp: Slot [14] registered
[2026-10-07 16:22:24.562] [INFO] [QEMU] [    0.745056] acpiphp: Slot [15] registered
[2026-10-07 16:22:24.563] [INFO] [QEMU] [    0.746424] acpiphp: Slot [16] registered
[2026-10-07 16:22:24.564] [INFO] [QEMU] [    0.747132] acpiphp: Slot [17] registered
[2026-10-07 16:22:24.565] [INFO] [QEMU] [    0.748067] acpiphp: Slot [18] registered
[2026-10-07 16:22:24.566] [INFO] [QEMU] [    0.748405] acpiphp: Slot [19] registered
[2026-10-07 16:22:24.567] [INFO] [QEMU] [    0.750132] acpiphp: Slot [20] registered
[2026-10-07 16:22:24.569] [INFO] [QEMU] [    0.751080] acpiphp: Slot [21] registered
[2026-10-07 16:22:24.571] [INFO] [QEMU] [    0.752763] acpiphp: Slot [22] registered
[2026-10-07 16:22:24.573] [INFO] [QEMU] [    0.754731] acpiphp: Slot [23] registered
[2026-10-07 16:22:24.574] [INFO] [QEMU] [    0.756483] acpiphp: Slot [24] registered
[2026-10-07 16:22:24.575] [INFO] [QEMU] [    0.757412] acpiphp: Slot [25] registered
[2026-10-07 16:22:24.576] [INFO] [QEMU] [    0.758138] acpiphp: Slot [26] registered
[2026-10-07 16:22:24.577] [INFO] [QEMU] [    0.759093] acpiphp: Slot [27] registered
[2026-10-07 16:22:24.578] [INFO] [QEMU] [    0.760427] acpiphp: Slot [28] registered
[2026-10-07 16:22:24.579] [INFO] [QEMU] [    0.761138] acpiphp: Slot [29] registered
[2026-10-07 16:22:24.579] [INFO] [QEMU] [    0.762100] acpiphp: Slot [30] registered
[2026-10-07 16:22:24.580] [INFO] [QEMU] [    0.762417] acpiphp: Slot [31] registered
[2026-10-07 16:22:24.581] [INFO] [QEMU] [    0.764133] PCI host bridge to bus 0000:00
[2026-10-07 16:22:24.583] [INFO] [QEMU] [    0.765086] pci_bus 0000:00: root bus resource [io  0x0000-0x0cf7 window]
[2026-10-07 16:22:24.585] [INFO] [QEMU] [    0.766495] pci_bus 0000:00: root bus resource [io  0x0d00-0xffff window]
[2026-10-07 16:22:24.586] [INFO] [QEMU] [    0.767480] pci_bus 0000:00: root bus resource [mem 0x000a0000-0x000bffff window]
[2026-10-07 16:22:24.588] [INFO] [QEMU] [    0.769573] pci_bus 0000:00: root bus resource [mem 0x80000000-0xfebfffff window]
[2026-10-07 16:22:24.590] [INFO] [QEMU] [    0.771573] pci_bus 0000:00: root bus resource [mem 0x100000000-0x17fffffff window]
[2026-10-07 16:22:24.591] [INFO] [QEMU] [    0.772579] pci_bus 0000:00: root bus resource [bus 00-ff]
[2026-10-07 16:22:24.593] [INFO] [QEMU] [    0.774539] pci 0000:00:00.0: [8086:1237] type 00 class 0x060000 conventional PCI endpoint
[2026-10-07 16:22:24.596] [INFO] [QEMU] [    0.776762] pci 0000:00:01.0: [8086:7000] type 00 class 0x060100 conventional PCI endpoint
[2026-10-07 16:22:24.598] [INFO] [QEMU] [    0.779225] pci 0000:00:01.1: [8086:7010] type 00 class 0x010180 conventional PCI endpoint
[2026-10-07 16:22:24.600] [INFO] [QEMU] [    0.782583] pci 0000:00:01.1: BAR 4 [io  0xc140-0xc14f]
[2026-10-07 16:22:24.602] [INFO] [QEMU] [    0.783492] pci 0000:00:01.1: BAR 0 [io  0x01f0-0x01f7]: legacy IDE quirk
[2026-10-07 16:22:24.603] [INFO] [QEMU] [    0.784490] pci 0000:00:01.1: BAR 1 [io  0x03f6]: legacy IDE quirk
[2026-10-07 16:22:24.605] [INFO] [QEMU] [    0.786471] pci 0000:00:01.1: BAR 2 [io  0x0170-0x0177]: legacy IDE quirk
[2026-10-07 16:22:24.606] [INFO] [QEMU] [    0.787482] pci 0000:00:01.1: BAR 3 [io  0x0376]: legacy IDE quirk
[2026-10-07 16:22:24.609] [INFO] [QEMU] [    0.788848] pci 0000:00:01.3: [8086:7113] type 00 class 0x068000 conventional PCI endpoint
[2026-10-07 16:22:24.612] [INFO] [QEMU] [    0.792827] pci 0000:00:01.3: quirk: [io  0x0600-0x063f] claimed by PIIX4 ACPI
[2026-10-07 16:22:24.613] [INFO] [QEMU] [    0.794571] pci 0000:00:01.3: quirk: [io  0x0700-0x070f] claimed by PIIX4 SMB
[2026-10-07 16:22:24.615] [INFO] [QEMU] [    0.796782] pci 0000:00:02.0: [1234:1111] type 00 class 0x030000 conventional PCI endpoint
[2026-10-07 16:22:24.627] [INFO] [QEMU] [    0.800119] pci 0000:00:02.0: BAR 0 [mem 0xfd000000-0xfdffffff pref]
[2026-10-07 16:22:24.628] [INFO] [QEMU] [    0.801547] pci 0000:00:02.0: BAR 2 [mem 0xfeb90000-0xfeb90fff]
[2026-10-07 16:22:24.630] [INFO] [QEMU] [    0.802480] pci 0000:00:02.0: ROM [mem 0xfeb80000-0xfeb8ffff pref]
[2026-10-07 16:22:24.632] [INFO] [QEMU] [    0.803735] pci 0000:00:02.0: Video device with shadowed ROM at [mem 0x000c0000-0x000dffff]
[2026-10-07 16:22:24.635] [INFO] [QEMU] [    0.807319] pci 0000:00:03.0: [1af4:1005] type 00 class 0x00ff00 conventional PCI endpoint
[2026-10-07 16:22:24.639] [INFO] [QEMU] [    0.810920] pci 0000:00:03.0: BAR 0 [io  0xc100-0xc11f]
[2026-10-07 16:22:24.641] [INFO] [QEMU] [    0.812481] pci 0000:00:03.0: BAR 4 [mem 0xfe000000-0xfe003fff 64bit pref]
[2026-10-07 16:22:24.644] [INFO] [QEMU] [    0.815900] pci 0000:00:04.0: [1af4:1000] type 00 class 0x020000 conventional PCI endpoint
[2026-10-07 16:22:24.648] [INFO] [QEMU] [    0.820125] pci 0000:00:04.0: BAR 0 [io  0xc120-0xc13f]
[2026-10-07 16:22:24.651] [INFO] [QEMU] [    0.821770] pci 0000:00:04.0: BAR 1 [mem 0xfeb91000-0xfeb91fff]
[2026-10-07 16:22:24.653] [INFO] [QEMU] [    0.824522] pci 0000:00:04.0: BAR 4 [mem 0xfe004000-0xfe007fff 64bit pref]
[2026-10-07 16:22:24.654] [INFO] [QEMU] [    0.825494] pci 0000:00:04.0: ROM [mem 0xfeb00000-0xfeb7ffff pref]
[2026-10-07 16:22:24.657] [INFO] [QEMU] [    0.828906] pci 0000:00:05.0: [1af4:1001] type 00 class 0x010000 conventional PCI endpoint
[2026-10-07 16:22:24.660] [INFO] [QEMU] [    0.831964] pci 0000:00:05.0: BAR 0 [io  0xc000-0xc07f]
[2026-10-07 16:22:24.661] [INFO] [QEMU] [    0.833450] pci 0000:00:05.0: BAR 1 [mem 0xfeb92000-0xfeb92fff]
[2026-10-07 16:22:24.663] [INFO] [QEMU] [    0.834495] pci 0000:00:05.0: BAR 4 [mem 0xfe008000-0xfe00bfff 64bit pref]
[2026-10-07 16:22:24.666] [INFO] [QEMU] [    0.836872] pci 0000:00:06.0: [1af4:1001] type 00 class 0x010000 conventional PCI endpoint
[2026-10-07 16:22:24.669] [INFO] [QEMU] [    0.840575] pci 0000:00:06.0: BAR 0 [io  0xc080-0xc0ff]
[2026-10-07 16:22:24.671] [INFO] [QEMU] [    0.842459] pci 0000:00:06.0: BAR 1 [mem 0xfeb93000-0xfeb93fff]
[2026-10-07 16:22:24.672] [INFO] [QEMU] [    0.843490] pci 0000:00:06.0: BAR 4 [mem 0xfe00c000-0xfe00ffff 64bit pref]
[2026-10-07 16:22:24.688] [INFO] [QEMU] [    0.858975] ACPI: PCI: Interrupt link LNKA configured for IRQ 10
[2026-10-07 16:22:24.689] [INFO] [QEMU] [    0.860595] ACPI: PCI: Interrupt link LNKB configured for IRQ 10
[2026-10-07 16:22:24.691] [INFO] [QEMU] [    0.861561] ACPI: PCI: Interrupt link LNKC configured for IRQ 11
[2026-10-07 16:22:24.692] [INFO] [QEMU] [    0.863560] ACPI: PCI: Interrupt link LNKD configured for IRQ 11
[2026-10-07 16:22:24.693] [INFO] [QEMU] [    0.864514] ACPI: PCI: Interrupt link LNKS configured for IRQ 9
[2026-10-07 16:22:24.697] [INFO] [QEMU] [    0.867658] iommu: Default domain type: Translated
[2026-10-07 16:22:24.700] [INFO] [QEMU] [    0.868767] iommu: DMA domain TLB invalidation policy: lazy mode
[2026-10-07 16:22:24.702] [INFO] [QEMU] [    0.870341] SCSI subsystem initialized
[2026-10-07 16:22:24.703] [INFO] [QEMU] [    0.871287] ACPI: bus type USB registered
[2026-10-07 16:22:24.705] [INFO] [QEMU] [    0.872190] usbcore: registered new interface driver usbfs
[2026-10-07 16:22:24.706] [INFO] [QEMU] [    0.873135] usbcore: registered new interface driver hub
[2026-10-07 16:22:24.707] [INFO] [QEMU] [    0.874137] usbcore: registered new device driver usb
[2026-10-07 16:22:24.708] [INFO] [QEMU] [    0.875187] pps_core: LinuxPPS API ver. 1 registered
[2026-10-07 16:22:24.710] [INFO] [QEMU] [    0.876111] pps_core: Software ver. 5.3.6 - Copyright 2005-2007 Rodolfo Giometti <giometti@linux.it>
[2026-10-07 16:22:24.711] [INFO] [QEMU] [    0.878611] PTP clock support registered
[2026-10-07 16:22:24.712] [INFO] [QEMU] [    0.880158] EDAC MC: Ver: 3.0.0
[2026-10-07 16:22:24.715] [INFO] [QEMU] [    0.881832] NetLabel: Initializing
[2026-10-07 16:22:24.715] [INFO] [QEMU] [    0.882369] NetLabel:  domain hash size = 128
[2026-10-07 16:22:24.717] [INFO] [QEMU] [    0.884111] NetLabel:  protocols = UNLABELED CIPSOv4 CALIPSO
[2026-10-07 16:22:24.718] [INFO] [QEMU] [    0.885192] NetLabel:  unlabeled traffic allowed by default
[2026-10-07 16:22:24.720] [INFO] [QEMU] [    0.886297] mctp: management component transport protocol core
[2026-10-07 16:22:24.721] [INFO] [QEMU] [    0.887453] NET: Registered PF_MCTP protocol family
[2026-10-07 16:22:24.722] [INFO] [QEMU] [    0.889456] PCI: Using ACPI for IRQ routing
[2026-10-07 16:22:24.724] [INFO] [QEMU] [    0.890665] pci 0000:00:02.0: vgaarb: setting as boot VGA device
[2026-10-07 16:22:24.725] [INFO] [QEMU] [    0.891107] pci 0000:00:02.0: vgaarb: bridge control possible
[2026-10-07 16:22:24.726] [INFO] [QEMU] [    0.891107] pci 0000:00:02.0: vgaarb: VGA device added: decodes=io+mem,owns=io+mem,locks=none
[2026-10-07 16:22:24.727] [INFO] [QEMU] [    0.894114] vgaarb: loaded
[2026-10-07 16:22:24.729] [INFO] [QEMU] [    0.896178] hpet0: at MMIO 0xfed00000, IRQs 2, 8, 0
[2026-10-07 16:22:24.730] [INFO] [QEMU] [    0.897478] hpet0: 3 comparators, 64-bit 100.000000 MHz counter
[2026-10-07 16:22:24.736] [INFO] [QEMU] [    0.902274] clocksource: Switched to clocksource kvm-clock
[2026-10-07 16:22:24.739] [INFO] [QEMU] [    0.905171] VFS: Disk quotas dquot_6.6.0
[2026-10-07 16:22:24.740] [INFO] [QEMU] [    0.906210] VFS: Dquot-cache hash table entries: 512 (order 0, 4096 bytes)
[2026-10-07 16:22:24.742] [INFO] [QEMU] [    0.908319] AppArmor: AppArmor Filesystem Enabled
[2026-10-07 16:22:24.743] [INFO] [QEMU] [    0.909438] pnp: PnP ACPI init
[2026-10-07 16:22:24.744] [INFO] [QEMU] [    0.910684] pnp: PnP ACPI: found 6 devices
[2026-10-07 16:22:24.753] [INFO] [QEMU] [    0.918980] clocksource: acpi_pm: mask: 0xffffff max_cycles: 0xffffff, max_idle_ns: 2085701024 ns
[2026-10-07 16:22:24.755] [INFO] [QEMU] [    0.921028] NET: Registered PF_INET protocol family
[2026-10-07 16:22:24.757] [INFO] [QEMU] [    0.922381] IP idents hash table entries: 32768 (order: 6, 262144 bytes, linear)
[2026-10-07 16:22:24.787] [INFO] [QEMU] [    0.952333] tcp_listen_portaddr_hash hash table entries: 1024 (order: 2, 16384 bytes, linear)
[2026-10-07 16:22:24.788] [INFO] [QEMU] [    0.954232] Table-perturb hash table entries: 65536 (order: 6, 262144 bytes, linear)
[2026-10-07 16:22:24.790] [INFO] [QEMU] [    0.955954] TCP established hash table entries: 16384 (order: 5, 131072 bytes, linear)
[2026-10-07 16:22:24.792] [INFO] [QEMU] [    0.957703] TCP bind hash table entries: 16384 (order: 7, 524288 bytes, linear)
[2026-10-07 16:22:24.793] [INFO] [QEMU] [    0.959321] TCP: Hash tables configured (established 16384 bind 16384)
[2026-10-07 16:22:24.795] [INFO] [QEMU] [    0.960822] MPTCP token hash table entries: 2048 (order: 4, 49152 bytes, linear)
[2026-10-07 16:22:24.796] [INFO] [QEMU] [    0.962457] UDP hash table entries: 1024 (order: 3, 32768 bytes, linear)
[2026-10-07 16:22:24.798] [INFO] [QEMU] [    0.963897] UDP-Lite hash table entries: 1024 (order: 3, 32768 bytes, linear)
[2026-10-07 16:22:24.799] [INFO] [QEMU] [    0.965489] NET: Registered PF_UNIX/PF_LOCAL protocol family
[2026-10-07 16:22:24.800] [INFO] [QEMU] [    0.966735] NET: Registered PF_XDP protocol family
[2026-10-07 16:22:24.802] [INFO] [QEMU] [    0.967809] pci_bus 0000:00: resource 4 [io  0x0000-0x0cf7 window]
[2026-10-07 16:22:24.803] [INFO] [QEMU] [    0.969123] pci_bus 0000:00: resource 5 [io  0x0d00-0xffff window]
[2026-10-07 16:22:24.804] [INFO] [QEMU] [    0.970446] pci_bus 0000:00: resource 6 [mem 0x000a0000-0x000bffff window]
[2026-10-07 16:22:24.806] [INFO] [QEMU] [    0.971894] pci_bus 0000:00: resource 7 [mem 0x80000000-0xfebfffff window]
[2026-10-07 16:22:24.807] [INFO] [QEMU] [    0.973360] pci_bus 0000:00: resource 8 [mem 0x100000000-0x17fffffff window]
[2026-10-07 16:22:24.809] [INFO] [QEMU] [    0.974893] pci 0000:00:01.0: PIIX3: Enabling Passive Release
[2026-10-07 16:22:24.810] [INFO] [QEMU] [    0.976139] pci 0000:00:00.0: Limiting direct PCI/PCI transfers
[2026-10-07 16:22:24.811] [INFO] [QEMU] [    0.977505] PCI: CLS 0 bytes, default 64
[2026-10-07 16:22:24.813] [INFO] [QEMU] [    0.978569] clocksource: tsc: mask: 0xffffffffffffffff max_cycles: 0x22df1149949, max_idle_ns: 440795312789 ns
[2026-10-07 16:22:24.815] [INFO] [QEMU] [    0.978799] Trying to unpack rootfs image as initramfs...
[2026-10-07 16:22:24.816] [INFO] [QEMU] [    0.981658] Initialise system trusted keyrings
[2026-10-07 16:22:24.818] [INFO] [QEMU] [    0.984065] Key type blacklist registered
[2026-10-07 16:22:24.819] [INFO] [QEMU] [    0.985239] workingset: timestamp_bits=36 max_order=19 bucket_order=0
[2026-10-07 16:22:24.820] [INFO] [QEMU] [    0.986658] zbud: loaded
[2026-10-07 16:22:24.822] [INFO] [QEMU] [    0.987633] squashfs: version 4.0 (2009/01/31) Phillip Lougher
[2026-10-07 16:22:24.823] [INFO] [QEMU] [    0.989108] fuse: init (API version 7.39)
[2026-10-07 16:22:24.824] [INFO] [QEMU] [    0.990296] integrity: Platform Keyring initialized
[2026-10-07 16:22:24.825] [INFO] [QEMU] [    0.991382] integrity: Machine keyring initialized
[2026-10-07 16:22:24.837] [INFO] [QEMU] [    1.003489] Key type asymmetric registered
[2026-10-07 16:22:24.838] [INFO] [QEMU] [    1.004469] Asymmetric key parser 'x509' registered
[2026-10-07 16:22:24.840] [INFO] [QEMU] [    1.005601] Block layer SCSI generic (bsg) driver version 0.4 loaded (major 243)
[2026-10-07 16:22:24.842] [INFO] [QEMU] [    1.008305] io scheduler mq-deadline registered
[2026-10-07 16:22:24.844] [INFO] [QEMU] [    1.009649] shpchp: Standard Hot Plug PCI Controller Driver version: 0.4
[2026-10-07 16:22:24.846] [INFO] [QEMU] [    1.011353] input: Power Button as /devices/LNXSYSTM:00/LNXPWRBN:00/input/input0
[2026-10-07 16:22:24.847] [INFO] [QEMU] [    1.013111] ACPI: button: Power Button [PWRF]
[2026-10-07 16:22:24.866] [INFO] [QEMU] [    1.031057] Freeing initrd memory: 14752K
[2026-10-07 16:22:24.869] [INFO] [QEMU] [    1.035085] ACPI: \_SB_.LNKC: Enabled at IRQ 11
[2026-10-07 16:22:24.891] [INFO] [QEMU] [    1.056731] ACPI: \_SB_.LNKD: Enabled at IRQ 10
[2026-10-07 16:22:24.919] [INFO] [QEMU] [    1.084443] ACPI: \_SB_.LNKA: Enabled at IRQ 10
[2026-10-07 16:22:24.951] [INFO] [QEMU] [    1.116432] ACPI: \_SB_.LNKB: Enabled at IRQ 11
[2026-10-07 16:22:24.957] [INFO] [QEMU] [    1.121573] Serial: 8250/16550 driver, 32 ports, IRQ sharing enabled
[2026-10-07 16:22:24.988] [INFO] [QEMU] [    1.152678] 00:04: ttyS0 at I/O 0x3f8 (irq = 4, base_baud = 115200) is a 16550A
[2026-10-07 16:22:24.996] [INFO] [QEMU] [    1.161602] Linux agpgart interface v0.103
[2026-10-07 16:22:25.003] [INFO] [QEMU] [    1.168845] loop: module loaded
[2026-10-07 16:22:25.006] [INFO] [QEMU] [    1.170906] virtio_blk virtio2: 2/0/0 default/read/poll queues
[2026-10-07 16:22:25.013] [INFO] [QEMU] [    1.176872] virtio_blk virtio2: [vda] 16777216 512-byte logical blocks (8.59 GB/8.00 GiB)
[2026-10-07 16:22:25.018] [INFO] [QEMU] [    1.183211]  vda: vda1 vda14 vda15 vda16
[2026-10-07 16:22:25.022] [INFO] [QEMU] [    1.186309] virtio_blk virtio3: 2/0/0 default/read/poll queues
[2026-10-07 16:22:25.028] [INFO] [QEMU] [    1.192059] virtio_blk virtio3: [vdb] 123376 512-byte logical blocks (63.2 MB/60.2 MiB)
[2026-10-07 16:22:25.034] [INFO] [QEMU] [    1.199853] scsi host0: ata_piix
[2026-10-07 16:22:25.037] [INFO] [QEMU] [    1.202293] scsi host1: ata_piix
[2026-10-07 16:22:25.040] [INFO] [QEMU] [    1.204257] ata1: PATA max MWDMA2 cmd 0x1f0 ctl 0x3f6 bmdma 0xc140 irq 14 lpm-pol 0
[2026-10-07 16:22:25.044] [INFO] [QEMU] [    1.208086] ata2: PATA max MWDMA2 cmd 0x170 ctl 0x376 bmdma 0xc148 irq 15 lpm-pol 0
[2026-10-07 16:22:25.048] [INFO] [QEMU] [    1.212887] ACPI: bus type drm_connector registered
[2026-10-07 16:22:25.051] [INFO] [QEMU] [    1.216124] tun: Universal TUN/TAP device driver, 1.6
[2026-10-07 16:22:25.057] [INFO] [QEMU] [    1.222919] PPP generic driver version 2.4.2
[2026-10-07 16:22:25.059] [INFO] [QEMU] [    1.224401] i8042: PNP: PS/2 Controller [PNP0303:KBD,PNP0f13:MOU] at 0x60,0x64 irq 1,12
[2026-10-07 16:22:25.061] [INFO] [QEMU] [    1.227089] serio: i8042 KBD port at 0x60,0x64 irq 1
[2026-10-07 16:22:25.062] [INFO] [QEMU] [    1.228425] serio: i8042 AUX port at 0x60,0x64 irq 12
[2026-10-07 16:22:25.064] [INFO] [QEMU] [    1.230023] mousedev: PS/2 mouse device common for all mice
[2026-10-07 16:22:25.066] [INFO] [QEMU] [    1.231807] rtc_cmos 00:05: RTC can wake from S4
[2026-10-07 16:22:25.068] [INFO] [QEMU] [    1.233627] input: AT Translated Set 2 keyboard as /devices/platform/i8042/serio0/input/input1
[2026-10-07 16:22:25.070] [INFO] [QEMU] [    1.235747] rtc_cmos 00:05: registered as rtc0
[2026-10-07 16:22:25.071] [INFO] [QEMU] [    1.236881] rtc_cmos 00:05: setting system clock to 2026-10-07T16:22:24 UTC (1791390144)
[2026-10-07 16:22:25.073] [INFO] [QEMU] [    1.239017] rtc_cmos 00:05: alarms up to one day, y3k, 242 bytes nvram, hpet irqs
[2026-10-07 16:22:25.074] [INFO] [QEMU] [    1.240742] i2c_dev: i2c /dev entries driver
[2026-10-07 16:22:25.077] [INFO] [QEMU] [    1.241802] device-mapper: core: CONFIG_IMA_DISABLE_HTABLE is disabled. Duplicate IMA measurements will not be recorded in the IMA log.
[2026-10-07 16:22:25.078] [INFO] [QEMU] [    1.244511] device-mapper: uevent: version 1.0.3
[2026-10-07 16:22:25.080] [INFO] [QEMU] [    1.245737] device-mapper: ioctl: 4.48.0-ioctl (2023-03-01) initialised: dm-devel@redhat.com
[2026-10-07 16:22:25.082] [INFO] [QEMU] [    1.247673] intel_pstate: CPU model not supported
[2026-10-07 16:22:25.084] [INFO] [QEMU] [    1.249215] ledtrig-cpu: registered to indicate activity on CPUs
[2026-10-07 16:22:25.085] [INFO] [QEMU] [    1.250751] drop_monitor: Initializing network drop monitor service
[2026-10-07 16:22:25.088] [INFO] [QEMU] [    1.252351] NET: Registered PF_INET6 protocol family
[2026-10-07 16:22:25.089] [INFO] [QEMU] [    1.255165] Segment Routing with IPv6
[2026-10-07 16:22:25.090] [INFO] [QEMU] [    1.256186] In-situ OAM (IOAM) with IPv6
[2026-10-07 16:22:25.091] [INFO] [QEMU] [    1.257185] NET: Registered PF_PACKET protocol family
[2026-10-07 16:22:25.092] [INFO] [QEMU] [    1.258566] Key type dns_resolver registered
[2026-10-07 16:22:25.094] [INFO] [QEMU] [    1.260156] No MBM correction factor available
[2026-10-07 16:22:25.095] [INFO] [QEMU] [    1.261311] IPI shorthand broadcast: enabled
[2026-10-07 16:22:25.099] [INFO] [QEMU] [    1.264867] sched_clock: Marking stable (886004215, 378194223)->(1402957613, -138759175)
[2026-10-07 16:22:25.101] [INFO] [QEMU] [    1.267004] registered taskstats version 1
[2026-10-07 16:22:25.102] [INFO] [QEMU] [    1.268348] Loading compiled-in X.509 certificates
[2026-10-07 16:22:25.105] [INFO] [QEMU] [    1.270294] Loaded X.509 cert 'Build time autogenerated kernel key: eea4a9707394bf26b4f59ee0ef16383ba94b4361'
[2026-10-07 16:22:25.108] [INFO] [QEMU] [    1.273209] Loaded X.509 cert 'Canonical Ltd. Live Patch Signing 2025 Kmod: d541cef61dc7e793b7eb7e899970a2eef0b5dc8c'
[2026-10-07 16:22:25.111] [INFO] [QEMU] [    1.276126] Loaded X.509 cert 'Canonical Ltd. Live Patch Signing: 14df34d1a87cf37625abec039ef2bf521249b969'
[2026-10-07 16:22:25.114] [INFO] [QEMU] [    1.278828] Loaded X.509 cert 'Canonical Ltd. Kernel Module Signing 2025 Kmod: 4627603d2357a2a3f81006370894c221175893e9'
[2026-10-07 16:22:25.116] [INFO] [QEMU] [    1.281736] Loaded X.509 cert 'Canonical Ltd. Kernel Module Signing: 88f752e560a1e0737e31163a466ad7b70a850c19'
[2026-10-07 16:22:25.118] [INFO] [QEMU] [    1.284016] blacklist: Loading compiled-in revocation X.509 certificates
[2026-10-07 16:22:25.120] [INFO] [QEMU] [    1.285577] Loaded X.509 cert 'Canonical Ltd. Secure Boot Signing: 61482aa2830d0ab2ad5af10b7250da9033ddcef0'
[2026-10-07 16:22:25.122] [INFO] [QEMU] [    1.287777] Loaded X.509 cert 'Canonical Ltd. Secure Boot Signing (2017): 242ade75ac4a15e50d50c84b0d45ff3eae707a03'
[2026-10-07 16:22:25.125] [INFO] [QEMU] [    1.290060] Loaded X.509 cert 'Canonical Ltd. Secure Boot Signing (ESM 2018): 365188c1d374d6b07c3c8f240f8ef722433d6a8b'
[2026-10-07 16:22:25.127] [INFO] [QEMU] [    1.292474] Loaded X.509 cert 'Canonical Ltd. Secure Boot Signing (2019): c0746fd6c5da3ae827864651ad66ae47fe24b3e8'
[2026-10-07 16:22:25.130] [INFO] [QEMU] [    1.294776] Loaded X.509 cert 'Canonical Ltd. Secure Boot Signing (2021 v1): a8d54bbb3825cfb94fa13c9f8a594a195c107b8d'
[2026-10-07 16:22:25.132] [INFO] [QEMU] [    1.297156] Loaded X.509 cert 'Canonical Ltd. Secure Boot Signing (2021 v2): 4cf046892d6fd3c9a5b03f98d845f90851dc6a8c'
[2026-10-07 16:22:25.134] [INFO] [QEMU] [    1.299520] Loaded X.509 cert 'Canonical Ltd. Secure Boot Signing (2021 v3): 100437bb6de6e469b581e61cd66bce3ef4ed53af'
[2026-10-07 16:22:25.137] [INFO] [QEMU] [    1.301849] Loaded X.509 cert 'Canonical Ltd. Secure Boot Signing (Ubuntu Core 2019): c1d57b8f6b743f23ee41f4f7ee292f06eecadfb9'
[2026-10-07 16:22:25.143] [INFO] [QEMU] [    1.309235] Key type .fscrypt registered
[2026-10-07 16:22:25.144] [INFO] [QEMU] [    1.310263] Key type fscrypt-provisioning registered
[2026-10-07 16:22:25.147] [INFO] [QEMU] [    1.312845] Key type encrypted registered
[2026-10-07 16:22:25.148] [INFO] [QEMU] [    1.313820] AppArmor: AppArmor sha256 policy hashing enabled
[2026-10-07 16:22:25.149] [INFO] [QEMU] [    1.315140] ima: No TPM chip found, activating TPM-bypass!
[2026-10-07 16:22:25.150] [INFO] [QEMU] [    1.316419] Loading compiled-in module X.509 certificates
[2026-10-07 16:22:25.153] [INFO] [QEMU] [    1.318327] Loaded X.509 cert 'Build time autogenerated kernel key: eea4a9707394bf26b4f59ee0ef16383ba94b4361'
[2026-10-07 16:22:25.154] [INFO] [QEMU] [    1.320524] ima: Allocated hash algorithm: sha256
[2026-10-07 16:22:25.155] [INFO] [QEMU] [    1.321670] ima: No architecture policies found
[2026-10-07 16:22:25.157] [INFO] [QEMU] [    1.322790] evm: Initialising EVM extended attributes:
[2026-10-07 16:22:25.158] [INFO] [QEMU] [    1.323969] evm: security.selinux
[2026-10-07 16:22:25.158] [INFO] [QEMU] [    1.324799] evm: security.SMACK64
[2026-10-07 16:22:25.159] [INFO] [QEMU] [    1.325625] evm: security.SMACK64EXEC
[2026-10-07 16:22:25.160] [INFO] [QEMU] [    1.326522] evm: security.SMACK64TRANSMUTE
[2026-10-07 16:22:25.161] [INFO] [QEMU] [    1.327493] evm: security.SMACK64MMAP
[2026-10-07 16:22:25.162] [INFO] [QEMU] [    1.328391] evm: security.apparmor
[2026-10-07 16:22:25.163] [INFO] [QEMU] [    1.329230] evm: security.ima
[2026-10-07 16:22:25.164] [INFO] [QEMU] [    1.329985] evm: security.capability
[2026-10-07 16:22:25.164] [INFO] [QEMU] [    1.330865] evm: HMAC attrs: 0x1
[2026-10-07 16:22:25.166] [INFO] [QEMU] [    1.332231] PM:   Magic number: 14:71:388
[2026-10-07 16:22:25.176] [INFO] [QEMU] [    1.341168] RAS: Correctable Errors collector initialized.
[2026-10-07 16:22:25.179] [INFO] [QEMU] [    1.344366] clk: Disabling unused clocks
[2026-10-07 16:22:25.202] [INFO] [QEMU] [    1.368478] ata2: found unknown device (class 0)
[2026-10-07 16:22:25.204] [INFO] [QEMU] [    1.370162] ata2.00: ATAPI: QEMU DVD-ROM, 2.5+, max UDMA/100
[2026-10-07 16:22:25.207] [INFO] [QEMU] [    1.372558] scsi 1:0:0:0: CD-ROM            QEMU     QEMU DVD-ROM     2.5+ PQ: 0 ANSI: 5
[2026-10-07 16:22:25.226] [INFO] [QEMU] [    1.392464] sr 1:0:0:0: [sr0] scsi3-mmc drive: 4x/4x cd/rw xa/form2 tray
[2026-10-07 16:22:25.239] [INFO] [QEMU] [    1.405040] cdrom: Uniform CD-ROM driver Revision: 3.20
[2026-10-07 16:22:25.247] [INFO] [QEMU] [    1.413083] sr 1:0:0:0: Attached scsi generic sg0 type 5
[2026-10-07 16:22:25.249] [INFO] [QEMU] [    1.414224] md: Waiting for all devices to be available before autodetect
[2026-10-07 16:22:25.251] [INFO] [QEMU] [    1.416883] md: If you don't use raid, use raid=noautodetect
[2026-10-07 16:22:25.253] [INFO] [QEMU] [    1.419148] md: Autodetecting RAID arrays.
[2026-10-07 16:22:25.255] [INFO] [QEMU] [    1.420922] md: autorun ...
[2026-10-07 16:22:25.256] [INFO] [QEMU] [    1.422354] md: ... autorun DONE.
[2026-10-07 16:22:25.260] [INFO] [QEMU] [    1.425459] EXT4-fs (vda1): mounted filesystem 03bf9af0-1bed-46b6-a5c1-32fc5e52d0c6 ro with ordered data mode. Quota mode: none.
[2026-10-07 16:22:25.261] [INFO] [QEMU] [    1.427375] VFS: Mounted root (ext4 filesystem) readonly on device 253:1.
[2026-10-07 16:22:25.262] [INFO] [QEMU] [    1.428649] devtmpfs: mounted
[2026-10-07 16:22:25.276] [INFO] [QEMU] [    1.442265] Freeing unused decrypted memory: 2028K
[2026-10-07 16:22:25.280] [INFO] [QEMU] [    1.446414] Freeing unused kernel image (initmem) memory: 4932K
[2026-10-07 16:22:25.281] [INFO] [QEMU] [    1.447472] Write protecting the kernel read-only data: 38912k
[2026-10-07 16:22:25.284] [INFO] [QEMU] [    1.450545] Freeing unused kernel image (rodata/data gap) memory: 1956K
[2026-10-07 16:22:25.299] [INFO] [QEMU] [    1.465053] x86/mm: Checked W+X mappings: passed, no W+X pages found.
[2026-10-07 16:22:25.300] [INFO] [QEMU] [    1.466157] Run /sbin/init as init process
[2026-10-07 16:22:25.428] [INFO] [QEMU] [    1.593972] systemd[1]: Inserted module 'autofs4'
[2026-10-07 16:22:25.476] [INFO] [QEMU] [    1.634679] systemd[1]: systemd 255.4-1ubuntu8.16 running in system mode (+PAM +AUDIT +SELINUX +APPARMOR +IMA +SMACK +SECCOMP +GCRYPT -GNUTLS +OPENSSL +ACL +BLKID +CURL +ELFUTILS +FIDO2 +IDN2 -IDN +IPTC +KMOD +LIBCRYPTSETUP +LIBFDISK +PCRE2 -PWQUALITY +P11KIT +QRENCODE +TPM2 +BZIP2 +LZ4 +XZ +ZLIB +ZSTD -BPF_FRAMEWORK -XKBCOMMON +UTMP +SYSVINIT default-hierarchy=unified)
[2026-10-07 16:22:25.490] [INFO] [QEMU] [    1.655913] systemd[1]: Detected virtualization kvm.
[2026-10-07 16:22:25.492] [INFO] [QEMU] [    1.657925] systemd[1]: Detected architecture x86-64.
[2026-10-07 16:22:25.495] [INFO] [QEMU] 
[2026-10-07 16:22:25.495] [INFO] [QEMU] Welcome to Ubuntu 24.04.4 LTS!
[2026-10-07 16:22:25.496] [INFO] [QEMU] 
[2026-10-07 16:22:25.497] [INFO] [QEMU] [    1.663897] systemd[1]: Hostname set to <score-itf>.
[2026-10-07 16:22:25.723] [INFO] [QEMU] [    1.888075] systemd[1]: Queued start job for default target graphical.target.
[2026-10-07 16:22:25.740] [INFO] [QEMU] [    1.905241] systemd[1]: Created slice system-modprobe.slice - Slice /system/modprobe.
[2026-10-07 16:22:25.744] [INFO] [QEMU] [  OK  ] Created slice system-modprobe.slice - Slice /system/modprobe.
[2026-10-07 16:22:25.747] [INFO] [QEMU] [    1.911610] systemd[1]: Created slice system-serial\x2dgetty.slice - Slice /system/serial-getty.
[2026-10-07 16:22:25.751] [INFO] [QEMU] [  OK  ] Created slice system-serial\x2dget���slice - Slice /system/serial-getty.
[2026-10-07 16:22:25.754] [INFO] [QEMU] [    1.918416] systemd[1]: Created slice system-systemd\x2dfsck.slice - Slice /system/systemd-fsck.
[2026-10-07 16:22:25.758] [INFO] [QEMU] [  OK  ] Created slice system-systemd\x2dfs���slice - Slice /system/systemd-fsck.
[2026-10-07 16:22:25.760] [INFO] [QEMU] [    1.925113] systemd[1]: Created slice user.slice - User and Session Slice.
[2026-10-07 16:22:25.763] [INFO] [QEMU] [  OK  ] Created slice user.slice - User and Session Slice.
[2026-10-07 16:22:25.766] [INFO] [QEMU] [    1.930167] systemd[1]: Started systemd-ask-password-console.path - Dispatch Password Requests to Console Directory Watch.
[2026-10-07 16:22:25.770] [INFO] [QEMU] [  OK  ] Started systemd-ask-password-conso���equests to Console Directory Watch.
[2026-10-07 16:22:25.773] [INFO] [QEMU] [    1.937012] systemd[1]: Started systemd-ask-password-wall.path - Forward Password Requests to Wall Directory Watch.
[2026-10-07 16:22:25.777] [INFO] [QEMU] [  OK  ] Started systemd-ask-password-wall.���d Requests to Wall Directory Watch.
[2026-10-07 16:22:25.780] [INFO] [QEMU] [    1.944119] systemd[1]: Set up automount proc-sys-fs-binfmt_misc.automount - Arbitrary Executable File Formats File System Automount Point.
[2026-10-07 16:22:25.784] [INFO] [QEMU] [  OK  ] Set up automount proc-sys-fs-binfm���ormats File System Automount Point.
[2026-10-07 16:22:25.787] [INFO] [QEMU] [    1.951342] systemd[1]: Expecting device dev-disk-by\x2dlabel-BOOT.device - /dev/disk/by-label/BOOT...
[2026-10-07 16:22:25.790] [INFO] [QEMU] Expecting device dev-disk-by\x2dla���device - /dev/disk/by-label/BOOT...
[2026-10-07 16:22:25.793] [INFO] [QEMU] [    1.957343] systemd[1]: Expecting device dev-disk-by\x2dlabel-UEFI.device - /dev/disk/by-label/UEFI...
[2026-10-07 16:22:25.796] [INFO] [QEMU] Expecting device dev-disk-by\x2dla���device - /dev/disk/by-label/UEFI...
[2026-10-07 16:22:25.798] [INFO] [QEMU] [    1.963329] systemd[1]: Expecting device dev-ttyS0.device - /dev/ttyS0...
[2026-10-07 16:22:25.801] [INFO] [QEMU] Expecting device dev-ttyS0.device - /dev/ttyS0...
[2026-10-07 16:22:25.802] [INFO] [QEMU] [    1.967767] systemd[1]: Expecting device dev-vdb.device - /dev/vdb...
[2026-10-07 16:22:25.805] [INFO] [QEMU] Expecting device dev-vdb.device - /dev/vdb...
[2026-10-07 16:22:25.807] [INFO] [QEMU] [    1.972029] systemd[1]: Reached target cryptsetup.target - Local Encrypted Volumes.
[2026-10-07 16:22:25.810] [INFO] [QEMU] [  OK  ] Reached target cryptsetup.target - Local Encrypted Volumes.
[2026-10-07 16:22:25.813] [INFO] [QEMU] [    1.977516] systemd[1]: Reached target integritysetup.target - Local Integrity Protected Volumes.
[2026-10-07 16:22:25.817] [INFO] [QEMU] [  OK  ] Reached target integritysetup.targ��� Local Integrity Protected Volumes.
[2026-10-07 16:22:25.819] [INFO] [QEMU] [    1.983776] systemd[1]: Reached target remote-fs.target - Remote File Systems.
[2026-10-07 16:22:25.822] [INFO] [QEMU] [  OK  ] Reached target remote-fs.target - Remote File Systems.
[2026-10-07 16:22:25.824] [INFO] [QEMU] [    1.989264] systemd[1]: Reached target slices.target - Slice Units.
[2026-10-07 16:22:25.827] [INFO] [QEMU] [  OK  ] Reached target slices.target - Slice Units.
[2026-10-07 16:22:25.829] [INFO] [QEMU] [    1.993759] systemd[1]: Reached target snapd.mounts-pre.target - Mounting snaps.
[2026-10-07 16:22:25.832] [INFO] [QEMU] [  OK  ] Reached target snapd.mounts-pre.target - Mounting snaps.
[2026-10-07 16:22:25.834] [INFO] [QEMU] [    1.998943] systemd[1]: Reached target snapd.mounts.target - Mounted snaps.
[2026-10-07 16:22:25.837] [INFO] [QEMU] [  OK  ] Reached target snapd.mounts.target - Mounted snaps.
[2026-10-07 16:22:25.838] [INFO] [QEMU] [    2.003982] systemd[1]: Reached target swap.target - Swaps.
[2026-10-07 16:22:25.841] [INFO] [QEMU] [  OK  ] Reached target swap.target - Swaps.
[2026-10-07 16:22:25.844] [INFO] [QEMU] [    2.008324] systemd[1]: Reached target veritysetup.target - Local Verity Protected Volumes.
[2026-10-07 16:22:25.847] [INFO] [QEMU] [  OK  ] Reached target veritysetup.target - Local Verity Protected Volumes.
[2026-10-07 16:22:25.850] [INFO] [QEMU] [    2.014849] systemd[1]: Listening on systemd-fsckd.socket - fsck to fsckd communication Socket.
[2026-10-07 16:22:25.852] [INFO] [QEMU] [  OK  ] Listening on systemd-fsckd.socket ���fsck to fsckd communication Socket.
[2026-10-07 16:22:25.854] [INFO] [QEMU] [    2.019646] systemd[1]: Listening on systemd-initctl.socket - initctl Compatibility Named Pipe.
[2026-10-07 16:22:25.856] [INFO] [QEMU] [  OK  ] Listening on systemd-initctl.socke���- initctl Compatibility Named Pipe.
[2026-10-07 16:22:25.857] [INFO] [QEMU] [    2.022875] systemd[1]: Listening on systemd-journald-dev-log.socket - Journal Socket (/dev/log).
[2026-10-07 16:22:25.860] [INFO] [QEMU] [  OK  ] Listening on systemd-journald-dev-���socket - Journal Socket (/dev/log).
[2026-10-07 16:22:25.864] [INFO] [QEMU] [    2.027295] systemd[1]: Listening on systemd-journald.socket - Journal Socket.
[2026-10-07 16:22:25.865] [INFO] [QEMU] [  OK  ] Listening on systemd-journald.socket - Journal Socket.
[2026-10-07 16:22:25.865] [INFO] [QEMU] [    2.030862] systemd[1]: Listening on systemd-networkd.socket - Network Service Netlink Socket.
[2026-10-07 16:22:25.868] [INFO] [QEMU] [  OK  ] Listening on systemd-networkd.socket - Network Service Netlink Socket.
[2026-10-07 16:22:25.870] [INFO] [QEMU] [    2.035052] systemd[1]: systemd-pcrextend.socket - TPM2 PCR Extension (Varlink) was skipped because of an unmet condition check (ConditionSecurity=measured-uki).
[2026-10-07 16:22:25.871] [INFO] [QEMU] [    2.037420] systemd[1]: Listening on systemd-udevd-control.socket - udev Control Socket.
[2026-10-07 16:22:25.874] [INFO] [QEMU] [  OK  ] Listening on systemd-udevd-control.socket - udev Control Socket.
[2026-10-07 16:22:25.876] [INFO] [QEMU] [    2.041713] systemd[1]: Listening on systemd-udevd-kernel.socket - udev Kernel Socket.
[2026-10-07 16:22:25.879] [INFO] [QEMU] [  OK  ] Listening on systemd-udevd-kernel.socket - udev Kernel Socket.
[2026-10-07 16:22:25.885] [INFO] [QEMU] [    2.051370] systemd[1]: Mounting dev-hugepages.mount - Huge Pages File System...
[2026-10-07 16:22:25.888] [INFO] [QEMU] Mounting dev-hugepages.mount - Huge Pages File System...
[2026-10-07 16:22:25.899] [INFO] [QEMU] [    2.064761] systemd[1]: Mounting dev-mqueue.mount - POSIX Message Queue File System...
[2026-10-07 16:22:25.902] [INFO] [QEMU] Mounting dev-mqueue.mount - POSIX Message Queue File System...
[2026-10-07 16:22:25.905] [INFO] [QEMU] [    2.071321] systemd[1]: Mounting sys-kernel-debug.mount - Kernel Debug File System...
[2026-10-07 16:22:25.909] [INFO] [QEMU] Mounting sys-kernel-debug.mount - Kernel Debug File System...
[2026-10-07 16:22:25.915] [INFO] [QEMU] [    2.079442] systemd[1]: Mounting sys-kernel-tracing.mount - Kernel Trace File System...
[2026-10-07 16:22:25.918] [INFO] [QEMU] Mounting sys-kernel-tracing.mount - Kernel Trace File System...
[2026-10-07 16:22:25.924] [INFO] [QEMU] [    2.089528] systemd[1]: Starting systemd-journald.service - Journal Service...
[2026-10-07 16:22:25.928] [INFO] [QEMU] Starting systemd-journald.service - Journal Service...
[2026-10-07 16:22:25.930] [INFO] [QEMU] [    2.096395] systemd[1]: Starting keyboard-setup.service - Set the console keyboard layout...
[2026-10-07 16:22:25.932] [INFO] [QEMU] Starting keyboard-setup.service - Set the console keyboard layout...
[2026-10-07 16:22:25.937] [INFO] [QEMU] [    2.102635] systemd[1]: Starting kmod-static-nodes.service - Create List of Static Device Nodes...
[2026-10-07 16:22:25.939] [INFO] [QEMU] Starting kmod-static-nodes.service���eate List of Static Device Nodes...
[2026-10-07 16:22:25.946] [INFO] [QEMU] [    2.112382] systemd[1]: Starting modprobe@configfs.service - Load Kernel Module configfs...
[2026-10-07 16:22:25.950] [INFO] [QEMU] Starting modprobe@configfs.service - Load Kernel Module configfs...
[2026-10-07 16:22:25.952] [INFO] [QEMU] [    2.118401] systemd[1]: Starting modprobe@dm_mod.service - Load Kernel Module dm_mod...
[2026-10-07 16:22:25.954] [INFO] [QEMU] Starting modprobe@dm_mod.service - Load Kernel Module dm_mod...
[2026-10-07 16:22:25.962] [INFO] [QEMU] [    2.127527] systemd-journald[121]: Collecting audit messages is disabled.
[2026-10-07 16:22:25.974] [INFO] [QEMU] [    2.140377] systemd[1]: Starting modprobe@drm.service - Load Kernel Module drm...
[2026-10-07 16:22:25.983] [INFO] [QEMU] Starting modprobe@drm.service - Load Kernel Module drm...
[2026-10-07 16:22:25.992] [INFO] [QEMU] [    2.156546] systemd[1]: Starting modprobe@efi_pstore.service - Load Kernel Module efi_pstore...
[2026-10-07 16:22:26.009] [INFO] [QEMU] Starting modprobe@efi_pstore.servi��� - Load Kernel Module efi_pstore...
[2026-10-07 16:22:26.021] [INFO] [QEMU] [    2.185555] systemd[1]: Starting modprobe@fuse.service - Load Kernel Module fuse...
[2026-10-07 16:22:26.027] [INFO] [QEMU] Starting modprobe@fuse.service - Load Kernel Module fuse...
[2026-10-07 16:22:26.031] [INFO] [QEMU] [    2.195457] systemd[1]: Starting modprobe@loop.service - Load Kernel Module loop...
[2026-10-07 16:22:26.033] [INFO] [QEMU] Starting modprobe@loop.service - Load Kernel Module loop...
[2026-10-07 16:22:26.038] [INFO] [QEMU] [    2.199995] systemd[1]: netplan-ovs-cleanup.service - OpenVSwitch configuration for cleanup was skipped because of an unmet condition check (ConditionFileIsExecutable=/usr/bin/ovs-vsctl).
[2026-10-07 16:22:26.044] [INFO] [QEMU] [    2.208114] systemd[1]: Starting systemd-fsck-root.service - File System Check on Root Device...
[2026-10-07 16:22:26.046] [INFO] [QEMU] Starting systemd-fsck-root.service���File System Check on Root Device...
[2026-10-07 16:22:26.052] [INFO] [QEMU] [    2.216472] systemd[1]: Starting systemd-modules-load.service - Load Kernel Modules...
[2026-10-07 16:22:26.058] [INFO] [QEMU] Startin[    2.220547] systemd[1]: systemd-pcrmachine.service - TPM2 PCR Machine ID Measurement was skipped because of an unmet condition check (ConditionSecurity=measured-uki).
[2026-10-07 16:22:26.059] [INFO] [QEMU] g systemd-modules-load.service - Load Kernel Modules...
[2026-10-07 16:22:26.064] [INFO] [QEMU] [    2.226577] systemd[1]: systemd-tpm2-setup-early.service - TPM2 SRK Setup (Early) was skipped because of an unmet condition check (ConditionSecurity=measured-uki).
[2026-10-07 16:22:26.074] [INFO] [QEMU] [    2.239985] systemd[1]: Starting systemd-udev-trigger.service - Coldplug All udev Devices...
[2026-10-07 16:22:26.077] [INFO] [QEMU] Starting systemd-udev-trigger.service - Coldplug All udev Devices...
[2026-10-07 16:22:26.080] [INFO] [QEMU] [    2.245667] systemd[1]: Started systemd-journald.service - Journal Service.
[2026-10-07 16:22:26.081] [INFO] [QEMU] [  OK  ] Started systemd-journald.service - Journal Service.
[2026-10-07 16:22:26.084] [INFO] [QEMU] [  OK  ] Mounted dev-hugepages.mount - Huge Pages File System.
[2026-10-07 16:22:26.086] [INFO] [QEMU] [  OK  ] Mounted dev-mqueue.mount - POSIX Message Queue File System.
[2026-10-07 16:22:26.087] [INFO] [QEMU] [  OK  ] Mounted sys-kernel-debug.mount - Kernel Debug File System.
[2026-10-07 16:22:26.090] [INFO] [QEMU] [  OK  ] Mounted sys-kernel-tracing.mount - Kernel Trace File System.
[2026-10-07 16:22:26.092] [INFO] [QEMU] [  OK  ] Finished keyboard-setup.service - Set the console keyboard layout.
[2026-10-07 16:22:26.094] [INFO] [QEMU] [  OK  ] Finished kmod-static-nodes.service���Create List of Static Device Nodes.
[2026-10-07 16:22:26.097] [INFO] [QEMU] [  OK  ] Finished modprobe@configfs.service - Load Kernel Module configfs.
[2026-10-07 16:22:26.099] [INFO] [QEMU] [  OK  ] Finished modprobe@dm_mod.service - Load Kernel Module dm_mod.
[2026-10-07 16:22:26.101] [INFO] [QEMU] [  OK  ] Finished modprobe@drm.service - Load Kernel Module drm.
[2026-10-07 16:22:26.104] [INFO] [QEMU] [  OK  ] Finished modprobe@efi_pstore.service - Load Kernel Module efi_pstore.
[2026-10-07 16:22:26.106] [INFO] [QEMU] [  OK  ] Finished modprobe@fuse.service - Load Kernel Module fuse.
[2026-10-07 16:22:26.108] [INFO] [QEMU] [  OK  ] Finished modprobe@loop.service - Load Kernel Module loop.
[2026-10-07 16:22:26.110] [INFO] [QEMU] [  OK  ] Finished systemd-fsck-root.service - File System Check on Root Device.
[2026-10-07 16:22:26.112] [INFO] [QEMU] [  OK  ] Finished systemd-modules-load.service - Load Kernel Modules.
[2026-10-07 16:22:26.133] [INFO] [QEMU] Mounting sys-fs-fuse-connections.mount - FUSE Control File System...
[2026-10-07 16:22:26.138] [INFO] [QEMU] Mounting sys-kernel-config.mount - Kernel Configuration File System...
[2026-10-07 16:22:26.148] [INFO] [QEMU] [  OK  ] Started systemd-fsckd.service - Fi���stem Check Daemon to report status.
[2026-10-07 16:22:26.155] [INFO] [QEMU] Starting systemd-remount-fs.servic���unt Root and Kernel File Systems...
[2026-10-07 16:22:26.166] [INFO] [QEMU] Starting systemd-sysctl.service - Apply Kernel Variables...
[2026-10-07 16:22:26.174] [INFO] [QEMU] Starting systemd-tmpfiles-setup-de��� Device Nodes in /dev gracefully...
[2026-10-07 16:22:26.177] [INFO] [QEMU] [  OK  ] Mounted sys-fs-fuse-connections.mount - FUSE Control File System.
[2026-10-07 16:22:26.178] [INFO] [QEMU] [  OK  ] Mounted sys-kernel-config.mount - Kernel Configuration File System.
[2026-10-07 16:22:26.199] [INFO] [QEMU] [  OK  ] Finished systemd-sysctl.service - Apply Kernel Variables.
[2026-10-07 16:22:26.201] [INFO] [QEMU] [  OK  ] Finished systemd-udev-trigger.service - Coldplug All udev Devices.
[2026-10-07 16:22:26.210] [INFO] [QEMU] [  OK  ] Finished systemd-tmpfiles-setup-de���ic Device Nodes in /dev gracefully.
[2026-10-07 16:22:27.504] [INFO] [QEMU] [  OK  ] Finished systemd-remount-fs.servic���mount Root and Kernel File Systems.
[2026-10-07 16:22:27.511] [INFO] [QEMU] Starting systemd-journal-flush.ser���sh Journal to Persistent Storage...
[2026-10-07 16:22:27.523] [INFO] [QEMU] Starting systemd-random-seed.service - Load/Save OS Random Seed...
[2026-10-07 16:22:27.526] [INFO] [QEMU] Starting systemd-tmpfiles-setup-de���eate Static Device Nodes in /dev...
[2026-10-07 16:22:27.556] [INFO] [QEMU] [  OK  ] Finished systemd-tmpfiles-setup-de���Create Static Device Nodes in /dev.
[2026-10-07 16:22:27.561] [INFO] [QEMU] [  OK  ] Reached target local-fs-pre.target���Preparation for Local File Systems.
[2026-10-07 16:22:27.571] [INFO] [QEMU] Starting systemd-udevd.service - R���ager for Device Events and Files...
[2026-10-07 16:22:27.686] [INFO] [QEMU] [  OK  ] Started systemd-udevd.service - Ru���anager for Device Events and Files.
[2026-10-07 16:22:27.699] [INFO] [QEMU] Starting systemd-networkd.service - Network Configuration...
[2026-10-07 16:22:27.705] [INFO] [QEMU] [  OK  ] Finished systemd-random-seed.service - Load/Save OS Random Seed.
[2026-10-07 16:22:27.896] [INFO] [QEMU] [  OK  ] Started systemd-networkd.service - Network Configuration.
[2026-10-07 16:22:27.951] [INFO] [QEMU] [  OK  ] Found device dev-vdb.device - /dev/vdb.
[2026-10-07 16:22:27.967] [INFO] [QEMU] [  OK  ] Found device dev-ttyS0.device - /dev/ttyS0.
[2026-10-07 16:22:27.978] [INFO] [QEMU] [  OK  ] Found device dev-disk-by\x2dlabel-���T.device - /dev/disk/by-label/BOOT.
[2026-10-07 16:22:27.990] [INFO] [QEMU] [  OK  ] Found device dev-disk-by\x2dlabel-���I.device - /dev/disk/by-label/UEFI.
[2026-10-07 16:22:28.018] [INFO] [QEMU] Mounting opt.mount - /opt...
[2026-10-07 16:22:28.042] [INFO] [QEMU] Starting systemd-fsck@dev-disk-by\���Check on /dev/disk/by-label/BOOT...
[2026-10-07 16:22:28.056] [INFO] [QEMU] [  OK  ] Finished systemd-journal-flush.ser���lush Journal to Persistent Storage.
[2026-10-07 16:22:28.099] [INFO] [QEMU] [  OK  ] Mounted opt.mount - /opt.
[2026-10-07 16:22:28.126] [INFO] [QEMU] [  OK  ] Finished systemd-fsck@dev-disk-by\���m Check on /dev/disk/by-label/BOOT.
[2026-10-07 16:22:28.139] [INFO] [QEMU] Mounting boot.mount - /boot...
[2026-10-07 16:22:28.196] [INFO] [QEMU] [  OK  ] Mounted boot.mount - /boot.
[2026-10-07 16:22:28.216] [INFO] [QEMU] Mounting boot-efi.mount - /boot/efi...
[2026-10-07 16:22:28.256] [INFO] [QEMU] [  OK  ] Mounted boot-efi.mount - /boot/efi.
[2026-10-07 16:22:28.271] [INFO] [QEMU] [  OK  ] Reached target local-fs.target - Local File Systems.
[2026-10-07 16:22:28.283] [INFO] [QEMU] [  OK  ] Listening on systemd-rfkill.socket���ll Switch Status /dev/rfkill Watch.
[2026-10-07 16:22:28.430] [INFO] [QEMU] [  OK  ] Listening on systemd-sysext.socket���tension Image Management (Varlink).
[2026-10-07 16:22:28.436] [INFO] [QEMU] Starting apparmor.service - Load AppArmor profiles...
[2026-10-07 16:22:28.439] [INFO] [QEMU] Starting console-setup.service - Set console font and keymap...
[2026-10-07 16:22:28.453] [INFO] [QEMU] Starting systemd-binfmt.service - Set Up Additional Binary Formats...
[2026-10-07 16:22:28.458] [INFO] [QEMU] Starting systemd-tmpfiles-setup.se���e Volatile Files and Directories...
[2026-10-07 16:22:28.468] [INFO] [QEMU] [  OK  ] Finished console-setup.service - Set console font and keymap.
[2026-10-07 16:22:28.475] [INFO] [QEMU] Mounting proc-sys-fs-binfmt_misc.m���cutable File Formats File System...
[2026-10-07 16:22:28.512] [INFO] [QEMU] [  OK  ] Finished systemd-tmpfiles-setup.se���ate Volatile Files and Directories.
[2026-10-07 16:22:28.523] [INFO] [QEMU] Starting systemd-resolved.service - Network Name Resolution...
[2026-10-07 16:22:28.533] [INFO] [QEMU] Starting systemd-timesyncd.service - Network Time Synchronization...
[2026-10-07 16:22:28.539] [INFO] [QEMU] Starting systemd-update-utmp.servi���ord System Boot/Shutdown in UTMP...
[2026-10-07 16:22:28.551] [INFO] [QEMU] [  OK  ] Mounted proc-sys-fs-binfmt_misc.mo���xecutable File Formats File System.
[2026-10-07 16:22:28.557] [INFO] [QEMU] [  OK  ] Finished systemd-binfmt.service - Set Up Additional Binary Formats.
[2026-10-07 16:22:28.582] [INFO] [QEMU] [  OK  ] Finished systemd-update-utmp.servi���ecord System Boot/Shutdown in UTMP.
[2026-10-07 16:22:28.740] [INFO] [QEMU] [  OK  ] Started systemd-timesyncd.service - Network Time Synchronization.
[2026-10-07 16:22:28.743] [INFO] [QEMU] [  OK  ] Reached target time-set.target - System Time Set.
[2026-10-07 16:22:28.780] [INFO] [QEMU] [  OK  ] Started systemd-resolved.service - Network Name Resolution.
[2026-10-07 16:22:28.783] [INFO] [QEMU] [  OK  ] Reached target network.target - Network.
[2026-10-07 16:22:28.786] [INFO] [QEMU] [  OK  ] Reached target nss-lookup.target - Host and Network Name Lookups.
[2026-10-07 16:22:28.902] [INFO] [QEMU] [  OK  ] Finished apparmor.service - Load AppArmor profiles.
[2026-10-07 16:22:28.914] [INFO] [QEMU] Starting snapd.apparmor.service - ���iles managed internally by snapd...
[2026-10-07 16:22:29.028] [INFO] [QEMU] [  OK  ] Finished snapd.apparmor.service - ���ofiles managed internally by snapd.
[2026-10-07 16:22:29.032] [INFO] [QEMU] [  OK  ] Reached target sysinit.target - System Initialization.
[2026-10-07 16:22:29.036] [INFO] [QEMU] [  OK  ] Started apt-daily.timer - Daily apt download activities.
[2026-10-07 16:22:29.039] [INFO] [QEMU] [  OK  ] Started apt-daily-upgrade.timer - ���y apt upgrade and clean activities.
[2026-10-07 16:22:29.042] [INFO] [QEMU] [  OK  ] Started dpkg-db-backup.timer - Daily dpkg database backup timer.
[2026-10-07 16:22:29.045] [INFO] [QEMU] [  OK  ] Started e2scrub_all.timer - Period���Metadata Check for All Filesystems.
[2026-10-07 16:22:29.048] [INFO] [QEMU] [  OK  ] Started fstrim.timer - Discard unused filesystem blocks once a week.
[2026-10-07 16:22:29.051] [INFO] [QEMU] [  OK  ] Started motd-news.timer - Message of the Day.
[2026-10-07 16:22:29.054] [INFO] [QEMU] [  OK  ] Started systemd-tmpfiles-clean.tim���y Cleanup of Temporary Directories.
[2026-10-07 16:22:29.057] [INFO] [QEMU] [  OK  ] Reached target paths.target - Path Units.
[2026-10-07 16:22:29.059] [INFO] [QEMU] [  OK  ] Reached target timers.target - Timer Units.
[2026-10-07 16:22:29.062] [INFO] [QEMU] [  OK  ] Listening on dbus.socket - D-Bus System Message Bus Socket.
[2026-10-07 16:22:29.065] [INFO] [QEMU] Starting lxd-installer.socket - He���er to install lxd snap on demand...
[2026-10-07 16:22:29.072] [INFO] [QEMU] Starting snapd.socket - Socket activation for snappy daemon...
[2026-10-07 16:22:29.079] [INFO] [QEMU] [  OK  ] Listening on ssh.socket - OpenBSD Secure Shell server socket.
[2026-10-07 16:22:29.084] [INFO] [QEMU] [  OK  ] Listening on lxd-installer.socket ���lper to install lxd snap on demand.
[2026-10-07 16:22:29.087] [INFO] [QEMU] [  OK  ] Listening on snapd.socket - Socket activation for snappy daemon.
[2026-10-07 16:22:29.090] [INFO] [QEMU] [  OK  ] Reached target sockets.target - Socket Units.
[2026-10-07 16:22:29.092] [INFO] [QEMU] [  OK  ] Reached target basic.target - Basic System.
[2026-10-07 16:22:29.102] [INFO] [QEMU] Starting apport.service - automatic crash report generation...
[2026-10-07 16:22:29.116] [INFO] [QEMU] Starting dbus.service - D-Bus System Message Bus...
[2026-10-07 16:22:29.120] [INFO] [QEMU] Starting e2scrub_reap.service - Re���ne ext4 Metadata Check Snapshots...
[2026-10-07 16:22:29.131] [INFO] [QEMU] Starting grub-common.service - Record successful boot for GRUB...
[2026-10-07 16:22:29.136] [INFO] [QEMU] [  OK  ] Reached target getty-pre.target - Preparation for Logins.
[2026-10-07 16:22:29.152] [INFO] [QEMU] Starting snapd.seeded.service - Wait until snapd is fully seeded...
[2026-10-07 16:22:29.188] [INFO] [QEMU] Starting snapd.service - Snap Daemon...
[2026-10-07 16:22:29.211] [INFO] [QEMU] Starting systemd-logind.service - User Login Management...
[2026-10-07 16:22:29.245] [INFO] [QEMU] Starting systemd-user-sessions.service - Permit User Sessions...
[2026-10-07 16:22:29.266] [INFO] [QEMU] [  OK  ] Started dbus.service - D-Bus System Message Bus.
[2026-10-07 16:22:29.325] [INFO] [QEMU] [  OK  ] Finished e2scrub_reap.service - Re���line ext4 Metadata Check Snapshots.
[2026-10-07 16:22:29.344] [INFO] [QEMU] [  OK  ] Finished systemd-user-sessions.service - Permit User Sessions.
[2026-10-07 16:22:29.397] [INFO] [QEMU] [  OK  ] Started serial-getty@ttyS0.service - Serial Getty on ttyS0.
[2026-10-07 16:22:29.411] [INFO] [QEMU] Starting setvtrgb.service - Set console scheme...
[2026-10-07 16:22:29.420] [INFO] [QEMU] [  OK  ] Started systemd-logind.service - User Login Management.
[2026-10-07 16:22:29.487] [INFO] [QEMU] [  OK  ] Started unattended-upgrades.service - Unattended Upgrades Shutdown.
[2026-10-07 16:22:29.568] [INFO] [QEMU] [  OK  ] Finished setvtrgb.service - Set console scheme.
[2026-10-07 16:22:29.582] [INFO] [QEMU] [  OK  ] Created slice system-getty.slice - Slice /system/getty.
[2026-10-07 16:22:29.611] [INFO] [QEMU] [  OK  ] Started getty@tty1.service - Getty on tty1.
[2026-10-07 16:22:29.614] [INFO] [QEMU] [  OK  ] Reached target getty.target - Login Prompts.
[2026-10-07 16:22:29.637] [INFO] [QEMU] [  OK  ] Finished grub-common.service - Record successful boot for GRUB.
[2026-10-07 16:22:29.682] [INFO] [QEMU] Starting grub-initrd-fallback.service - GRUB failed boot detection...
[2026-10-07 16:22:29.794] [INFO] [QEMU] [  OK  ] Finished grub-initrd-fallback.service - GRUB failed boot detection.
[2026-10-07 16:22:30.116] [INFO] [QEMU] [  OK  ] Finished apport.service - automatic crash report generation.
[2026-10-07 16:22:30.646] [INFO] [QEMU] [  OK  ] Started snapd.service - Snap Daemon.
[2026-10-07 16:22:30.666] [INFO] [QEMU] Starting systemd-timedated.service - Time & Date Service...
[2026-10-07 16:22:30.726] [INFO] [QEMU] [  OK  ] Started systemd-timedated.service - Time & Date Service.
[2026-10-07 16:22:30.786] [INFO] [QEMU] [  OK  ] Finished snapd.seeded.service - Wait until snapd is fully seeded.
[2026-10-07 16:22:30.790] [INFO] [QEMU] [  OK  ] Reached target multi-user.target - Multi-User System.
[2026-10-07 16:22:30.791] [INFO] [QEMU] [  OK  ] Reached target graphical.target - Graphical Interface.
[2026-10-07 16:22:30.797] [INFO] [QEMU] Starting systemd-update-utmp-runle���- Record Runlevel Change in UTMP...
[2026-10-07 16:22:30.804] [INFO] [QEMU] [  OK  ] Finished systemd-update-utmp-runle���e - Record Runlevel Change in UTMP.
[2026-10-07 16:22:31.824] [INFO] [QEMU] 
[2026-10-07 16:22:31.825] [INFO] [QEMU] Ubuntu 24.04.4 LTS score-itf ttyS0
[2026-10-07 16:22:31.825] [INFO] [QEMU] 
[2026-10-07 16:22:34.644] [INFO] [score.itf.plugins.qemu.checks] Check target ping: OK
[2026-10-07 16:22:34.644] [INFO] [score.itf.core.com.ssh] Connecting to 169.254.158.190 ...
[2026-10-07 16:22:34.713] [INFO] [paramiko.transport] Connected (version 2.0, client OpenSSH_9.6p1)
[2026-10-07 16:22:34.806] [INFO] [paramiko.transport] Authentication (password) successful!
[2026-10-07 16:22:34.806] [INFO] [score.itf.core.com.ssh] SSH connection to 169.254.158.190 established
[2026-10-07 16:22:34.806] [DEBUG] [score.itf.core.com.ssh] Executing command: echo Qnx_S-core!
[2026-10-07 16:22:34.806] [DEBUG] [score.itf.core.com.ssh] timeout: 30; max_exec_time: 180; logger_in: None; verbose: True;
[2026-10-07 16:22:35.175] [INFO] [root] Qnx_S-core!
[2026-10-07 16:22:35.175] [INFO] [score.itf.core.com.ssh] Closed SSH connection.
[2026-10-07 16:22:35.175] [INFO] [score.itf.plugins.qemu.checks] Check target ssh: OK
[2026-10-07 16:22:35.175] [INFO] [score.itf.core.com.ssh] Connecting to 169.254.158.190 ...
[2026-10-07 16:22:35.193] [INFO] [paramiko.transport] Connected (version 2.0, client OpenSSH_9.6p1)
[2026-10-07 16:22:35.253] [INFO] [paramiko.transport] Authentication (password) successful!
[2026-10-07 16:22:35.253] [INFO] [score.itf.core.com.ssh] SSH connection to 169.254.158.190 established
[2026-10-07 16:22:35.368] [INFO] [paramiko.transport.sftp] [chan 0] Opened sftp connection (server version 3)
[2026-10-07 16:22:35.372] [INFO] [paramiko.transport.sftp] [chan 0] sftp session closed.
[2026-10-07 16:22:35.373] [INFO] [score.itf.core.com.ssh] Closed SSH connection.
[2026-10-07 16:22:35.373] [INFO] [score.itf.core.com.sftp] Closed SSH connection.
[2026-10-07 16:22:35.373] [INFO] [score.itf.plugins.qemu.checks] Check target sftp: OK
[2026-10-07 16:22:35.376] [INFO] [score.itf.core.com.ssh] Connecting to 169.254.158.190 ...
[2026-10-07 16:22:35.397] [INFO] [paramiko.transport] Connected (version 2.0, client OpenSSH_9.6p1)
[2026-10-07 16:22:35.459] [INFO] [paramiko.transport] Authentication (password) successful!
[2026-10-07 16:22:35.459] [INFO] [score.itf.core.com.ssh] SSH connection to 169.254.158.190 established
[2026-10-07 16:22:35.634] [INFO] [root] ls: cannot access '/tmp/inc_someip_gateway_test_run': No such file or directory
[2026-10-07 16:22:35.635] [INFO] [score.itf.core.com.ssh] Closed SSH connection.
[2026-10-07 16:22:35.636] [INFO] [score.itf.core.com.ssh] Connecting to 169.254.158.190 ...
[2026-10-07 16:22:35.655] [INFO] [paramiko.transport] Connected (version 2.0, client OpenSSH_9.6p1)
[2026-10-07 16:22:35.722] [INFO] [paramiko.transport] Authentication (password) successful!
[2026-10-07 16:22:35.723] [INFO] [score.itf.core.com.ssh] SSH connection to 169.254.158.190 established
[2026-10-07 16:22:35.940] [INFO] [root] USER         PID %CPU %MEM    VSZ   RSS TTY      STAT START   TIME COMMAND
[2026-10-07 16:22:35.940] [INFO] [root] root           1 14.0  0.6  21588 12876 ?        Ss   16:22   0:01 /sbin/init
[2026-10-07 16:22:35.940] [INFO] [root] root           2  0.0  0.0      0     0 ?        S    16:22   0:00 [kthreadd]
[2026-10-07 16:22:35.940] [INFO] [root] root           3  0.0  0.0      0     0 ?        S    16:22   0:00 [pool_workqueue_release]
[2026-10-07 16:22:35.941] [INFO] [root] root           4  0.0  0.0      0     0 ?        I<   16:22   0:00 [kworker/R-rcu_g]
[2026-10-07 16:22:35.941] [INFO] [root] root           5  0.0  0.0      0     0 ?        I<   16:22   0:00 [kworker/R-rcu_p]
[2026-10-07 16:22:35.941] [INFO] [root] root           6  0.0  0.0      0     0 ?        I<   16:22   0:00 [kworker/R-slub_]
[2026-10-07 16:22:35.941] [INFO] [root] root           7  0.0  0.0      0     0 ?        I<   16:22   0:00 [kworker/R-netns]
[2026-10-07 16:22:35.941] [INFO] [root] root           8  0.0  0.0      0     0 ?        I    16:22   0:00 [kworker/0:0-events]
[2026-10-07 16:22:35.941] [INFO] [root] root           9  0.0  0.0      0     0 ?        I    16:22   0:00 [kworker/0:1-cgroup_free]
[2026-10-07 16:22:35.941] [INFO] [root] root          10  0.0  0.0      0     0 ?        I<   16:22   0:00 [kworker/0:0H-kblockd]
[2026-10-07 16:22:35.941] [INFO] [root] root          11  0.9  0.0      0     0 ?        I    16:22   0:00 [kworker/u4:0-events_power_efficient]
[2026-10-07 16:22:35.941] [INFO] [root] root          12  0.0  0.0      0     0 ?        I<   16:22   0:00 [kworker/R-mm_pe]
[2026-10-07 16:22:35.941] [INFO] [root] root          13  0.0  0.0      0     0 ?        I    16:22   0:00 [rcu_tasks_kthread]
[2026-10-07 16:22:35.942] [INFO] [root] root          14  0.0  0.0      0     0 ?        I    16:22   0:00 [rcu_tasks_rude_kthread]
[2026-10-07 16:22:35.942] [INFO] [root] root          15  0.0  0.0      0     0 ?        I    16:22   0:00 [rcu_tasks_trace_kthread]
[2026-10-07 16:22:35.942] [INFO] [root] root          16  0.0  0.0      0     0 ?        S    16:22   0:00 [ksoftirqd/0]
[2026-10-07 16:22:35.942] [INFO] [root] root          17  0.2  0.0      0     0 ?        I    16:22   0:00 [rcu_preempt]
[2026-10-07 16:22:35.942] [INFO] [root] root          18  0.0  0.0      0     0 ?        S    16:22   0:00 [migration/0]
[2026-10-07 16:22:35.942] [INFO] [root] root          19  0.0  0.0      0     0 ?        S    16:22   0:00 [idle_inject/0]
[2026-10-07 16:22:35.942] [INFO] [root] root          20  0.0  0.0      0     0 ?        S    16:22   0:00 [cpuhp/0]
[2026-10-07 16:22:35.942] [INFO] [root] root          21  0.0  0.0      0     0 ?        S    16:22   0:00 [cpuhp/1]
[2026-10-07 16:22:35.942] [INFO] [root] root          22  0.0  0.0      0     0 ?        S    16:22   0:00 [idle_inject/1]
[2026-10-07 16:22:35.942] [INFO] [root] root          23  2.0  0.0      0     0 ?        S    16:22   0:00 [migration/1]
[2026-10-07 16:22:35.943] [INFO] [root] root          24  0.0  0.0      0     0 ?        S    16:22   0:00 [ksoftirqd/1]
[2026-10-07 16:22:35.943] [INFO] [root] root          25  0.0  0.0      0     0 ?        I    16:22   0:00 [kworker/1:0-events]
[2026-10-07 16:22:35.943] [INFO] [root] root          26  0.0  0.0      0     0 ?        I<   16:22   0:00 [kworker/1:0H-kblockd]
[2026-10-07 16:22:35.943] [INFO] [root] root          27  0.0  0.0      0     0 ?        S    16:22   0:00 [kdevtmpfs]
[2026-10-07 16:22:35.943] [INFO] [root] root          28  0.0  0.0      0     0 ?        I<   16:22   0:00 [kworker/R-inet_]
[2026-10-07 16:22:35.943] [INFO] [root] root          29  0.0  0.0      0     0 ?        S    16:22   0:00 [kauditd]
[2026-10-07 16:22:35.943] [INFO] [root] root          30  0.0  0.0      0     0 ?        S    16:22   0:00 [khungtaskd]
[2026-10-07 16:22:35.943] [INFO] [root] root          31  0.0  0.0      0     0 ?        I    16:22   0:00 [kworker/u4:1-events_unbound]
[2026-10-07 16:22:35.943] [INFO] [root] root          32  0.0  0.0      0     0 ?        S    16:22   0:00 [oom_reaper]
[2026-10-07 16:22:35.943] [INFO] [root] root          33  0.0  0.0      0     0 ?        I<   16:22   0:00 [kworker/R-write]
[2026-10-07 16:22:35.944] [INFO] [root] root          34  0.0  0.0      0     0 ?        I    16:22   0:00 [kworker/u4:2-events_unbound]
[2026-10-07 16:22:35.944] [INFO] [root] root          35  0.0  0.0      0     0 ?        S    16:22   0:00 [kcompactd0]
[2026-10-07 16:22:35.944] [INFO] [root] root          36  0.0  0.0      0     0 ?        SN   16:22   0:00 [ksmd]
[2026-10-07 16:22:35.944] [INFO] [root] root          37  0.1  0.0      0     0 ?        I    16:22   0:00 [kworker/1:1-cgroup_free]
[2026-10-07 16:22:35.944] [INFO] [root] root          38  0.0  0.0      0     0 ?        SN   16:22   0:00 [khugepaged]
[2026-10-07 16:22:35.944] [INFO] [root] root          39  0.0  0.0      0     0 ?        I<   16:22   0:00 [kworker/R-kinte]
[2026-10-07 16:22:35.944] [INFO] [root] root          40  0.0  0.0      0     0 ?        I<   16:22   0:00 [kworker/R-kbloc]
[2026-10-07 16:22:35.944] [INFO] [root] root          41  0.0  0.0      0     0 ?        I<   16:22   0:00 [kworker/R-blkcg]
[2026-10-07 16:22:35.944] [INFO] [root] root          42  0.0  0.0      0     0 ?        S    16:22   0:00 [irq/9-acpi]
[2026-10-07 16:22:35.944] [INFO] [root] root          43  0.0  0.0      0     0 ?        I<   16:22   0:00 [kworker/R-tpm_d]
[2026-10-07 16:22:35.944] [INFO] [root] root          44  0.0  0.0      0     0 ?        I<   16:22   0:00 [kworker/R-ata_s]
[2026-10-07 16:22:35.944] [INFO] [root] root          45  0.0  0.0      0     0 ?        I<   16:22   0:00 [kworker/R-md]
[2026-10-07 16:22:35.944] [INFO] [root] root          46  0.0  0.0      0     0 ?        I<   16:22   0:00 [kworker/R-md_bi]
[2026-10-07 16:22:35.944] [INFO] [root] root          47  0.0  0.0      0     0 ?        I<   16:22   0:00 [kworker/R-edac-]
[2026-10-07 16:22:35.944] [INFO] [root] root          48  0.0  0.0      0     0 ?        I<   16:22   0:00 [kworker/R-devfr]
[2026-10-07 16:22:35.944] [INFO] [root] root          49  0.0  0.0      0     0 ?        S    16:22   0:00 [watchdogd]
[2026-10-07 16:22:35.944] [INFO] [root] root          50  0.0  0.0      0     0 ?        I<   16:22   0:00 [kworker/R-quota]
[2026-10-07 16:22:35.944] [INFO] [root] root          51  0.0  0.0      0     0 ?        I<   16:22   0:00 [kworker/1:1H-kblockd]
[2026-10-07 16:22:35.944] [INFO] [root] root          52  0.0  0.0      0     0 ?        S    16:22   0:00 [kswapd0]
[2026-10-07 16:22:35.944] [INFO] [root] root          53  0.0  0.0      0     0 ?        S    16:22   0:00 [ecryptfs-kthread]
[2026-10-07 16:22:35.944] [INFO] [root] root          54  0.0  0.0      0     0 ?        I<   16:22   0:00 [kworker/R-kthro]
[2026-10-07 16:22:35.944] [INFO] [root] root          55  0.0  0.0      0     0 ?        I<   16:22   0:00 [kworker/R-acpi_]
[2026-10-07 16:22:35.944] [INFO] [root] root          56  0.0  0.0      0     0 ?        S    16:22   0:00 [scsi_eh_0]
[2026-10-07 16:22:35.944] [INFO] [root] root          57  0.0  0.0      0     0 ?        I<   16:22   0:00 [kworker/R-scsi_]
[2026-10-07 16:22:35.944] [INFO] [root] root          58  0.0  0.0      0     0 ?        S    16:22   0:00 [scsi_eh_1]
[2026-10-07 16:22:35.945] [INFO] [root] root          59  0.0  0.0      0     0 ?        I<   16:22   0:00 [kworker/R-scsi_]
[2026-10-07 16:22:35.945] [INFO] [root] root          60  0.0  0.0      0     0 ?        I    16:22   0:00 [kworker/u4:3-events_unbound]
[2026-10-07 16:22:35.945] [INFO] [root] root          61  0.0  0.0      0     0 ?        I<   16:22   0:00 [kworker/R-mld]
[2026-10-07 16:22:35.945] [INFO] [root] root          62  0.0  0.0      0     0 ?        I<   16:22   0:00 [kworker/R-ipv6_]
[2026-10-07 16:22:35.945] [INFO] [root] root          69  0.0  0.0      0     0 ?        I<   16:22   0:00 [kworker/R-kstrp]
[2026-10-07 16:22:35.945] [INFO] [root] root          71  0.0  0.0      0     0 ?        I<   16:22   0:00 [kworker/u5:0]
[2026-10-07 16:22:35.945] [INFO] [root] root          84  0.0  0.0      0     0 ?        I<   16:22   0:00 [kworker/R-charg]
[2026-10-07 16:22:35.945] [INFO] [root] root          85  0.0  0.0      0     0 ?        I<   16:22   0:00 [kworker/0:1H-kblockd]
[2026-10-07 16:22:35.945] [INFO] [root] root          86  0.0  0.0      0     0 ?        S    16:22   0:00 [jbd2/vda1-8]
[2026-10-07 16:22:35.945] [INFO] [root] root          87  0.0  0.0      0     0 ?        I<   16:22   0:00 [kworker/R-ext4-]
[2026-10-07 16:22:35.945] [INFO] [root] root          88  0.0  0.0      0     0 ?        S    16:22   0:00 [hwrng]
[2026-10-07 16:22:35.945] [INFO] [root] root          89  0.0  0.0      0     0 ?        I    16:22   0:00 [kworker/1:2-cgroup_free]
[2026-10-07 16:22:35.945] [INFO] [root] root         115  0.0  0.0      0     0 ?        I    16:22   0:00 [kworker/0:2-events]
[2026-10-07 16:22:35.945] [INFO] [root] root         121  2.7  0.5  33968 11116 ?        S<s  16:22   0:00 /usr/lib/systemd/systemd-journald
[2026-10-07 16:22:35.945] [INFO] [root] root         156  0.0  0.3  17696  6840 ?        Ss   16:22   0:00 /usr/lib/systemd/systemd-fsckd
[2026-10-07 16:22:35.945] [INFO] [root] root         175  1.7  0.3  25176  6948 ?        Ss   16:22   0:00 /usr/lib/systemd/systemd-udevd
[2026-10-07 16:22:35.945] [INFO] [root] root         177  0.0  0.0      0     0 ?        S    16:22   0:00 [psimon]
[2026-10-07 16:22:35.945] [INFO] [root] systemd+     182  0.6  0.4  18976  9384 ?        Ss   16:22   0:00 /usr/lib/systemd/systemd-networkd
[2026-10-07 16:22:35.945] [INFO] [root] root         199  0.0  0.0      0     0 ?        I<   16:22   0:00 [kworker/1:2H-kblockd]
[2026-10-07 16:22:35.945] [INFO] [root] root         204  0.0  0.0      0     0 ?        I<   16:22   0:00 [kworker/R-ext4-]
[2026-10-07 16:22:35.945] [INFO] [root] root         212  0.0  0.0      0     0 ?        S    16:22   0:00 [jbd2/vda16-8]
[2026-10-07 16:22:35.945] [INFO] [root] root         213  0.0  0.0      0     0 ?        I<   16:22   0:00 [kworker/R-ext4-]
[2026-10-07 16:22:35.946] [INFO] [root] root         214  0.0  0.0      0     0 ?        I<   16:22   0:00 [kworker/R-crypt]
[2026-10-07 16:22:35.946] [INFO] [root] root         224  0.0  0.0      0     0 ?        I    16:22   0:00 [kworker/0:3-rcu_gp]
[2026-10-07 16:22:35.946] [INFO] [root] systemd+     248  2.1  0.6  21332 12860 ?        Ss   16:22   0:00 /usr/lib/systemd/systemd-resolved
[2026-10-07 16:22:35.946] [INFO] [root] systemd+     249  0.9  0.3  91028  7832 ?        Ssl  16:22   0:00 /usr/lib/systemd/systemd-timesyncd
[2026-10-07 16:22:35.946] [INFO] [root] message+     365  1.1  0.2   8352  4644 ?        Ss   16:22   0:00 @dbus-daemon --system --address=systemd: --nofork --nopidfile --systemd-activation --syslog-only
[2026-10-07 16:22:35.946] [INFO] [root] root         370  5.8  1.8 1776640 37312 ?       Ssl  16:22   0:00 /usr/lib/snapd/snapd
[2026-10-07 16:22:35.946] [INFO] [root] root         371  0.8  0.4  17780  8620 ?        Ss   16:22   0:00 /usr/lib/systemd/systemd-logind
[2026-10-07 16:22:35.946] [INFO] [root] root         384  0.1  0.1   3160  2044 ttyS0    Ss+  16:22   0:00 /sbin/agetty -o -p -- \u --keep-baud 115200,57600,38400,9600 - vt220
[2026-10-07 16:22:35.946] [INFO] [root] root         391  3.0  1.1 107016 22756 ?        Ssl  16:22   0:00 /usr/bin/python3 /usr/share/unattended-upgrades/unattended-upgrade-shutdown --wait-for-signal
[2026-10-07 16:22:35.946] [INFO] [root] root         399  0.3  0.0   3116  1920 tty1     Ss+  16:22   0:00 /sbin/agetty -o -p -- \u --noclear - linux
[2026-10-07 16:22:35.946] [INFO] [root] root         458  0.9  0.3  17284  7436 ?        Ss   16:22   0:00 /usr/lib/systemd/systemd-timedated
[2026-10-07 16:22:35.946] [INFO] [root] root         468  0.0  0.4  12020  8288 ?        Ss   16:22   0:00 sshd: /usr/sbin/sshd -D [listener] 0 of 10-100 startups
[2026-10-07 16:22:35.946] [INFO] [root] root         472  0.0  0.0      0     0 ?        S    16:22   0:00 [psimon]
[2026-10-07 16:22:35.946] [INFO] [root] root         474 10.2  0.5  20020 11064 ?        Ss   16:22   0:00 /usr/lib/systemd/systemd --user
[2026-10-07 16:22:35.946] [INFO] [root] root         475  0.0  0.0      0     0 ?        I    16:22   0:00 [kworker/1:3-events]
[2026-10-07 16:22:35.946] [INFO] [root] root         476  0.0  0.1  20396  3212 ?        S    16:22   0:00 (sd-pam)
[2026-10-07 16:22:35.946] [INFO] [root] root         481  0.0  0.0      0     0 ?        S    16:22   0:00 [psimon]
[2026-10-07 16:22:35.946] [INFO] [root] root         500 95.2  4.8 108208 96784 ?        R    16:22   0:00 /usr/bin/python3 /usr/lib/ubuntu-release-upgrader/check-new-release -q
[2026-10-07 16:22:35.946] [INFO] [root] root         568  6.6  0.4  14464 10000 ?        Ss   16:22   0:00 sshd: root@notty
[2026-10-07 16:22:35.946] [INFO] [root] root         589 25.0  0.0   2800  1940 ?        Ss   16:22   0:00 sh -lc [ -r /etc/profile ] && . /etc/profile >/dev/null 2>&1; ps aux || pidin
[2026-10-07 16:22:35.946] [INFO] [root] root         599 50.0  0.2   8280  4260 ?        R    16:22   0:00 ps aux
[2026-10-07 16:22:35.946] [INFO] [score.itf.core.com.ssh] Closed SSH connection.
[2026-10-07 16:22:35.947] [INFO] [score.itf.core.com.ssh] Connecting to 169.254.158.190 ...
[2026-10-07 16:22:35.956] [INFO] [paramiko.transport] Connected (version 2.0, client OpenSSH_9.6p1)
[2026-10-07 16:22:36.010] [INFO] [paramiko.transport] Authentication (password) successful!
[2026-10-07 16:22:36.010] [INFO] [score.itf.core.com.ssh] SSH connection to 169.254.158.190 established
[2026-10-07 16:22:36.103] [INFO] [root] ls: cannot access '/dev/shm/lola-*': No such file or directory
[2026-10-07 16:22:36.103] [INFO] [score.itf.core.com.ssh] Closed SSH connection.
[2026-10-07 16:22:36.103] [INFO] [score.itf.core.com.ssh] Connecting to 169.254.158.190 ...
[2026-10-07 16:22:36.119] [INFO] [paramiko.transport] Connected (version 2.0, client OpenSSH_9.6p1)
[2026-10-07 16:22:36.175] [INFO] [paramiko.transport] Authentication (password) successful!
[2026-10-07 16:22:36.175] [INFO] [score.itf.core.com.ssh] SSH connection to 169.254.158.190 established
[2026-10-07 16:22:36.270] [INFO] [root] ls: cannot access '/tmp/mw_com_lola/*': No such file or directory
[2026-10-07 16:22:36.270] [INFO] [score.itf.core.com.ssh] Closed SSH connection.
[2026-10-07 16:22:36.270] [INFO] [score.itf.core.com.ssh] Connecting to 169.254.158.190 ...
[2026-10-07 16:22:36.282] [INFO] [paramiko.transport] Connected (version 2.0, client OpenSSH_9.6p1)
[2026-10-07 16:22:36.337] [INFO] [paramiko.transport] Authentication (password) successful!
[2026-10-07 16:22:36.337] [INFO] [score.itf.core.com.ssh] SSH connection to 169.254.158.190 established
[2026-10-07 16:22:36.450] [INFO] [root] ls: cannot access '/tmp/lola-*': No such file or directory
[2026-10-07 16:22:36.450] [INFO] [score.itf.core.com.ssh] Closed SSH connection.
[2026-10-07 16:22:36.451] [INFO] [score.itf.core.com.ssh] Connecting to 169.254.158.190 ...
[2026-10-07 16:22:36.472] [INFO] [paramiko.transport] Connected (version 2.0, client OpenSSH_9.6p1)
[2026-10-07 16:22:36.536] [INFO] [paramiko.transport] Authentication (password) successful!
[2026-10-07 16:22:36.537] [INFO] [score.itf.core.com.ssh] SSH connection to 169.254.158.190 established
[2026-10-07 16:22:36.651] [INFO] [root] ls: cannot access '/dev/shmem/lola-*': No such file or directory
[2026-10-07 16:22:36.652] [INFO] [score.itf.core.com.ssh] Closed SSH connection.
[2026-10-07 16:22:36.652] [INFO] [score.itf.core.com.ssh] Connecting to 169.254.158.190 ...
[2026-10-07 16:22:36.670] [INFO] [paramiko.transport] Connected (version 2.0, client OpenSSH_9.6p1)
[2026-10-07 16:22:36.733] [INFO] [paramiko.transport] Authentication (password) successful!
[2026-10-07 16:22:36.734] [INFO] [score.itf.core.com.ssh] SSH connection to 169.254.158.190 established
[2026-10-07 16:22:36.843] [INFO] [root] ls: cannot access '/tmp_discovery/mw_com_lola/*': No such file or directory
[2026-10-07 16:22:36.844] [INFO] [score.itf.core.com.ssh] Closed SSH connection.
[2026-10-07 16:22:36.845] [INFO] [score.itf.core.com.ssh] Connecting to 169.254.158.190 ...
[2026-10-07 16:22:36.862] [INFO] [paramiko.transport] Connected (version 2.0, client OpenSSH_9.6p1)
[2026-10-07 16:22:36.924] [INFO] [paramiko.transport] Authentication (password) successful!
[2026-10-07 16:22:36.925] [INFO] [score.itf.core.com.ssh] SSH connection to 169.254.158.190 established
[2026-10-07 16:22:37.044] [INFO] [root] ls: cannot access '/tmp_discovery/lola-*': No such file or directory
[2026-10-07 16:22:37.045] [INFO] [score.itf.core.com.ssh] Closed SSH connection.
[2026-10-07 16:22:37.051] [INFO] [score.itf.core.com.ssh] Connecting to 169.254.158.190 ...
[2026-10-07 16:22:37.068] [INFO] [paramiko.transport] Connected (version 2.0, client OpenSSH_9.6p1)
[2026-10-07 16:22:37.127] [INFO] [paramiko.transport] Authentication (password) successful!
[2026-10-07 16:22:37.127] [INFO] [score.itf.core.com.ssh] SSH connection to 169.254.158.190 established
[2026-10-07 16:22:37.241] [INFO] [score.itf.core.com.ssh] Closed SSH connection.
[2026-10-07 16:22:37.442] [WARNING] [root] tcpdump could not start; pcap capture skipped
[2026-10-07 16:22:37.443] [INFO] [score.itf.core.com.ssh] Connecting to 169.254.158.190 ...
[2026-10-07 16:22:37.453] [INFO] [paramiko.transport] Connected (version 2.0, client OpenSSH_9.6p1)
[2026-10-07 16:22:37.511] [INFO] [paramiko.transport] Authentication (password) successful!
[2026-10-07 16:22:37.511] [INFO] [score.itf.core.com.ssh] SSH connection to 169.254.158.190 established
[2026-10-07 16:22:37.624] [INFO] [root] Started process /opt/someipd with PID: 881
[2026-10-07 16:22:37.624] [INFO] [score.itf.core.com.ssh] Connecting to 169.254.158.190 ...
[2026-10-07 16:22:37.639] [INFO] [paramiko.transport] Connected (version 2.0, client OpenSSH_9.6p1)
[2026-10-07 16:22:37.697] [INFO] [paramiko.transport] Authentication (password) successful!
[2026-10-07 16:22:37.698] [INFO] [score.itf.core.com.ssh] SSH connection to 169.254.158.190 established
[2026-10-07 16:22:37.806] [INFO] [root] Started process /opt/gatewayd with PID: 913
-------------------------------- live log call ---------------------------------
[2026-10-07 16:22:37.906] [INFO] [opt] mw::log initialization error: Error No logging configuration files could be found. occurred with context information: Failed to load configuration files. Fallback to console logging.
[2026-10-07 16:22:37.907] [INFO] [opt] 2026/10/07 16:22:37.157293 136524 000 ECU1 NONE DFLT log error verbose 4 Error: No serialization config found for service_type= window_control  element= window_control 
[2026-10-07 16:22:37.907] [INFO] [opt] mw::log initialization error: Error No logging configuration files could be found. occurred with context information: Failed to load configuration files. Fallback to console logging.
[2026-10-07 16:22:37.907] [INFO] [opt] 2026/10/07 16:22:37.157293 136526 000 ECU1 NONE DFLT log warn verbose 5 [gatewayd] No serializer for  window_control :: window_control , using maximum slot size 
[2026-10-07 16:22:37.907] [INFO] [opt] ProcessStateChange 0
[2026-10-07 16:22:37.907] [INFO] [opt] ClientConnection::DoRestart 0 someipd_gatewayd_ipc
[2026-10-07 16:22:37.907] [INFO] [opt] TryOpenClientConnection someipd_gatewayd_ipc
[2026-10-07 16:22:37.924] [INFO] [opt] mw::log initialization error: Error No logging configuration files could be found. occurred with context information: Failed to load configuration files. Fallback to console logging.
[2026-10-07 16:22:37.924] [INFO] [opt] 2026-10-07 16:22:37.316900 [warning] Reliability type for event [1234.5678.8778] was not configured Using : RT_UNRELIABLE
[2026-10-07 16:22:37.924] [INFO] [opt] 2026-10-07 16:22:37.317137 [info] Using configuration file: "/opt/vsomeip.json".
[2026-10-07 16:22:37.924] [INFO] [opt] 2026-10-07 16:22:37.317157 [info] Parsed vsomeip configuration in 2ms
[2026-10-07 16:22:37.925] [INFO] [opt] 2026-10-07 16:22:37.317181 [info] Configuration module loaded.
[2026-10-07 16:22:37.925] [INFO] [opt] 2026-10-07 16:22:37.317283 [info] Security disabled!
[2026-10-07 16:22:37.925] [INFO] [opt] 2026-10-07 16:22:37.317553 [info] Initializing vsomeip (3.6.1) application "someipd".
[2026-10-07 16:22:37.925] [INFO] [opt] 2026-10-07 16:22:37.317669 [warning] is_routing_manager: Lock file "/tmp/vsomeip.lck" is locked. error: 0 (Success)
[2026-10-07 16:22:37.925] [INFO] [opt] 2026-10-07 16:22:37.317689 [info] Instantiating routing manager [Host].
[2026-10-07 16:22:37.925] [INFO] [opt] 2026-10-07 16:22:37.317959 [info] Starting Routing Manager [Host] with state RS_UNKNOWN
[2026-10-07 16:22:37.925] [INFO] [opt] 2026-10-07 16:22:37.318351 [info] create_routing_root: Routing root @ /tmp/vsomeip-0
[2026-10-07 16:22:37.925] [INFO] [opt] 2026-10-07 16:22:37.318459 [info] Service Discovery enabled. Trying to load module.
[2026-10-07 16:22:37.925] [INFO] [opt] 2026-10-07 16:22:37.318509 [info] Service Discovery module loaded.
[2026-10-07 16:22:37.925] [INFO] [opt] 2026-10-07 16:22:37.318792 [info] Service Discovery Stop Offer watchdog enabled.
[2026-10-07 16:22:37.925] [INFO] [opt] 2026-10-07 16:22:37.318803 [info] vsomeip tracing not enabled. vsomeip service discovery tracing not enabled.
[2026-10-07 16:22:37.926] [INFO] [opt] 2026-10-07 16:22:37.318807 [info] Application(someipd, 0100) is initialized (11, 100).
[2026-10-07 16:22:37.926] [INFO] [opt] 2026-10-07 16:22:37.319242 [info] Starting vsomeip application "someipd" (0100) using 2 threads I/O nice 0
[2026-10-07 16:22:37.926] [INFO] [opt] 2026-10-07 16:22:37.319436 [debug] Thread created. Number of active threads for someipd : 1
[2026-10-07 16:22:37.926] [INFO] [opt] 2026-10-07 16:22:37.319451 [info] Started thread 0100_m_dispatch, application 'someipd', id 721b8ffff6c0, tid 927
[2026-10-07 16:22:37.926] [INFO] [opt] 2026-10-07 16:22:37.319558 [info] Started thread 0100_shutdown, application 'someipd', id 721b8f7fe6c0, tid 928
[2026-10-07 16:22:37.926] [INFO] [opt] 2026-10-07 16:22:37.319559 [info] Client [0100] routes unicast:169.254.158.190, netmask:255.255.255.0
[2026-10-07 16:22:37.926] [INFO] [opt] 2026-10-07 16:22:37.319663 [info] netlink: from 0 to 1, if=0, mc=0, count=0
[2026-10-07 16:22:37.926] [INFO] [opt] 2026-10-07 16:22:37.319856 [info] create_local_server: Listening @ /tmp/vsomeip-100
[2026-10-07 16:22:37.926] [INFO] [opt] 2026-10-07 16:22:37.319967 [info] Watchdog is disabled!
[2026-10-07 16:22:37.927] [INFO] [opt] 2026-10-07 16:22:37.320122 [info] Started thread 0100_io00, application 'someipd', id 721b949fd6c0, tid 926
[2026-10-07 16:22:37.927] [INFO] [opt] 2026-10-07 16:22:37.320142 [info] Started thread 0100_io01, application 'someipd', id 721b8e7fc6c0, tid 930
[2026-10-07 16:22:37.927] [INFO] [opt] 2026-10-07 16:22:37.320152 [info] netlink: from 1 to 2, if=2, mc=0, count=0
[2026-10-07 16:22:37.927] [INFO] [opt] 2026-10-07 16:22:37.320155 [info] vSomeIP 3.6.1 | (default)
[2026-10-07 16:22:37.927] [INFO] [opt] 2026-10-07 16:22:37.320222 [info] netlink: from 2 to 3, if=2, mc=0, count=1
[2026-10-07 16:22:37.927] [INFO] [opt] 2026-10-07 16:22:37.320248 [warning] Network interface "ens4" state changed: up
[2026-10-07 16:22:37.927] [INFO] [opt] 2026-10-07 16:22:37.320270 [info] netlink: from 3 to 4, if=2, mc=1, count=1
[2026-10-07 16:22:37.927] [INFO] [opt] 2026-10-07 16:22:37.320277 [warning] Route "ens4" state changed: up
[2026-10-07 16:22:37.927] [INFO] [opt] 2026-10-07 16:22:37.320287 [info] rmi::log_network_state: UDP connections
[2026-10-07 16:22:37.927] [INFO] [opt] 2026-10-07 16:22:37.320295 [info] idx, local_addr, remote_addr, state, tx_queue, rx_queue, timer_active, tm_when, retrnsmt, uid, unanswered
[2026-10-07 16:22:37.928] [INFO] [opt] 2026-10-07 16:22:37.320295 [info] usei#1::udp_server_endpoint_impl
[2026-10-07 16:22:37.928] [INFO] [opt] 2026-10-07 16:22:37.320303 [info] usei#1::init: 169.254.158.190:30490, lifecycle_idx=0
[2026-10-07 16:22:37.928] [INFO] [opt] 2026-10-07 16:22:37.320349 [info] 835: 127.0.0.54:53 0.0.0.0:0 07 00000000:00000000 00:00000000 00000000 992 0 3304 2
[2026-10-07 16:22:37.928] [INFO] [opt] 2026-10-07 16:22:37.320355 [info] usei#1::169.254.158.190:30490::init: lifecycle_idx=0, Success
[2026-10-07 16:22:37.928] [INFO] [opt] 2026-10-07 16:22:37.320376 [info] 835: 127.0.0.53:53 0.0.0.0:0 07 00000000:00000000 00:00000000 00000000 992 0 3302 2
[2026-10-07 16:22:37.928] [INFO] [opt] 2026-10-07 16:22:37.320377 [info] usei#1::169.254.158.190:30490::start: lifecycle_idx=0
[2026-10-07 16:22:37.928] [INFO] [opt] 2026-10-07 16:22:37.320397 [info] usei#1::169.254.158.190:30490::start_unlocked: start unicast data handler, lifecycle_idx=1
[2026-10-07 16:22:37.929] [INFO] [opt] 2026-10-07 16:22:37.320407 [info] usei#1::169.254.158.190:30490::start_unlocked: join 0 groups
[2026-10-07 16:22:37.929] [INFO] [opt] 2026-10-07 16:22:37.320409 [info] usei#1::169.254.158.190:30490::start: done, lifecycle_idx=1
[2026-10-07 16:22:37.929] [INFO] [opt] 2026-10-07 16:22:37.320431 [info] usei#1::169.254.158.190:30490::join: 224.244.224.245
[2026-10-07 16:22:37.929] [INFO] [opt] 2026-10-07 16:22:37.320448 [info] SOME/IP routing ready.
[2026-10-07 16:22:37.929] [INFO] [opt] 2026-10
[2026-10-07 16:22:37.929] [INFO] [opt] -07 16:22:37.320515 [info] usei#1::169.254.158.190:30490::set_multicast_option: join 224.244.224.245, lifecycle_idx=1, stopped=0
[2026-10-07 16:22:37.930] [INFO] [opt] 2026-10-07 16:22:37.320538 [info] usei#1::169.254.158.190:30490::set_multicast_option: start multicast data handler, lifecycle_idx=1
[2026-10-07 16:22:37.930] [INFO] [opt] 2026-10-07 16:22:37.320647 [info] usei#1::169.254.158.190:30490::set_multicast_option: join successful
[2026-10-07 16:22:37.930] [INFO] [opt] 2026-10-07 16:22:37.320686 [info] offer_event: Event [0001.0001.0001] uses configured cycle time 0ms
[2026-10-07 16:22:37.930] [INFO] [opt] 2026-10-07 16:22:37.320881 [info] 835: 127.0.0.54:53 0.0.0.0:0 07 00000000:00000000 00:00000000 00000000 992 0 3304 2
[2026-10-07 16:22:37.930] [INFO] [opt] 2026-10-07 16:22:37.320972 [info] REGISTER EVENT(0100): [0001.0001.0001:is_provider=true]
[2026-10-07 16:22:37.930] [INFO] [opt] 2026-10-07 16:22:37.321051 [info] rmi::init_service_info: Port configuration missing for [1.1]. Service is internal.
[2026-10-07 16:22:37.930] [INFO] [opt] 2026-10-07 16:22:37.321141 [debug] ON_OFFER_SERVICE (0100): [0001.0001:1.0]
[2026-10-07 16:22:37.930] [INFO] [opt] 2026-10-07 16:22:37.321164 [info] OFFER(0100): [0001.0001:1.0] (true)
[2026-10-07 16:22:37.930] [INFO] [opt] 2026-10-07 16:22:37.321175 [info] offer_event: Event [1234.5678.0002] uses configured cycle time 0ms
[2026-10-07 16:22:37.930] [INFO] [opt] 2026-10-07 16:22:37.321190 [info] REGISTER EVENT(0100): [1234.5678.0002:is_provider=true]
[2026-10-07 16:22:37.931] [INFO] [opt] 2026-10-07 16:22:37.321197 [info] offer_event: Event [1234.5678.0003] uses configured cycle time 0ms
[2026-10-07 16:22:37.931] [INFO] [opt] 2026-10-07 16:22:37.321244 [info] REGISTER EVENT(0100): [1234.5678.0003:is_provider=true]
[2026-10-07 16:22:37.931] [INFO] [opt] 2026-10-07 16:22:37.321264 [info] offer_event: Event [1234.5678.0004] uses configured cycle time 0ms
[2026-10-07 16:22:37.931] [INFO] [opt] 2026-10-07 16:22:37.321275 [info] REGISTER EVENT(0100): [1234.5678.0004:is_provider=true]
[2026-10-07 16:22:37.931] [INFO] [opt] 2026-10-07 16:22:37.321287 [info] offer_event: Event [1234.5678.0005] uses configured cycle time 0ms
[2026-10-07 16:22:37.931] [INFO] [opt] 2026-10-07 16:22:37.321350 [info] REGISTER EVENT(0100): [1234.5678.0005:is_provider=true]
[2026-10-07 16:22:37.931] [INFO] [opt] 2026-10-07 16:22:37.321369 [info] offer_event: Event [1234.5678.0006] uses configured cycle time 0ms
[2026-10-07 16:22:37.931] [INFO] [opt] 2026-10-07 16:22:37.321380 [info] REGISTER EVENT(0100): [1234.5678.0006:is_provider=true]
[2026-10-07 16:22:37.931] [INFO] [opt] 2026-10-07 16:22:37.321387 [info] offer_event: Event [1234.5678.8778] uses configured cycle time 0ms
[2026-10-07 16:22:37.931] [INFO] [opt] 2026-10-07 16:22:37.321416 [info] REGISTER EVENT(0100): [1234.5678.8778:is_provider=true]
[2026-10-07 16:22:37.932] [INFO] [opt] 2026-10-07 16:22:37.321457 [info] usei#2::udp_server_endpoint_impl
[2026-10-07 16:22:37.932] [INFO] [opt] 2026-10-07 16:22:37.321492 [info] usei#2::init: 169.254.158.190:31000, lifecycle_idx=0
[2026-10-07 16:22:37.932] [INFO] [opt] 2026-10-07 16:22:37.321566 [info] usei#2::169.254.158.190:31000::init: lifecycle_idx=0, Success
[2026-10-07 16:22:37.932] [INFO] [opt] 2026-10-07 16:22:37.321586 [info] usei#2::169.254.158.190:31000::start: lifecycle_idx=0
[2026-10-07 16:22:37.932] [INFO] [opt] 2026-10-07 16:22:37.321591 [info] usei#2::169.254.158.190:31000::start_unlocked: start unicast data handler, lifecycle_idx=1
[2026-10-07 16:22:37.932] [INFO] [opt] 2026-10-07 16:22:37.321619 [info] usei#2::169.254.158.190:31000::start_unlocked: join 0 groups
[2026-10-07 16:22:37.932] [INFO] [opt] 2026-10-07 16:22:37.321634 [info] usei#2::169.254.158.190:31000::start: done, lifecycle_idx=1
[2026-10-07 16:22:37.932] [INFO] [opt] 2026-10-07 16:22:37.321644 [debug] ON_OFFER_SERVICE (0100): [1234.5678:1.0]
[2026-10-07 16:22:37.932] [INFO] [opt] 2026-10-07 16:22:37.321653 [info] OFFER(0100): [1234.5678:1.0] (true)
[2026-10-07 16:22:37.932] [INFO] [opt] 2026-10-07 16:22:37.321660 [info] REQUEST(0100): [4321.5678:255.4294967295]
[2026-10-07 16:22:37.933] [INFO] [opt] 2026-10-07 16:22:37.321719 [info] REGISTER EVENT(0100): [4321.5678.0002:is_provider=false]
[2026-10-07 16:22:37.933] [INFO] [opt] 2026-10-07 16:22:37.321768 [info] SUBSCRIBE(0100): [4321.5678.0002:ffff:1]
[2026-10-07 16:22:37.933] [INFO] [opt] 2026-10-07 16:22:37.321836 [info] REGISTER EVENT(0100): [4321.5678.0003:is_provider=false]
[2026-10-07 16:22:37.933] [INFO] [opt] 2026-10-07 16:22:37.321855 [info] SUBSCRIBE(0100): [4321.5678.0003:ffff:1]
[2026-10-07 16:22:37.933] [INFO] [opt] 2026-10-07 16:22:37.321873 [info] REGISTER EVENT(0100): [4321.5678.0004:is_provider=false]
[2026-10-07 16:22:37.933] [INFO] [opt] 2026-10-07 16:22:37.321909 [info] SUBSCRIBE(0100): [4321.5678.0004:ffff:1]
[2026-10-07 16:22:37.933] [INFO] [opt] 2026-10-07 16:22:37.321926 [info] REGISTER EVENT(0100): [4321.5678.0005:is_provider=false]
[2026-10-07 16:22:37.933] [INFO] [opt] 2026-10-07 16:22:37.321939 [info] SUBSCRIBE(0100): [4321.5678.0005:ffff:1]
[2026-10-07 16:22:37.933] [INFO] [opt] 2026-10-07 16:22:37.321974 [info] REGISTER EVENT(0100): [4321.5678.0006:is_provider=false]
[2026-10-07 16:22:37.933] [INFO] [opt] 2026-10-07 16:22:37.321992 [info] SUBSCRIBE(0100): [4321.5678.0006:ffff:1]
[2026-10-07 16:22:37.934] [INFO] [opt] 2026-10-07 16:22:37.322036 [info] REGISTER EVENT(0100): [4321.5678.8778:is_provider=false]
[2026-10-07 16:22:37.934] [INFO] [opt] 2026-10-07 16:22:37.322055 [info] SUBSCRIBE(0100): [4321.5678.8778:ffff:1]
[2026-10-07 16:22:37.934] [INFO] [opt] 2026-10-07 16:22:37.322221 [info] 835: 127.0.0.53:53 0.0.0.0:0 07 00000000:00000000 00:00000000 00000000 992 0 3302 2
[2026-10-07 16:22:37.934] [INFO] [opt] 2026-10-07 16:22:37.32227
[2026-10-07 16:22:37.934] [INFO] [opt] 0 [info] 835: 127.0.0.53:53 0.0.0.0:0 07 00000000:00000000 00:00000000 00000000 992 0 3302 2
[2026-10-07 16:22:37.934] [INFO] [opt] 2026-10-07 16:22:37.322485 [info] rmi::log_network_state: TCP connections
[2026-10-07 16:22:37.934] [INFO] [opt] 2026-10-07 16:22:37.322502 [info] idx, local_addr, remote_addr, state, tx_queue, rx_queue, timer_active, tm_when, retrnsmt, uid, unanswered
[2026-10-07 16:22:37.934] [INFO] [opt] 2026-10-07 16:22:37.322513 [info] 0: 127.0.0.54:53 0.0.0.0:0 0A 00000000:00000000 00:00000000 00000000 992 0 3305 1
[2026-10-07 16:22:37.934] [INFO] [opt] 2026-10-07 16:22:37.322521 [info] 1: 0.0.0.0:22 0.0.0.0:0 0A 00000000:00000000 00:00000000 00000000 0 0 4760 1
[2026-10-07 16:22:37.934] [INFO] [opt] 2026-10-07 16:22:37.322528 [info] 2: 127.0.0.53:53 0.0.0.0:0 0A 00000000:00000000 00:00000000 00000000 992 0 3303 1
[2026-10-07 16:22:37.934] [INFO] [opt] 2026-10-07 16:22:37.322535 [info] 3: 169.254.158.190:22 169.254.21.88:39416 01 000001E0:00000000 01:00000000 00000000 0 0 7192 3
[2026-10-07 16:22:37.935] [INFO] [opt] 2026-10-07 16:22:37.322543 [info] 4: 169.254.158.190:22 169.254.21.88:39424 01 00000000:00000000 02:000AFC66 00000000 0 0 5672 2
[2026-10-07 16:22:38.007] [INFO] [opt] TryOpenClientConnection someipd_gatewayd_ipc
[2026-10-07 16:22:38.008] [INFO] [opt] ProcessStateChange 1
[2026-10-07 16:22:38.008] [INFO] [opt] [gatewayd] IPC connection to someipd established
[2026-10-07 16:22:38.008] [INFO] [opt] Creating local service instance: window_control (service_id=0x1, instance_id=0x1, specifier=gatewayd/application_window_control)
[2026-10-07 16:22:38.008] [INFO] [opt] Creating local service instance: echo_request (service_id=0x1234, instance_id=0x5678, specifier=gatewayd/application_echo_request)
[2026-10-07 16:22:38.008] [INFO] [opt] Creating remote service instance: echo_response (service_id=0x4321, instance_id=0x5678, specifier=benchmark/echo_response)

------------------------------ live log teardown -------------------------------
[2026-10-07 16:22:38.110] [INFO] [score.itf.core.com.ssh] Connecting to 169.254.158.190 ...
[2026-10-07 16:22:38.135] [INFO] [paramiko.transport] Connected (version 2.0, client OpenSSH_9.6p1)
[2026-10-07 16:22:38.200] [INFO] [paramiko.transport] Authentication (password) successful!
[2026-10-07 16:22:38.201] [INFO] [score.itf.core.com.ssh] SSH connection to 169.254.158.190 established
[2026-10-07 16:22:38.310] [INFO] [score.itf.core.com.ssh] Closed SSH connection.
[2026-10-07 16:22:38.311] [INFO] [opt] [gatewayd] RemoteServiceInstance created for instance specifier: benchmark/echo_response
[2026-10-07 16:22:38.311] [INFO] [opt] Gateway started, waiting for shutdown signal...
[2026-10-07 16:22:38.311] [INFO] [opt] [gatewayd] RemoteServiceInstance - client_connector on_service_state_change: new state=1
[2026-10-07 16:22:38.311] [INFO] [opt] [gatewayd] RemoteServiceInstance - client_connector on_service_state_change: service is now available, subscribing to events
[2026-10-07 16:22:38.311] [INFO] [opt] Received termination signal. Initiating graceful shutdown...
[2026-10-07 16:22:38.412] [INFO] [opt] Shutting down gateway...
[2026-10-07 16:22:38.412] [INFO] [opt] TrySetStopReason 2
[2026-10-07 16:22:38.412] [INFO] [opt] ProcessStateChange 2
[2026-10-07 16:22:38.412] [INFO] [opt] ProcessStateChange 3
[2026-10-07 16:22:39.310] [INFO] [score.itf.core.com.ssh] Closed SSH connection.
[2026-10-07 16:22:39.311] [INFO] [score.itf.core.com.ssh] Connecting to 169.254.158.190 ...
[2026-10-07 16:22:39.328] [INFO] [paramiko.transport] Connected (version 2.0, client OpenSSH_9.6p1)
[2026-10-07 16:22:39.389] [INFO] [paramiko.transport] Authentication (password) successful!
[2026-10-07 16:22:39.389] [INFO] [score.itf.core.com.ssh] SSH connection to 169.254.158.190 established
[2026-10-07 16:22:39.500] [INFO] [score.itf.core.com.ssh] Closed SSH connection.
[2026-10-07 16:22:39.536] [INFO] [opt] 2026-10-07 16:22:38.928113 [info] Stopping vsomeip application "someipd" (0100).
[2026-10-07 16:22:39.537] [INFO] [opt] 2026-10-07 16:22:38.928275 [info] Stopped thread 0100_m_dispatch, application 'someipd', id 721b8ffff6c0, tid 927
[2026-10-07 16:22:39.537] [INFO] [opt] 2026-10-07 16:22:38.928436 [debug] Thread destroyed. Number of active threads for someipd : 0
[2026-10-07 16:22:39.537] [INFO] [opt] 2026-10-07 16:22:38.928469 [debug] rmi::ON_STOP_OFFER_SERVICE (0100): [0001.0001:1.0]
[2026-10-07 16:22:39.537] [INFO] [opt] 2026-10-07 16:22:38.928502 [debug] ON_STOP_OFFER_SERVICE (0100): [0001.0001:1.0]
[2026-10-07 16:22:39.537] [INFO] [opt] 2026-10-07 16:22:38.928520 [debug] rmi::ON_STOP_OFFER_SERVICE (0100): [1234.5678:1.0]
[2026-10-07 16:22:39.537] [INFO] [opt] 2026-10-07 16:22:38.928676 [debug] ON_STOP_OFFER_SERVICE (0100): [1234.5678:1.0]
[2026-10-07 16:22:39.537] [INFO] [opt] 2026-10-07 16:22:38.928783 [info] usei#2::169.254.158.190:31000::stop: lifecycle_idx=1
[2026-10-07 16:22:39.537] [INFO] [opt] 2026-10-07 16:22:38.928842 [warning] usei#2::169.254.158.190:31000::operator(): stop data handler, lifecycle_idx=1 vs 2, Operation canceled, stopped=1
[2026-10-07 16:22:39.538] [INFO] [opt] 2026-10-07 16:22:38.928850 [info] usei#2::169.254.158.190:31000::stop: done, lifecycle_idx=2
[2026-10-07 16:22:39.538] [INFO] [opt] 2026-10-07 16:22:38.928867 [info] usei#2::169.254.158.190:31000::~udp_server_endpoint_impl: lifecycle_idx=2
[2026-10-07 16:22:39.538] [INFO] [opt] 2026-10-07 16:22:38.929127 [info] Stopped thread 0100_io01, application 'someipd', id 721b8e7fc6c0, tid 930
[2026-10-07 16:22:39.538] [INFO] [opt] 2026-10-07 16:22:38.929178 [info] Stopped thread 0100_shutdown, application 'someipd', id 721b8f7fe6c0, tid 928
[2026-10-07 16:22:39.538] [INFO] [opt] 2026-10-07 16:22:38.929212 [info] Stopped thread 0100_io00, application 'someipd', id 721b949fd6c0, tid 926
[2026-10-07 16:22:44.500] [ERROR] [async_exec.881] Process with PID [881] did not terminate properly, sending SIGKILL.
[2026-10-07 16:22:44.501] [INFO] [score.itf.core.com.ssh] Connecting to 169.254.158.190 ...
[2026-10-07 16:22:44.514] [INFO] [paramiko.transport] Connected (version 2.0, client OpenSSH_9.6p1)
[2026-10-07 16:22:44.573] [INFO] [paramiko.transport] Authentication (password) successful!
[2026-10-07 16:22:44.573] [INFO] [score.itf.core.com.ssh] SSH connection to 169.254.158.190 established
[2026-10-07 16:22:44.683] [INFO] [score.itf.core.com.ssh] Closed SSH connection.
[2026-10-07 16:22:44.783] [INFO] [score.itf.core.com.ssh] Closed SSH connection.
[2026-10-07 16:22:44.784] [INFO] [score.itf.plugins.qemu.qemu_process] Stopping Qemu...
[2026-10-07 16:22:44.784] [INFO] [QEMU] score-itf login: qemu-system-x86_64: terminating on signal 15 from pid 17 (/media/jefferson/11c42dee-73a3-4c2b-ab42-a0440011d9e0/.s-core-build/runs/score-someip84-full-6w80fgob/bazel-output/16df730b0babb9c4a4b46d33742bb204/sandbox/linux-sandbox/630/execroot/_main/bazel-out/k8-fastbuild/bin/tests/integration_test/test_someipd_sends_someip-sd_message.runfiles/rules_python++python+python_3_12_x86_64-unknown-linux-gnu/bin/python3)


=================================== FAILURES ===================================
_______________________ test_start_someipd_and_gatewayd ________________________

gatewayd_with_someipd = <score.itf.plugins.qemu.qemu_target.QemuTarget object at 0x74c60ffcd4c0>

    def test_start_someipd_and_gatewayd(gatewayd_with_someipd: Target) -> None:
        """Same as above but with more complex test fixture"""
>       with tcpdump_capture("udp port 30490", packet_count=1) as tcpdump_process:
             ^^^^^^^^^^^^^^^^^^^^^^^^^^^^^^^^^^^^^^^^^^^^^^^^^

tests/integration_test/someipd_sends_someip-sd_message.py:24: 
_ _ _ _ _ _ _ _ _ _ _ _ _ _ _ _ _ _ _ _ _ _ _ _ _ _ _ _ _ _ _ _ _ _ _ _ _ _ _ _ 

filter_expression = 'udp port 30490', packet_count = 1, output_file = None

    def tcpdump_capture(
        filter_expression: str,
        packet_count: int | None = None,
        output_file: str | None = None,
    ) -> CaptureProcess:
        """Start tcpdump on the host and return a CaptureProcess context manager.
    
        Args:
            filter_expression: BPF filter string.
            packet_count: Exit after this many packets; omit when using stop_capture.
            output_file: Move the completed pcap to this path after capture stops;
                         None streams text to stdout.
    
        Raises:
            RuntimeError: tcpdump exited immediately (missing binary or CAP_NET_RAW).
        """
        # -Z <current_user>: avoids tcpdump dropping to its default user, which fails without CAP_SETUID in CI (even as root).
        try:
            _z_user = pwd.getpwuid(os.getuid()).pw_name
        except KeyError:
            # uid has no /etc/passwd entry (minimal container); use numeric fallback
            _z_user = str(os.getuid())
    
        args = ["/usr/bin/tcpdump", "-n", "-i", "any", "-Z", _z_user]
    
        # Write pcap to /tmp, which is writable in all sandbox configurations.
        # CaptureProcess.__exit__ moves it to output_file after capture stops.
        text_mode = output_file is None
        tmp_pcap: str | None = None
        if output_file is not None:
            tmp_pcap = f"/tmp/tcpdump_{os.urandom(8).hex()}.pcap"
            args.extend(["-U", "-w", tmp_pcap])  # -U: packet-buffered
        else:
            args.append("-l")  # line-buffered output for text mode
    
        if packet_count is not None:
            args.extend(["-c", str(packet_count)])
        if filter_expression:
            args.append(filter_expression)
    
        try:
            proc = subprocess.Popen(
                args,
                stdout=subprocess.PIPE if output_file is None else subprocess.DEVNULL,
                stderr=subprocess.PIPE,
            )
        except OSError as exc:
            raise RuntimeError(
                f"Failed to start tcpdump ({exc}). Check that /usr/bin/tcpdump exists and "
                f"the process has CAP_NET_RAW capability."
            ) from exc
    
        # tcpdump exits within milliseconds if CAP_NET_RAW is missing or binary absent.
        time.sleep(0.2)
        if proc.poll() is not None and proc.returncode != 0:
            stderr_text = _get_content_of_file_object(proc.stderr)
>           raise RuntimeError(
                f"tcpdump failed to start (exit code {proc.returncode}). "
                f"Check that /usr/bin/tcpdump exists and the process has "
                f"CAP_NET_RAW capability. stderr: {stderr_text}"
            )
E           RuntimeError: tcpdump failed to start (exit code 1). Check that /usr/bin/tcpdump exists and the process has CAP_NET_RAW capability. stderr: tcpdump: data link type LINUX_SLL2
E           tcpdump: Couldn't change to 'root' uid=0 gid=0: Operation not permitted

tests/common/capture.py:281: RuntimeError
- generated xml file: /media/jefferson/11c42dee-73a3-4c2b-ab42-a0440011d9e0/.s-core-build/runs/score-someip84-full-6w80fgob/bazel-output/16df730b0babb9c4a4b46d33742bb204/sandbox/linux-sandbox/630/execroot/_main/bazel-out/k8-fastbuild/testlogs/tests/integration_test/test_someipd_sends_someip-sd_message/test.xml -
=========================== short test summary info ============================
FAILED ../score_itf+::test_start_someipd_and_gatewayd - RuntimeError: tcpdump...
============================== 1 failed in 28.46s ==============================
================================================================================
//tests/integration_test:test_gateway_startup                            PASSED in 26.3s
//tests/integration_test:test_score_test_applications                    PASSED in 40.5s
//tests/integration_test:test_someipd_sends_someip-sd_message            FAILED in 30.5s
  /media/jefferson/11c42dee-73a3-4c2b-ab42-a0440011d9e0/.s-core-build/runs/score-someip84-full-6w80fgob/bazel-output/16df730b0babb9c4a4b46d33742bb204/execroot/_main/bazel-out/k8-fastbuild/testlogs/tests/integration_test/test_someipd_sends_someip-sd_message/test.log
//tests/integration_test:test_someipd_started_by_test                    FAILED in 19.9s
  /media/jefferson/11c42dee-73a3-4c2b-ab42-a0440011d9e0/.s-core-build/runs/score-someip84-full-6w80fgob/bazel-output/16df730b0babb9c4a4b46d33742bb204/execroot/_main/bazel-out/k8-fastbuild/testlogs/tests/integration_test/test_someipd_started_by_test/test.log
//tests/integration_test:test_someipd_startup                            FAILED in 28.1s
  /media/jefferson/11c42dee-73a3-4c2b-ab42-a0440011d9e0/.s-core-build/runs/score-someip84-full-6w80fgob/bazel-output/16df730b0babb9c4a4b46d33742bb204/execroot/_main/bazel-out/k8-fastbuild/testlogs/tests/integration_test/test_someipd_startup/test.log
//tests/integration_test:test_tcpdump                                    FAILED in 19.5s
  /media/jefferson/11c42dee-73a3-4c2b-ab42-a0440011d9e0/.s-core-build/runs/score-someip84-full-6w80fgob/bazel-output/16df730b0babb9c4a4b46d33742bb204/execroot/_main/bazel-out/k8-fastbuild/testlogs/tests/integration_test/test_tcpdump/test.log

Executed 6 out of 6 tests: 2 tests pass and 4 fail locally.
There were tests whose specified size is too big. Use the --test_verbose_timeout_warnings command line option to see which ones these are.
