2026-10-07T16:30:21.7183460Z Current runner version: '2.337.0'
2026-10-07T16:30:21.7211175Z ##[group]Runner Image Provisioner
2026-10-07T16:30:21.7212534Z Hosted Compute Agent
2026-10-07T16:30:21.7213209Z Version: 20260901.588
2026-10-07T16:30:21.7213874Z Commit: f88ec8081b781fac6c440065ac7ff9e710ce3d0b
2026-10-07T16:30:21.7214741Z Build Date: 2026-09-01T19:56:44Z
2026-10-07T16:30:21.7215464Z Worker ID: {86a2119e-0d7e-481b-84bb-31fea010b4aa}
2026-10-07T16:30:21.7216210Z Azure Region: westus3
2026-10-07T16:30:21.7216908Z ##[endgroup]
2026-10-07T16:30:21.7218601Z ##[group]Operating System
2026-10-07T16:30:21.7219395Z Ubuntu
2026-10-07T16:30:21.7219928Z 24.04.5
2026-10-07T16:30:21.7220425Z LTS
2026-10-07T16:30:21.7221000Z ##[endgroup]
2026-10-07T16:30:21.7221802Z ##[group]Runner Image
2026-10-07T16:30:21.7222497Z Image: ubuntu-24.04
2026-10-07T16:30:21.7223096Z Version: 20260927.320.1
2026-10-07T16:30:21.7224436Z Included Software: https://github.com/actions/runner-images/blob/ubuntu24/20260927.320/images/ubuntu/Ubuntu2404-Readme.md
2026-10-07T16:30:21.7226077Z Image Release: https://github.com/actions/runner-images/releases/tag/ubuntu24%2F20260927.320
2026-10-07T16:30:21.7227155Z ##[endgroup]
2026-10-07T16:30:21.7228416Z ##[group]GITHUB_TOKEN Permissions
2026-10-07T16:30:21.7230449Z Actions: write
2026-10-07T16:30:21.7231189Z Contents: read
2026-10-07T16:30:21.7232203Z Metadata: read
2026-10-07T16:30:21.7232852Z ##[endgroup]
2026-10-07T16:30:21.7235172Z Secret source: Actions
2026-10-07T16:30:21.7236312Z Cache mode: write
2026-10-07T16:30:21.7237116Z Prepare workflow directory
2026-10-07T16:30:21.7598061Z Prepare all required actions
2026-10-07T16:30:21.7648023Z Getting action download info
2026-10-07T16:30:22.1090317Z Download action repository 'actions/checkout@v6.0.2' (SHA:de0fac2e4500dabe0009e67214ff5f5447ce83dd)
2026-10-07T16:30:22.3217033Z Uses: jnsagai/communication/.github/workflows/_thread_sanitizer.yml@refs/pull/1/merge (645d3941e14ac7253fd00d9f2e07d0b47a9571fb)
2026-10-07T16:30:22.3222137Z ##[group] Inputs
2026-10-07T16:30:22.3222675Z   cache-mode: 
2026-10-07T16:30:22.3223110Z   fetch-only: 
2026-10-07T16:30:22.3223541Z ##[endgroup]
2026-10-07T16:30:22.3224050Z Complete job name: Thread Sanitizer / Build & Test
2026-10-07T16:30:22.4027345Z ##[group]Run actions/checkout@v6.0.2
2026-10-07T16:30:22.4028301Z with:
2026-10-07T16:30:22.4028759Z   repository: jnsagai/communication
2026-10-07T16:30:22.4033099Z   token: ***
2026-10-07T16:30:22.4033552Z   ssh-strict: true
2026-10-07T16:30:22.4033991Z   ssh-user: git
2026-10-07T16:30:22.4034454Z   persist-credentials: true
2026-10-07T16:30:22.4034951Z   clean: true
2026-10-07T16:30:22.4035413Z   sparse-checkout-cone-mode: true
2026-10-07T16:30:22.4035960Z   fetch-depth: 1
2026-10-07T16:30:22.4036407Z   fetch-tags: false
2026-10-07T16:30:22.4036858Z   show-progress: true
2026-10-07T16:30:22.4037306Z   lfs: false
2026-10-07T16:30:22.4037715Z   submodules: false
2026-10-07T16:30:22.4038168Z   set-safe-directory: true
2026-10-07T16:30:22.4038993Z ##[endgroup]
2026-10-07T16:30:22.5109434Z Syncing repository: jnsagai/communication
2026-10-07T16:30:22.5112506Z ##[group]Getting Git version info
2026-10-07T16:30:22.5113839Z Working directory is '/home/runner/work/communication/communication'
2026-10-07T16:30:22.5115594Z [command]/usr/bin/git version
2026-10-07T16:30:22.5200898Z git version 2.55.0
2026-10-07T16:30:22.5240322Z ##[endgroup]
2026-10-07T16:30:22.5263611Z Temporarily overriding HOME='/home/runner/work/_temp/586af203-021e-4eb6-b08e-4ef8475923be' before making global git config changes
2026-10-07T16:30:22.5266361Z Adding repository directory to the temporary git global config as a safe directory
2026-10-07T16:30:22.5268550Z [command]/usr/bin/git config --global --add safe.directory /home/runner/work/communication/communication
2026-10-07T16:30:22.5327783Z Deleting the contents of '/home/runner/work/communication/communication'
2026-10-07T16:30:22.5333670Z ##[group]Initializing the repository
2026-10-07T16:30:22.5338880Z [command]/usr/bin/git init /home/runner/work/communication/communication
2026-10-07T16:30:22.5467866Z hint: Using 'master' as the name for the initial branch. This default branch name
2026-10-07T16:30:22.5473455Z hint: will change to "main" in Git 3.0. To configure the initial branch name
2026-10-07T16:30:22.5475162Z hint: to use in all of your new repositories, which will suppress this warning,
2026-10-07T16:30:22.5476419Z hint: call:
2026-10-07T16:30:22.5477429Z hint:
2026-10-07T16:30:22.5479133Z hint: 	git config --global init.defaultBranch <name>
2026-10-07T16:30:22.5480559Z hint:
2026-10-07T16:30:22.5481848Z hint: Names commonly chosen instead of 'master' are 'main', 'trunk' and
2026-10-07T16:30:22.5484406Z hint: 'development'. The just-created branch can be renamed via this command:
2026-10-07T16:30:22.5486521Z hint:
2026-10-07T16:30:22.5487603Z hint: 	git branch -m <name>
2026-10-07T16:30:22.5488735Z hint:
2026-10-07T16:30:22.5489994Z hint: Disable this message with "git config set advice.defaultBranchName false"
2026-10-07T16:30:22.5491977Z Initialized empty Git repository in /home/runner/work/communication/communication/.git/
2026-10-07T16:30:22.5494964Z [command]/usr/bin/git remote add origin https://github.com/jnsagai/communication
2026-10-07T16:30:22.5545304Z ##[endgroup]
2026-10-07T16:30:22.5546830Z ##[group]Disabling automatic garbage collection
2026-10-07T16:30:22.5550467Z [command]/usr/bin/git config --local gc.auto 0
2026-10-07T16:30:22.5591142Z ##[endgroup]
2026-10-07T16:30:22.5592852Z ##[group]Setting up auth
2026-10-07T16:30:22.5593747Z Removing SSH command configuration
2026-10-07T16:30:22.5608221Z [command]/usr/bin/git config --local --name-only --get-regexp core\.sshCommand
2026-10-07T16:30:22.5645749Z [command]/usr/bin/git submodule foreach --recursive sh -c "git config --local --name-only --get-regexp 'core\.sshCommand' && git config --local --unset-all 'core.sshCommand' || :"
2026-10-07T16:30:22.6088062Z Removing HTTP extra header
2026-10-07T16:30:22.6095684Z [command]/usr/bin/git config --local --name-only --get-regexp http\.https\:\/\/github\.com\/\.extraheader
2026-10-07T16:30:22.6135435Z [command]/usr/bin/git submodule foreach --recursive sh -c "git config --local --name-only --get-regexp 'http\.https\:\/\/github\.com\/\.extraheader' && git config --local --unset-all 'http.https://github.com/.extraheader' || :"
2026-10-07T16:30:22.6420096Z Removing includeIf entries pointing to credentials config files
2026-10-07T16:30:22.6421825Z [command]/usr/bin/git config --local --name-only --get-regexp ^includeIf\.gitdir:
2026-10-07T16:30:22.6424102Z [command]/usr/bin/git submodule foreach --recursive git config --local --show-origin --name-only --get-regexp remote.origin.url
2026-10-07T16:30:22.6661145Z [command]/usr/bin/git config --file /home/runner/work/_temp/git-credentials-066613dc-2cd9-427d-9bc5-86c2718f7383.config http.https://github.com/.extraheader AUTHORIZATION: basic ***
2026-10-07T16:30:22.6705075Z [command]/usr/bin/git config --local includeIf.gitdir:/home/runner/work/communication/communication/.git.path /home/runner/work/_temp/git-credentials-066613dc-2cd9-427d-9bc5-86c2718f7383.config
2026-10-07T16:30:22.6742121Z [command]/usr/bin/git config --local includeIf.gitdir:/home/runner/work/communication/communication/.git/worktrees/*.path /home/runner/work/_temp/git-credentials-066613dc-2cd9-427d-9bc5-86c2718f7383.config
2026-10-07T16:30:22.6783663Z [command]/usr/bin/git config --local includeIf.gitdir:/github/workspace/.git.path /github/runner_temp/git-credentials-066613dc-2cd9-427d-9bc5-86c2718f7383.config
2026-10-07T16:30:22.6853813Z [command]/usr/bin/git config --local includeIf.gitdir:/github/workspace/.git/worktrees/*.path /github/runner_temp/git-credentials-066613dc-2cd9-427d-9bc5-86c2718f7383.config
2026-10-07T16:30:22.6893643Z ##[endgroup]
2026-10-07T16:30:22.6894559Z ##[group]Fetching the repository
2026-10-07T16:30:22.6907704Z [command]/usr/bin/git -c protocol.version=2 fetch --no-tags --prune --no-recurse-submodules --depth=1 origin +645d3941e14ac7253fd00d9f2e07d0b47a9571fb:refs/remotes/pull/1/merge
2026-10-07T16:30:29.1148622Z From https://github.com/jnsagai/communication
2026-10-07T16:30:29.1150703Z  * [new ref]         645d3941e14ac7253fd00d9f2e07d0b47a9571fb -> pull/1/merge
2026-10-07T16:30:29.1154189Z ##[endgroup]
2026-10-07T16:30:29.1155546Z ##[group]Determining the checkout info
2026-10-07T16:30:29.1156917Z ##[endgroup]
2026-10-07T16:30:29.1161927Z [command]/usr/bin/git sparse-checkout disable
2026-10-07T16:30:29.1225624Z [command]/usr/bin/git config --local --unset-all extensions.worktreeConfig
2026-10-07T16:30:29.1262021Z ##[group]Checking out the ref
2026-10-07T16:30:29.1265978Z [command]/usr/bin/git checkout --progress --force refs/remotes/pull/1/merge
2026-10-07T16:30:29.3284274Z Note: switching to 'refs/remotes/pull/1/merge'.
2026-10-07T16:30:29.3284695Z 
2026-10-07T16:30:29.3284958Z You are in 'detached HEAD' state. You can look around, make experimental
2026-10-07T16:30:29.3285532Z changes and commit them, and you can discard any commits you make in this
2026-10-07T16:30:29.3286103Z state without impacting any branches by switching back to a branch.
2026-10-07T16:30:29.3286493Z 
2026-10-07T16:30:29.3286715Z If you want to create a new branch to retain commits you create, you may
2026-10-07T16:30:29.3287254Z do so (now or later) by using -c with the switch command. Example:
2026-10-07T16:30:29.3287551Z 
2026-10-07T16:30:29.3287713Z   git switch -c <new-branch-name>
2026-10-07T16:30:29.3287930Z 
2026-10-07T16:30:29.3288069Z Or undo this operation with:
2026-10-07T16:30:29.3288256Z 
2026-10-07T16:30:29.3288386Z   git switch -
2026-10-07T16:30:29.3288549Z 
2026-10-07T16:30:29.3304307Z Turn off this advice by setting config variable advice.detachedHead to false
2026-10-07T16:30:29.3305073Z 
2026-10-07T16:30:29.3305830Z HEAD is now at 645d394 Merge c25ca1b53e6377b37a9fe05d46806d8e39158501 into c77751819b8885a902540dbef7f0fe25cf85d51c
2026-10-07T16:30:29.3308419Z ##[endgroup]
2026-10-07T16:30:29.3356873Z [command]/usr/bin/git log -1 --format=%H
2026-10-07T16:30:29.3386104Z 645d3941e14ac7253fd00d9f2e07d0b47a9571fb
2026-10-07T16:30:29.3746873Z Prepare all required actions
2026-10-07T16:30:29.3747584Z Getting action download info
2026-10-07T16:30:29.5722704Z Download action repository 'eclipse-score/more-disk-space@v1' (SHA:beee38c3b4426a7c43fdfeb2495d1af812179c3e)
2026-10-07T16:30:29.9888207Z Download action repository 'bazel-contrib/setup-bazel@0.19.0' (SHA:c5acdfb288317d0b5c0bbd7a396a3dc868bb0f86)
2026-10-07T16:30:31.1029083Z Download action repository 'eclipse-score/cicd-actions@f89865691445b60e9229c36adb1c37b675e1ca85' (SHA:f89865691445b60e9229c36adb1c37b675e1ca85)
2026-10-07T16:30:31.8976887Z ##[group]Run ./.github/actions/00_infrastructure/prepare_bazel_environment
2026-10-07T16:30:31.8977312Z with:
2026-10-07T16:30:31.8977529Z   disk-cache: build_and_test_tsan
2026-10-07T16:30:31.8977802Z   repository-cache: false
2026-10-07T16:30:31.8978044Z ##[endgroup]
2026-10-07T16:30:31.9036985Z ##[start-action display=Set environment and compute cache mode;id=__self.__run]
2026-10-07T16:30:31.9097007Z ##[group]Run echo "ANDROID_HOME=" >> "$GITHUB_ENV"
2026-10-07T16:30:31.9097450Z [36;1mecho "ANDROID_HOME=" >> "$GITHUB_ENV"[0m
2026-10-07T16:30:31.9097801Z [36;1mecho "ANDROID_SDK_ROOT=" >> "$GITHUB_ENV"[0m
2026-10-07T16:30:31.9098235Z [36;1mecho "FORCE_JAVASCRIPT_ACTIONS_TO_NODE24=true" >> "$GITHUB_ENV"[0m
2026-10-07T16:30:31.9098613Z [36;1m[0m
2026-10-07T16:30:31.9098815Z [36;1mif [[ -n "" ]]; then[0m
2026-10-07T16:30:31.9099057Z [36;1m  MODE=""[0m
2026-10-07T16:30:31.9099564Z [36;1melif [[ "pull_request" == "pull_request" || "pull_request" == "pull_request_target" || "pull_request" == "merge_group" ]]; then[0m
2026-10-07T16:30:31.9100119Z [36;1m  MODE="read-only"[0m
2026-10-07T16:30:31.9100527Z [36;1melif [[ "pull_request" == "push" && "refs/pull/1/merge" == "refs/heads/main" ]]; then[0m
2026-10-07T16:30:31.9100961Z [36;1m  MODE="update-disk"[0m
2026-10-07T16:30:31.9101201Z [36;1melse[0m
2026-10-07T16:30:31.9101619Z [36;1m  MODE="disabled"[0m
2026-10-07T16:30:31.9101856Z [36;1mfi[0m
2026-10-07T16:30:31.9102096Z [36;1mecho "CACHE_MODE=${MODE}" >> "$GITHUB_ENV"[0m
2026-10-07T16:30:31.9102612Z [36;1mecho "Cache mode: ${MODE}"[0m
2026-10-07T16:30:31.9379017Z shell: /usr/bin/bash --noprofile --norc -e -o pipefail {0}
2026-10-07T16:30:31.9379565Z ##[endgroup]
2026-10-07T16:30:31.9492272Z Cache mode: read-only
2026-10-07T16:30:31.9516751Z ##[end-action id=__self.__run;outcome=success;conclusion=success;duration_ms=47]
2026-10-07T16:30:31.9519465Z ##[start-action display=Free Disk Space (Ubuntu);id=__self.__eclipse-score_more-disk-space]
2026-10-07T16:30:31.9580363Z ##[group]Run eclipse-score/more-disk-space@v1
2026-10-07T16:30:31.9580700Z with:
2026-10-07T16:30:31.9580934Z   level: 4
2026-10-07T16:30:31.9581153Z   enable-problem-matchers: true
2026-10-07T16:30:31.9581681Z env:
2026-10-07T16:30:31.9581871Z   ANDROID_HOME: 
2026-10-07T16:30:31.9582088Z   ANDROID_SDK_ROOT: 
2026-10-07T16:30:31.9582328Z   FORCE_JAVASCRIPT_ACTIONS_TO_NODE24: true
2026-10-07T16:30:31.9582622Z   CACHE_MODE: read-only
2026-10-07T16:30:31.9582857Z ##[endgroup]
2026-10-07T16:30:31.9912454Z 🗑️  More Disk Space - running 13 steps (level 4)
2026-10-07T16:30:31.9913054Z 
2026-10-07T16:30:31.9913664Z Available space before: 86 GiB
2026-10-07T16:30:31.9914024Z 
2026-10-07T16:30:31.9950531Z Downloading rmz 3.1.1 for parallel removal...
2026-10-07T16:30:32.3211661Z Removing /usr/share/swift...
2026-10-07T16:30:32.3212381Z Removing /usr/local/share/powershell...
2026-10-07T16:30:32.3213316Z Removing /usr/local/share/chromium...
2026-10-07T16:30:32.3214147Z Removing /usr/share/dotnet...
2026-10-07T16:30:32.3215032Z Removing /usr/share/gradle-9.8.0...
2026-10-07T16:30:32.3215821Z Removing /usr/local/.ghcup...
2026-10-07T16:30:32.3216393Z Removing /opt/ghc...
2026-10-07T16:30:32.3216924Z Removing /opt/cabal...
2026-10-07T16:30:32.3217498Z Removing /home/runner/.ghcup...
2026-10-07T16:30:32.3218127Z Removing /home/runner/.cabal...
2026-10-07T16:30:32.3218822Z Removing /usr/local/julia1.13.1...
2026-10-07T16:30:32.3220032Z Removing /usr/local/aws-cli...
2026-10-07T16:30:32.3222556Z Removing /opt/az...
2026-10-07T16:30:32.3223296Z Removing /usr/share/az_15.6.1...
2026-10-07T16:30:32.3224046Z Removing /usr/local/lib/android...
2026-10-07T16:30:32.3224725Z Removing /opt/android...
2026-10-07T16:30:32.3225416Z Removing /usr/local/android-sdk...
2026-10-07T16:30:32.3226167Z Removing /home/runner/Android...
2026-10-07T16:30:32.3226729Z Removing /usr/local/aws-sam-cli...
2026-10-07T16:30:32.3227205Z Removing /usr/share/miniconda...
2026-10-07T16:30:58.6143142Z Removing dotnet packages...
2026-10-07T16:30:58.6356278Z Removing haskell packages...
2026-10-07T16:30:58.6549527Z Removing android-sdk packages...
2026-10-07T16:30:58.6735826Z Cleared Android SDK environment after removing the Android SDK.
2026-10-07T16:30:58.6760266Z 
2026-10-07T16:30:58.6760851Z ✅ Cleanup complete!
2026-10-07T16:30:58.6761578Z Available space after: 115 GiB
2026-10-07T16:30:58.6762120Z Space freed: 29 GiB
2026-10-07T16:30:58.6815899Z ##[end-action id=__self.__eclipse-score_more-disk-space;outcome=success;conclusion=success;duration_ms=26729]
2026-10-07T16:30:58.6818735Z ##[start-action display=Install Bazelisk;id=__self.__bazel-contrib_setup-bazel]
2026-10-07T16:30:58.6887404Z ##[group]Run bazel-contrib/setup-bazel@0.19.0
2026-10-07T16:30:58.6887710Z with:
2026-10-07T16:30:58.6887900Z   bazelisk-cache: true
2026-10-07T16:30:58.6888114Z   disk-cache: false
2026-10-07T16:30:58.6888325Z   repository-cache: false
2026-10-07T16:30:58.6888544Z   cache-save: false
2026-10-07T16:30:58.6888739Z   cache-version: 1
2026-10-07T16:30:58.6888932Z   module-root: .
2026-10-07T16:30:58.6891842Z   token: ***
2026-10-07T16:30:58.6892040Z env:
2026-10-07T16:30:58.6892219Z   ANDROID_HOME: 
2026-10-07T16:30:58.6892422Z   ANDROID_SDK_ROOT: 
2026-10-07T16:30:58.6892654Z   FORCE_JAVASCRIPT_ACTIONS_TO_NODE24: true
2026-10-07T16:30:58.6892954Z   CACHE_MODE: read-only
2026-10-07T16:30:58.6893169Z ##[endgroup]
2026-10-07T16:30:58.8379939Z ##[group]Configure Bazel
2026-10-07T16:30:58.8380762Z Configuration:
2026-10-07T16:30:58.8383348Z {
2026-10-07T16:30:58.8384684Z   "baseCacheKey": "setup-bazel-1-linux-x64",
2026-10-07T16:30:58.8385557Z   "cacheSave": false,
2026-10-07T16:30:58.8386272Z   "bazeliskCache": {
2026-10-07T16:30:58.8386966Z     "enabled": true,
2026-10-07T16:30:58.8387600Z     "files": [
2026-10-07T16:30:58.8388267Z       "./.bazelversion"
2026-10-07T16:30:58.8388836Z     ],
2026-10-07T16:30:58.8389464Z     "name": "bazelisk",
2026-10-07T16:30:58.8390114Z     "paths": [
2026-10-07T16:30:58.8390886Z       "/home/runner/.cache/bazelisk"
2026-10-07T16:30:58.8391562Z     ]
2026-10-07T16:30:58.8391894Z   },
2026-10-07T16:30:58.8392302Z   "bazeliskVersion": "",
2026-10-07T16:30:58.8392770Z   "bazelrc": [],
2026-10-07T16:30:58.8393156Z   "diskCache": {
2026-10-07T16:30:58.8393570Z     "enabled": false,
2026-10-07T16:30:58.8393969Z     "files": [
2026-10-07T16:30:58.8394391Z       "./MODULE.bazel",
2026-10-07T16:30:58.8394855Z       "./WORKSPACE.bazel",
2026-10-07T16:30:58.8395333Z       "./WORKSPACE.bzlmod",
2026-10-07T16:30:58.8395785Z       "./WORKSPACE",
2026-10-07T16:30:58.8396386Z       "./**/BUILD.bazel",
2026-10-07T16:30:58.8396808Z       "./**/BUILD"
2026-10-07T16:30:58.8397131Z     ],
2026-10-07T16:30:58.8397489Z     "name": "disk",
2026-10-07T16:30:58.8398023Z     "paths": [
2026-10-07T16:30:58.8398531Z       "/home/runner/.cache/bazel-disk"
2026-10-07T16:30:58.8398920Z     ]
2026-10-07T16:30:58.8399101Z   },
2026-10-07T16:30:58.8399365Z   "externalCache": {},
2026-10-07T16:30:58.8399759Z   "paths": {
2026-10-07T16:30:58.8400154Z     "bazelExternal": "/home/runner/.bazel/external",
2026-10-07T16:30:58.8400628Z     "bazelOutputBase": "/home/runner/.bazel",
2026-10-07T16:30:58.8400977Z     "bazelrc": [
2026-10-07T16:30:58.8401744Z       "/home/runner/.bazelrc"
2026-10-07T16:30:58.8401999Z     ]
2026-10-07T16:30:58.8402299Z   },
2026-10-07T16:30:58.8402610Z   "os": {
2026-10-07T16:30:58.8402862Z     "arch": "x64",
2026-10-07T16:30:58.8403144Z     "platform": "linux"
2026-10-07T16:30:58.8403364Z   },
2026-10-07T16:30:58.8404046Z   "repositoryCache": {
2026-10-07T16:30:58.8404375Z     "enabled": false,
2026-10-07T16:30:58.8404639Z     "files": [
2026-10-07T16:30:58.8405089Z       "./MODULE.bazel",
2026-10-07T16:30:58.8405392Z       "./WORKSPACE.bazel",
2026-10-07T16:30:58.8405708Z       "./WORKSPACE.bzlmod",
2026-10-07T16:30:58.8406122Z       "./WORKSPACE"
2026-10-07T16:30:58.8406381Z     ],
2026-10-07T16:30:58.8406646Z     "name": "repository",
2026-10-07T16:30:58.8406919Z     "paths": [
2026-10-07T16:30:58.8407409Z       "/home/runner/.cache/bazel-repo"
2026-10-07T16:30:58.8407683Z     ]
2026-10-07T16:30:58.8407871Z   }
2026-10-07T16:30:58.8408049Z }
2026-10-07T16:30:58.8408666Z ##[endgroup]
2026-10-07T16:30:59.8078240Z ##[group]Restore cache for bazelisk
2026-10-07T16:31:00.0385006Z Failed to restore bazelisk cache
2026-10-07T16:31:00.0385746Z ##[endgroup]
2026-10-07T16:31:00.0466212Z ##[end-action id=__self.__bazel-contrib_setup-bazel;outcome=success;conclusion=success;duration_ms=1364]
2026-10-07T16:31:00.0470267Z ##[start-action display=Register post cache save hook and restore caches;id=__self.__self]
2026-10-07T16:31:00.0546287Z ##[group]Run ./.github/actions/00_infrastructure/setup_bazel_cache
2026-10-07T16:31:00.0546916Z with:
2026-10-07T16:31:00.0547290Z   cache-mode: read-only
2026-10-07T16:31:00.0547722Z   disk-cache-name: build_and_test_tsan
2026-10-07T16:31:00.0553472Z   github-token: ***
2026-10-07T16:31:00.0553878Z env:
2026-10-07T16:31:00.0554204Z   ANDROID_HOME: 
2026-10-07T16:31:00.0554573Z   ANDROID_SDK_ROOT: 
2026-10-07T16:31:00.0554994Z   FORCE_JAVASCRIPT_ACTIONS_TO_NODE24: true
2026-10-07T16:31:00.0555464Z   CACHE_MODE: read-only
2026-10-07T16:31:00.0560818Z   BAZELISK_GITHUB_TOKEN: ***
2026-10-07T16:31:00.0561250Z ##[endgroup]
2026-10-07T16:31:00.1702319Z Restoring repository cache...
2026-10-07T16:31:00.3785156Z No repository cache found.
2026-10-07T16:31:00.3786012Z Restoring disk cache 'build_and_test_tsan'...
2026-10-07T16:31:00.5990014Z No disk cache found.
2026-10-07T16:31:00.5991036Z Bazel cache paths written to /home/runner/.bazelrc
2026-10-07T16:31:00.5993565Z Cache setup complete (mode: read-only, disk-cache: build_and_test_tsan). Post hook registered for save.
2026-10-07T16:31:00.6080861Z ##[end-action id=__self.__self;outcome=success;conclusion=success;duration_ms=560]
2026-10-07T16:31:00.6085734Z ##[start-action display=Configure optional Ubuntu snapshot mirror for Bazel downloader;id=__self.__run_2]
2026-10-07T16:31:00.6106299Z ##[group]Run if [[ -z "${UBUNTU_SNAPSHOT_MIRROR_URL}" ]]; then
2026-10-07T16:31:00.6106754Z [36;1mif [[ -z "${UBUNTU_SNAPSHOT_MIRROR_URL}" ]]; then[0m
2026-10-07T16:31:00.6107321Z [36;1m  echo "No override for public Ubuntu snapshot mirror configured; using default snapshot.ubuntu.com URL."[0m
2026-10-07T16:31:00.6107840Z [36;1m  exit 0[0m
2026-10-07T16:31:00.6108033Z [36;1mfi[0m
2026-10-07T16:31:00.6108216Z [36;1m[0m
2026-10-07T16:31:00.6108440Z [36;1mMIRROR_URL="${UBUNTU_SNAPSHOT_MIRROR_URL}"[0m
2026-10-07T16:31:00.6108865Z [36;1mDOWNLOADER_CONFIG="${GITHUB_WORKSPACE}/user.downloader_config"[0m
2026-10-07T16:31:00.6109244Z [36;1m[0m
2026-10-07T16:31:00.6109598Z [36;1mMIRROR_URL="${MIRROR_URL}" DOWNLOADER_CONFIG="${DOWNLOADER_CONFIG}" python3 - <<'PY'[0m
2026-10-07T16:31:00.6110045Z [36;1mimport os[0m
2026-10-07T16:31:00.6110271Z [36;1mfrom pathlib import Path[0m
2026-10-07T16:31:00.6110516Z [36;1m[0m
2026-10-07T16:31:00.6110735Z [36;1mmirror_url = os.environ["MIRROR_URL"][0m
2026-10-07T16:31:00.6111111Z [36;1mdownloader_config = Path(os.environ["DOWNLOADER_CONFIG"])[0m
2026-10-07T16:31:00.6111756Z [36;1mdownloader_config.write_text([0m
2026-10-07T16:31:00.6112026Z [36;1m    "\n".join([[0m
2026-10-07T16:31:00.6112605Z [36;1m        f"rewrite snapshot.ubuntu.com/ubuntu/[^/]*/(.*) {mirror_url}.debmirror.stablebuild.com/2026-04-01T10:40:01Z/archive.ubuntu.com/ubuntu/$1",[0m
2026-10-07T16:31:00.6113712Z [36;1m        f"rewrite snapshot.ubuntu.com/ubuntu/[^/]*/(.*) {mirror_url}.debmirror.stablebuild.com/2026-04-01T10:40:01Z/ports.ubuntu.com/$1",[0m
2026-10-07T16:31:00.6114481Z [36;1m        # Retain public mirror as fallback should quota of override mirror be exhausted[0m
2026-10-07T16:31:00.6115062Z [36;1m        "rewrite snapshot.ubuntu.com/ubuntu/(.*) snapshot.ubuntu.com/ubuntu/$1",[0m
2026-10-07T16:31:00.6115465Z [36;1m    ]) + "\n",[0m
2026-10-07T16:31:00.6115689Z [36;1m    encoding="utf-8",[0m
2026-10-07T16:31:00.6115918Z [36;1m)[0m
2026-10-07T16:31:00.6116101Z [36;1mPY[0m
2026-10-07T16:31:00.6116283Z [36;1m[0m
2026-10-07T16:31:00.6116667Z [36;1mecho "common --downloader_config=${DOWNLOADER_CONFIG}" >> "${GITHUB_WORKSPACE}/user.bazelrc"[0m
2026-10-07T16:31:00.6117309Z [36;1mecho "Configured Bazel downloader mirror with fallback for Ubuntu snapshot URLs."[0m
2026-10-07T16:31:00.6180742Z shell: /usr/bin/bash --noprofile --norc -e -o pipefail {0}
2026-10-07T16:31:00.6181094Z env:
2026-10-07T16:31:00.6181555Z   ANDROID_HOME: 
2026-10-07T16:31:00.6181805Z   ANDROID_SDK_ROOT: 
2026-10-07T16:31:00.6182057Z   FORCE_JAVASCRIPT_ACTIONS_TO_NODE24: true
2026-10-07T16:31:00.6182355Z   CACHE_MODE: read-only
2026-10-07T16:31:00.6185116Z   BAZELISK_GITHUB_TOKEN: ***
2026-10-07T16:31:00.6185383Z   UBUNTU_SNAPSHOT_MIRROR_URL: 
2026-10-07T16:31:00.6185622Z ##[endgroup]
2026-10-07T16:31:00.6270829Z No override for public Ubuntu snapshot mirror configured; using default snapshot.ubuntu.com URL.
2026-10-07T16:31:00.6278127Z ##[end-action id=__self.__run_2;outcome=success;conclusion=success;duration_ms=19]
2026-10-07T16:31:00.6280813Z ##[start-action display=Allow linux-sandbox;id=__self.__eclipse-score_cicd-actions]
2026-10-07T16:31:00.6313565Z ##[group]Run eclipse-score/cicd-actions/unblock-user-namespace-for-linux-sandbox@f89865691445b60e9229c36adb1c37b675e1ca85
2026-10-07T16:31:00.6314139Z env:
2026-10-07T16:31:00.6314325Z   ANDROID_HOME: 
2026-10-07T16:31:00.6314522Z   ANDROID_SDK_ROOT: 
2026-10-07T16:31:00.6314755Z   FORCE_JAVASCRIPT_ACTIONS_TO_NODE24: true
2026-10-07T16:31:00.6315035Z   CACHE_MODE: read-only
2026-10-07T16:31:00.6317798Z   BAZELISK_GITHUB_TOKEN: ***
2026-10-07T16:31:00.6318236Z ##[endgroup]
2026-10-07T16:31:00.6322091Z ##[start-action display=Allow linux-sandbox to create user namespace;id=__self.__eclipse-score_cicd-actions.__run]
2026-10-07T16:31:00.6340550Z ##[group]Run /home/runner/work/_actions/eclipse-score/cicd-actions/f89865691445b60e9229c36adb1c37b675e1ca85/unblock-user-namespace-for-linux-sandbox/action_callable.sh
2026-10-07T16:31:00.6341998Z [36;1m/home/runner/work/_actions/eclipse-score/cicd-actions/f89865691445b60e9229c36adb1c37b675e1ca85/unblock-user-namespace-for-linux-sandbox/action_callable.sh[0m
2026-10-07T16:31:00.6402372Z shell: /usr/bin/bash --noprofile --norc -e -o pipefail {0}
2026-10-07T16:31:00.6402762Z env:
2026-10-07T16:31:00.6402969Z   ANDROID_HOME: 
2026-10-07T16:31:00.6403199Z   ANDROID_SDK_ROOT: 
2026-10-07T16:31:00.6403462Z   FORCE_JAVASCRIPT_ACTIONS_TO_NODE24: true
2026-10-07T16:31:00.6403776Z   CACHE_MODE: read-only
2026-10-07T16:31:00.6406854Z   BAZELISK_GITHUB_TOKEN: ***
2026-10-07T16:31:00.6407142Z ##[endgroup]
2026-10-07T16:31:01.1200404Z 2026/10/07 16:31:01 Downloading https://releases.bazel.build/8.7.0/release/bazel-8.7.0-linux-x86_64...
2026-10-07T16:31:01.3939816Z Extracting Bazel installation...
2026-10-07T16:31:02.4171546Z Starting local Bazel server (8.7.0) and connecting to it...
2026-10-07T16:31:03.9474597Z INFO: Invocation ID: 9703f321-ec9b-4382-90c0-2c393f7203b3
2026-10-07T16:31:04.0575733Z Success: '/home/runner/.cache/bazel/_bazel_runner/install/24cd1949a87b52de06e695638d54f5e1/linux-sandbox /bin/true' succeeded.
2026-10-07T16:31:04.0594153Z ##[end-action id=__self.__eclipse-score_cicd-actions.__run;outcome=success;conclusion=success;duration_ms=3427]
2026-10-07T16:31:04.0614318Z ##[end-action id=__self.__eclipse-score_cicd-actions;outcome=success;conclusion=success;duration_ms=3433]
2026-10-07T16:31:04.0664658Z ##[group]Run bazel test --config=ci --config=tsan //... --build_tests_only
2026-10-07T16:31:04.0665468Z [36;1mbazel test --config=ci --config=tsan //... --build_tests_only[0m
2026-10-07T16:31:04.0749276Z shell: /usr/bin/bash -e {0}
2026-10-07T16:31:04.0749722Z env:
2026-10-07T16:31:04.0750038Z   ANDROID_HOME: 
2026-10-07T16:31:04.0750391Z   ANDROID_SDK_ROOT: 
2026-10-07T16:31:04.0750776Z   FORCE_JAVASCRIPT_ACTIONS_TO_NODE24: true
2026-10-07T16:31:04.0751251Z   CACHE_MODE: read-only
2026-10-07T16:31:04.0757182Z   BAZELISK_GITHUB_TOKEN: ***
2026-10-07T16:31:04.0757597Z ##[endgroup]
2026-10-07T16:31:04.1893225Z INFO: Invocation ID: e8f7561b-b21a-4439-908c-888939d6d78d
2026-10-07T16:31:04.2522849Z Computing main repo mapping: 
2026-10-07T16:31:14.2527102Z Computing main repo mapping: 
2026-10-07T16:31:24.2542744Z Computing main repo mapping: 
2026-10-07T16:31:27.4822390Z Loading: 
2026-10-07T16:31:27.4838292Z Loading: 6 packages loaded
2026-10-07T16:31:31.8996629Z Analyzing: 514 targets (312 packages loaded, 0 targets configured)
2026-10-07T16:31:31.9355218Z Analyzing: 514 targets (312 packages loaded, 0 targets configured)
2026-10-07T16:31:31.9392509Z 
2026-10-07T16:31:34.4107900Z WARNING: /home/runner/work/communication/communication/MODULE.bazel:196:20: The module extension apt defined in @rules_distroless//apt:extensions.bzl reported incorrect imports of repositories via use_repo():
2026-10-07T16:31:34.4142579Z 
2026-10-07T16:31:34.4151226Z Imported, but reported as indirect dependencies by the extension:
2026-10-07T16:31:34.4155550Z     ubuntu24_04_sysroot_resolve
2026-10-07T16:31:34.4156280Z 
2026-10-07T16:31:34.4157452Z Fix the use_repo calls by running 'bazel mod tidy'.
2026-10-07T16:31:41.9804013Z Analyzing: 514 targets (441 packages loaded, 471 targets configured)
2026-10-07T16:31:41.9804862Z 
2026-10-07T16:31:52.0132497Z Analyzing: 514 targets (441 packages loaded, 471 targets configured)
2026-10-07T16:31:52.0138416Z 
2026-10-07T16:32:02.2152392Z Analyzing: 514 targets (441 packages loaded, 471 targets configured)
2026-10-07T16:32:02.2153701Z 
2026-10-07T16:32:12.2597199Z Analyzing: 514 targets (523 packages loaded, 8558 targets configured)
2026-10-07T16:32:12.2622143Z 
2026-10-07T16:32:16.8032322Z DEBUG: Rule 'score_baselibs++_repo_rules+acl-deb' indicated that a canonical reproducible form can be obtained by modifying arguments integrity = "sha256-5AjUxw54AQdOpFkYAgilQtVPVjibpIU3BDTy0A6VCYA=" and dropping ["visibility"]
2026-10-07T16:32:16.8035142Z DEBUG: Repository score_baselibs++_repo_rules+acl-deb instantiated at:
2026-10-07T16:32:16.8084825Z   <builtin>: in <toplevel>
2026-10-07T16:32:16.8085538Z Repository rule deb defined at:
2026-10-07T16:32:16.8093258Z   /home/runner/.bazel/external/download_utils+/download/deb/repository.bzl:78:22: in <toplevel>
2026-10-07T16:32:22.3639557Z Analyzing: 514 targets (663 packages loaded, 14298 targets configured)
2026-10-07T16:32:22.3671887Z 
2026-10-07T16:32:30.8962371Z DEBUG: Rule '+_repo_rules3+clang_format' indicated that a canonical reproducible form can be obtained by modifying arguments integrity = "sha256-Lj6lg0XiCgKLjDWv+WT3TfFOTNF+LVJKjvwbqeztfaI="
2026-10-07T16:32:30.8982115Z DEBUG: Repository +_repo_rules3+clang_format instantiated at:
2026-10-07T16:32:30.8983320Z   <builtin>: in <toplevel>
2026-10-07T16:32:30.8984806Z Repository rule file defined at:
2026-10-07T16:32:30.8986935Z   /home/runner/.bazel/external/download_utils+/download/file/repository.bzl:75:23: in <toplevel>
2026-10-07T16:32:32.4042131Z Analyzing: 514 targets (750 packages loaded, 16340 targets configured)
2026-10-07T16:32:32.4058118Z [7 / 11] checking cached actions
2026-10-07T16:32:42.4119995Z Analyzing: 514 targets (920 packages loaded, 17911 targets configured)
2026-10-07T16:32:42.4134470Z [9 / 11] checking cached actions
2026-10-07T16:32:52.4848043Z Analyzing: 514 targets (989 packages loaded, 19645 targets configured)
2026-10-07T16:32:52.4849115Z [12 / 16] checking cached actions
2026-10-07T16:33:02.7435993Z Analyzing: 514 targets (1011 packages loaded, 19853 targets configured)
2026-10-07T16:33:02.7437383Z [15 / 21] checking cached actions
2026-10-07T16:33:13.0244155Z Analyzing: 514 targets (1037 packages loaded, 20703 targets configured)
2026-10-07T16:33:13.0245454Z [21 / 21] no actions running
2026-10-07T16:33:23.0760016Z Analyzing: 514 targets (1113 packages loaded, 22026 targets configured)
2026-10-07T16:33:23.0761537Z [21 / 21] no actions running
2026-10-07T16:33:33.0818786Z Analyzing: 514 targets (1175 packages loaded, 24521 targets configured)
2026-10-07T16:33:33.0823929Z [21 / 22] checking cached actions
2026-10-07T16:33:43.0942187Z Analyzing: 514 targets (1215 packages loaded, 25612 targets configured)
2026-10-07T16:33:43.0944033Z [21 / 22] checking cached actions
2026-10-07T16:33:53.1654541Z Analyzing: 514 targets (1276 packages loaded, 26915 targets configured)
2026-10-07T16:33:53.1659962Z [21 / 22] checking cached actions
2026-10-07T16:34:03.2404449Z Analyzing: 514 targets (1313 packages loaded, 32353 targets configured)
2026-10-07T16:34:03.2405637Z [21 / 23] checking cached actions
2026-10-07T16:34:13.3493886Z Analyzing: 514 targets (1344 packages loaded, 33976 targets configured)
2026-10-07T16:34:13.3504821Z [21 / 25] checking cached actions
2026-10-07T16:34:23.4267529Z Analyzing: 514 targets (1379 packages loaded, 38387 targets configured)
2026-10-07T16:34:23.4292579Z [24 / 25] 3 / 114 tests; Testing //:format_test_C++_with_clang-format; 8s local
2026-10-07T16:34:33.6072960Z Analyzing: 514 targets (1395 packages loaded, 39755 targets configured)
2026-10-07T16:34:33.6102791Z [24 / 25] 3 / 114 tests; Testing //:format_test_C++_with_clang-format; 18s local
2026-10-07T16:34:43.6237782Z Analyzing: 514 targets (1415 packages loaded, 40699 targets configured)
2026-10-07T16:34:43.6272652Z [24 / 25] 3 / 114 tests; Testing //:format_test_C++_with_clang-format; 28s local
2026-10-07T16:34:53.7096806Z Analyzing: 514 targets (1419 packages loaded, 40784 targets configured)
2026-10-07T16:34:53.7097927Z [25 / 25] 4 / 114 tests; no actions running
2026-10-07T16:35:03.9300132Z Analyzing: 514 targets (1419 packages loaded, 40784 targets configured)
2026-10-07T16:35:03.9301910Z [25 / 25] 4 / 114 tests; no actions running
2026-10-07T16:35:14.0363085Z Analyzing: 514 targets (1419 packages loaded, 40784 targets configured)
2026-10-07T16:35:14.0364385Z [25 / 25] 4 / 114 tests; no actions running
2026-10-07T16:35:24.2557026Z Analyzing: 514 targets (1419 packages loaded, 40784 targets configured)
2026-10-07T16:35:24.2558129Z [25 / 25] 4 / 114 tests; no actions running
2026-10-07T16:35:34.2622425Z Analyzing: 514 targets (1419 packages loaded, 40784 targets configured)
2026-10-07T16:35:34.2623536Z [25 / 25] 4 / 114 tests; no actions running
2026-10-07T16:35:44.3441066Z Analyzing: 514 targets (1419 packages loaded, 40784 targets configured)
2026-10-07T16:35:44.3443197Z [25 / 25] 4 / 114 tests; no actions running
2026-10-07T16:35:55.1552198Z Analyzing: 514 targets (1419 packages loaded, 40784 targets configured)
2026-10-07T16:35:55.1553224Z [25 / 25] 4 / 114 tests; no actions running
2026-10-07T16:36:05.3052530Z Analyzing: 514 targets (1419 packages loaded, 40784 targets configured)
2026-10-07T16:36:05.3053823Z [25 / 25] 4 / 114 tests; no actions running
2026-10-07T16:36:15.3079133Z Analyzing: 514 targets (1420 packages loaded, 49850 targets configured)
2026-10-07T16:36:15.3080763Z [25 / 25] 4 / 114 tests; no actions running
2026-10-07T16:36:25.5276705Z Analyzing: 514 targets (1420 packages loaded, 49850 targets configured)
2026-10-07T16:36:25.5277988Z [25 / 25] 4 / 114 tests; no actions running
2026-10-07T16:36:35.6233189Z Analyzing: 514 targets (1420 packages loaded, 49850 targets configured)
2026-10-07T16:36:35.6234666Z [25 / 25] 4 / 114 tests; no actions running
2026-10-07T16:36:47.0820306Z Analyzing: 514 targets (1420 packages loaded, 49850 targets configured)
2026-10-07T16:36:47.0821980Z [25 / 25] 4 / 114 tests; no actions running
2026-10-07T16:36:57.1142313Z Analyzing: 514 targets (1420 packages loaded, 49850 targets configured)
2026-10-07T16:36:57.1144242Z [25 / 25] 4 / 114 tests; no actions running
2026-10-07T16:37:07.2233664Z Analyzing: 514 targets (1420 packages loaded, 49850 targets configured)
2026-10-07T16:37:07.2235045Z [25 / 25] 4 / 114 tests; no actions running
2026-10-07T16:37:17.9961120Z Analyzing: 514 targets (1420 packages loaded, 49850 targets configured)
2026-10-07T16:37:17.9962471Z [25 / 25] 4 / 114 tests; no actions running
2026-10-07T16:37:23.5595962Z WARNING: /home/runner/work/communication/communication/score/mw/com/test/api/BUILD:18:11: in cc_library rule //score/mw/com/test/api:api: target '//score/mw/com/test/api:api' depends on deprecated target '//score/memory/shared:types': This aggregation target is deprecated and pulls in the unmaintained/broken ':map' target on some platforms. Depend directly on the specific score/memory/shared sub-targets you need (e.g. ':offset_ptr', ':vector', ':string', ...) instead.
2026-10-07T16:37:24.1678145Z INFO: Analyzed 514 targets (1423 packages loaded, 51992 targets configured).
2026-10-07T16:37:28.0895273Z [695 / 2,164] 4 / 514 tests; Creating runfiles tree bazel-out/k8-opt-exec-ST-d57f47055a04/bin/external/score_baselibs+/score/flatbuffers/bazel/schema_generator.runfiles [for tool]; 0s local ... (3 actions, 2 running)
2026-10-07T16:37:38.0756501Z [2,162 / 4,684] 4 / 514 tests; Creating runfiles tree bazel-out/k8-opt-exec-ST-d57f47055a04/bin/external/score_tooling+/bazel/rules/rules_score/sphinx_html_merge.runfiles [for tool]; 0s local ... (3 actions, 2 running)
2026-10-07T16:37:48.0164277Z INFO: From lobster-gtest bazel-out/k8-fastbuild-tsan/bin/third_party/score_baselibs/os_component.lobster:
2026-10-07T16:37:48.0213829Z Written output for 0 items to bazel-out/k8-fastbuild-tsan/bin/third_party/score_baselibs/os_component.lobster
2026-10-07T16:37:48.1799275Z [3,206 / 6,996] 4 / 514 tests; lobster-gtest bazel-out/k8-fastbuild-tsan/bin/third_party/score_baselibs/futurecpp_component.lobster; 0s disk-cache, linux-sandbox ... (2 actions, 1 running)
2026-10-07T16:37:48.2395216Z INFO: From lobster-gtest bazel-out/k8-fastbuild-tsan/bin/third_party/score_baselibs/futurecpp_component.lobster:
2026-10-07T16:37:48.2397673Z Written output for 0 items to bazel-out/k8-fastbuild-tsan/bin/third_party/score_baselibs/futurecpp_component.lobster
2026-10-07T16:37:48.4053873Z INFO: From lobster-gtest bazel-out/k8-fastbuild-tsan/bin/third_party/score_baselibs/bitmanipulation_component.lobster:
2026-10-07T16:37:48.4056341Z Written output for 0 items to bazel-out/k8-fastbuild-tsan/bin/third_party/score_baselibs/bitmanipulation_component.lobster
2026-10-07T16:37:48.6628879Z INFO: From lobster-gtest bazel-out/k8-fastbuild-tsan/bin/third_party/score_baselibs/containers_component.lobster:
2026-10-07T16:37:48.6631027Z Written output for 0 items to bazel-out/k8-fastbuild-tsan/bin/third_party/score_baselibs/containers_component.lobster
2026-10-07T16:37:52.2129697Z INFO: From lobster-html-report bazel-out/k8-fastbuild-tsan/bin/third_party/score_baselibs/os_component_report.html:
2026-10-07T16:37:52.2131674Z warning: dot utility not found, report will not include the tracing policy visualisation
2026-10-07T16:37:52.2160053Z > please install Graphviz (https://graphviz.org)
2026-10-07T16:37:52.2202970Z LOBSTER HTML report written to bazel-out/k8-fastbuild-tsan/bin/third_party/score_baselibs/os_component_report.html
2026-10-07T16:37:53.1956892Z INFO: From lobster-trlc bazel-out/k8-fastbuild-tsan/bin/score/mw/com/dependability/safety_analysis/mw_com_safety_analysis/failuremodes.lobster:
2026-10-07T16:37:53.1959531Z lobster-trlc: wrote 70 items to bazel-out/k8-fastbuild-tsan/bin/score/mw/com/dependability/safety_analysis/mw_com_safety_analysis/failuremodes.lobster
2026-10-07T16:37:53.6444480Z INFO: From lobster-html-report bazel-out/k8-fastbuild-tsan/bin/third_party/score_baselibs/futurecpp_component_report.html:
2026-10-07T16:37:53.6459845Z warning: dot utility not found, report will not include the tracing policy visualisation
2026-10-07T16:37:53.6461077Z > please install Graphviz (https://graphviz.org)
2026-10-07T16:37:53.6482809Z LOBSTER HTML report written to bazel-out/k8-fastbuild-tsan/bin/third_party/score_baselibs/futurecpp_component_report.html
2026-10-07T16:37:54.3243091Z warning: dot utility not found, report will not include the tracing policy visualisation
2026-10-07T16:37:54.3244794Z > please install Graphviz (https://graphviz.org)
2026-10-07T16:37:54.3246735Z LOBSTER HTML report written to bazel-out/k8-fastbuild-tsan/bin/third_party/score_baselibs/bitmanipulation_component_report.html
2026-10-07T16:37:54.3250387Z INFO: From lobster-html-report bazel-out/k8-fastbuild-tsan/bin/third_party/score_baselibs/bitmanipulation_component_report.html:
2026-10-07T16:37:55.0512580Z INFO: From lobster-html-report bazel-out/k8-fastbuild-tsan/bin/third_party/score_baselibs/containers_component_report.html:
2026-10-07T16:37:55.0514358Z warning: dot utility not found, report will not include the tracing policy visualisation
2026-10-07T16:37:55.0532791Z > please install Graphviz (https://graphviz.org)
2026-10-07T16:37:55.0535112Z LOBSTER HTML report written to bazel-out/k8-fastbuild-tsan/bin/third_party/score_baselibs/containers_component_report.html
2026-10-07T16:37:55.2501557Z INFO: From lobster-trlc bazel-out/k8-fastbuild-tsan/bin/score/mw/com/dependability/assumed_system/assumed_system_requirements.lobster:
2026-10-07T16:37:55.2504007Z lobster-trlc: wrote 13 items to bazel-out/k8-fastbuild-tsan/bin/score/mw/com/dependability/assumed_system/assumed_system_requirements.lobster
2026-10-07T16:37:57.5242262Z INFO: From lobster-trlc bazel-out/k8-fastbuild-tsan/bin/score/mw/com/dependability/requirements/feature_requirements/feature_requirements_ipc.lobster:
2026-10-07T16:37:57.5246032Z lobster-trlc: wrote 38 items to bazel-out/k8-fastbuild-tsan/bin/score/mw/com/dependability/requirements/feature_requirements/feature_requirements_ipc.lobster
2026-10-07T16:37:58.2273885Z [3,692 / 7,407] 13 / 514 tests; Testing //third_party/codeql:pip_requirements.test; 0s local, disk-cache ... (4 actions, 3 running)
2026-10-07T16:38:08.2513460Z [3,714 / 7,407] 27 / 514 tests; Testing //:pip_requirements.test; 4s local, disk-cache ... (4 actions, 3 running)
2026-10-07T16:38:19.8209511Z [3,731 / 7,407] 27 / 514 tests; Testing //:pip_requirements.test; 16s local, disk-cache ... (4 actions running)
2026-10-07T16:38:29.9357051Z [3,733 / 7,407] 29 / 514 tests; Testing //quality/visibility_guard:visibility_guard_test; 24s local ... (4 actions running)
2026-10-07T16:38:40.0444432Z [3,770 / 7,413] 33 / 514 tests; Generating AST dump for API surface: @@//score/mw/com:api_surface_test_gen; 13s disk-cache, linux-sandbox ... (4 actions, 3 running)
2026-10-07T16:38:49.0461960Z INFO: From Generating AST dump for API surface: @@//score/mw/com:api_surface_test_gen:
2026-10-07T16:38:49.0482918Z In file included from bazel-out/k8-fastbuild-tsan/bin/score/mw/com/api_surface_test_gen_combined.cpp:1:
2026-10-07T16:38:49.0484194Z In file included from ./score/mw/com/com_error_domain.h:16:
2026-10-07T16:38:49.0486670Z ./score/mw/com/impl/com_error.h:186:65: warning: 'kServiceInstanceAlreadyOffered' is deprecated: Value has never been used. Calls to OfferService shall be idempotent. [-Wdeprecated-declarations]
2026-10-07T16:38:49.0530835Z   186 |             case static_cast<score::result::ErrorCode>(ComErrc::kServiceInstanceAlreadyOffered):
2026-10-07T16:38:49.0532292Z       |                                                                 ^
2026-10-07T16:38:49.0562861Z ./score/mw/com/impl/com_error.h:58:11: note: 'kServiceInstanceAlreadyOffered' has been explicitly marked deprecated here
2026-10-07T16:38:49.0592548Z    58 |         [[deprecated("Value has never been used. Calls to OfferService shall be idempotent.")]],
2026-10-07T16:38:49.0610619Z       |           ^
2026-10-07T16:38:49.0643065Z 1 warning generated.
2026-10-07T16:38:49.3092978Z INFO: From Compiling score/mw/service/backend/mw_com/single_instantiation_strategy_test.cpp:
2026-10-07T16:38:49.3162845Z In file included from score/mw/service/backend/mw_com/single_instantiation_strategy_test.cpp:14:
2026-10-07T16:38:49.3183453Z In file included from ./score/mw/service/backend/mw_com/single_instantiation_strategy.h:19:
2026-10-07T16:38:49.3214338Z In file included from ./score/mw/service/backend/mw_com/proxy_holder.h:19:
2026-10-07T16:38:49.3252123Z In file included from ./score/mw/com/types.h:24:
2026-10-07T16:38:49.3272158Z In file included from ./score/mw/com/impl/generic_proxy.h:18:
2026-10-07T16:38:49.3273194Z In file included from ./score/mw/com/impl/generic_proxy_event.h:18:
2026-10-07T16:38:49.3362249Z In file included from ./score/mw/com/impl/proxy_base.h:18:
2026-10-07T16:38:49.3422155Z In file included from ./score/mw/com/impl/handle_type.h:18:
2026-10-07T16:38:49.3472414Z In file included from ./score/mw/com/impl/instance_identifier.h:16:
2026-10-07T16:38:49.3533563Z ./score/mw/com/impl/com_error.h:186:65: warning: 'kServiceInstanceAlreadyOffered' is deprecated: Value has never been used. Calls to OfferService shall be idempotent. [-Wdeprecated-declarations]
2026-10-07T16:38:49.3592571Z   186 |             case static_cast<score::result::ErrorCode>(ComErrc::kServiceInstanceAlreadyOffered):
2026-10-07T16:38:49.3652154Z       |                                                                 ^
2026-10-07T16:38:49.3712793Z ./score/mw/com/impl/com_error.h:58:11: note: 'kServiceInstanceAlreadyOffered' has been explicitly marked deprecated here
2026-10-07T16:38:49.3752827Z    58 |         [[deprecated("Value has never been used. Calls to OfferService shall be idempotent.")]],
2026-10-07T16:38:49.3812682Z       |           ^
2026-10-07T16:38:49.3864982Z score/mw/service/backend/mw_com/single_instantiation_strategy_test.cpp:43:68: warning: 'Create<const char *const &>' is deprecated: Please use Create(std::string&&) instead for better performanceThe API will be removed from November 2025. A ticket is already created to track the removal: Ticket-214582 [-Wdeprecated-declarations]
2026-10-07T16:38:49.3892707Z    43 | const auto kInstanceSpecifier = score::mw::com::InstanceSpecifier::Create(kPortIdentifierString).value();
2026-10-07T16:38:49.3952471Z       |                                                                    ^
2026-10-07T16:38:49.3995413Z ./score/mw/com/impl/instance_specifier.h:61:7: note: 'Create<const char *const &>' has been explicitly marked deprecated here
2026-10-07T16:38:49.4032094Z    61 |     [[deprecated(
2026-10-07T16:38:49.4051732Z       |       ^
2026-10-07T16:38:49.4071792Z 2 warnings generated.
2026-10-07T16:38:50.3223825Z [3,801 / 7,423] 33 / 514 tests; Generating AST dump for API surface: @@//score/mw/com:api_surface_test_gen; 24s disk-cache, linux-sandbox ... (4 actions, 3 running)
2026-10-07T16:39:00.3697257Z [3,822 / 7,427] 33 / 514 tests; Compiling score/mw/service/backend/mw_com/multiple_instantiation_strategy_test.cpp; 10s disk-cache, linux-sandbox ... (4 actions, 3 running)
2026-10-07T16:39:00.9983298Z INFO: From Compiling score/mw/service/backend/mw_com/multiple_instantiation_strategy_test.cpp:
2026-10-07T16:39:01.0003055Z In file included from score/mw/service/backend/mw_com/multiple_instantiation_strategy_test.cpp:14:
2026-10-07T16:39:01.0030504Z In file included from ./score/mw/service/backend/mw_com/multiple_instantiation_strategy.h:20:
2026-10-07T16:39:01.0036722Z In file included from ./score/mw/service/backend/mw_com/proxy_holder.h:19:
2026-10-07T16:39:01.0038063Z In file included from ./score/mw/com/types.h:24:
2026-10-07T16:39:01.0039362Z In file included from ./score/mw/com/impl/generic_proxy.h:18:
2026-10-07T16:39:01.0040720Z In file included from ./score/mw/com/impl/generic_proxy_event.h:18:
2026-10-07T16:39:01.0042290Z In file included from ./score/mw/com/impl/proxy_base.h:18:
2026-10-07T16:39:01.0043577Z In file included from ./score/mw/com/impl/handle_type.h:18:
2026-10-07T16:39:01.0044951Z In file included from ./score/mw/com/impl/instance_identifier.h:16:
2026-10-07T16:39:01.0047766Z ./score/mw/com/impl/com_error.h:186:65: warning: 'kServiceInstanceAlreadyOffered' is deprecated: Value has never been used. Calls to OfferService shall be idempotent. [-Wdeprecated-declarations]
2026-10-07T16:39:01.0072987Z   186 |             case static_cast<score::result::ErrorCode>(ComErrc::kServiceInstanceAlreadyOffered):
2026-10-07T16:39:01.0074357Z       |                                                                 ^
2026-10-07T16:39:01.0076072Z ./score/mw/com/impl/com_error.h:58:11: note: 'kServiceInstanceAlreadyOffered' has been explicitly marked deprecated here
2026-10-07T16:39:01.0077954Z    58 |         [[deprecated("Value has never been used. Calls to OfferService shall be idempotent.")]],
2026-10-07T16:39:01.0078859Z       |           ^
2026-10-07T16:39:01.0082817Z score/mw/service/backend/mw_com/multiple_instantiation_strategy_test.cpp:43:68: warning: 'Create<const char *const &>' is deprecated: Please use Create(std::string&&) instead for better performanceThe API will be removed from November 2025. A ticket is already created to track the removal: Ticket-214582 [-Wdeprecated-declarations]
2026-10-07T16:39:01.0086073Z    43 | const auto kInstanceSpecifier = score::mw::com::InstanceSpecifier::Create(kPortIdentifierString).value();
2026-10-07T16:39:01.0087458Z       |                                                                    ^
2026-10-07T16:39:01.0089198Z ./score/mw/com/impl/instance_specifier.h:61:7: note: 'Create<const char *const &>' has been explicitly marked deprecated here
2026-10-07T16:39:01.0090300Z    61 |     [[deprecated(
2026-10-07T16:39:01.0090777Z       |       ^
2026-10-07T16:39:01.0091250Z 2 warnings generated.
2026-10-07T16:39:05.1903141Z INFO: From Compiling score/mw/service/backend/mw_com/multiple_instantiation_strategy.cpp:
2026-10-07T16:39:05.1932696Z In file included from score/mw/service/backend/mw_com/multiple_instantiation_strategy.cpp:14:
2026-10-07T16:39:05.1934343Z In file included from ./score/mw/service/backend/mw_com/multiple_instantiation_strategy.h:20:
2026-10-07T16:39:05.1962529Z In file included from ./score/mw/service/backend/mw_com/proxy_holder.h:19:
2026-10-07T16:39:05.1992093Z In file included from ./score/mw/com/types.h:24:
2026-10-07T16:39:05.1993112Z In file included from ./score/mw/com/impl/generic_proxy.h:18:
2026-10-07T16:39:05.2022368Z In file included from ./score/mw/com/impl/generic_proxy_event.h:18:
2026-10-07T16:39:05.2052150Z In file included from ./score/mw/com/impl/proxy_base.h:18:
2026-10-07T16:39:05.2082145Z In file included from ./score/mw/com/impl/handle_type.h:18:
2026-10-07T16:39:05.2112191Z In file included from ./score/mw/com/impl/instance_identifier.h:16:
2026-10-07T16:39:05.2143594Z ./score/mw/com/impl/com_error.h:186:65: warning: 'kServiceInstanceAlreadyOffered' is deprecated: Value has never been used. Calls to OfferService shall be idempotent. [-Wdeprecated-declarations]
2026-10-07T16:39:05.2172563Z   186 |             case static_cast<score::result::ErrorCode>(ComErrc::kServiceInstanceAlreadyOffered):
2026-10-07T16:39:05.2173817Z       |                                                                 ^
2026-10-07T16:39:05.2175424Z ./score/mw/com/impl/com_error.h:58:11: note: 'kServiceInstanceAlreadyOffered' has been explicitly marked deprecated here
2026-10-07T16:39:05.2177238Z    58 |         [[deprecated("Value has never been used. Calls to OfferService shall be idempotent.")]],
2026-10-07T16:39:05.2178138Z       |           ^
2026-10-07T16:39:05.2178649Z 1 warning generated.
2026-10-07T16:39:11.0775314Z [3,870 / 7,437] 33 / 514 tests; Extracting API surface: @@//score/mw/com:api_surface_test_gen; 19s disk-cache, linux-sandbox ... (4 actions, 3 running)
2026-10-07T16:39:12.9190458Z INFO: From lobster-rst-report (pages) futurecpp_index:
2026-10-07T16:39:12.9192900Z LOBSTER RST report written to bazel-out/k8-fastbuild-tsan/bin/third_party/score_baselibs/futurecpp_index/traceability_report/ (2 files)
2026-10-07T16:39:13.4403498Z INFO: From lobster-rst-report (pages) os_index:
2026-10-07T16:39:13.4427545Z LOBSTER RST report written to bazel-out/k8-fastbuild-tsan/bin/third_party/score_baselibs/os_index/traceability_report/ (2 files)
2026-10-07T16:39:13.9604035Z INFO: From lobster-rst-report (pages) containers_index:
2026-10-07T16:39:13.9606448Z LOBSTER RST report written to bazel-out/k8-fastbuild-tsan/bin/third_party/score_baselibs/containers_index/traceability_report/ (2 files)
2026-10-07T16:39:14.2057444Z INFO: From lobster-rst-report (pages) bitmanipulation_index:
2026-10-07T16:39:14.2059513Z LOBSTER RST report written to bazel-out/k8-fastbuild-tsan/bin/third_party/score_baselibs/bitmanipulation_index/traceability_report/ (2 files)
2026-10-07T16:39:16.4409284Z INFO: From Compiling score/mw/service/backend/mw_com/proxy_holder_test.cpp:
2026-10-07T16:39:16.4441748Z In file included from score/mw/service/backend/mw_com/proxy_holder_test.cpp:16:
2026-10-07T16:39:16.4455831Z In file included from ./score/mw/com/com_error_domain.h:16:
2026-10-07T16:39:16.4473787Z ./score/mw/com/impl/com_error.h:186:65: warning: 'kServiceInstanceAlreadyOffered' is deprecated: Value has never been used. Calls to OfferService shall be idempotent. [-Wdeprecated-declarations]
2026-10-07T16:39:16.4502815Z   186 |             case static_cast<score::result::ErrorCode>(ComErrc::kServiceInstanceAlreadyOffered):
2026-10-07T16:39:16.4532286Z       |                                                                 ^
2026-10-07T16:39:16.4548317Z ./score/mw/com/impl/com_error.h:58:11: note: 'kServiceInstanceAlreadyOffered' has been explicitly marked deprecated here
2026-10-07T16:39:16.4550438Z    58 |         [[deprecated("Value has never been used. Calls to OfferService shall be idempotent.")]],
2026-10-07T16:39:16.4551888Z       |           ^
2026-10-07T16:39:16.4584012Z score/mw/service/backend/mw_com/proxy_holder_test.cpp:44:68: warning: 'Create<const char (&)[16]>' is deprecated: Please use Create(std::string&&) instead for better performanceThe API will be removed from November 2025. A ticket is already created to track the removal: Ticket-214582 [-Wdeprecated-declarations]
2026-10-07T16:39:16.4587618Z    44 | const auto kInstanceSpecifier = score::mw::com::InstanceSpecifier::Create("SOME/IDENTIFIER").value();
2026-10-07T16:39:16.4589169Z       |                                                                    ^
2026-10-07T16:39:16.4590885Z ./score/mw/com/impl/instance_specifier.h:61:7: note: 'Create<const char (&)[16]>' has been explicitly marked deprecated here
2026-10-07T16:39:16.4592362Z    61 |     [[deprecated(
2026-10-07T16:39:16.4592976Z       |       ^
2026-10-07T16:39:16.4594258Z 2 warnings generated.
2026-10-07T16:39:21.1721158Z [3,894 / 7,437] 33 / 514 tests; Extracting API surface: @@//score/mw/com:api_surface_test_gen; 29s disk-cache, linux-sandbox ... (4 actions, 3 running)
2026-10-07T16:39:30.7126625Z INFO: From Compiling score/mw/com/mocking/runtime_mock_test.cpp:
2026-10-07T16:39:30.7162655Z In file included from score/mw/com/mocking/runtime_mock_test.cpp:13:
2026-10-07T16:39:30.7193054Z In file included from ./score/mw/com/mocking/runtime_mock.h:16:
2026-10-07T16:39:30.7212218Z In file included from ./score/mw/com/mocking/i_runtime.h:17:
2026-10-07T16:39:30.7241963Z In file included from ./score/mw/com/types.h:24:
2026-10-07T16:39:30.7252512Z In file included from ./score/mw/com/impl/generic_proxy.h:18:
2026-10-07T16:39:30.7282413Z In file included from ./score/mw/com/impl/generic_proxy_event.h:18:
2026-10-07T16:39:30.7283520Z In file included from ./score/mw/com/impl/proxy_base.h:18:
2026-10-07T16:39:30.7284522Z In file included from ./score/mw/com/impl/handle_type.h:18:
2026-10-07T16:39:30.7285629Z In file included from ./score/mw/com/impl/instance_identifier.h:16:
2026-10-07T16:39:30.7288139Z ./score/mw/com/impl/com_error.h:186:65: warning: 'kServiceInstanceAlreadyOffered' is deprecated: Value has never been used. Calls to OfferService shall be idempotent. [-Wdeprecated-declarations]
2026-10-07T16:39:30.7290411Z   186 |             case static_cast<score::result::ErrorCode>(ComErrc::kServiceInstanceAlreadyOffered):
2026-10-07T16:39:30.7304160Z       |                                                                 ^
2026-10-07T16:39:30.7305972Z ./score/mw/com/impl/com_error.h:58:11: note: 'kServiceInstanceAlreadyOffered' has been explicitly marked deprecated here
2026-10-07T16:39:30.7321711Z    58 |         [[deprecated("Value has never been used. Calls to OfferService shall be idempotent.")]],
2026-10-07T16:39:30.7322604Z       |           ^
2026-10-07T16:39:30.7325061Z score/mw/com/mocking/runtime_mock_test.cpp:104:5: warning: 'InitializeRuntime' is deprecated: Please use InitializeRuntime(cpp::span<safecpp::zstring_view> command_line_arguments) for guaranteed NULL terminated arguments [-Wdeprecated-declarations]
2026-10-07T16:39:30.7326806Z   104 |     InitializeRuntime(argc, argv);
2026-10-07T16:39:30.7327308Z       |     ^
2026-10-07T16:39:30.7328325Z ./score/mw/com/runtime.h:90:3: note: 'InitializeRuntime' has been explicitly marked deprecated here
2026-10-07T16:39:30.7329128Z    90 | [[deprecated(
2026-10-07T16:39:30.7329500Z       |   ^
2026-10-07T16:39:30.7329923Z 2 warnings generated.
2026-10-07T16:39:32.4023651Z [3,907 / 7,437] 33 / 514 tests; Extracting API surface: @@//score/mw/com:api_surface_test_gen; 41s disk-cache, linux-sandbox ... (4 actions, 3 running)
2026-10-07T16:39:35.1346928Z INFO: From Compiling score/mw/com/mocking/runtime_mock.cpp:
2026-10-07T16:39:35.1393656Z In file included from score/mw/com/mocking/runtime_mock.cpp:13:
2026-10-07T16:39:35.1422454Z In file included from ./score/mw/com/mocking/runtime_mock.h:16:
2026-10-07T16:39:35.1452258Z In file included from ./score/mw/com/mocking/i_runtime.h:17:
2026-10-07T16:39:35.1462244Z In file included from ./score/mw/com/types.h:24:
2026-10-07T16:39:35.1482292Z In file included from ./score/mw/com/impl/generic_proxy.h:18:
2026-10-07T16:39:35.1511798Z In file included from ./score/mw/com/impl/generic_proxy_event.h:18:
2026-10-07T16:39:35.1542316Z In file included from ./score/mw/com/impl/proxy_base.h:18:
2026-10-07T16:39:35.1552396Z In file included from ./score/mw/com/impl/handle_type.h:18:
2026-10-07T16:39:35.1572529Z In file included from ./score/mw/com/impl/instance_identifier.h:16:
2026-10-07T16:39:35.1603785Z ./score/mw/com/impl/com_error.h:186:65: warning: 'kServiceInstanceAlreadyOffered' is deprecated: Value has never been used. Calls to OfferService shall be idempotent. [-Wdeprecated-declarations]
2026-10-07T16:39:35.1612863Z   186 |             case static_cast<score::result::ErrorCode>(ComErrc::kServiceInstanceAlreadyOffered):
2026-10-07T16:39:35.1642335Z       |                                                                 ^
2026-10-07T16:39:35.1663036Z ./score/mw/com/impl/com_error.h:58:11: note: 'kServiceInstanceAlreadyOffered' has been explicitly marked deprecated here
2026-10-07T16:39:35.1692724Z    58 |         [[deprecated("Value has never been used. Calls to OfferService shall be idempotent.")]],
2026-10-07T16:39:35.1702000Z       |           ^
2026-10-07T16:39:35.1732027Z 1 warning generated.
2026-10-07T16:39:42.7303860Z [3,917 / 7,437] 33 / 514 tests; Extracting API surface: @@//score/mw/com:api_surface_test_gen; 51s disk-cache, linux-sandbox ... (4 actions, 3 running)
2026-10-07T16:39:52.7838591Z [3,953 / 7,491] 33 / 514 tests; Extracting API surface: @@//score/mw/com:api_surface_test_gen; 61s disk-cache, linux-sandbox ... (4 actions, 3 running)
2026-10-07T16:39:54.5569826Z INFO: From Compiling score/mw/com/impl/methods/proxy_method_test.cpp:
2026-10-07T16:39:54.5592528Z In file included from score/mw/com/impl/methods/proxy_method_test.cpp:13:
2026-10-07T16:39:54.5622613Z In file included from ./score/mw/com/impl/methods/proxy_method.h:16:
2026-10-07T16:39:54.5642554Z In file included from ./score/mw/com/impl/bindings/lola/proxy.h:24:
2026-10-07T16:39:54.5652717Z In file included from ./score/mw/com/impl/bindings/lola/proxy_method.h:17:
2026-10-07T16:39:54.5682705Z In file included from ./score/mw/com/impl/bindings/lola/i_runtime.h:20:
2026-10-07T16:39:54.5712523Z In file included from ./score/mw/com/impl/i_binding_runtime.h:17:
2026-10-07T16:39:54.5732486Z In file included from ./score/mw/com/impl/i_service_discovery_client.h:16:
2026-10-07T16:39:54.5742694Z In file included from ./score/mw/com/impl/enriched_instance_identifier.h:17:
2026-10-07T16:39:54.5762986Z In file included from ./score/mw/com/impl/handle_type.h:18:
2026-10-07T16:39:54.5782588Z In file included from ./score/mw/com/impl/instance_identifier.h:16:
2026-10-07T16:39:54.5803885Z ./score/mw/com/impl/com_error.h:186:65: warning: 'kServiceInstanceAlreadyOffered' is deprecated: Value has never been used. Calls to OfferService shall be idempotent. [-Wdeprecated-declarations]
2026-10-07T16:39:54.5827287Z   186 |             case static_cast<score::result::ErrorCode>(ComErrc::kServiceInstanceAlreadyOffered):
2026-10-07T16:39:54.5829548Z       |                                                                 ^
2026-10-07T16:39:54.5831082Z ./score/mw/com/impl/com_error.h:58:11: note: 'kServiceInstanceAlreadyOffered' has been explicitly marked deprecated here
2026-10-07T16:39:54.5833043Z    58 |         [[deprecated("Value has never been used. Calls to OfferService shall be idempotent.")]],
2026-10-07T16:39:54.5833921Z       |           ^
2026-10-07T16:39:54.5834453Z 1 warning generated.
2026-10-07T16:40:03.3417942Z [3,990 / 7,491] 33 / 514 tests; Extracting API surface: @@//score/mw/com:api_surface_test_gen; 72s disk-cache, linux-sandbox ... (4 actions, 3 running)
2026-10-07T16:40:14.2793957Z [4,026 / 7,491] 33 / 514 tests; Extracting API surface: @@//score/mw/com:api_surface_test_gen; 82s disk-cache, linux-sandbox ... (4 actions running)
2026-10-07T16:40:18.2403234Z INFO: From Compiling score/mw/com/impl/skeleton_field_test.cpp:
2026-10-07T16:40:18.2432595Z In file included from score/mw/com/impl/skeleton_field_test.cpp:13:
2026-10-07T16:40:18.2462630Z In file included from ./score/mw/com/impl/skeleton_field.h:19:
2026-10-07T16:40:18.2463752Z In file included from ./score/mw/com/impl/methods/skeleton_method.h:21:
2026-10-07T16:40:18.2492914Z In file included from ./score/mw/com/impl/plumbing/skeleton_method_binding_factory.h:16:
2026-10-07T16:40:18.2522492Z In file included from ./score/mw/com/impl/instance_identifier.h:16:
2026-10-07T16:40:18.2553971Z ./score/mw/com/impl/com_error.h:186:65: warning: 'kServiceInstanceAlreadyOffered' is deprecated: Value has never been used. Calls to OfferService shall be idempotent. [-Wdeprecated-declarations]
2026-10-07T16:40:18.2583016Z   186 |             case static_cast<score::result::ErrorCode>(ComErrc::kServiceInstanceAlreadyOffered):
2026-10-07T16:40:18.2612447Z       |                                                                 ^
2026-10-07T16:40:18.2633238Z ./score/mw/com/impl/com_error.h:58:11: note: 'kServiceInstanceAlreadyOffered' has been explicitly marked deprecated here
2026-10-07T16:40:18.2672662Z    58 |         [[deprecated("Value has never been used. Calls to OfferService shall be idempotent.")]],
2026-10-07T16:40:18.2673704Z       |           ^
2026-10-07T16:40:18.2674271Z 1 warning generated.
2026-10-07T16:40:24.2820680Z [4,115 / 7,492] 81 / 514 tests; Compiling score/mw/com/impl/generic_skeleton_event_test.cpp; 5s disk-cache, linux-sandbox ... (4 actions running)
2026-10-07T16:40:34.2874093Z [4,199 / 7,492] 117 / 514 tests; Compiling score/mw/com/impl/generic_skeleton_event_test.cpp; 15s disk-cache, linux-sandbox ... (4 actions, 3 running)
2026-10-07T16:40:38.8159794Z INFO: From Compiling score/mw/com/impl/generic_skeleton_event_test.cpp:
2026-10-07T16:40:38.8263667Z In file included from score/mw/com/impl/generic_skeleton_event_test.cpp:17:
2026-10-07T16:40:38.8314415Z ./score/mw/com/impl/com_error.h:186:65: warning: 'kServiceInstanceAlreadyOffered' is deprecated: Value has never been used. Calls to OfferService shall be idempotent. [-Wdeprecated-declarations]
2026-10-07T16:40:38.8343472Z   186 |             case static_cast<score::result::ErrorCode>(ComErrc::kServiceInstanceAlreadyOffered):
2026-10-07T16:40:38.8383766Z       |                                                                 ^
2026-10-07T16:40:38.8433901Z ./score/mw/com/impl/com_error.h:58:11: note: 'kServiceInstanceAlreadyOffered' has been explicitly marked deprecated here
2026-10-07T16:40:38.8451835Z    58 |         [[deprecated("Value has never been used. Calls to OfferService shall be idempotent.")]],
2026-10-07T16:40:38.8456194Z       |           ^
2026-10-07T16:40:38.8456908Z 1 warning generated.
2026-10-07T16:40:44.3266565Z [4,246 / 7,492] 117 / 514 tests; Compiling score/mw/com/impl/generic_skeleton_test.cpp; 5s disk-cache, linux-sandbox ... (4 actions, 3 running)
2026-10-07T16:40:54.3313686Z [4,307 / 7,492] 117 / 514 tests; Compiling score/mw/com/impl/generic_skeleton_test.cpp; 15s disk-cache, linux-sandbox ... (4 actions, 3 running)
2026-10-07T16:40:59.1716365Z INFO: From Compiling score/mw/com/impl/generic_skeleton_test.cpp:
2026-10-07T16:40:59.1762368Z In file included from score/mw/com/impl/generic_skeleton_test.cpp:13:
2026-10-07T16:40:59.1802820Z In file included from ./score/mw/com/impl/generic_skeleton.h:18:
2026-10-07T16:40:59.1882900Z In file included from ./score/mw/com/impl/instance_identifier.h:16:
2026-10-07T16:40:59.1885477Z ./score/mw/com/impl/com_error.h:186:65: warning: 'kServiceInstanceAlreadyOffered' is deprecated: Value has never been used. Calls to OfferService shall be idempotent. [-Wdeprecated-declarations]
2026-10-07T16:40:59.1943119Z   186 |             case static_cast<score::result::ErrorCode>(ComErrc::kServiceInstanceAlreadyOffered):
2026-10-07T16:40:59.1972403Z       |                                                                 ^
2026-10-07T16:40:59.2003250Z ./score/mw/com/impl/com_error.h:58:11: note: 'kServiceInstanceAlreadyOffered' has been explicitly marked deprecated here
2026-10-07T16:40:59.2032937Z    58 |         [[deprecated("Value has never been used. Calls to OfferService shall be idempotent.")]],
2026-10-07T16:40:59.2062002Z       |           ^
2026-10-07T16:40:59.2091983Z 1 warning generated.
2026-10-07T16:41:04.4348477Z [4,375 / 7,492] 117 / 514 tests; Compiling src/idl_gen_python.cpp [for tool]; 7s disk-cache, linux-sandbox ... (4 actions, 3 running)
2026-10-07T16:41:14.5359682Z [4,434 / 7,492] 117 / 514 tests; Compiling score/mw/com/impl/traits_test.cpp; 15s disk-cache, linux-sandbox ... (4 actions, 3 running)
2026-10-07T16:41:22.1384015Z INFO: From Compiling score/mw/com/impl/com_error.cpp:
2026-10-07T16:41:22.1416043Z In file included from score/mw/com/impl/com_error.cpp:13:
2026-10-07T16:41:22.1434030Z ./score/mw/com/impl/com_error.h:186:65: warning: 'kServiceInstanceAlreadyOffered' is deprecated: Value has never been used. Calls to OfferService shall be idempotent. [-Wdeprecated-declarations]
2026-10-07T16:41:22.1437675Z   186 |             case static_cast<score::result::ErrorCode>(ComErrc::kServiceInstanceAlreadyOffered):
2026-10-07T16:41:22.1449674Z       |                                                                 ^
2026-10-07T16:41:22.1466011Z ./score/mw/com/impl/com_error.h:58:11: note: 'kServiceInstanceAlreadyOffered' has been explicitly marked deprecated here
2026-10-07T16:41:22.1468223Z    58 |         [[deprecated("Value has never been used. Calls to OfferService shall be idempotent.")]],
2026-10-07T16:41:22.1469256Z       |           ^
2026-10-07T16:41:22.1469848Z 1 warning generated.
2026-10-07T16:41:23.4373045Z INFO: From Compiling score/mw/com/impl/instance_specifier.cpp:
2026-10-07T16:41:23.4402841Z In file included from score/mw/com/impl/instance_specifier.cpp:15:
2026-10-07T16:41:23.4433918Z ./score/mw/com/impl/com_error.h:186:65: warning: 'kServiceInstanceAlreadyOffered' is deprecated: Value has never been used. Calls to OfferService shall be idempotent. [-Wdeprecated-declarations]
2026-10-07T16:41:23.4462971Z   186 |             case static_cast<score::result::ErrorCode>(ComErrc::kServiceInstanceAlreadyOffered):
2026-10-07T16:41:23.4492346Z       |                                                                 ^
2026-10-07T16:41:23.4523033Z ./score/mw/com/impl/com_error.h:58:11: note: 'kServiceInstanceAlreadyOffered' has been explicitly marked deprecated here
2026-10-07T16:41:23.4524752Z    58 |         [[deprecated("Value has never been used. Calls to OfferService shall be idempotent.")]],
2026-10-07T16:41:23.4525608Z       |           ^
2026-10-07T16:41:23.4526056Z 1 warning generated.
2026-10-07T16:41:24.5704244Z [4,500 / 7,492] 117 / 514 tests; Compiling score/mw/com/impl/traits_test.cpp; 25s disk-cache, linux-sandbox ... (4 actions, 3 running)
2026-10-07T16:41:34.0043678Z INFO: From Compiling score/mw/com/impl/configuration/service_instance_deployment.cpp:
2026-10-07T16:41:34.0049761Z In file included from score/mw/com/impl/configuration/service_instance_deployment.cpp:13:
2026-10-07T16:41:34.0062852Z In file included from ./score/mw/com/impl/configuration/service_instance_deployment.h:17:
2026-10-07T16:41:34.0084440Z ./score/mw/com/impl/com_error.h:186:65: warning: 'kServiceInstanceAlreadyOffered' is deprecated: Value has never been used. Calls to OfferService shall be idempotent. [-Wdeprecated-declarations]
2026-10-07T16:41:34.0123485Z   186 |             case static_cast<score::result::ErrorCode>(ComErrc::kServiceInstanceAlreadyOffered):
2026-10-07T16:41:34.0124943Z       |                                                                 ^
2026-10-07T16:41:34.0153065Z ./score/mw/com/impl/com_error.h:58:11: note: 'kServiceInstanceAlreadyOffered' has been explicitly marked deprecated here
2026-10-07T16:41:34.0182837Z    58 |         [[deprecated("Value has never been used. Calls to OfferService shall be idempotent.")]],
2026-10-07T16:41:34.0204637Z       |           ^
2026-10-07T16:41:34.0212048Z 1 warning generated.
2026-10-07T16:41:34.5826101Z [4,545 / 7,492] 117 / 514 tests; Compiling score/mw/com/impl/traits_test.cpp; 35s disk-cache, linux-sandbox ... (4 actions, 3 running)
2026-10-07T16:41:35.7392996Z INFO: From Compiling score/mw/com/impl/traits_test.cpp:
2026-10-07T16:41:35.7412772Z In file included from score/mw/com/impl/traits_test.cpp:13:
2026-10-07T16:41:35.7422453Z In file included from ./score/mw/com/impl/traits.h:16:
2026-10-07T16:41:35.7453898Z ./score/mw/com/impl/com_error.h:186:65: warning: 'kServiceInstanceAlreadyOffered' is deprecated: Value has never been used. Calls to OfferService shall be idempotent. [-Wdeprecated-declarations]
2026-10-07T16:41:35.7482912Z   186 |             case static_cast<score::result::ErrorCode>(ComErrc::kServiceInstanceAlreadyOffered):
2026-10-07T16:41:35.7497558Z       |                                                                 ^
2026-10-07T16:41:35.7513008Z ./score/mw/com/impl/com_error.h:58:11: note: 'kServiceInstanceAlreadyOffered' has been explicitly marked deprecated here
2026-10-07T16:41:35.7543071Z    58 |         [[deprecated("Value has never been used. Calls to OfferService shall be idempotent.")]],
2026-10-07T16:41:35.7572455Z       |           ^
2026-10-07T16:41:35.7582113Z 1 warning generated.
2026-10-07T16:41:41.2193409Z INFO: From Compiling score/mw/com/impl/configuration/config_validate.cpp:
2026-10-07T16:41:41.2223118Z In file included from score/mw/com/impl/configuration/config_validate.cpp:13:
2026-10-07T16:41:41.2242837Z In file included from ./score/mw/com/impl/configuration/config_validate.h:17:
2026-10-07T16:41:41.2282953Z In file included from ./score/mw/com/impl/configuration/configuration.h:18:
2026-10-07T16:41:41.2313109Z In file included from ./score/mw/com/impl/configuration/service_instance_deployment.h:17:
2026-10-07T16:41:41.2344476Z ./score/mw/com/impl/com_error.h:186:65: warning: 'kServiceInstanceAlreadyOffered' is deprecated: Value has never been used. Calls to OfferService shall be idempotent. [-Wdeprecated-declarations]
2026-10-07T16:41:41.2363333Z   186 |             case static_cast<score::result::ErrorCode>(ComErrc::kServiceInstanceAlreadyOffered):
2026-10-07T16:41:41.2372469Z       |                                                                 ^
2026-10-07T16:41:41.2403323Z ./score/mw/com/impl/com_error.h:58:11: note: 'kServiceInstanceAlreadyOffered' has been explicitly marked deprecated here
2026-10-07T16:41:41.2433230Z    58 |         [[deprecated("Value has never been used. Calls to OfferService shall be idempotent.")]],
2026-10-07T16:41:41.2462478Z       |           ^
2026-10-07T16:41:41.2482165Z 1 warning generated.
2026-10-07T16:41:41.8800623Z INFO: From Compiling score/mw/com/impl/configuration/configuration.cpp:
2026-10-07T16:41:41.8823520Z In file included from score/mw/com/impl/configuration/configuration.cpp:13:
2026-10-07T16:41:41.8852973Z In file included from ./score/mw/com/impl/configuration/configuration.h:18:
2026-10-07T16:41:41.8893389Z In file included from ./score/mw/com/impl/configuration/service_instance_deployment.h:17:
2026-10-07T16:41:41.8914233Z ./score/mw/com/impl/com_error.h:186:65: warning: 'kServiceInstanceAlreadyOffered' is deprecated: Value has never been used. Calls to OfferService shall be idempotent. [-Wdeprecated-declarations]
2026-10-07T16:41:41.8932950Z   186 |             case static_cast<score::result::ErrorCode>(ComErrc::kServiceInstanceAlreadyOffered):
2026-10-07T16:41:41.8962568Z       |                                                                 ^
2026-10-07T16:41:41.9003404Z ./score/mw/com/impl/com_error.h:58:11: note: 'kServiceInstanceAlreadyOffered' has been explicitly marked deprecated here
2026-10-07T16:41:41.9012753Z    58 |         [[deprecated("Value has never been used. Calls to OfferService shall be idempotent.")]],
2026-10-07T16:41:41.9013676Z       |           ^
2026-10-07T16:41:41.9014207Z 1 warning generated.
2026-10-07T16:41:43.3743568Z INFO: From Compiling score/mw/com/impl/configuration/i_configuration_parsing_strategy.cpp:
2026-10-07T16:41:43.3745549Z In file included from score/mw/com/impl/configuration/i_configuration_parsing_strategy.cpp:13:
2026-10-07T16:41:43.3803212Z In file included from ./score/mw/com/impl/configuration/i_configuration_parsing_strategy.h:16:
2026-10-07T16:41:43.3804971Z In file included from ./score/mw/com/impl/configuration/configuration.h:18:
2026-10-07T16:41:43.3832960Z In file included from ./score/mw/com/impl/configuration/service_instance_deployment.h:17:
2026-10-07T16:41:43.3835968Z ./score/mw/com/impl/com_error.h:186:65: warning: 'kServiceInstanceAlreadyOffered' is deprecated: Value has never been used. Calls to OfferService shall be idempotent. [-Wdeprecated-declarations]
2026-10-07T16:41:43.3838541Z   186 |             case static_cast<score::result::ErrorCode>(ComErrc::kServiceInstanceAlreadyOffered):
2026-10-07T16:41:43.3862611Z       |                                                                 ^
2026-10-07T16:41:43.3899654Z ./score/mw/com/impl/com_error.h:58:11: note: 'kServiceInstanceAlreadyOffered' has been explicitly marked deprecated here
2026-10-07T16:41:43.3902968Z    58 |         [[deprecated("Value has never been used. Calls to OfferService shall be idempotent.")]],
2026-10-07T16:41:43.3904115Z       |           ^
2026-10-07T16:41:43.3904805Z 1 warning generated.
2026-10-07T16:41:45.7198896Z INFO: From Compiling score/mw/com/impl/configuration/config_parser.cpp:
2026-10-07T16:41:45.7223321Z In file included from score/mw/com/impl/configuration/config_parser.cpp:13:
2026-10-07T16:41:45.7252942Z In file included from ./score/mw/com/impl/configuration/config_parser.h:17:
2026-10-07T16:41:45.7254379Z In file included from ./score/mw/com/impl/configuration/configuration.h:18:
2026-10-07T16:41:45.7255917Z In file included from ./score/mw/com/impl/configuration/service_instance_deployment.h:17:
2026-10-07T16:41:45.7258761Z ./score/mw/com/impl/com_error.h:186:65: warning: 'kServiceInstanceAlreadyOffered' is deprecated: Value has never been used. Calls to OfferService shall be idempotent. [-Wdeprecated-declarations]
2026-10-07T16:41:45.7261206Z   186 |             case static_cast<score::result::ErrorCode>(ComErrc::kServiceInstanceAlreadyOffered):
2026-10-07T16:41:45.7262777Z       |                                                                 ^
2026-10-07T16:41:45.7264414Z ./score/mw/com/impl/com_error.h:58:11: note: 'kServiceInstanceAlreadyOffered' has been explicitly marked deprecated here
2026-10-07T16:41:45.7266200Z    58 |         [[deprecated("Value has never been used. Calls to OfferService shall be idempotent.")]],
2026-10-07T16:41:45.7267104Z       |           ^
2026-10-07T16:41:45.7267563Z 1 warning generated.
2026-10-07T16:41:45.7353667Z [4,587 / 7,492] 117 / 514 tests; Compiling score/mw/com/impl/proxy_field_test.cpp; 9s disk-cache, linux-sandbox ... (4 actions, 3 running)
2026-10-07T16:41:47.0202626Z INFO: From Compiling score/mw/com/impl/proxy_field_test.cpp:
2026-10-07T16:41:47.0209980Z In file included from score/mw/com/impl/proxy_field_test.cpp:20:
2026-10-07T16:41:47.0243181Z In file included from ./score/mw/com/impl/proxy_field.h:19:
2026-10-07T16:41:47.0272767Z In file included from ./score/mw/com/impl/methods/proxy_method_with_in_args_and_return.h:18:
2026-10-07T16:41:47.0303010Z In file included from ./score/mw/com/impl/methods/proxy_method.h:16:
2026-10-07T16:41:47.0332629Z In file included from ./score/mw/com/impl/bindings/lola/proxy.h:24:
2026-10-07T16:41:47.0362708Z In file included from ./score/mw/com/impl/bindings/lola/proxy_method.h:17:
2026-10-07T16:41:47.0392594Z In file included from ./score/mw/com/impl/bindings/lola/i_runtime.h:20:
2026-10-07T16:41:47.0405030Z In file included from ./score/mw/com/impl/i_binding_runtime.h:17:
2026-10-07T16:41:47.0452862Z In file included from ./score/mw/com/impl/i_service_discovery_client.h:16:
2026-10-07T16:41:47.0454401Z In file included from ./score/mw/com/impl/enriched_instance_identifier.h:17:
2026-10-07T16:41:47.0470805Z In file included from ./score/mw/com/impl/handle_type.h:18:
2026-10-07T16:41:47.0492515Z In file included from ./score/mw/com/impl/instance_identifier.h:16:
2026-10-07T16:41:47.0523824Z ./score/mw/com/impl/com_error.h:186:65: warning: 'kServiceInstanceAlreadyOffered' is deprecated: Value has never been used. Calls to OfferService shall be idempotent. [-Wdeprecated-declarations]
2026-10-07T16:41:47.0542823Z   186 |             case static_cast<score::result::ErrorCode>(ComErrc::kServiceInstanceAlreadyOffered):
2026-10-07T16:41:47.0561577Z       |                                                                 ^
2026-10-07T16:41:47.0583325Z ./score/mw/com/impl/com_error.h:58:11: note: 'kServiceInstanceAlreadyOffered' has been explicitly marked deprecated here
2026-10-07T16:41:47.0613063Z    58 |         [[deprecated("Value has never been used. Calls to OfferService shall be idempotent.")]],
2026-10-07T16:41:47.0642321Z       |           ^
2026-10-07T16:41:47.0645380Z score/mw/com/impl/proxy_field_test.cpp:327:35: warning: 'DefaultField' is deprecated: Implicit deduction  of field semantics is deprecated. Choose at least WithNotifier or WithGetter [-Wdeprecated-declarations]
2026-10-07T16:41:47.0672525Z   327 |     static_assert(has_unsubscribe<DefaultField>::value);
2026-10-07T16:41:47.0702287Z       |                                   ^
2026-10-07T16:41:47.0723057Z ./score/mw/com/impl/proxy_field.h:482:9: note: 'ProxyField<unsigned char>' has been explicitly marked deprecated here
2026-10-07T16:41:47.0733297Z   482 | class [[deprecated("Implicit deduction  of field semantics is deprecated. Choose at least WithNotifier or WithGetter")]]
2026-10-07T16:41:47.0762229Z       |         ^
2026-10-07T16:41:47.0794269Z score/mw/com/impl/proxy_field_test.cpp:328:61: warning: 'DefaultField' is deprecated: Implicit deduction  of field semantics is deprecated. Choose at least WithNotifier or WithGetter [-Wdeprecated-declarations]
2026-10-07T16:41:47.0802633Z   328 |     static_assert(has_set_subscription_state_change_handler<DefaultField>::value);
2026-10-07T16:41:47.0842326Z       |                                                             ^
2026-10-07T16:41:47.0853186Z ./score/mw/com/impl/proxy_field.h:482:9: note: 'ProxyField<unsigned char>' has been explicitly marked deprecated here
2026-10-07T16:41:47.0883183Z   482 | class [[deprecated("Implicit deduction  of field semantics is deprecated. Choose at least WithNotifier or WithGetter")]]
2026-10-07T16:41:47.0884301Z       |         ^
2026-10-07T16:41:47.0914318Z score/mw/com/impl/proxy_field_test.cpp:329:63: warning: 'DefaultField' is deprecated: Implicit deduction  of field semantics is deprecated. Choose at least WithNotifier or WithGetter [-Wdeprecated-declarations]
2026-10-07T16:41:47.0942999Z   329 |     static_assert(has_unset_subscription_state_change_handler<DefaultField>::value);
2026-10-07T16:41:47.0972475Z       |                                                               ^
2026-10-07T16:41:47.0974542Z ./score/mw/com/impl/proxy_field.h:482:9: note: 'ProxyField<unsigned char>' has been explicitly marked deprecated here
2026-10-07T16:41:47.1003460Z   482 | class [[deprecated("Implicit deduction  of field semantics is deprecated. Choose at least WithNotifier or WithGetter")]]
2026-10-07T16:41:47.1043773Z       |         ^
2026-10-07T16:41:47.1064050Z score/mw/com/impl/proxy_field_test.cpp:330:46: warning: 'DefaultField' is deprecated: Implicit deduction  of field semantics is deprecated. Choose at least WithNotifier or WithGetter [-Wdeprecated-declarations]
2026-10-07T16:41:47.1082798Z   330 |     static_assert(has_get_subscription_state<DefaultField>::value);
2026-10-07T16:41:47.1111545Z       |                                              ^
2026-10-07T16:41:47.1143152Z ./score/mw/com/impl/proxy_field.h:482:9: note: 'ProxyField<unsigned char>' has been explicitly marked deprecated here
2026-10-07T16:41:47.1153039Z   482 | class [[deprecated("Implicit deduction  of field semantics is deprecated. Choose at least WithNotifier or WithGetter")]]
2026-10-07T16:41:47.1172182Z       |         ^
2026-10-07T16:41:47.1214061Z score/mw/com/impl/proxy_field_test.cpp:331:45: warning: 'DefaultField' is deprecated: Implicit deduction  of field semantics is deprecated. Choose at least WithNotifier or WithGetter [-Wdeprecated-declarations]
2026-10-07T16:41:47.1242490Z   331 |     static_assert(has_get_free_sample_count<DefaultField>::value);
2026-10-07T16:41:47.1262260Z       |                                             ^
2026-10-07T16:41:47.1283058Z ./score/mw/com/impl/proxy_field.h:482:9: note: 'ProxyField<unsigned char>' has been explicitly marked deprecated here
2026-10-07T16:41:47.1333300Z   482 | class [[deprecated("Implicit deduction  of field semantics is deprecated. Choose at least WithNotifier or WithGetter")]]
2026-10-07T16:41:47.1362041Z       |         ^
2026-10-07T16:41:47.1394022Z score/mw/com/impl/proxy_field_test.cpp:332:53: warning: 'DefaultField' is deprecated: Implicit deduction  of field semantics is deprecated. Choose at least WithNotifier or WithGetter [-Wdeprecated-declarations]
2026-10-07T16:41:47.1412747Z   332 |     static_assert(has_get_num_new_samples_available<DefaultField>::value);
2026-10-07T16:41:47.1452356Z       |                                                     ^
2026-10-07T16:41:47.1483007Z ./score/mw/com/impl/proxy_field.h:482:9: note: 'ProxyField<unsigned char>' has been explicitly marked deprecated here
2026-10-07T16:41:47.1513119Z   482 | class [[deprecated("Implicit deduction  of field semantics is deprecated. Choose at least WithNotifier or WithGetter")]]
2026-10-07T16:41:47.1542032Z       |         ^
2026-10-07T16:41:47.1573983Z score/mw/com/impl/proxy_field_test.cpp:333:43: warning: 'DefaultField' is deprecated: Implicit deduction  of field semantics is deprecated. Choose at least WithNotifier or WithGetter [-Wdeprecated-declarations]
2026-10-07T16:41:47.1602609Z   333 |     static_assert(has_set_receive_handler<DefaultField>::value);
2026-10-07T16:41:47.1612211Z       |                                           ^
2026-10-07T16:41:47.1633137Z ./score/mw/com/impl/proxy_field.h:482:9: note: 'ProxyField<unsigned char>' has been explicitly marked deprecated here
2026-10-07T16:41:47.1663089Z   482 | class [[deprecated("Implicit deduction  of field semantics is deprecated. Choose at least WithNotifier or WithGetter")]]
2026-10-07T16:41:47.1682117Z       |         ^
2026-10-07T16:41:47.1714090Z score/mw/com/impl/proxy_field_test.cpp:334:45: warning: 'DefaultField' is deprecated: Implicit deduction  of field semantics is deprecated. Choose at least WithNotifier or WithGetter [-Wdeprecated-declarations]
2026-10-07T16:41:47.1722521Z   334 |     static_assert(has_unset_receive_handler<DefaultField>::value);
2026-10-07T16:41:47.1752292Z       |                                             ^
2026-10-07T16:41:47.1783029Z ./score/mw/com/impl/proxy_field.h:482:9: note: 'ProxyField<unsigned char>' has been explicitly marked deprecated here
2026-10-07T16:41:47.1803623Z   482 | class [[deprecated("Implicit deduction  of field semantics is deprecated. Choose at least WithNotifier or WithGetter")]]
2026-10-07T16:41:47.1811954Z       |         ^
2026-10-07T16:41:47.1844042Z score/mw/com/impl/proxy_field_test.cpp:335:39: warning: 'DefaultField' is deprecated: Implicit deduction  of field semantics is deprecated. Choose at least WithNotifier or WithGetter [-Wdeprecated-declarations]
2026-10-07T16:41:47.1862414Z   335 |     static_assert(has_get_new_samples<DefaultField>::value);
2026-10-07T16:41:47.1892558Z       |                                       ^
2026-10-07T16:41:47.1902938Z ./score/mw/com/impl/proxy_field.h:482:9: note: 'ProxyField<unsigned char>' has been explicitly marked deprecated here
2026-10-07T16:41:47.1933313Z   482 | class [[deprecated("Implicit deduction  of field semantics is deprecated. Choose at least WithNotifier or WithGetter")]]
2026-10-07T16:41:47.1952105Z       |         ^
2026-10-07T16:41:47.1984385Z score/mw/com/impl/proxy_field_test.cpp:336:35: warning: 'DefaultField' is deprecated: Implicit deduction  of field semantics is deprecated. Choose at least WithNotifier or WithGetter [-Wdeprecated-declarations]
2026-10-07T16:41:47.1992408Z   336 |     static_assert(has_inject_mock<DefaultField>::value);
2026-10-07T16:41:47.2022286Z       |                                   ^
2026-10-07T16:41:47.2043108Z ./score/mw/com/impl/proxy_field.h:482:9: note: 'ProxyField<unsigned char>' has been explicitly marked deprecated here
2026-10-07T16:41:47.2073251Z   482 | class [[deprecated("Implicit deduction  of field semantics is deprecated. Choose at least WithNotifier or WithGetter")]]
2026-10-07T16:41:47.2081962Z       |         ^
2026-10-07T16:41:47.2113989Z score/mw/com/impl/proxy_field_test.cpp:337:28: warning: 'DefaultField' is deprecated: Implicit deduction  of field semantics is deprecated. Choose at least WithNotifier or WithGetter [-Wdeprecated-declarations]
2026-10-07T16:41:47.2132482Z   337 |     static_assert(!has_get<DefaultField>::value);
2026-10-07T16:41:47.2162266Z       |                            ^
2026-10-07T16:41:47.2172978Z ./score/mw/com/impl/proxy_field.h:482:9: note: 'ProxyField<unsigned char>' has been explicitly marked deprecated here
2026-10-07T16:41:47.2203107Z   482 | class [[deprecated("Implicit deduction  of field semantics is deprecated. Choose at least WithNotifier or WithGetter")]]
2026-10-07T16:41:47.2222147Z       |         ^
2026-10-07T16:41:47.2233940Z score/mw/com/impl/proxy_field_test.cpp:338:28: warning: 'DefaultField' is deprecated: Implicit deduction  of field semantics is deprecated. Choose at least WithNotifier or WithGetter [-Wdeprecated-declarations]
2026-10-07T16:41:47.2256541Z   338 |     static_assert(!has_set<DefaultField>::value);
2026-10-07T16:41:47.2282169Z       |                            ^
2026-10-07T16:41:47.2313029Z ./score/mw/com/impl/proxy_field.h:482:9: note: 'ProxyField<unsigned char>' has been explicitly marked deprecated here
2026-10-07T16:41:47.2315103Z   482 | class [[deprecated("Implicit deduction  of field semantics is deprecated. Choose at least WithNotifier or WithGetter")]]
2026-10-07T16:41:47.2316132Z       |         ^
2026-10-07T16:41:47.2316583Z 13 warnings generated.
2026-10-07T16:41:47.7573564Z INFO: From Compiling score/mw/com/impl/configuration/configuration_json_parsing_strategy.cpp:
2026-10-07T16:41:47.7603142Z In file included from score/mw/com/impl/configuration/configuration_json_parsing_strategy.cpp:13:
2026-10-07T16:41:47.7633226Z In file included from ./score/mw/com/impl/configuration/configuration_json_parsing_strategy.h:16:
2026-10-07T16:41:47.7662904Z In file included from ./score/mw/com/impl/configuration/i_configuration_parsing_strategy.h:16:
2026-10-07T16:41:47.7692656Z In file included from ./score/mw/com/impl/configuration/configuration.h:18:
2026-10-07T16:41:47.7712769Z In file included from ./score/mw/com/impl/configuration/service_instance_deployment.h:17:
2026-10-07T16:41:47.7754384Z ./score/mw/com/impl/com_error.h:186:65: warning: 'kServiceInstanceAlreadyOffered' is deprecated: Value has never been used. Calls to OfferService shall be idempotent. [-Wdeprecated-declarations]
2026-10-07T16:41:47.7773097Z   186 |             case static_cast<score::result::ErrorCode>(ComErrc::kServiceInstanceAlreadyOffered):
2026-10-07T16:41:47.7802695Z       |                                                                 ^
2026-10-07T16:41:47.7823149Z ./score/mw/com/impl/com_error.h:58:11: note: 'kServiceInstanceAlreadyOffered' has been explicitly marked deprecated here
2026-10-07T16:41:47.7825187Z    58 |         [[deprecated("Value has never been used. Calls to OfferService shall be idempotent.")]],
2026-10-07T16:41:47.7826238Z       |           ^
2026-10-07T16:41:47.7842192Z 1 warning generated.
2026-10-07T16:41:51.0456568Z INFO: From Compiling score/mw/com/impl/configuration/test/configuration_test_resources.cpp:
2026-10-07T16:41:51.0473521Z In file included from score/mw/com/impl/configuration/test/configuration_test_resources.cpp:13:
2026-10-07T16:41:51.0503505Z In file included from ./score/mw/com/impl/configuration/test/configuration_test_resources.h:26:
2026-10-07T16:41:51.0532926Z In file included from ./score/mw/com/impl/configuration/service_instance_deployment.h:17:
2026-10-07T16:41:51.0563911Z ./score/mw/com/impl/com_error.h:186:65: warning: 'kServiceInstanceAlreadyOffered' is deprecated: Value has never been used. Calls to OfferService shall be idempotent. [-Wdeprecated-declarations]
2026-10-07T16:41:51.0566718Z   186 |             case static_cast<score::result::ErrorCode>(ComErrc::kServiceInstanceAlreadyOffered):
2026-10-07T16:41:51.0592354Z       |                                                                 ^
2026-10-07T16:41:51.0621700Z ./score/mw/com/impl/com_error.h:58:11: note: 'kServiceInstanceAlreadyOffered' has been explicitly marked deprecated here
2026-10-07T16:41:51.0643617Z    58 |         [[deprecated("Value has never been used. Calls to OfferService shall be idempotent.")]],
2026-10-07T16:41:51.0672065Z       |           ^
2026-10-07T16:41:51.0682010Z 1 warning generated.
2026-10-07T16:41:55.3283892Z INFO: From Compiling score/mw/com/impl/configuration/service_instance_deployment_test.cpp:
2026-10-07T16:41:55.3303174Z In file included from score/mw/com/impl/configuration/service_instance_deployment_test.cpp:13:
2026-10-07T16:41:55.3332732Z In file included from ./score/mw/com/impl/configuration/service_instance_deployment.h:17:
2026-10-07T16:41:55.3393977Z ./score/mw/com/impl/com_error.h:186:65: warning: 'kServiceInstanceAlreadyOffered' is deprecated: Value has never been used. Calls to OfferService shall be idempotent. [-Wdeprecated-declarations]
2026-10-07T16:41:55.3396411Z   186 |             case static_cast<score::result::ErrorCode>(ComErrc::kServiceInstanceAlreadyOffered):
2026-10-07T16:41:55.3422321Z       |                                                                 ^
2026-10-07T16:41:55.3453124Z ./score/mw/com/impl/com_error.h:58:11: note: 'kServiceInstanceAlreadyOffered' has been explicitly marked deprecated here
2026-10-07T16:41:55.3482840Z    58 |         [[deprecated("Value has never been used. Calls to OfferService shall be idempotent.")]],
2026-10-07T16:41:55.3512101Z       |           ^
2026-10-07T16:41:55.3532126Z 1 warning generated.
2026-10-07T16:41:55.7380069Z [4,622 / 7,493] 117 / 514 tests; Compiling score/mw/com/impl/plumbing/skeleton_event_binding_factory_test.cpp; 8s disk-cache, linux-sandbox ... (4 actions, 3 running)
2026-10-07T16:41:59.3747971Z INFO: From Compiling score/mw/com/impl/plumbing/skeleton_event_binding_factory_test.cpp:
2026-10-07T16:41:59.3772949Z In file included from score/mw/com/impl/plumbing/skeleton_event_binding_factory_test.cpp:18:
2026-10-07T16:41:59.3799406Z In file included from ./score/mw/com/impl/plumbing/skeleton_event_binding_factory.h:16:
2026-10-07T16:41:59.3822818Z In file included from ./score/mw/com/impl/bindings/lola/skeleton_event.h:21:
2026-10-07T16:41:59.3852647Z In file included from ./score/mw/com/impl/bindings/lola/skeleton.h:32:
2026-10-07T16:41:59.3854614Z In file included from ./score/mw/com/impl/bindings/lola/skeleton_memory_manager.h:20:
2026-10-07T16:41:59.3856097Z In file included from ./score/mw/com/impl/bindings/lola/service_data_storage.h:20:
2026-10-07T16:41:59.3857353Z In file included from ./score/mw/com/impl/bindings/lola/i_runtime.h:20:
2026-10-07T16:41:59.3858481Z In file included from ./score/mw/com/impl/i_binding_runtime.h:17:
2026-10-07T16:41:59.3859627Z In file included from ./score/mw/com/impl/i_service_discovery_client.h:16:
2026-10-07T16:41:59.3860854Z In file included from ./score/mw/com/impl/enriched_instance_identifier.h:17:
2026-10-07T16:41:59.3862170Z In file included from ./score/mw/com/impl/handle_type.h:18:
2026-10-07T16:41:59.3863231Z In file included from ./score/mw/com/impl/instance_identifier.h:16:
2026-10-07T16:41:59.3865622Z ./score/mw/com/impl/com_error.h:186:65: warning: 'kServiceInstanceAlreadyOffered' is deprecated: Value has never been used. Calls to OfferService shall be idempotent. [-Wdeprecated-declarations]
2026-10-07T16:41:59.3867861Z   186 |             case static_cast<score::result::ErrorCode>(ComErrc::kServiceInstanceAlreadyOffered):
2026-10-07T16:41:59.3869065Z       |                                                                 ^
2026-10-07T16:41:59.3870627Z ./score/mw/com/impl/com_error.h:58:11: note: 'kServiceInstanceAlreadyOffered' has been explicitly marked deprecated here
2026-10-07T16:41:59.3872677Z    58 |         [[deprecated("Value has never been used. Calls to OfferService shall be idempotent.")]],
2026-10-07T16:41:59.3873526Z       |           ^
2026-10-07T16:41:59.3873976Z 1 warning generated.
2026-10-07T16:42:05.7714759Z [4,692 / 7,493] 117 / 514 tests; Compiling score/mw/com/impl/bindings/lola/transaction_log_set_test.cpp; 6s disk-cache, linux-sandbox ... (4 actions, 3 running)
2026-10-07T16:42:12.7933148Z INFO: From Compiling score/mw/com/impl/bindings/lola/transaction_log_set_test.cpp:
2026-10-07T16:42:12.7972897Z In file included from score/mw/com/impl/bindings/lola/transaction_log_set_test.cpp:15:
2026-10-07T16:42:12.7974652Z In file included from ./score/mw/com/impl/bindings/lola/runtime_mock.h:16:
2026-10-07T16:42:12.8002652Z In file included from ./score/mw/com/impl/bindings/lola/i_runtime.h:20:
2026-10-07T16:42:12.8032574Z In file included from ./score/mw/com/impl/i_binding_runtime.h:17:
2026-10-07T16:42:12.8062631Z In file included from ./score/mw/com/impl/i_service_discovery_client.h:16:
2026-10-07T16:42:12.8064309Z In file included from ./score/mw/com/impl/enriched_instance_identifier.h:17:
2026-10-07T16:42:12.8092473Z In file included from ./score/mw/com/impl/handle_type.h:18:
2026-10-07T16:42:12.8122631Z In file included from ./score/mw/com/impl/instance_identifier.h:16:
2026-10-07T16:42:12.8150048Z ./score/mw/com/impl/com_error.h:186:65: warning: 'kServiceInstanceAlreadyOffered' is deprecated: Value has never been used. Calls to OfferService shall be idempotent. [-Wdeprecated-declarations]
2026-10-07T16:42:12.8182889Z   186 |             case static_cast<score::result::ErrorCode>(ComErrc::kServiceInstanceAlreadyOffered):
2026-10-07T16:42:12.8184633Z       |                                                                 ^
2026-10-07T16:42:12.8213233Z ./score/mw/com/impl/com_error.h:58:11: note: 'kServiceInstanceAlreadyOffered' has been explicitly marked deprecated here
2026-10-07T16:42:12.8242742Z    58 |         [[deprecated("Value has never been used. Calls to OfferService shall be idempotent.")]],
2026-10-07T16:42:12.8272053Z       |           ^
2026-10-07T16:42:12.8272894Z 1 warning generated.
2026-10-07T16:42:16.7161013Z [4,724 / 7,493] 117 / 514 tests; Compiling src/idl_parser.cpp [for tool]; 7s disk-cache, linux-sandbox ... (4 actions, 3 running)
2026-10-07T16:42:23.7483424Z INFO: From Compiling score/mw/com/impl/bindings/lola/proxy_event_get_new_samples_test.cpp:
2026-10-07T16:42:23.7523330Z In file included from score/mw/com/impl/bindings/lola/proxy_event_get_new_samples_test.cpp:14:
2026-10-07T16:42:23.7552748Z In file included from ./score/mw/com/impl/bindings/lola/proxy_event.h:18:
2026-10-07T16:42:23.7576713Z In file included from ./score/mw/com/impl/bindings/lola/proxy.h:24:
2026-10-07T16:42:23.7602703Z In file included from ./score/mw/com/impl/bindings/lola/proxy_method.h:17:
2026-10-07T16:42:23.7603962Z In file included from ./score/mw/com/impl/bindings/lola/i_runtime.h:20:
2026-10-07T16:42:23.7605104Z In file included from ./score/mw/com/impl/i_binding_runtime.h:17:
2026-10-07T16:42:23.7606268Z In file included from ./score/mw/com/impl/i_service_discovery_client.h:16:
2026-10-07T16:42:23.7607512Z In file included from ./score/mw/com/impl/enriched_instance_identifier.h:17:
2026-10-07T16:42:23.7647445Z In file included from ./score/mw/com/impl/handle_type.h:18:
2026-10-07T16:42:23.7648735Z In file included from ./score/mw/com/impl/instance_identifier.h:16:
2026-10-07T16:42:23.7651133Z ./score/mw/com/impl/com_error.h:186:65: warning: 'kServiceInstanceAlreadyOffered' is deprecated: Value has never been used. Calls to OfferService shall be idempotent. [-Wdeprecated-declarations]
2026-10-07T16:42:23.7653606Z   186 |             case static_cast<score::result::ErrorCode>(ComErrc::kServiceInstanceAlreadyOffered):
2026-10-07T16:42:23.7654675Z       |                                                                 ^
2026-10-07T16:42:23.7655979Z ./score/mw/com/impl/com_error.h:58:11: note: 'kServiceInstanceAlreadyOffered' has been explicitly marked deprecated here
2026-10-07T16:42:23.7657430Z    58 |         [[deprecated("Value has never been used. Calls to OfferService shall be idempotent.")]],
2026-10-07T16:42:23.7658134Z       |           ^
2026-10-07T16:42:23.7658509Z 1 warning generated.
2026-10-07T16:42:28.3724288Z [4,760 / 7,494] 117 / 514 tests; Compiling score/mw/com/impl/bindings/lola/transaction_log_rollback_executor_test.cpp; 4s disk-cache, linux-sandbox ... (4 actions, 3 running)
2026-10-07T16:42:32.2505024Z INFO: From Generating raw JSON schema from score/mw/com/impl/configuration/mw_com_config.fbs:
2026-10-07T16:42:32.2506124Z 
2026-10-07T16:42:32.2506622Z warning:
2026-10-07T16:42:32.2508959Z   /home/runner/work/communication/communication/score/mw/com/impl/configuration/mw_com_config.fbs:98: 13: warning: field names should be lowercase snake_case, got: eventName
2026-10-07T16:42:32.2513399Z /home/runner/work/communication/communication/score/mw/com/impl/configuration/mw_com_config.fbs:102: 11: warning: field names should be lowercase snake_case, got: eventId
2026-10-07T16:42:32.2543887Z /home/runner/work/communication/communication/score/mw/com/impl/configuration/mw_com_config.fbs:111: 13: warning: field names should be lowercase snake_case, got: fieldName
2026-10-07T16:42:32.2573856Z /home/runner/work/communication/communication/score/mw/com/impl/configuration/mw_com_config.fbs:115: 11: warning: field names should be lowercase snake_case, got: fieldId
2026-10-07T16:42:32.2594101Z /home/runner/work/communication/communication/score/mw/com/impl/configuration/mw_com_config.fbs:119: 7: warning: field names should be lowercase snake_case, got: Get
2026-10-07T16:42:32.2633787Z /home/runner/work/communication/communication/score/mw/com/impl/configuration/mw_com_config.fbs:123: 7: warning: field names should be lowercase snake_case, got: Set
2026-10-07T16:42:32.2637220Z /home/runner/work/communication/communication/score/mw/com/impl/configuration/mw_com_config.fbs:130: 14: warning: field names should be lowercase snake_case, got: methodName
2026-10-07T16:42:32.2663882Z /home/runner/work/communication/communication/score/mw/com/impl/configuration/mw_com_config.fbs:133: 12: warning: field names should be lowercase snake_case, got: methodId
2026-10-07T16:42:32.2693909Z /home/runner/work/communication/communication/score/mw/com/impl/configuration/mw_com_config.fbs:146: 13: warning: field names should be lowercase snake_case, got: serviceId
2026-10-07T16:42:32.2723937Z /home/runner/work/communication/communication/score/mw/com/impl/configuration/mw_com_config.fbs:163: 19: warning: field names should be lowercase snake_case, got: serviceTypeName
2026-10-07T16:42:32.2754306Z /home/runner/work/communication/communication/score/mw/com/impl/configuration/mw_com_config.fbs:182: 13: warning: field names should be lowercase snake_case, got: eventName
2026-10-07T16:42:32.2757793Z /home/runner/work/communication/communication/score/mw/com/impl/configuration/mw_com_config.fbs:185: 14: warning: field names should be lowercase snake_case, got: maxSamples
2026-10-07T16:42:32.2783931Z /home/runner/work/communication/communication/score/mw/com/impl/configuration/mw_com_config.fbs:190: 23: warning: field names should be lowercase snake_case, got: numberOfSampleSlots
2026-10-07T16:42:32.2813973Z /home/runner/work/communication/communication/score/mw/com/impl/configuration/mw_com_config.fbs:193: 18: warning: field names should be lowercase snake_case, got: maxSubscribers
2026-10-07T16:42:32.2820437Z /home/runner/work/communication/communication/score/mw/com/impl/configuration/mw_com_config.fbs:197: 21: warning: field names should be lowercase snake_case, got: enforceMaxSamples
2026-10-07T16:42:32.2854142Z /home/runner/work/communication/communication/score/mw/com/impl/configuration/mw_com_config.fbs:203: 27: warning: field names should be lowercase snake_case, got: numberOfIpcTracingSlots
2026-10-07T16:42:32.2884143Z /home/runner/work/communication/communication/score/mw/com/impl/configuration/mw_com_config.fbs:212: 13: warning: field names should be lowercase snake_case, got: fieldName
2026-10-07T16:42:32.2913782Z /home/runner/work/communication/communication/score/mw/com/impl/configuration/mw_com_config.fbs:217: 23: warning: field names should be lowercase snake_case, got: numberOfSampleSlots
2026-10-07T16:42:32.2932812Z /home/runner/work/communication/communication/score/mw/com/impl/configuration/mw_com_config.fbs:220: 18: warning: field names should be lowercase snake_case, got: maxSubscribers
2026-10-07T16:42:32.2954317Z /home/runner/work/communication/communication/score/mw/com/impl/configuration/mw_com_config.fbs:223: 21: warning: field names should be lowercase snake_case, got: enforceMaxSamples
2026-10-07T16:42:32.2957772Z /home/runner/work/communication/communication/score/mw/com/impl/configuration/mw_com_config.fbs:229: 27: warning: field names should be lowercase snake_case, got: numberOfIpcTracingSlots
2026-10-07T16:42:32.2961303Z /home/runner/work/communication/communication/score/mw/com/impl/configuration/mw_com_config.fbs:233: 21: warning: field names should be lowercase snake_case, got: useGetIfAvailable
2026-10-07T16:42:32.2965663Z /home/runner/work/communication/communication/score/mw/com/impl/configuration/mw_com_config.fbs:237: 21: warning: field names should be lowercase snake_case, got: useSetIfAvailable
2026-10-07T16:42:32.2968952Z /home/runner/work/communication/communication/score/mw/com/impl/configuration/mw_com_config.fbs:244: 14: warning: field names should be lowercase snake_case, got: methodName
2026-10-07T16:42:32.2972394Z /home/runner/work/communication/communication/score/mw/com/impl/configuration/mw_com_config.fbs:248: 13: warning: field names should be lowercase snake_case, got: queueSize
2026-10-07T16:42:32.2975533Z /home/runner/work/communication/communication/score/mw/com/impl/configuration/mw_com_config.fbs:259: 6: warning: field names should be lowercase snake_case, got: QM
2026-10-07T16:42:32.2978636Z /home/runner/work/communication/communication/score/mw/com/impl/configuration/mw_com_config.fbs:262: 5: warning: field names should be lowercase snake_case, got: B
2026-10-07T16:42:32.2982007Z /home/runner/work/communication/communication/score/mw/com/impl/configuration/mw_com_config.fbs:270: 6: warning: field names should be lowercase snake_case, got: QM
2026-10-07T16:42:32.2985182Z /home/runner/work/communication/communication/score/mw/com/impl/configuration/mw_com_config.fbs:273: 5: warning: field names should be lowercase snake_case, got: B
2026-10-07T16:42:32.2989119Z /home/runner/work/communication/communication/score/mw/com/impl/configuration/mw_com_config.fbs:281: 14: warning: field names should be lowercase snake_case, got: instanceId
2026-10-07T16:42:32.2992712Z /home/runner/work/communication/communication/score/mw/com/impl/configuration/mw_com_config.fbs:303: 19: warning: field names should be lowercase snake_case, got: allowedConsumer
2026-10-07T16:42:32.2996039Z /home/runner/work/communication/communication/score/mw/com/impl/configuration/mw_com_config.fbs:304: 19: warning: field names should be lowercase snake_case, got: allowedProvider
2026-10-07T16:42:32.2999746Z /home/runner/work/communication/communication/score/mw/com/impl/configuration/mw_com_config.fbs:316: 18: warning: field names should be lowercase snake_case, got: interVmSupport
2026-10-07T16:42:32.3003248Z /home/runner/work/communication/communication/score/mw/com/impl/configuration/mw_com_config.fbs:320: 20: warning: field names should be lowercase snake_case, got: interVmForwarded
2026-10-07T16:42:32.3006403Z /home/runner/work/communication/communication/score/mw/com/impl/configuration/mw_com_config.fbs:331: 21: warning: field names should be lowercase snake_case, got: instanceSpecifier
2026-10-07T16:42:32.3009520Z /home/runner/work/communication/communication/score/mw/com/impl/configuration/mw_com_config.fbs:335: 19: warning: field names should be lowercase snake_case, got: serviceTypeName
2026-10-07T16:42:32.3012811Z /home/runner/work/communication/communication/score/mw/com/impl/configuration/mw_com_config.fbs:354: 15: warning: field names should be lowercase snake_case, got: QM_receiver
2026-10-07T16:42:32.3015830Z /home/runner/work/communication/communication/score/mw/com/impl/configuration/mw_com_config.fbs:358: 14: warning: field names should be lowercase snake_case, got: B_receiver
2026-10-07T16:42:32.3018880Z /home/runner/work/communication/communication/score/mw/com/impl/configuration/mw_com_config.fbs:362: 12: warning: field names should be lowercase snake_case, got: B_sender
2026-10-07T16:42:32.3102586Z /home/runner/work/communication/communication/score/mw/com/impl/configuration/mw_com_config.fbs:376: 17: warning: field names should be lowercase snake_case, got: applicationID
2026-10-07T16:42:32.3105887Z /home/runner/work/communication/communication/score/mw/com/impl/configuration/mw_com_config.fbs:400: 25: warning: field names should be lowercase snake_case, got: applicationInstanceID
2026-10-07T16:42:32.3109003Z /home/runner/work/communication/communication/score/mw/com/impl/configuration/mw_com_config.fbs:404: 25: warning: field names should be lowercase snake_case, got: traceFilterConfigPath
2026-10-07T16:42:32.3112739Z /home/runner/work/communication/communication/score/mw/com/impl/configuration/mw_com_config.fbs:417: 16: warning: field names should be lowercase snake_case, got: serviceTypes
2026-10-07T16:42:32.3115736Z /home/runner/work/communication/communication/score/mw/com/impl/configuration/mw_com_config.fbs:421: 20: warning: field names should be lowercase snake_case, got: serviceInstances
2026-10-07T16:42:32.3116938Z 
2026-10-07T16:42:39.4696708Z [4,771 / 7,495] 117 / 514 tests; Compiling score/mw/com/impl/bindings/lola/transaction_log_rollback_executor_test.cpp; 15s disk-cache, linux-sandbox ... (4 actions, 3 running)
2026-10-07T16:42:46.0965220Z INFO: From Compiling score/mw/com/impl/bindings/lola/transaction_log_rollback_executor_test.cpp:
2026-10-07T16:42:46.0968016Z In file included from score/mw/com/impl/bindings/lola/transaction_log_rollback_executor_test.cpp:13:
2026-10-07T16:42:46.0970071Z In file included from ./score/mw/com/impl/bindings/lola/transaction_log_rollback_executor.h:16:
2026-10-07T16:42:46.0972115Z In file included from ./score/mw/com/impl/bindings/lola/i_runtime.h:20:
2026-10-07T16:42:46.0973587Z In file included from ./score/mw/com/impl/i_binding_runtime.h:17:
2026-10-07T16:42:46.0974984Z In file included from ./score/mw/com/impl/i_service_discovery_client.h:16:
2026-10-07T16:42:46.0976448Z In file included from ./score/mw/com/impl/enriched_instance_identifier.h:17:
2026-10-07T16:42:46.0977732Z In file included from ./score/mw/com/impl/handle_type.h:18:
2026-10-07T16:42:46.0979001Z In file included from ./score/mw/com/impl/instance_identifier.h:16:
2026-10-07T16:42:46.0982424Z ./score/mw/com/impl/com_error.h:186:65: warning: 'kServiceInstanceAlreadyOffered' is deprecated: Value has never been used. Calls to OfferService shall be idempotent. [-Wdeprecated-declarations]
2026-10-07T16:42:46.0985034Z   186 |             case static_cast<score::result::ErrorCode>(ComErrc::kServiceInstanceAlreadyOffered):
2026-10-07T16:42:46.0986526Z       |                                                                 ^
2026-10-07T16:42:46.0988368Z ./score/mw/com/impl/com_error.h:58:11: note: 'kServiceInstanceAlreadyOffered' has been explicitly marked deprecated here
2026-10-07T16:42:46.0990401Z    58 |         [[deprecated("Value has never been used. Calls to OfferService shall be idempotent.")]],
2026-10-07T16:42:46.0991986Z       |           ^
2026-10-07T16:42:46.0992740Z 1 warning generated.
2026-10-07T16:42:49.6492380Z [4,785 / 7,496] 117 / 514 tests; Compiling score/memory/shared/shared_memory_test_resources.cpp; 23s disk-cache, linux-sandbox ... (4 actions, 3 running)
2026-10-07T16:42:59.2290053Z INFO: From Compiling score/mw/com/impl/bindings/lola/event_subscription_control_test.cpp:
2026-10-07T16:42:59.2323009Z In file included from score/mw/com/impl/bindings/lola/event_subscription_control_test.cpp:15:
2026-10-07T16:42:59.2332713Z In file included from ./score/mw/com/impl/bindings/lola/test/proxy_event_test_resources.h:18:
2026-10-07T16:42:59.2362395Z In file included from ./score/mw/com/impl/bindings/lola/i_runtime.h:20:
2026-10-07T16:42:59.2382499Z In file included from ./score/mw/com/impl/i_binding_runtime.h:17:
2026-10-07T16:42:59.2402672Z In file included from ./score/mw/com/impl/i_service_discovery_client.h:16:
2026-10-07T16:42:59.2452607Z In file included from ./score/mw/com/impl/enriched_instance_identifier.h:17:
2026-10-07T16:42:59.2495166Z In file included from ./score/mw/com/impl/handle_type.h:18:
2026-10-07T16:42:59.2512326Z In file included from ./score/mw/com/impl/instance_identifier.h:16:
2026-10-07T16:42:59.2514467Z ./score/mw/com/impl/com_error.h:186:65: warning: 'kServiceInstanceAlreadyOffered' is deprecated: Value has never been used. Calls to OfferService shall be idempotent. [-Wdeprecated-declarations]
2026-10-07T16:42:59.2522604Z   186 |             case static_cast<score::result::ErrorCode>(ComErrc::kServiceInstanceAlreadyOffered):
2026-10-07T16:42:59.2562549Z       |                                                                 ^
2026-10-07T16:42:59.2582943Z ./score/mw/com/impl/com_error.h:58:11: note: 'kServiceInstanceAlreadyOffered' has been explicitly marked deprecated here
2026-10-07T16:42:59.2612832Z    58 |         [[deprecated("Value has never been used. Calls to OfferService shall be idempotent.")]],
2026-10-07T16:42:59.2632594Z       |           ^
2026-10-07T16:42:59.2652044Z 1 warning generated.
2026-10-07T16:42:59.8373912Z [4,831 / 7,498] 117 / 514 tests; Compiling score/memory/shared/shared_memory_resource_create_test.cpp; 8s disk-cache, linux-sandbox ... (4 actions, 3 running)
2026-10-07T16:43:10.3233697Z [4,880 / 7,498] 117 / 514 tests; Compiling score/memory/shared/shared_memory_resource_create_test.cpp; 18s disk-cache, linux-sandbox ... (4 actions, 3 running)
2026-10-07T16:43:13.0633281Z INFO: From Compiling score/mw/com/impl/bindings/lola/subscription_state_machine_methods_test.cpp:
2026-10-07T16:43:13.0693226Z In file included from score/mw/com/impl/bindings/lola/subscription_state_machine_methods_test.cpp:15:
2026-10-07T16:43:13.0732874Z In file included from ./score/mw/com/impl/bindings/lola/test/proxy_event_test_resources.h:18:
2026-10-07T16:43:13.0782944Z In file included from ./score/mw/com/impl/bindings/lola/i_runtime.h:20:
2026-10-07T16:43:13.0862891Z In file included from ./score/mw/com/impl/i_binding_runtime.h:17:
2026-10-07T16:43:13.0933033Z In file included from ./score/mw/com/impl/i_service_discovery_client.h:16:
2026-10-07T16:43:13.0983109Z In file included from ./score/mw/com/impl/enriched_instance_identifier.h:17:
2026-10-07T16:43:13.1011589Z In file included from ./score/mw/com/impl/handle_type.h:18:
2026-10-07T16:43:13.1062994Z In file included from ./score/mw/com/impl/instance_identifier.h:16:
2026-10-07T16:43:13.1094394Z ./score/mw/com/impl/com_error.h:186:65: warning: 'kServiceInstanceAlreadyOffered' is deprecated: Value has never been used. Calls to OfferService shall be idempotent. [-Wdeprecated-declarations]
2026-10-07T16:43:13.1123303Z   186 |             case static_cast<score::result::ErrorCode>(ComErrc::kServiceInstanceAlreadyOffered):
2026-10-07T16:43:13.1202795Z       |                                                                 ^
2026-10-07T16:43:13.1213125Z ./score/mw/com/impl/com_error.h:58:11: note: 'kServiceInstanceAlreadyOffered' has been explicitly marked deprecated here
2026-10-07T16:43:13.1284603Z    58 |         [[deprecated("Value has never been used. Calls to OfferService shall be idempotent.")]],
2026-10-07T16:43:13.1332160Z       |           ^
2026-10-07T16:43:13.1412579Z 1 warning generated.
2026-10-07T16:43:20.4724317Z [4,914 / 7,499] 117 / 514 tests; Compiling score/mw/com/impl/bindings/lola/test/skeleton_component_test.cpp; 4s disk-cache, linux-sandbox ... (4 actions, 3 running)
2026-10-07T16:43:30.7014265Z [4,962 / 7,499] 117 / 514 tests; Compiling score/mw/com/impl/bindings/lola/test/skeleton_component_test.cpp; 14s disk-cache, linux-sandbox ... (4 actions, 3 running)
2026-10-07T16:43:40.8350507Z [4,983 / 7,499] 117 / 514 tests; Compiling score/mw/com/impl/bindings/lola/test/skeleton_component_test.cpp; 24s disk-cache, linux-sandbox ... (4 actions, 3 running)
2026-10-07T16:43:51.8426679Z [5,026 / 7,499] 117 / 514 tests; Compiling score/mw/com/impl/bindings/lola/test/skeleton_component_test.cpp; 35s disk-cache, linux-sandbox ... (4 actions, 3 running)
2026-10-07T16:44:03.5494167Z [5,036 / 7,500] 117 / 514 tests; Compiling score/mw/com/impl/bindings/lola/test/skeleton_component_test.cpp; 47s disk-cache, linux-sandbox ... (4 actions, 3 running)
2026-10-07T16:44:10.4996272Z INFO: From Compiling score/mw/com/impl/bindings/lola/test/skeleton_component_test.cpp:
2026-10-07T16:44:10.5044535Z In file included from score/mw/com/impl/bindings/lola/test/skeleton_component_test.cpp:16:
2026-10-07T16:44:10.5074944Z In file included from ./score/mw/com/impl/bindings/lola/service_data_storage.h:20:
2026-10-07T16:44:10.5133652Z In file included from ./score/mw/com/impl/bindings/lola/i_runtime.h:20:
2026-10-07T16:44:10.5165404Z In file included from ./score/mw/com/impl/i_binding_runtime.h:17:
2026-10-07T16:44:10.5263281Z In file included from ./score/mw/com/impl/i_service_discovery_client.h:16:
2026-10-07T16:44:10.5292855Z In file included from ./score/mw/com/impl/enriched_instance_identifier.h:17:
2026-10-07T16:44:10.5316019Z In file included from ./score/mw/com/impl/handle_type.h:18:
2026-10-07T16:44:10.5393025Z In file included from ./score/mw/com/impl/instance_identifier.h:16:
2026-10-07T16:44:10.5424225Z ./score/mw/com/impl/com_error.h:186:65: warning: 'kServiceInstanceAlreadyOffered' is deprecated: Value has never been used. Calls to OfferService shall be idempotent. [-Wdeprecated-declarations]
2026-10-07T16:44:10.5453501Z   186 |             case static_cast<score::result::ErrorCode>(ComErrc::kServiceInstanceAlreadyOffered):
2026-10-07T16:44:10.5482682Z       |                                                                 ^
2026-10-07T16:44:10.5484499Z ./score/mw/com/impl/com_error.h:58:11: note: 'kServiceInstanceAlreadyOffered' has been explicitly marked deprecated here
2026-10-07T16:44:10.5486520Z    58 |         [[deprecated("Value has never been used. Calls to OfferService shall be idempotent.")]],
2026-10-07T16:44:10.5487665Z       |           ^
2026-10-07T16:44:10.5488157Z 1 warning generated.
2026-10-07T16:44:14.2944374Z [5,066 / 7,500] 117 / 514 tests; Compiling score/memory/shared/shared_memory_resource_create_anonymous_test.cpp; 21s disk-cache, linux-sandbox ... (4 actions running)
2026-10-07T16:44:24.2902780Z [5,072 / 7,500] 117 / 514 tests; Compiling score/memory/shared/shared_memory_resource_create_anonymous_test.cpp; 31s disk-cache, linux-sandbox ... (4 actions running)
2026-10-07T16:44:30.1718766Z INFO: From Compiling score/mw/com/impl/configuration/lola_event_instance_deployment_test.cpp:
2026-10-07T16:44:30.1730147Z In file included from score/mw/com/impl/configuration/lola_event_instance_deployment_test.cpp:15:
2026-10-07T16:44:30.1804185Z In file included from ./score/mw/com/impl/configuration/test/configuration_test_resources.h:26:
2026-10-07T16:44:30.1893438Z In file included from ./score/mw/com/impl/configuration/service_instance_deployment.h:17:
2026-10-07T16:44:30.1924469Z ./score/mw/com/impl/com_error.h:186:65: warning: 'kServiceInstanceAlreadyOffered' is deprecated: Value has never been used. Calls to OfferService shall be idempotent. [-Wdeprecated-declarations]
2026-10-07T16:44:30.2013434Z   186 |             case static_cast<score::result::ErrorCode>(ComErrc::kServiceInstanceAlreadyOffered):
2026-10-07T16:44:30.2072854Z       |                                                                 ^
2026-10-07T16:44:30.2103499Z ./score/mw/com/impl/com_error.h:58:11: note: 'kServiceInstanceAlreadyOffered' has been explicitly marked deprecated here
2026-10-07T16:44:30.2253535Z    58 |         [[deprecated("Value has never been used. Calls to OfferService shall be idempotent.")]],
2026-10-07T16:44:30.2332526Z       |           ^
2026-10-07T16:44:30.2362343Z 1 warning generated.
2026-10-07T16:44:34.2934303Z [5,083 / 7,503] 117 / 514 tests; Compiling score/mw/com/impl/bindings/lola/test/skeleton_event_component_test.cpp; 23s disk-cache, linux-sandbox ... (4 actions running)
2026-10-07T16:44:42.5567202Z INFO: From Compiling score/mw/com/impl/bindings/lola/transaction_log_local_view.cpp:
2026-10-07T16:44:42.5592952Z In file included from score/mw/com/impl/bindings/lola/transaction_log_local_view.cpp:20:
2026-10-07T16:44:42.5614412Z ./score/mw/com/impl/com_error.h:186:65: warning: 'kServiceInstanceAlreadyOffered' is deprecated: Value has never been used. Calls to OfferService shall be idempotent. [-Wdeprecated-declarations]
2026-10-07T16:44:42.5633107Z   186 |             case static_cast<score::result::ErrorCode>(ComErrc::kServiceInstanceAlreadyOffered):
2026-10-07T16:44:42.5662639Z       |                                                                 ^
2026-10-07T16:44:42.5693543Z ./score/mw/com/impl/com_error.h:58:11: note: 'kServiceInstanceAlreadyOffered' has been explicitly marked deprecated here
2026-10-07T16:44:42.5715604Z    58 |         [[deprecated("Value has never been used. Calls to OfferService shall be idempotent.")]],
2026-10-07T16:44:42.5742546Z       |           ^
2026-10-07T16:44:42.5748385Z 1 warning generated.
2026-10-07T16:44:44.2925620Z [5,099 / 7,504] 117 / 514 tests; Compiling score/mw/com/impl/bindings/lola/test/skeleton_event_component_test.cpp; 33s disk-cache, linux-sandbox ... (4 actions running)
2026-10-07T16:44:46.0473634Z INFO: From Compiling score/mw/com/impl/bindings/lola/test/skeleton_event_component_test.cpp:
2026-10-07T16:44:46.0596684Z In file included from score/mw/com/impl/bindings/lola/test/skeleton_event_component_test.cpp:17:
2026-10-07T16:44:46.0660780Z In file included from ./score/mw/com/impl/bindings/lola/runtime_mock.h:16:
2026-10-07T16:44:46.0693113Z In file included from ./score/mw/com/impl/bindings/lola/i_runtime.h:20:
2026-10-07T16:44:46.0737895Z In file included from ./score/mw/com/impl/i_binding_runtime.h:17:
2026-10-07T16:44:46.0793538Z In file included from ./score/mw/com/impl/i_service_discovery_client.h:16:
2026-10-07T16:44:46.0812754Z In file included from ./score/mw/com/impl/enriched_instance_identifier.h:17:
2026-10-07T16:44:46.0813866Z In file included from ./score/mw/com/impl/handle_type.h:18:
2026-10-07T16:44:46.0814946Z In file included from ./score/mw/com/impl/instance_identifier.h:16:
2026-10-07T16:44:46.0817438Z ./score/mw/com/impl/com_error.h:186:65: warning: 'kServiceInstanceAlreadyOffered' is deprecated: Value has never been used. Calls to OfferService shall be idempotent. [-Wdeprecated-declarations]
2026-10-07T16:44:46.0819509Z   186 |             case static_cast<score::result::ErrorCode>(ComErrc::kServiceInstanceAlreadyOffered):
2026-10-07T16:44:46.0821056Z       |                                                                 ^
2026-10-07T16:44:46.0823017Z ./score/mw/com/impl/com_error.h:58:11: note: 'kServiceInstanceAlreadyOffered' has been explicitly marked deprecated here
2026-10-07T16:44:46.0824811Z    58 |         [[deprecated("Value has never been used. Calls to OfferService shall be idempotent.")]],
2026-10-07T16:44:46.0825742Z       |           ^
2026-10-07T16:44:46.0826215Z 1 warning generated.
2026-10-07T16:44:53.1053177Z INFO: From Compiling score/mw/com/impl/configuration/service_instance_id_test.cpp:
2026-10-07T16:44:53.1083179Z In file included from score/mw/com/impl/configuration/service_instance_id_test.cpp:16:
2026-10-07T16:44:53.1084875Z In file included from ./score/mw/com/impl/configuration/test/configuration_test_resources.h:26:
2026-10-07T16:44:53.1086765Z In file included from ./score/mw/com/impl/configuration/service_instance_deployment.h:17:
2026-10-07T16:44:53.1114147Z ./score/mw/com/impl/com_error.h:186:65: warning: 'kServiceInstanceAlreadyOffered' is deprecated: Value has never been used. Calls to OfferService shall be idempotent. [-Wdeprecated-declarations]
2026-10-07T16:44:53.1143542Z   186 |             case static_cast<score::result::ErrorCode>(ComErrc::kServiceInstanceAlreadyOffered):
2026-10-07T16:44:53.1172932Z       |                                                                 ^
2026-10-07T16:44:53.1203547Z ./score/mw/com/impl/com_error.h:58:11: note: 'kServiceInstanceAlreadyOffered' has been explicitly marked deprecated here
2026-10-07T16:44:53.1233496Z    58 |         [[deprecated("Value has never been used. Calls to OfferService shall be idempotent.")]],
2026-10-07T16:44:53.1262537Z       |           ^
2026-10-07T16:44:53.1292496Z 1 warning generated.
2026-10-07T16:44:54.2935151Z [5,114 / 7,507] 117 / 514 tests; Compiling score/mw/com/impl/bindings/lola/skeleton_method_test.cpp; 8s disk-cache, linux-sandbox ... (4 actions running)
2026-10-07T16:45:04.3093996Z [5,122 / 7,507] 117 / 514 tests; Compiling score/mw/com/impl/bindings/lola/skeleton_method_test.cpp; 18s disk-cache, linux-sandbox ... (4 actions running)
2026-10-07T16:45:12.0363145Z INFO: From Compiling score/mw/com/impl/instance_identifier.cpp:
2026-10-07T16:45:12.0393143Z In file included from score/mw/com/impl/instance_identifier.cpp:13:
2026-10-07T16:45:12.0413158Z In file included from ./score/mw/com/impl/instance_identifier.h:16:
2026-10-07T16:45:12.0423808Z ./score/mw/com/impl/com_error.h:186:65: warning: 'kServiceInstanceAlreadyOffered' is deprecated: Value has never been used. Calls to OfferService shall be idempotent. [-Wdeprecated-declarations]
2026-10-07T16:45:12.0452929Z   186 |             case static_cast<score::result::ErrorCode>(ComErrc::kServiceInstanceAlreadyOffered):
2026-10-07T16:45:12.0482527Z       |                                                                 ^
2026-10-07T16:45:12.0503298Z ./score/mw/com/impl/com_error.h:58:11: note: 'kServiceInstanceAlreadyOffered' has been explicitly marked deprecated here
2026-10-07T16:45:12.0513035Z    58 |         [[deprecated("Value has never been used. Calls to OfferService shall be idempotent.")]],
2026-10-07T16:45:12.0542330Z       |           ^
2026-10-07T16:45:12.0550093Z 1 warning generated.
2026-10-07T16:45:12.9893096Z INFO: From Compiling score/mw/com/impl/bindings/lola/skeleton_method_test.cpp:
2026-10-07T16:45:12.9932943Z In file included from score/mw/com/impl/bindings/lola/skeleton_method_test.cpp:25:
2026-10-07T16:45:12.9963170Z In file included from ./score/mw/com/impl/bindings/lola/test/skeleton_test_resources.h:20:
2026-10-07T16:45:12.9992984Z In file included from ./score/mw/com/impl/bindings/lola/runtime_mock.h:16:
2026-10-07T16:45:13.0023293Z In file included from ./score/mw/com/impl/bindings/lola/i_runtime.h:20:
2026-10-07T16:45:13.0052506Z In file included from ./score/mw/com/impl/i_binding_runtime.h:17:
2026-10-07T16:45:13.0075350Z In file included from ./score/mw/com/impl/i_service_discovery_client.h:16:
2026-10-07T16:45:13.0103052Z In file included from ./score/mw/com/impl/enriched_instance_identifier.h:17:
2026-10-07T16:45:13.0133342Z In file included from ./score/mw/com/impl/handle_type.h:18:
2026-10-07T16:45:13.0142571Z In file included from ./score/mw/com/impl/instance_identifier.h:16:
2026-10-07T16:45:13.0184172Z ./score/mw/com/impl/com_error.h:186:65: warning: 'kServiceInstanceAlreadyOffered' is deprecated: Value has never been used. Calls to OfferService shall be idempotent. [-Wdeprecated-declarations]
2026-10-07T16:45:13.0192976Z   186 |             case static_cast<score::result::ErrorCode>(ComErrc::kServiceInstanceAlreadyOffered):
2026-10-07T16:45:13.0222575Z       |                                                                 ^
2026-10-07T16:45:13.0233292Z ./score/mw/com/impl/com_error.h:58:11: note: 'kServiceInstanceAlreadyOffered' has been explicitly marked deprecated here
2026-10-07T16:45:13.0253114Z    58 |         [[deprecated("Value has never been used. Calls to OfferService shall be idempotent.")]],
2026-10-07T16:45:13.0282369Z       |           ^
2026-10-07T16:45:13.0312389Z 1 warning generated.
2026-10-07T16:45:16.6493976Z [5,131 / 7,508] 117 / 514 tests; Compiling score/memory/shared/shared_memory_resource_misc_test.cpp; 20s disk-cache, linux-sandbox ... (4 actions, 3 running)
2026-10-07T16:45:19.3383464Z INFO: From Compiling score/mw/com/impl/instance_identifier_test.cpp:
2026-10-07T16:45:19.3384991Z In file included from score/mw/com/impl/instance_identifier_test.cpp:13:
2026-10-07T16:45:19.3413003Z In file included from ./score/mw/com/impl/instance_identifier.h:16:
2026-10-07T16:45:19.3415846Z ./score/mw/com/impl/com_error.h:186:65: warning: 'kServiceInstanceAlreadyOffered' is deprecated: Value has never been used. Calls to OfferService shall be idempotent. [-Wdeprecated-declarations]
2026-10-07T16:45:19.3443411Z   186 |             case static_cast<score::result::ErrorCode>(ComErrc::kServiceInstanceAlreadyOffered):
2026-10-07T16:45:19.3472743Z       |                                                                 ^
2026-10-07T16:45:19.3483128Z ./score/mw/com/impl/com_error.h:58:11: note: 'kServiceInstanceAlreadyOffered' has been explicitly marked deprecated here
2026-10-07T16:45:19.3513107Z    58 |         [[deprecated("Value has never been used. Calls to OfferService shall be idempotent.")]],
2026-10-07T16:45:19.3532315Z       |           ^
2026-10-07T16:45:19.3562376Z 1 warning generated.
2026-10-07T16:45:21.9015683Z INFO: From Compiling score/mw/com/impl/handle_type.cpp:
2026-10-07T16:45:21.9053762Z In file included from score/mw/com/impl/handle_type.cpp:13:
2026-10-07T16:45:21.9072961Z In file included from ./score/mw/com/impl/handle_type.h:18:
2026-10-07T16:45:21.9082504Z In file included from ./score/mw/com/impl/instance_identifier.h:16:
2026-10-07T16:45:21.9114502Z ./score/mw/com/impl/com_error.h:186:65: warning: 'kServiceInstanceAlreadyOffered' is deprecated: Value has never been used. Calls to OfferService shall be idempotent. [-Wdeprecated-declarations]
2026-10-07T16:45:21.9143241Z   186 |             case static_cast<score::result::ErrorCode>(ComErrc::kServiceInstanceAlreadyOffered):
2026-10-07T16:45:21.9154815Z       |                                                                 ^
2026-10-07T16:45:21.9178330Z ./score/mw/com/impl/com_error.h:58:11: note: 'kServiceInstanceAlreadyOffered' has been explicitly marked deprecated here
2026-10-07T16:45:21.9185914Z    58 |         [[deprecated("Value has never been used. Calls to OfferService shall be idempotent.")]],
2026-10-07T16:45:21.9220954Z       |           ^
2026-10-07T16:45:21.9252366Z 1 warning generated.
2026-10-07T16:45:25.2733403Z INFO: From Compiling score/mw/com/impl/bindings/lola/type_erased_sample_ptrs_guard_test.cpp:
2026-10-07T16:45:25.2773118Z In file included from score/mw/com/impl/bindings/lola/type_erased_sample_ptrs_guard_test.cpp:16:
2026-10-07T16:45:25.2792782Z In file included from ./score/mw/com/impl/runtime.h:18:
2026-10-07T16:45:25.2822711Z In file included from ./score/mw/com/impl/configuration/configuration.h:18:
2026-10-07T16:45:25.2883107Z In file included from ./score/mw/com/impl/configuration/service_instance_deployment.h:17:
2026-10-07T16:45:25.2894483Z ./score/mw/com/impl/com_error.h:186:65: warning: 'kServiceInstanceAlreadyOffered' is deprecated: Value has never been used. Calls to OfferService shall be idempotent. [-Wdeprecated-declarations]
2026-10-07T16:45:25.2933102Z   186 |             case static_cast<score::result::ErrorCode>(ComErrc::kServiceInstanceAlreadyOffered):
2026-10-07T16:45:25.2962588Z       |                                                                 ^
2026-10-07T16:45:25.2983092Z ./score/mw/com/impl/com_error.h:58:11: note: 'kServiceInstanceAlreadyOffered' has been explicitly marked deprecated here
2026-10-07T16:45:25.3002978Z    58 |         [[deprecated("Value has never been used. Calls to OfferService shall be idempotent.")]],
2026-10-07T16:45:25.3042446Z       |           ^
2026-10-07T16:45:25.3072314Z 1 warning generated.
2026-10-07T16:45:25.9923005Z INFO: From Compiling score/mw/com/impl/handle_type_test.cpp:
2026-10-07T16:45:25.9932927Z In file included from score/mw/com/impl/handle_type_test.cpp:13:
2026-10-07T16:45:25.9972699Z In file included from ./score/mw/com/impl/handle_type.h:18:
2026-10-07T16:45:25.9974006Z In file included from ./score/mw/com/impl/instance_identifier.h:16:
2026-10-07T16:45:26.0004090Z ./score/mw/com/impl/com_error.h:186:65: warning: 'kServiceInstanceAlreadyOffered' is deprecated: Value has never been used. Calls to OfferService shall be idempotent. [-Wdeprecated-declarations]
2026-10-07T16:45:26.0033424Z   186 |             case static_cast<score::result::ErrorCode>(ComErrc::kServiceInstanceAlreadyOffered):
2026-10-07T16:45:26.0062541Z       |                                                                 ^
2026-10-07T16:45:26.0064041Z ./score/mw/com/impl/com_error.h:58:11: note: 'kServiceInstanceAlreadyOffered' has been explicitly marked deprecated here
2026-10-07T16:45:26.0092885Z    58 |         [[deprecated("Value has never been used. Calls to OfferService shall be idempotent.")]],
2026-10-07T16:45:26.0114346Z       |           ^
2026-10-07T16:45:26.0152365Z 1 warning generated.
2026-10-07T16:45:27.2422824Z [5,155 / 7,511] 117 / 514 tests; Compiling Rust rlib toml_edit v0.22.24 (58 files) [for tool]; 4s disk-cache, linux-sandbox ... (4 actions, 3 running)
2026-10-07T16:45:37.8044507Z [5,173 / 7,513] 117 / 514 tests; Compiling score/mw/com/impl/bindings/lola/messaging/message_passing_service_instance_methods_test.cpp; 12s disk-cache, linux-sandbox ... (4 actions, 3 running)
2026-10-07T16:45:41.2374916Z INFO: From Compiling score/mw/com/impl/configuration/lola_service_instance_id_test.cpp:
2026-10-07T16:45:41.2413218Z In file included from score/mw/com/impl/configuration/lola_service_instance_id_test.cpp:15:
2026-10-07T16:45:41.2433104Z In file included from ./score/mw/com/impl/configuration/test/configuration_test_resources.h:26:
2026-10-07T16:45:41.2462894Z In file included from ./score/mw/com/impl/configuration/service_instance_deployment.h:17:
2026-10-07T16:45:41.2494064Z ./score/mw/com/impl/com_error.h:186:65: warning: 'kServiceInstanceAlreadyOffered' is deprecated: Value has never been used. Calls to OfferService shall be idempotent. [-Wdeprecated-declarations]
2026-10-07T16:45:41.2523135Z   186 |             case static_cast<score::result::ErrorCode>(ComErrc::kServiceInstanceAlreadyOffered):
2026-10-07T16:45:41.2524390Z       |                                                                 ^
2026-10-07T16:45:41.2526011Z ./score/mw/com/impl/com_error.h:58:11: note: 'kServiceInstanceAlreadyOffered' has been explicitly marked deprecated here
2026-10-07T16:45:41.2527775Z    58 |         [[deprecated("Value has never been used. Calls to OfferService shall be idempotent.")]],
2026-10-07T16:45:41.2528607Z       |           ^
2026-10-07T16:45:41.2529064Z 1 warning generated.
2026-10-07T16:45:48.3284393Z [5,183 / 7,515] 117 / 514 tests; Compiling score/mw/com/impl/bindings/lola/messaging/message_passing_service_instance_methods_test.cpp; 22s disk-cache, linux-sandbox ... (4 actions, 3 running)
2026-10-07T16:46:00.3454949Z [5,195 / 7,517] 117 / 514 tests; Compiling score/mw/com/impl/bindings/lola/messaging/message_passing_service_instance_methods_test.cpp; 34s disk-cache, linux-sandbox ... (4 actions, 3 running)
2026-10-07T16:46:10.4085539Z INFO: From Compiling score/mw/com/impl/bindings/lola/messaging/message_passing_service_instance_methods_test.cpp:
2026-10-07T16:46:10.4128401Z In file included from score/mw/com/impl/bindings/lola/messaging/message_passing_service_instance_methods_test.cpp:7:
2026-10-07T16:46:10.4149271Z ./score/mw/com/impl/com_error.h:186:65: warning: 'kServiceInstanceAlreadyOffered' is deprecated: Value has never been used. Calls to OfferService shall be idempotent. [-Wdeprecated-declarations]
2026-10-07T16:46:10.4187356Z   186 |             case static_cast<score::result::ErrorCode>(ComErrc::kServiceInstanceAlreadyOffered):
2026-10-07T16:46:10.4207294Z       |                                                                 ^
2026-10-07T16:46:10.4249449Z ./score/mw/com/impl/com_error.h:58:11: note: 'kServiceInstanceAlreadyOffered' has been explicitly marked deprecated here
2026-10-07T16:46:10.4272019Z    58 |         [[deprecated("Value has never been used. Calls to OfferService shall be idempotent.")]],
2026-10-07T16:46:10.4296691Z       |           ^
2026-10-07T16:46:10.4321833Z 1 warning generated.
2026-10-07T16:46:10.4454740Z [5,200 / 7,518] 117 / 514 tests; Compiling Rust bin cargo_toml_variable_extractor (1 file) [for tool]; 28s disk-cache, linux-sandbox ... (4 actions, 3 running)
2026-10-07T16:46:20.4464067Z [5,245 / 7,518] 117 / 514 tests; Compiling score/mw/com/impl/tracing/tracing_runtime_test.cpp; 9s disk-cache, linux-sandbox ... (4 actions, 3 running)
2026-10-07T16:46:28.0282888Z INFO: From Compiling Rust rlib sample_allocatee_ptr_rs (1 file):
2026-10-07T16:46:28.0284364Z warning: struct `SomeIpSampleAllocateePtrBinding` is never constructed
2026-10-07T16:46:28.0312694Z   --> score/mw/com/impl/plumbing/rust/sample_allocatee_ptr.rs:64:8
2026-10-07T16:46:28.0332438Z    |
2026-10-07T16:46:28.0362976Z 64 | struct SomeIpSampleAllocateePtrBinding<T> {
2026-10-07T16:46:28.0402481Z    |        ^^^^^^^^^^^^^^^^^^^^^^^^^^^^^^^
2026-10-07T16:46:28.0419610Z    |
2026-10-07T16:46:28.0459651Z    = note: `#[warn(dead_code)]` (part of `#[warn(unused)]`) on by default
2026-10-07T16:46:28.0492051Z 
2026-10-07T16:46:28.0502904Z warning: union `SomeIpSampleAllocateePtrVariant` is never used
2026-10-07T16:46:28.0531262Z   --> score/mw/com/impl/plumbing/rust/sample_allocatee_ptr.rs:71:7
2026-10-07T16:46:28.0552611Z    |
2026-10-07T16:46:28.0566354Z 71 | union SomeIpSampleAllocateePtrVariant<T> {
2026-10-07T16:46:28.0567490Z    |       ^^^^^^^^^^^^^^^^^^^^^^^^^^^^^^^
2026-10-07T16:46:28.0568067Z 
2026-10-07T16:46:28.0568662Z warning: 2 warnings emitted
2026-10-07T16:46:28.0569142Z 
2026-10-07T16:46:30.4753806Z [5,286 / 7,518] 117 / 514 tests; Compiling score/mw/com/impl/tracing/tracing_runtime_trace_test.cpp; 6s disk-cache, linux-sandbox ... (4 actions, 3 running)
2026-10-07T16:46:40.4769165Z [5,324 / 7,518] 117 / 514 tests; Compiling score/mw/com/impl/tracing/tracing_runtime_trace_test.cpp; 16s disk-cache, linux-sandbox ... (4 actions, 3 running)
2026-10-07T16:46:45.3153134Z INFO: From Compiling score/mw/com/impl/enriched_instance_identifier.cpp:
2026-10-07T16:46:45.3183211Z In file included from score/mw/com/impl/enriched_instance_identifier.cpp:13:
2026-10-07T16:46:45.3243003Z In file included from ./score/mw/com/impl/enriched_instance_identifier.h:17:
2026-10-07T16:46:45.3272989Z In file included from ./score/mw/com/impl/handle_type.h:18:
2026-10-07T16:46:45.3363157Z In file included from ./score/mw/com/impl/instance_identifier.h:16:
2026-10-07T16:46:45.3384328Z ./score/mw/com/impl/com_error.h:186:65: warning: 'kServiceInstanceAlreadyOffered' is deprecated: Value has never been used. Calls to OfferService shall be idempotent. [-Wdeprecated-declarations]
2026-10-07T16:46:45.3423278Z   186 |             case static_cast<score::result::ErrorCode>(ComErrc::kServiceInstanceAlreadyOffered):
2026-10-07T16:46:45.3476560Z       |                                                                 ^
2026-10-07T16:46:45.3504807Z ./score/mw/com/impl/com_error.h:58:11: note: 'kServiceInstanceAlreadyOffered' has been explicitly marked deprecated here
2026-10-07T16:46:45.3553842Z    58 |         [[deprecated("Value has never been used. Calls to OfferService shall be idempotent.")]],
2026-10-07T16:46:45.3612572Z       |           ^
2026-10-07T16:46:45.3642618Z 1 warning generated.
2026-10-07T16:46:48.9430581Z INFO: From Compiling score/mw/com/impl/configuration/test/configuration_store.cpp:
2026-10-07T16:46:48.9513431Z In file included from score/mw/com/impl/configuration/test/configuration_store.cpp:13:
2026-10-07T16:46:48.9515189Z In file included from ./score/mw/com/impl/configuration/test/configuration_store.h:22:
2026-10-07T16:46:48.9543093Z In file included from ./score/mw/com/impl/configuration/service_instance_deployment.h:17:
2026-10-07T16:46:48.9574220Z ./score/mw/com/impl/com_error.h:186:65: warning: 'kServiceInstanceAlreadyOffered' is deprecated: Value has never been used. Calls to OfferService shall be idempotent. [-Wdeprecated-declarations]
2026-10-07T16:46:48.9602932Z   186 |             case static_cast<score::result::ErrorCode>(ComErrc::kServiceInstanceAlreadyOffered):
2026-10-07T16:46:48.9604183Z       |                                                                 ^
2026-10-07T16:46:48.9633255Z ./score/mw/com/impl/com_error.h:58:11: note: 'kServiceInstanceAlreadyOffered' has been explicitly marked deprecated here
2026-10-07T16:46:48.9653195Z    58 |         [[deprecated("Value has never been used. Calls to OfferService shall be idempotent.")]],
2026-10-07T16:46:48.9682311Z       |           ^
2026-10-07T16:46:48.9712440Z 1 warning generated.
2026-10-07T16:46:52.8082071Z INFO: From Compiling score/mw/com/impl/bindings/lola/service_discovery/test/service_discovery_client_test_resources.cpp:
2026-10-07T16:46:52.8085005Z In file included from score/mw/com/impl/bindings/lola/service_discovery/test/service_discovery_client_test_resources.cpp:13:
2026-10-07T16:46:52.8115826Z In file included from ./score/mw/com/impl/bindings/lola/service_discovery/test/service_discovery_client_test_resources.h:21:
2026-10-07T16:46:52.8143195Z In file included from ./score/mw/com/impl/handle_type.h:18:
2026-10-07T16:46:52.8172850Z In file included from ./score/mw/com/impl/instance_identifier.h:16:
2026-10-07T16:46:52.8204225Z ./score/mw/com/impl/com_error.h:186:65: warning: 'kServiceInstanceAlreadyOffered' is deprecated: Value has never been used. Calls to OfferService shall be idempotent. [-Wdeprecated-declarations]
2026-10-07T16:46:52.8207153Z   186 |             case static_cast<score::result::ErrorCode>(ComErrc::kServiceInstanceAlreadyOffered):
2026-10-07T16:46:52.8232635Z       |                                                                 ^
2026-10-07T16:46:52.8263488Z ./score/mw/com/impl/com_error.h:58:11: note: 'kServiceInstanceAlreadyOffered' has been explicitly marked deprecated here
2026-10-07T16:46:52.8293041Z    58 |         [[deprecated("Value has never been used. Calls to OfferService shall be idempotent.")]],
2026-10-07T16:46:52.8322578Z       |           ^
2026-10-07T16:46:52.8323530Z 1 warning generated.
2026-10-07T16:46:52.8353896Z [5,358 / 7,518] 117 / 514 tests; Compiling score/mw/com/impl/tracing/tracing_runtime_trace_test.cpp; 29s disk-cache, linux-sandbox ... (4 actions, 3 running)
2026-10-07T16:46:53.1249751Z INFO: From Compiling score/mw/com/impl/bindings/lola/service_discovery/flag_file.cpp:
2026-10-07T16:46:53.1283073Z In file included from score/mw/com/impl/bindings/lola/service_discovery/flag_file.cpp:13:
2026-10-07T16:46:53.1313127Z In file included from ./score/mw/com/impl/bindings/lola/service_discovery/flag_file.h:16:
2026-10-07T16:46:53.1342661Z In file included from ./score/mw/com/impl/enriched_instance_identifier.h:17:
2026-10-07T16:46:53.1372478Z In file included from ./score/mw/com/impl/handle_type.h:18:
2026-10-07T16:46:53.1395639Z In file included from ./score/mw/com/impl/instance_identifier.h:16:
2026-10-07T16:46:53.1419007Z ./score/mw/com/impl/com_error.h:186:65: warning: 'kServiceInstanceAlreadyOffered' is deprecated: Value has never been used. Calls to OfferService shall be idempotent. [-Wdeprecated-declarations]
2026-10-07T16:46:53.1453294Z   186 |             case static_cast<score::result::ErrorCode>(ComErrc::kServiceInstanceAlreadyOffered):
2026-10-07T16:46:53.1472936Z       |                                                                 ^
2026-10-07T16:46:53.1483482Z ./score/mw/com/impl/com_error.h:58:11: note: 'kServiceInstanceAlreadyOffered' has been explicitly marked deprecated here
2026-10-07T16:46:53.1485543Z    58 |         [[deprecated("Value has never been used. Calls to OfferService shall be idempotent.")]],
2026-10-07T16:46:53.1486584Z       |           ^
2026-10-07T16:46:53.1487056Z 1 warning generated.
2026-10-07T16:46:54.2197720Z INFO: From Compiling score/mw/com/impl/data_type_meta_info.cpp:
2026-10-07T16:46:54.2222726Z In file included from score/mw/com/impl/data_type_meta_info.cpp:15:
2026-10-07T16:46:54.2244082Z ./score/mw/com/impl/com_error.h:186:65: warning: 'kServiceInstanceAlreadyOffered' is deprecated: Value has never been used. Calls to OfferService shall be idempotent. [-Wdeprecated-declarations]
2026-10-07T16:46:54.2273162Z   186 |             case static_cast<score::result::ErrorCode>(ComErrc::kServiceInstanceAlreadyOffered):
2026-10-07T16:46:54.2282371Z       |                                                                 ^
2026-10-07T16:46:54.2313245Z ./score/mw/com/impl/com_error.h:58:11: note: 'kServiceInstanceAlreadyOffered' has been explicitly marked deprecated here
2026-10-07T16:46:54.2332986Z    58 |         [[deprecated("Value has never been used. Calls to OfferService shall be idempotent.")]],
2026-10-07T16:46:54.2351655Z       |           ^
2026-10-07T16:46:54.2352301Z 1 warning generated.
2026-10-07T16:47:04.3143806Z [5,380 / 7,519] 117 / 514 tests; Compiling Rust rlib syn v3.0.6 (96 files) [for tool]; 16s disk-cache, linux-sandbox ... (4 actions running)
2026-10-07T16:47:14.3143777Z [5,385 / 7,519] 117 / 514 tests; Compiling Rust rlib syn v3.0.6 (96 files) [for tool]; 26s disk-cache, linux-sandbox ... (4 actions running)
2026-10-07T16:47:16.1553617Z INFO: From Compiling score/mw/com/impl/bindings/lola/service_discovery/flag_file_test.cpp:
2026-10-07T16:47:16.1583014Z In file included from score/mw/com/impl/bindings/lola/service_discovery/flag_file_test.cpp:13:
2026-10-07T16:47:16.1612893Z In file included from ./score/mw/com/impl/bindings/lola/service_discovery/flag_file.h:16:
2026-10-07T16:47:16.1631224Z In file included from ./score/mw/com/impl/enriched_instance_identifier.h:17:
2026-10-07T16:47:16.1662531Z In file included from ./score/mw/com/impl/handle_type.h:18:
2026-10-07T16:47:16.1672663Z In file included from ./score/mw/com/impl/instance_identifier.h:16:
2026-10-07T16:47:16.1703768Z ./score/mw/com/impl/com_error.h:186:65: warning: 'kServiceInstanceAlreadyOffered' is deprecated: Value has never been used. Calls to OfferService shall be idempotent. [-Wdeprecated-declarations]
2026-10-07T16:47:16.1722967Z   186 |             case static_cast<score::result::ErrorCode>(ComErrc::kServiceInstanceAlreadyOffered):
2026-10-07T16:47:16.1752431Z       |                                                                 ^
2026-10-07T16:47:16.1763085Z ./score/mw/com/impl/com_error.h:58:11: note: 'kServiceInstanceAlreadyOffered' has been explicitly marked deprecated here
2026-10-07T16:47:16.1792838Z    58 |         [[deprecated("Value has never been used. Calls to OfferService shall be idempotent.")]],
2026-10-07T16:47:16.1812076Z       |           ^
2026-10-07T16:47:16.1842155Z 1 warning generated.
2026-10-07T16:47:24.3105627Z [5,426 / 7,520] 117 / 514 tests; Compiling score/mw/com/impl/bindings/lola/skeleton_instance_identifier_test.cpp; 17s disk-cache, linux-sandbox ... (4 actions running)
2026-10-07T16:47:31.1528437Z INFO: From Compiling score/mw/com/impl/bindings/lola/transaction_log_set.cpp:
2026-10-07T16:47:31.1554382Z In file included from score/mw/com/impl/bindings/lola/transaction_log_set.cpp:17:
2026-10-07T16:47:31.1584523Z ./score/mw/com/impl/com_error.h:186:65: warning: 'kServiceInstanceAlreadyOffered' is deprecated: Value has never been used. Calls to OfferService shall be idempotent. [-Wdeprecated-declarations]
2026-10-07T16:47:31.1613045Z   186 |             case static_cast<score::result::ErrorCode>(ComErrc::kServiceInstanceAlreadyOffered):
2026-10-07T16:47:31.1632702Z       |                                                                 ^
2026-10-07T16:47:31.1646604Z ./score/mw/com/impl/com_error.h:58:11: note: 'kServiceInstanceAlreadyOffered' has been explicitly marked deprecated here
2026-10-07T16:47:31.1650092Z    58 |         [[deprecated("Value has never been used. Calls to OfferService shall be idempotent.")]],
2026-10-07T16:47:31.1651266Z       |           ^
2026-10-07T16:47:31.1652183Z 1 warning generated.
2026-10-07T16:47:34.4574751Z [5,496 / 7,520] 117 / 514 tests; Compiling score/mw/com/impl/bindings/lola/service_discovery/client/service_discovery_client_find_service_test.cpp; 9s disk-cache, linux-sandbox ... (4 actions, 3 running)
2026-10-07T16:47:34.7181092Z INFO: From Compiling score/mw/com/impl/bindings/lola/service_discovery/client/service_discovery_client_find_service_test.cpp:
2026-10-07T16:47:34.7284489Z In file included from score/mw/com/impl/bindings/lola/service_discovery/client/service_discovery_client_find_service_test.cpp:14:
2026-10-07T16:47:34.7313323Z In file included from ./score/mw/com/impl/bindings/lola/service_discovery/client/service_discovery_client.h:16:
2026-10-07T16:47:34.7342851Z In file included from ./score/mw/com/impl/i_service_discovery_client.h:16:
2026-10-07T16:47:34.7403006Z In file included from ./score/mw/com/impl/enriched_instance_identifier.h:17:
2026-10-07T16:47:34.7432789Z In file included from ./score/mw/com/impl/handle_type.h:18:
2026-10-07T16:47:34.7463045Z In file included from ./score/mw/com/impl/instance_identifier.h:16:
2026-10-07T16:47:34.7524471Z ./score/mw/com/impl/com_error.h:186:65: warning: 'kServiceInstanceAlreadyOffered' is deprecated: Value has never been used. Calls to OfferService shall be idempotent. [-Wdeprecated-declarations]
2026-10-07T16:47:34.7583436Z   186 |             case static_cast<score::result::ErrorCode>(ComErrc::kServiceInstanceAlreadyOffered):
2026-10-07T16:47:34.7673132Z       |                                                                 ^
2026-10-07T16:47:34.7706712Z ./score/mw/com/impl/com_error.h:58:11: note: 'kServiceInstanceAlreadyOffered' has been explicitly marked deprecated here
2026-10-07T16:47:34.7763289Z    58 |         [[deprecated("Value has never been used. Calls to OfferService shall be idempotent.")]],
2026-10-07T16:47:34.7792269Z       |           ^
2026-10-07T16:47:34.7793196Z 1 warning generated.
2026-10-07T16:47:44.9784058Z [5,531 / 7,520] 117 / 514 tests; Compiling Rust proc-macro thiserror_impl v2.0.21 (11 files) [for tool]; 11s disk-cache, linux-sandbox ... (4 actions, 3 running)
2026-10-07T16:47:47.1177406Z INFO: From Compiling score/mw/com/impl/bindings/lola/tracing/tracing_runtime.cpp:
2026-10-07T16:47:47.1203223Z In file included from score/mw/com/impl/bindings/lola/tracing/tracing_runtime.cpp:13:
2026-10-07T16:47:47.1233116Z In file included from ./score/mw/com/impl/bindings/lola/tracing/tracing_runtime.h:16:
2026-10-07T16:47:47.1248949Z In file included from ./score/mw/com/impl/configuration/configuration.h:18:
2026-10-07T16:47:47.1257338Z In file included from ./score/mw/com/impl/configuration/service_instance_deployment.h:17:
2026-10-07T16:47:47.1265893Z ./score/mw/com/impl/com_error.h:186:65: warning: 'kServiceInstanceAlreadyOffered' is deprecated: Value has never been used. Calls to OfferService shall be idempotent. [-Wdeprecated-declarations]
2026-10-07T16:47:47.1268802Z   186 |             case static_cast<score::result::ErrorCode>(ComErrc::kServiceInstanceAlreadyOffered):
2026-10-07T16:47:47.1270334Z       |                                                                 ^
2026-10-07T16:47:47.1272667Z ./score/mw/com/impl/com_error.h:58:11: note: 'kServiceInstanceAlreadyOffered' has been explicitly marked deprecated here
2026-10-07T16:47:47.1275454Z    58 |         [[deprecated("Value has never been used. Calls to OfferService shall be idempotent.")]],
2026-10-07T16:47:47.1276631Z       |           ^
2026-10-07T16:47:47.1277311Z 1 warning generated.
2026-10-07T16:47:49.2983344Z INFO: From Compiling score/mw/com/impl/bindings/lola/service_discovery/client/service_discovery_client_offer_service_test.cpp:
2026-10-07T16:47:49.3033698Z In file included from score/mw/com/impl/bindings/lola/service_discovery/client/service_discovery_client_offer_service_test.cpp:13:
2026-10-07T16:47:49.3046414Z In file included from ./score/mw/com/impl/bindings/lola/service_discovery/client/service_discovery_client.h:16:
2026-10-07T16:47:49.3070764Z In file included from ./score/mw/com/impl/i_service_discovery_client.h:16:
2026-10-07T16:47:49.3083249Z In file included from ./score/mw/com/impl/enriched_instance_identifier.h:17:
2026-10-07T16:47:49.3084682Z In file included from ./score/mw/com/impl/handle_type.h:18:
2026-10-07T16:47:49.3113002Z In file included from ./score/mw/com/impl/instance_identifier.h:16:
2026-10-07T16:47:49.3115735Z ./score/mw/com/impl/com_error.h:186:65: warning: 'kServiceInstanceAlreadyOffered' is deprecated: Value has never been used. Calls to OfferService shall be idempotent. [-Wdeprecated-declarations]
2026-10-07T16:47:49.3118126Z   186 |             case static_cast<score::result::ErrorCode>(ComErrc::kServiceInstanceAlreadyOffered):
2026-10-07T16:47:49.3119399Z       |                                                                 ^
2026-10-07T16:47:49.3121027Z ./score/mw/com/impl/com_error.h:58:11: note: 'kServiceInstanceAlreadyOffered' has been explicitly marked deprecated here
2026-10-07T16:47:49.3123084Z    58 |         [[deprecated("Value has never been used. Calls to OfferService shall be idempotent.")]],
2026-10-07T16:47:49.3124100Z       |           ^
2026-10-07T16:47:49.3124629Z 1 warning generated.
2026-10-07T16:47:53.5642591Z INFO: From Compiling score/mw/com/impl/tracing/configuration/i_tracing_filter_config.cpp:
2026-10-07T16:47:53.5693616Z In file included from score/mw/com/impl/tracing/configuration/i_tracing_filter_config.cpp:13:
2026-10-07T16:47:53.5733927Z In file included from ./score/mw/com/impl/tracing/configuration/i_tracing_filter_config.h:16:
2026-10-07T16:47:53.5793262Z In file included from ./score/mw/com/impl/configuration/configuration.h:18:
2026-10-07T16:47:53.5822988Z In file included from ./score/mw/com/impl/configuration/service_instance_deployment.h:17:
2026-10-07T16:47:53.5874298Z ./score/mw/com/impl/com_error.h:186:65: warning: 'kServiceInstanceAlreadyOffered' is deprecated: Value has never been used. Calls to OfferService shall be idempotent. [-Wdeprecated-declarations]
2026-10-07T16:47:53.5913221Z   186 |             case static_cast<score::result::ErrorCode>(ComErrc::kServiceInstanceAlreadyOffered):
2026-10-07T16:47:53.5942700Z       |                                                                 ^
2026-10-07T16:47:53.6003658Z ./score/mw/com/impl/com_error.h:58:11: note: 'kServiceInstanceAlreadyOffered' has been explicitly marked deprecated here
2026-10-07T16:47:53.6030399Z    58 |         [[deprecated("Value has never been used. Calls to OfferService shall be idempotent.")]],
2026-10-07T16:47:53.6033366Z       |           ^
2026-10-07T16:47:53.6034090Z 1 warning generated.
2026-10-07T16:47:54.7884100Z INFO: From Compiling score/mw/com/impl/tracing/configuration/tracing_filter_config.cpp:
2026-10-07T16:47:54.7913092Z In file included from score/mw/com/impl/tracing/configuration/tracing_filter_config.cpp:13:
2026-10-07T16:47:54.7943050Z In file included from ./score/mw/com/impl/tracing/configuration/tracing_filter_config.h:16:
2026-10-07T16:47:54.7972894Z In file included from ./score/mw/com/impl/configuration/configuration.h:18:
2026-10-07T16:47:54.7974403Z In file included from ./score/mw/com/impl/configuration/service_instance_deployment.h:17:
2026-10-07T16:47:54.7977527Z ./score/mw/com/impl/com_error.h:186:65: warning: 'kServiceInstanceAlreadyOffered' is deprecated: Value has never been used. Calls to OfferService shall be idempotent. [-Wdeprecated-declarations]
2026-10-07T16:47:54.7979823Z   186 |             case static_cast<score::result::ErrorCode>(ComErrc::kServiceInstanceAlreadyOffered):
2026-10-07T16:47:54.7980996Z       |                                                                 ^
2026-10-07T16:47:54.7982857Z ./score/mw/com/impl/com_error.h:58:11: note: 'kServiceInstanceAlreadyOffered' has been explicitly marked deprecated here
2026-10-07T16:47:54.7984685Z    58 |         [[deprecated("Value has never been used. Calls to OfferService shall be idempotent.")]],
2026-10-07T16:47:54.7985567Z       |           ^
2026-10-07T16:47:54.7986033Z 1 warning generated.
2026-10-07T16:47:54.9823738Z [5,595 / 7,523] 117 / 514 tests; Compiling Rust rlib syn v2.0.119 (97 files) [for tool]; 8s disk-cache, linux-sandbox ... (4 actions, 3 running)
2026-10-07T16:47:58.4514049Z INFO: From Compiling score/mw/com/impl/tracing/configuration/tracing_filter_config_parser.cpp:
2026-10-07T16:47:58.4543576Z In file included from score/mw/com/impl/tracing/configuration/tracing_filter_config_parser.cpp:13:
2026-10-07T16:47:58.4562953Z In file included from ./score/mw/com/impl/tracing/configuration/tracing_filter_config_parser.h:17:
2026-10-07T16:47:58.4572681Z In file included from ./score/mw/com/impl/configuration/configuration.h:18:
2026-10-07T16:47:58.4602905Z In file included from ./score/mw/com/impl/configuration/service_instance_deployment.h:17:
2026-10-07T16:47:58.4633948Z ./score/mw/com/impl/com_error.h:186:65: warning: 'kServiceInstanceAlreadyOffered' is deprecated: Value has never been used. Calls to OfferService shall be idempotent. [-Wdeprecated-declarations]
2026-10-07T16:47:58.4655303Z   186 |             case static_cast<score::result::ErrorCode>(ComErrc::kServiceInstanceAlreadyOffered):
2026-10-07T16:47:58.4684376Z       |                                                                 ^
2026-10-07T16:47:58.4713271Z ./score/mw/com/impl/com_error.h:58:11: note: 'kServiceInstanceAlreadyOffered' has been explicitly marked deprecated here
2026-10-07T16:47:58.4730595Z    58 |         [[deprecated("Value has never been used. Calls to OfferService shall be idempotent.")]],
2026-10-07T16:47:58.4743686Z       |           ^
2026-10-07T16:47:58.4744480Z 1 warning generated.
2026-10-07T16:48:07.4084279Z [5,604 / 7,523] 117 / 514 tests; Compiling Rust rlib syn v2.0.119 (97 files) [for tool]; 21s disk-cache, linux-sandbox ... (4 actions, 3 running)
2026-10-07T16:48:13.5540730Z INFO: From Compiling score/mw/com/impl/i_service_discovery.cpp:
2026-10-07T16:48:13.5552623Z In file included from score/mw/com/impl/i_service_discovery.cpp:13:
2026-10-07T16:48:13.5582680Z In file included from ./score/mw/com/impl/i_service_discovery.h:16:
2026-10-07T16:48:13.5602777Z In file included from ./score/mw/com/impl/enriched_instance_identifier.h:17:
2026-10-07T16:48:13.5632553Z In file included from ./score/mw/com/impl/handle_type.h:18:
2026-10-07T16:48:13.5642449Z In file included from ./score/mw/com/impl/instance_identifier.h:16:
2026-10-07T16:48:13.5673813Z ./score/mw/com/impl/com_error.h:186:65: warning: 'kServiceInstanceAlreadyOffered' is deprecated: Value has never been used. Calls to OfferService shall be idempotent. [-Wdeprecated-declarations]
2026-10-07T16:48:13.5692267Z   186 |             case static_cast<score::result::ErrorCode>(ComErrc::kServiceInstanceAlreadyOffered):
2026-10-07T16:48:13.5698422Z       |                                                                 ^
2026-10-07T16:48:13.5733248Z ./score/mw/com/impl/com_error.h:58:11: note: 'kServiceInstanceAlreadyOffered' has been explicitly marked deprecated here
2026-10-07T16:48:13.5735253Z    58 |         [[deprecated("Value has never been used. Calls to OfferService shall be idempotent.")]],
2026-10-07T16:48:13.5736248Z       |           ^
2026-10-07T16:48:13.5736807Z 1 warning generated.
2026-10-07T16:48:14.4226002Z INFO: From Compiling score/mw/com/impl/i_service_discovery_client.cpp:
2026-10-07T16:48:14.4274554Z In file included from score/mw/com/impl/i_service_discovery_client.cpp:13:
2026-10-07T16:48:14.4303310Z In file included from ./score/mw/com/impl/i_service_discovery_client.h:16:
2026-10-07T16:48:14.4304617Z In file included from ./score/mw/com/impl/enriched_instance_identifier.h:17:
2026-10-07T16:48:14.4332934Z In file included from ./score/mw/com/impl/handle_type.h:18:
2026-10-07T16:48:14.4362629Z In file included from ./score/mw/com/impl/instance_identifier.h:16:
2026-10-07T16:48:14.4364996Z ./score/mw/com/impl/com_error.h:186:65: warning: 'kServiceInstanceAlreadyOffered' is deprecated: Value has never been used. Calls to OfferService shall be idempotent. [-Wdeprecated-declarations]
2026-10-07T16:48:14.4367113Z   186 |             case static_cast<score::result::ErrorCode>(ComErrc::kServiceInstanceAlreadyOffered):
2026-10-07T16:48:14.4368283Z       |                                                                 ^
2026-10-07T16:48:14.4369953Z ./score/mw/com/impl/com_error.h:58:11: note: 'kServiceInstanceAlreadyOffered' has been explicitly marked deprecated here
2026-10-07T16:48:14.4372136Z    58 |         [[deprecated("Value has never been used. Calls to OfferService shall be idempotent.")]],
2026-10-07T16:48:14.4372969Z       |           ^
2026-10-07T16:48:14.4373412Z 1 warning generated.
2026-10-07T16:48:15.7883803Z INFO: From Compiling score/mw/com/impl/bindings/lola/service_discovery/client/service_discovery_client_sequence_test.cpp:
2026-10-07T16:48:15.7923077Z In file included from score/mw/com/impl/bindings/lola/service_discovery/client/service_discovery_client_sequence_test.cpp:13:
2026-10-07T16:48:15.7925444Z In file included from ./score/mw/com/impl/bindings/lola/service_discovery/client/service_discovery_client.h:16:
2026-10-07T16:48:15.7954835Z In file included from ./score/mw/com/impl/i_service_discovery_client.h:16:
2026-10-07T16:48:15.7982989Z In file included from ./score/mw/com/impl/enriched_instance_identifier.h:17:
2026-10-07T16:48:15.8022781Z In file included from ./score/mw/com/impl/handle_type.h:18:
2026-10-07T16:48:15.8052952Z In file included from ./score/mw/com/impl/instance_identifier.h:16:
2026-10-07T16:48:15.8074160Z ./score/mw/com/impl/com_error.h:186:65: warning: 'kServiceInstanceAlreadyOffered' is deprecated: Value has never been used. Calls to OfferService shall be idempotent. [-Wdeprecated-declarations]
2026-10-07T16:48:15.8103407Z   186 |             case static_cast<score::result::ErrorCode>(ComErrc::kServiceInstanceAlreadyOffered):
2026-10-07T16:48:15.8132701Z       |                                                                 ^
2026-10-07T16:48:15.8177882Z ./score/mw/com/impl/com_error.h:58:11: note: 'kServiceInstanceAlreadyOffered' has been explicitly marked deprecated here
2026-10-07T16:48:15.8193012Z    58 |         [[deprecated("Value has never been used. Calls to OfferService shall be idempotent.")]],
2026-10-07T16:48:15.8222514Z       |           ^
2026-10-07T16:48:15.8223284Z 1 warning generated.
2026-10-07T16:48:16.3123078Z INFO: From Compiling score/mw/com/impl/i_runtime.cpp:
2026-10-07T16:48:16.3173122Z In file included from score/mw/com/impl/i_runtime.cpp:13:
2026-10-07T16:48:16.3203650Z In file included from ./score/mw/com/impl/i_runtime.h:16:
2026-10-07T16:48:16.3232859Z In file included from ./score/mw/com/impl/i_binding_runtime.h:17:
2026-10-07T16:48:16.3262907Z In file included from ./score/mw/com/impl/i_service_discovery_client.h:16:
2026-10-07T16:48:16.3293014Z In file included from ./score/mw/com/impl/enriched_instance_identifier.h:17:
2026-10-07T16:48:16.3323232Z In file included from ./score/mw/com/impl/handle_type.h:18:
2026-10-07T16:48:16.3353057Z In file included from ./score/mw/com/impl/instance_identifier.h:16:
2026-10-07T16:48:16.3355693Z ./score/mw/com/impl/com_error.h:186:65: warning: 'kServiceInstanceAlreadyOffered' is deprecated: Value has never been used. Calls to OfferService shall be idempotent. [-Wdeprecated-declarations]
2026-10-07T16:48:16.3357980Z   186 |             case static_cast<score::result::ErrorCode>(ComErrc::kServiceInstanceAlreadyOffered):
2026-10-07T16:48:16.3359688Z       |                                                                 ^
2026-10-07T16:48:16.3361588Z ./score/mw/com/impl/com_error.h:58:11: note: 'kServiceInstanceAlreadyOffered' has been explicitly marked deprecated here
2026-10-07T16:48:16.3383346Z    58 |         [[deprecated("Value has never been used. Calls to OfferService shall be idempotent.")]],
2026-10-07T16:48:16.3412506Z       |           ^
2026-10-07T16:48:16.3422346Z 1 warning generated.
2026-10-07T16:48:17.1113179Z INFO: From Compiling score/mw/com/impl/i_binding_runtime.cpp:
2026-10-07T16:48:17.1143026Z In file included from score/mw/com/impl/i_binding_runtime.cpp:13:
2026-10-07T16:48:17.1163060Z In file included from ./score/mw/com/impl/i_binding_runtime.h:17:
2026-10-07T16:48:17.1193071Z In file included from ./score/mw/com/impl/i_service_discovery_client.h:16:
2026-10-07T16:48:17.1202593Z In file included from ./score/mw/com/impl/enriched_instance_identifier.h:17:
2026-10-07T16:48:17.1232491Z In file included from ./score/mw/com/impl/handle_type.h:18:
2026-10-07T16:48:17.1252892Z In file included from ./score/mw/com/impl/instance_identifier.h:16:
2026-10-07T16:48:17.1279699Z ./score/mw/com/impl/com_error.h:186:65: warning: 'kServiceInstanceAlreadyOffered' is deprecated: Value has never been used. Calls to OfferService shall be idempotent. [-Wdeprecated-declarations]
2026-10-07T16:48:17.1307160Z   186 |             case static_cast<score::result::ErrorCode>(ComErrc::kServiceInstanceAlreadyOffered):
2026-10-07T16:48:17.1312172Z       |                                                                 ^
2026-10-07T16:48:17.1314062Z ./score/mw/com/impl/com_error.h:58:11: note: 'kServiceInstanceAlreadyOffered' has been explicitly marked deprecated here
2026-10-07T16:48:17.1316517Z    58 |         [[deprecated("Value has never been used. Calls to OfferService shall be idempotent.")]],
2026-10-07T16:48:17.1317535Z       |           ^
2026-10-07T16:48:17.1318106Z 1 warning generated.
2026-10-07T16:48:18.3417958Z [5,630 / 7,523] 117 / 514 tests; Compiling Rust proc-macro mockall_derive v0.14.0 (9 files) [for tool]; 3s disk-cache, linux-sandbox ... (4 actions, 3 running)
2026-10-07T16:48:18.5733170Z INFO: From Compiling score/mw/com/impl/bindings/someip/service_discovery_client.cpp:
2026-10-07T16:48:18.5763092Z In file included from score/mw/com/impl/bindings/someip/service_discovery_client.cpp:13:
2026-10-07T16:48:18.5792732Z In file included from ./score/mw/com/impl/bindings/someip/service_discovery_client.h:17:
2026-10-07T16:48:18.5822735Z In file included from ./score/mw/com/impl/handle_type.h:18:
2026-10-07T16:48:18.5839410Z In file included from ./score/mw/com/impl/instance_identifier.h:16:
2026-10-07T16:48:18.5843522Z ./score/mw/com/impl/com_error.h:186:65: warning: 'kServiceInstanceAlreadyOffered' is deprecated: Value has never been used. Calls to OfferService shall be idempotent. [-Wdeprecated-declarations]
2026-10-07T16:48:18.5846038Z   186 |             case static_cast<score::result::ErrorCode>(ComErrc::kServiceInstanceAlreadyOffered):
2026-10-07T16:48:18.5848297Z       |                                                                 ^
2026-10-07T16:48:18.5850104Z ./score/mw/com/impl/com_error.h:58:11: note: 'kServiceInstanceAlreadyOffered' has been explicitly marked deprecated here
2026-10-07T16:48:18.5852987Z    58 |         [[deprecated("Value has never been used. Calls to OfferService shall be idempotent.")]],
2026-10-07T16:48:18.5854099Z       |           ^
2026-10-07T16:48:18.5854727Z 1 warning generated.
2026-10-07T16:48:28.5496625Z [5,657 / 7,523] 117 / 514 tests; Compiling Rust proc-macro mockall_derive v0.14.0 (9 files) [for tool]; 14s disk-cache, linux-sandbox ... (4 actions, 3 running)
2026-10-07T16:48:34.7722029Z INFO: From Compiling score/mw/com/impl/bindings/lola/service_discovery/lola_service_instance_identifier.cpp:
2026-10-07T16:48:34.7761022Z In file included from score/mw/com/impl/bindings/lola/service_discovery/lola_service_instance_identifier.cpp:13:
2026-10-07T16:48:34.7786188Z In file included from ./score/mw/com/impl/bindings/lola/service_discovery/lola_service_instance_identifier.h:18:
2026-10-07T16:48:34.7812704Z In file included from ./score/mw/com/impl/enriched_instance_identifier.h:17:
2026-10-07T16:48:34.7813907Z In file included from ./score/mw/com/impl/handle_type.h:18:
2026-10-07T16:48:34.7842829Z In file included from ./score/mw/com/impl/instance_identifier.h:16:
2026-10-07T16:48:34.7874000Z ./score/mw/com/impl/com_error.h:186:65: warning: 'kServiceInstanceAlreadyOffered' is deprecated: Value has never been used. Calls to OfferService shall be idempotent. [-Wdeprecated-declarations]
2026-10-07T16:48:34.7893900Z   186 |             case static_cast<score::result::ErrorCode>(ComErrc::kServiceInstanceAlreadyOffered):
2026-10-07T16:48:34.7899339Z       |                                                                 ^
2026-10-07T16:48:34.7901761Z ./score/mw/com/impl/com_error.h:58:11: note: 'kServiceInstanceAlreadyOffered' has been explicitly marked deprecated here
2026-10-07T16:48:34.7934157Z    58 |         [[deprecated("Value has never been used. Calls to OfferService shall be idempotent.")]],
2026-10-07T16:48:34.7935923Z       |           ^
2026-10-07T16:48:34.7936735Z 1 warning generated.
2026-10-07T16:48:36.1203490Z INFO: From Compiling score/mw/com/impl/bindings/lola/service_discovery/known_instances_container.cpp:
2026-10-07T16:48:36.1253408Z In file included from score/mw/com/impl/bindings/lola/service_discovery/known_instances_container.cpp:13:
2026-10-07T16:48:36.1283496Z In file included from ./score/mw/com/impl/bindings/lola/service_discovery/known_instances_container.h:16:
2026-10-07T16:48:36.1312805Z In file included from ./score/mw/com/impl/enriched_instance_identifier.h:17:
2026-10-07T16:48:36.1342468Z In file included from ./score/mw/com/impl/handle_type.h:18:
2026-10-07T16:48:36.1372841Z In file included from ./score/mw/com/impl/instance_identifier.h:16:
2026-10-07T16:48:36.1404228Z ./score/mw/com/impl/com_error.h:186:65: warning: 'kServiceInstanceAlreadyOffered' is deprecated: Value has never been used. Calls to OfferService shall be idempotent. [-Wdeprecated-declarations]
2026-10-07T16:48:36.1406605Z   186 |             case static_cast<score::result::ErrorCode>(ComErrc::kServiceInstanceAlreadyOffered):
2026-10-07T16:48:36.1453069Z       |                                                                 ^
2026-10-07T16:48:36.1455776Z ./score/mw/com/impl/com_error.h:58:11: note: 'kServiceInstanceAlreadyOffered' has been explicitly marked deprecated here
2026-10-07T16:48:36.1458095Z    58 |         [[deprecated("Value has never been used. Calls to OfferService shall be idempotent.")]],
2026-10-07T16:48:36.1459273Z       |           ^
2026-10-07T16:48:36.1460229Z 1 warning generated.
2026-10-07T16:48:38.6153448Z INFO: From Compiling score/mw/com/impl/bindings/lola/service_discovery/flag_file_crawler.cpp:
2026-10-07T16:48:38.6183127Z In file included from score/mw/com/impl/bindings/lola/service_discovery/flag_file_crawler.cpp:13:
2026-10-07T16:48:38.6197233Z In file included from ./score/mw/com/impl/bindings/lola/service_discovery/flag_file_crawler.h:16:
2026-10-07T16:48:38.6223005Z In file included from ./score/mw/com/impl/bindings/lola/service_discovery/known_instances_container.h:16:
2026-10-07T16:48:38.6236500Z In file included from ./score/mw/com/impl/enriched_instance_identifier.h:17:
2026-10-07T16:48:38.6262529Z In file included from ./score/mw/com/impl/handle_type.h:18:
2026-10-07T16:48:38.6292653Z In file included from ./score/mw/com/impl/instance_identifier.h:16:
2026-10-07T16:48:38.6308757Z ./score/mw/com/impl/com_error.h:186:65: warning: 'kServiceInstanceAlreadyOffered' is deprecated: Value has never been used. Calls to OfferService shall be idempotent. [-Wdeprecated-declarations]
2026-10-07T16:48:38.6310678Z   186 |             case static_cast<score::result::ErrorCode>(ComErrc::kServiceInstanceAlreadyOffered):
2026-10-07T16:48:38.6312140Z       |                                                                 ^
2026-10-07T16:48:38.6313915Z ./score/mw/com/impl/com_error.h:58:11: note: 'kServiceInstanceAlreadyOffered' has been explicitly marked deprecated here
2026-10-07T16:48:38.6315529Z    58 |         [[deprecated("Value has never been used. Calls to OfferService shall be idempotent.")]],
2026-10-07T16:48:38.6316276Z       |           ^
2026-10-07T16:48:38.6316676Z 1 warning generated.
2026-10-07T16:48:38.6354346Z [5,681 / 7,523] 117 / 514 tests; Compiling score/mw/com/impl/bindings/lola/service_discovery/client/service_discovery_client_start_find_service_test.cpp; 22s disk-cache, linux-sandbox ... (4 actions, 3 running)
2026-10-07T16:48:39.8143752Z INFO: From Compiling score/mw/com/impl/bindings/lola/service_discovery/client/service_discovery_client_start_find_service_test.cpp:
2026-10-07T16:48:39.8146363Z In file included from score/mw/com/impl/bindings/lola/service_discovery/client/service_discovery_client_start_find_service_test.cpp:13:
2026-10-07T16:48:39.8173260Z In file included from ./score/mw/com/impl/bindings/lola/service_discovery/client/service_discovery_client.h:16:
2026-10-07T16:48:39.8202970Z In file included from ./score/mw/com/impl/i_service_discovery_client.h:16:
2026-10-07T16:48:39.8213013Z In file included from ./score/mw/com/impl/enriched_instance_identifier.h:17:
2026-10-07T16:48:39.8233107Z In file included from ./score/mw/com/impl/handle_type.h:18:
2026-10-07T16:48:39.8239577Z In file included from ./score/mw/com/impl/instance_identifier.h:16:
2026-10-07T16:48:39.8243452Z ./score/mw/com/impl/com_error.h:186:65: warning: 'kServiceInstanceAlreadyOffered' is deprecated: Value has never been used. Calls to OfferService shall be idempotent. [-Wdeprecated-declarations]
2026-10-07T16:48:39.8246253Z   186 |             case static_cast<score::result::ErrorCode>(ComErrc::kServiceInstanceAlreadyOffered):
2026-10-07T16:48:39.8247912Z       |                                                                 ^
2026-10-07T16:48:39.8249915Z ./score/mw/com/impl/com_error.h:58:11: note: 'kServiceInstanceAlreadyOffered' has been explicitly marked deprecated here
2026-10-07T16:48:39.8252361Z    58 |         [[deprecated("Value has never been used. Calls to OfferService shall be idempotent.")]],
2026-10-07T16:48:39.8253562Z       |           ^
2026-10-07T16:48:39.8254347Z 1 warning generated.
2026-10-07T16:48:43.9213423Z INFO: From Compiling score/mw/com/impl/bindings/lola/service_discovery/client/service_discovery_client.cpp:
2026-10-07T16:48:43.9273302Z In file included from score/mw/com/impl/bindings/lola/service_discovery/client/service_discovery_client.cpp:13:
2026-10-07T16:48:43.9333182Z In file included from ./score/mw/com/impl/bindings/lola/service_discovery/client/service_discovery_client.h:16:
2026-10-07T16:48:43.9362853Z In file included from ./score/mw/com/impl/i_service_discovery_client.h:16:
2026-10-07T16:48:43.9422859Z In file included from ./score/mw/com/impl/enriched_instance_identifier.h:17:
2026-10-07T16:48:43.9452718Z In file included from ./score/mw/com/impl/handle_type.h:18:
2026-10-07T16:48:43.9482962Z In file included from ./score/mw/com/impl/instance_identifier.h:16:
2026-10-07T16:48:43.9544353Z ./score/mw/com/impl/com_error.h:186:65: warning: 'kServiceInstanceAlreadyOffered' is deprecated: Value has never been used. Calls to OfferService shall be idempotent. [-Wdeprecated-declarations]
2026-10-07T16:48:43.9613204Z   186 |             case static_cast<score::result::ErrorCode>(ComErrc::kServiceInstanceAlreadyOffered):
2026-10-07T16:48:43.9695060Z       |                                                                 ^
2026-10-07T16:48:43.9743565Z ./score/mw/com/impl/com_error.h:58:11: note: 'kServiceInstanceAlreadyOffered' has been explicitly marked deprecated here
2026-10-07T16:48:43.9784634Z    58 |         [[deprecated("Value has never been used. Calls to OfferService shall be idempotent.")]],
2026-10-07T16:48:43.9843158Z       |           ^
2026-10-07T16:48:43.9932554Z 1 warning generated.
2026-10-07T16:48:49.2136682Z [5,720 / 7,523] 117 / 514 tests; Compiling score/mw/com/impl/bindings/lola/service_discovery/client/service_discovery_client_stop_find_service_test.cpp; 9s disk-cache, linux-sandbox ... (4 actions, 3 running)
2026-10-07T16:48:53.1639059Z INFO: From Compiling score/mw/com/impl/bindings/lola/service_discovery/client/service_discovery_client_stop_find_service_test.cpp:
2026-10-07T16:48:53.1671705Z In file included from score/mw/com/impl/bindings/lola/service_discovery/client/service_discovery_client_stop_find_service_test.cpp:13:
2026-10-07T16:48:53.1674009Z In file included from ./score/mw/com/impl/bindings/lola/service_discovery/client/service_discovery_client.h:16:
2026-10-07T16:48:53.1675865Z In file included from ./score/mw/com/impl/i_service_discovery_client.h:16:
2026-10-07T16:48:53.1677471Z In file included from ./score/mw/com/impl/enriched_instance_identifier.h:17:
2026-10-07T16:48:53.1678848Z In file included from ./score/mw/com/impl/handle_type.h:18:
2026-10-07T16:48:53.1680190Z In file included from ./score/mw/com/impl/instance_identifier.h:16:
2026-10-07T16:48:53.1683357Z ./score/mw/com/impl/com_error.h:186:65: warning: 'kServiceInstanceAlreadyOffered' is deprecated: Value has never been used. Calls to OfferService shall be idempotent. [-Wdeprecated-declarations]
2026-10-07T16:48:53.1685893Z   186 |             case static_cast<score::result::ErrorCode>(ComErrc::kServiceInstanceAlreadyOffered):
2026-10-07T16:48:53.1687347Z       |                                                                 ^
2026-10-07T16:48:53.1689156Z ./score/mw/com/impl/com_error.h:58:11: note: 'kServiceInstanceAlreadyOffered' has been explicitly marked deprecated here
2026-10-07T16:48:53.1692379Z    58 |         [[deprecated("Value has never been used. Calls to OfferService shall be idempotent.")]],
2026-10-07T16:48:53.1693482Z       |           ^
2026-10-07T16:48:53.1694156Z 1 warning generated.
2026-10-07T16:48:57.3280368Z INFO: From Compiling score/mw/com/impl/error_serializer.cpp:
2026-10-07T16:48:57.3292384Z In file included from score/mw/com/impl/error_serializer.cpp:16:
2026-10-07T16:48:57.3294953Z ./score/mw/com/impl/com_error.h:186:65: warning: 'kServiceInstanceAlreadyOffered' is deprecated: Value has never been used. Calls to OfferService shall be idempotent. [-Wdeprecated-declarations]
2026-10-07T16:48:57.3298142Z   186 |             case static_cast<score::result::ErrorCode>(ComErrc::kServiceInstanceAlreadyOffered):
2026-10-07T16:48:57.3300255Z       |                                                                 ^
2026-10-07T16:48:57.3302742Z ./score/mw/com/impl/com_error.h:58:11: note: 'kServiceInstanceAlreadyOffered' has been explicitly marked deprecated here
2026-10-07T16:48:57.3304762Z    58 |         [[deprecated("Value has never been used. Calls to OfferService shall be idempotent.")]],
2026-10-07T16:48:57.3305832Z       |           ^
2026-10-07T16:48:57.3306479Z 1 warning generated.
2026-10-07T16:48:59.2356896Z [5,771 / 7,524] 117 / 514 tests; Compiling score/mw/com/impl/bindings/lola/service_discovery/client/service_discovery_client_stop_offer_service_test.cpp; 5s disk-cache, linux-sandbox ... (4 actions, 3 running)
2026-10-07T16:49:03.1024025Z INFO: From Compiling score/mw/com/impl/bindings/lola/service_discovery/client/service_discovery_client_stop_offer_service_test.cpp:
2026-10-07T16:49:03.1053519Z In file included from score/mw/com/impl/bindings/lola/service_discovery/client/service_discovery_client_stop_offer_service_test.cpp:13:
2026-10-07T16:49:03.1055827Z In file included from ./score/mw/com/impl/bindings/lola/service_discovery/client/service_discovery_client.h:16:
2026-10-07T16:49:03.1082813Z In file included from ./score/mw/com/impl/i_service_discovery_client.h:16:
2026-10-07T16:49:03.1112823Z In file included from ./score/mw/com/impl/enriched_instance_identifier.h:17:
2026-10-07T16:49:03.1122732Z In file included from ./score/mw/com/impl/handle_type.h:18:
2026-10-07T16:49:03.1152671Z In file included from ./score/mw/com/impl/instance_identifier.h:16:
2026-10-07T16:49:03.1204040Z ./score/mw/com/impl/com_error.h:186:65: warning: 'kServiceInstanceAlreadyOffered' is deprecated: Value has never been used. Calls to OfferService shall be idempotent. [-Wdeprecated-declarations]
2026-10-07T16:49:03.1206970Z   186 |             case static_cast<score::result::ErrorCode>(ComErrc::kServiceInstanceAlreadyOffered):
2026-10-07T16:49:03.1232400Z       |                                                                 ^
2026-10-07T16:49:03.1243312Z ./score/mw/com/impl/com_error.h:58:11: note: 'kServiceInstanceAlreadyOffered' has been explicitly marked deprecated here
2026-10-07T16:49:03.1272875Z    58 |         [[deprecated("Value has never been used. Calls to OfferService shall be idempotent.")]],
2026-10-07T16:49:03.1273796Z       |           ^
2026-10-07T16:49:03.1274252Z 1 warning generated.
2026-10-07T16:49:09.3144964Z [5,820 / 7,526] 117 / 514 tests; Compiling score/mw/com/impl/bindings/lola/service_discovery/client/service_discovery_client_worker_thread_test.cpp; 6s disk-cache, linux-sandbox ... (4 actions, 3 running)
2026-10-07T16:49:13.8386339Z INFO: From Compiling score/mw/com/impl/bindings/lola/messaging/message_passing_service_instance.cpp:
2026-10-07T16:49:13.8403724Z In file included from score/mw/com/impl/bindings/lola/messaging/message_passing_service_instance.cpp:21:
2026-10-07T16:49:13.8406760Z ./score/mw/com/impl/com_error.h:186:65: warning: 'kServiceInstanceAlreadyOffered' is deprecated: Value has never been used. Calls to OfferService shall be idempotent. [-Wdeprecated-declarations]
2026-10-07T16:49:13.8409182Z   186 |             case static_cast<score::result::ErrorCode>(ComErrc::kServiceInstanceAlreadyOffered):
2026-10-07T16:49:13.8432458Z       |                                                                 ^
2026-10-07T16:49:13.8459602Z ./score/mw/com/impl/com_error.h:58:11: note: 'kServiceInstanceAlreadyOffered' has been explicitly marked deprecated here
2026-10-07T16:49:13.8462123Z    58 |         [[deprecated("Value has never been used. Calls to OfferService shall be idempotent.")]],
2026-10-07T16:49:13.8492174Z       |           ^
2026-10-07T16:49:13.8492977Z 1 warning generated.
2026-10-07T16:49:15.8923858Z INFO: From Compiling score/mw/com/impl/bindings/lola/service_discovery/client/service_discovery_client_worker_thread_test.cpp:
2026-10-07T16:49:15.8926453Z In file included from score/mw/com/impl/bindings/lola/service_discovery/client/service_discovery_client_worker_thread_test.cpp:13:
2026-10-07T16:49:15.8928640Z In file included from ./score/mw/com/impl/bindings/lola/service_discovery/client/service_discovery_client.h:16:
2026-10-07T16:49:15.8930524Z In file included from ./score/mw/com/impl/i_service_discovery_client.h:16:
2026-10-07T16:49:15.8932090Z In file included from ./score/mw/com/impl/enriched_instance_identifier.h:17:
2026-10-07T16:49:15.8933267Z In file included from ./score/mw/com/impl/handle_type.h:18:
2026-10-07T16:49:15.8934401Z In file included from ./score/mw/com/impl/instance_identifier.h:16:
2026-10-07T16:49:15.8936839Z ./score/mw/com/impl/com_error.h:186:65: warning: 'kServiceInstanceAlreadyOffered' is deprecated: Value has never been used. Calls to OfferService shall be idempotent. [-Wdeprecated-declarations]
2026-10-07T16:49:15.8939107Z   186 |             case static_cast<score::result::ErrorCode>(ComErrc::kServiceInstanceAlreadyOffered):
2026-10-07T16:49:15.8940460Z       |                                                                 ^
2026-10-07T16:49:15.8942407Z ./score/mw/com/impl/com_error.h:58:11: note: 'kServiceInstanceAlreadyOffered' has been explicitly marked deprecated here
2026-10-07T16:49:15.8944419Z    58 |         [[deprecated("Value has never been used. Calls to OfferService shall be idempotent.")]],
2026-10-07T16:49:15.8945398Z       |           ^
2026-10-07T16:49:15.8945972Z 1 warning generated.
2026-10-07T16:49:19.3942777Z INFO: From Compiling score/mw/com/impl/bindings/lola/i_runtime.cpp:
2026-10-07T16:49:19.3982926Z In file included from score/mw/com/impl/bindings/lola/i_runtime.cpp:13:
2026-10-07T16:49:19.4012570Z In file included from ./score/mw/com/impl/bindings/lola/i_runtime.h:20:
2026-10-07T16:49:19.4014005Z In file included from ./score/mw/com/impl/i_binding_runtime.h:17:
2026-10-07T16:49:19.4043005Z In file included from ./score/mw/com/impl/i_service_discovery_client.h:16:
2026-10-07T16:49:19.4072650Z In file included from ./score/mw/com/impl/enriched_instance_identifier.h:17:
2026-10-07T16:49:19.4082300Z In file included from ./score/mw/com/impl/handle_type.h:18:
2026-10-07T16:49:19.4102029Z In file included from ./score/mw/com/impl/instance_identifier.h:16:
2026-10-07T16:49:19.4132540Z ./score/mw/com/impl/com_error.h:186:65: warning: 'kServiceInstanceAlreadyOffered' is deprecated: Value has never been used. Calls to OfferService shall be idempotent. [-Wdeprecated-declarations]
2026-10-07T16:49:19.4138205Z   186 |             case static_cast<score::result::ErrorCode>(ComErrc::kServiceInstanceAlreadyOffered):
2026-10-07T16:49:19.4140006Z       |                                                                 ^
2026-10-07T16:49:19.4142038Z ./score/mw/com/impl/com_error.h:58:11: note: 'kServiceInstanceAlreadyOffered' has been explicitly marked deprecated here
2026-10-07T16:49:19.4144066Z    58 |         [[deprecated("Value has never been used. Calls to OfferService shall be idempotent.")]],
2026-10-07T16:49:19.4145164Z       |           ^
2026-10-07T16:49:19.4145915Z 1 warning generated.
2026-10-07T16:49:19.4148477Z [5,880 / 7,526] 117 / 514 tests; Compiling score/mw/com/impl/bindings/lola/service_discovery/test/service_discovery_client_test_fixtures.cpp; 2s disk-cache, linux-sandbox ... (4 actions, 3 running)
2026-10-07T16:49:20.6045800Z INFO: From Compiling score/mw/com/impl/bindings/lola/runtime.cpp:
2026-10-07T16:49:20.6073651Z In file included from score/mw/com/impl/bindings/lola/runtime.cpp:13:
2026-10-07T16:49:20.6095463Z In file included from ./score/mw/com/impl/bindings/lola/runtime.h:16:
2026-10-07T16:49:20.6113874Z In file included from ./score/mw/com/impl/bindings/lola/i_runtime.h:20:
2026-10-07T16:49:20.6115201Z In file included from ./score/mw/com/impl/i_binding_runtime.h:17:
2026-10-07T16:49:20.6116573Z In file included from ./score/mw/com/impl/i_service_discovery_client.h:16:
2026-10-07T16:49:20.6117978Z In file included from ./score/mw/com/impl/enriched_instance_identifier.h:17:
2026-10-07T16:49:20.6119202Z In file included from ./score/mw/com/impl/handle_type.h:18:
2026-10-07T16:49:20.6120394Z In file included from ./score/mw/com/impl/instance_identifier.h:16:
2026-10-07T16:49:20.6123672Z ./score/mw/com/impl/com_error.h:186:65: warning: 'kServiceInstanceAlreadyOffered' is deprecated: Value has never been used. Calls to OfferService shall be idempotent. [-Wdeprecated-declarations]
2026-10-07T16:49:20.6125931Z   186 |             case static_cast<score::result::ErrorCode>(ComErrc::kServiceInstanceAlreadyOffered):
2026-10-07T16:49:20.6127326Z       |                                                                 ^
2026-10-07T16:49:20.6129023Z ./score/mw/com/impl/com_error.h:58:11: note: 'kServiceInstanceAlreadyOffered' has been explicitly marked deprecated here
2026-10-07T16:49:20.6130922Z    58 |         [[deprecated("Value has never been used. Calls to OfferService shall be idempotent.")]],
2026-10-07T16:49:20.6132210Z       |           ^
2026-10-07T16:49:20.6132845Z 1 warning generated.
2026-10-07T16:49:21.9576384Z INFO: From Compiling score/mw/com/impl/bindings/lola/service_discovery/test/service_discovery_client_test_fixtures.cpp:
2026-10-07T16:49:21.9603813Z In file included from score/mw/com/impl/bindings/lola/service_discovery/test/service_discovery_client_test_fixtures.cpp:13:
2026-10-07T16:49:21.9633260Z In file included from ./score/mw/com/impl/bindings/lola/service_discovery/test/service_discovery_client_test_fixtures.h:16:
2026-10-07T16:49:21.9635557Z In file included from ./score/mw/com/impl/bindings/lola/service_discovery/client/service_discovery_client.h:16:
2026-10-07T16:49:21.9663098Z In file included from ./score/mw/com/impl/i_service_discovery_client.h:16:
2026-10-07T16:49:21.9692866Z In file included from ./score/mw/com/impl/enriched_instance_identifier.h:17:
2026-10-07T16:49:21.9722670Z In file included from ./score/mw/com/impl/handle_type.h:18:
2026-10-07T16:49:21.9724870Z In file included from ./score/mw/com/impl/instance_identifier.h:16:
2026-10-07T16:49:21.9754282Z ./score/mw/com/impl/com_error.h:186:65: warning: 'kServiceInstanceAlreadyOffered' is deprecated: Value has never been used. Calls to OfferService shall be idempotent. [-Wdeprecated-declarations]
2026-10-07T16:49:21.9783044Z   186 |             case static_cast<score::result::ErrorCode>(ComErrc::kServiceInstanceAlreadyOffered):
2026-10-07T16:49:21.9812527Z       |                                                                 ^
2026-10-07T16:49:21.9843265Z ./score/mw/com/impl/com_error.h:58:11: note: 'kServiceInstanceAlreadyOffered' has been explicitly marked deprecated here
2026-10-07T16:49:21.9845562Z    58 |         [[deprecated("Value has never been used. Calls to OfferService shall be idempotent.")]],
2026-10-07T16:49:21.9872399Z       |           ^
2026-10-07T16:49:21.9962675Z 1 warning generated.
2026-10-07T16:49:23.2158013Z INFO: From Compiling score/mw/com/impl/plumbing/binding_runtime_factory.cpp:
2026-10-07T16:49:23.2183291Z In file included from score/mw/com/impl/plumbing/binding_runtime_factory.cpp:13:
2026-10-07T16:49:23.2213440Z In file included from ./score/mw/com/impl/plumbing/binding_runtime_factory.h:16:
2026-10-07T16:49:23.2232708Z In file included from ./score/mw/com/impl/configuration/configuration.h:18:
2026-10-07T16:49:23.2246344Z In file included from ./score/mw/com/impl/configuration/service_instance_deployment.h:17:
2026-10-07T16:49:23.2273996Z ./score/mw/com/impl/com_error.h:186:65: warning: 'kServiceInstanceAlreadyOffered' is deprecated: Value has never been used. Calls to OfferService shall be idempotent. [-Wdeprecated-declarations]
2026-10-07T16:49:23.2276279Z   186 |             case static_cast<score::result::ErrorCode>(ComErrc::kServiceInstanceAlreadyOffered):
2026-10-07T16:49:23.2277451Z       |                                                                 ^
2026-10-07T16:49:23.2279016Z ./score/mw/com/impl/com_error.h:58:11: note: 'kServiceInstanceAlreadyOffered' has been explicitly marked deprecated here
2026-10-07T16:49:23.2280788Z    58 |         [[deprecated("Value has never been used. Calls to OfferService shall be idempotent.")]],
2026-10-07T16:49:23.2281863Z       |           ^
2026-10-07T16:49:23.2282305Z 1 warning generated.
2026-10-07T16:49:27.2341596Z INFO: From Compiling score/mw/com/impl/service_discovery.cpp:
2026-10-07T16:49:27.2373274Z In file included from score/mw/com/impl/service_discovery.cpp:13:
2026-10-07T16:49:27.2382562Z In file included from ./score/mw/com/impl/service_discovery.h:16:
2026-10-07T16:49:27.2412642Z In file included from ./score/mw/com/impl/enriched_instance_identifier.h:17:
2026-10-07T16:49:27.2442586Z In file included from ./score/mw/com/impl/handle_type.h:18:
2026-10-07T16:49:27.2452618Z In file included from ./score/mw/com/impl/instance_identifier.h:16:
2026-10-07T16:49:27.2483936Z ./score/mw/com/impl/com_error.h:186:65: warning: 'kServiceInstanceAlreadyOffered' is deprecated: Value has never been used. Calls to OfferService shall be idempotent. [-Wdeprecated-declarations]
2026-10-07T16:49:27.2502909Z   186 |             case static_cast<score::result::ErrorCode>(ComErrc::kServiceInstanceAlreadyOffered):
2026-10-07T16:49:27.2518985Z       |                                                                 ^
2026-10-07T16:49:27.2533207Z ./score/mw/com/impl/com_error.h:58:11: note: 'kServiceInstanceAlreadyOffered' has been explicitly marked deprecated here
2026-10-07T16:49:27.2537091Z    58 |         [[deprecated("Value has never been used. Calls to OfferService shall be idempotent.")]],
2026-10-07T16:49:27.2538003Z       |           ^
2026-10-07T16:49:27.2539100Z 1 warning generated.
2026-10-07T16:49:27.8010367Z INFO: From Compiling score/mw/com/impl/runtime.cpp:
2026-10-07T16:49:27.8042700Z In file included from score/mw/com/impl/runtime.cpp:13:
2026-10-07T16:49:27.8072945Z In file included from ./score/mw/com/impl/runtime.h:18:
2026-10-07T16:49:27.8103021Z In file included from ./score/mw/com/impl/configuration/configuration.h:18:
2026-10-07T16:49:27.8105526Z In file included from ./score/mw/com/impl/configuration/service_instance_deployment.h:17:
2026-10-07T16:49:27.8134196Z ./score/mw/com/impl/com_error.h:186:65: warning: 'kServiceInstanceAlreadyOffered' is deprecated: Value has never been used. Calls to OfferService shall be idempotent. [-Wdeprecated-declarations]
2026-10-07T16:49:27.8163031Z   186 |             case static_cast<score::result::ErrorCode>(ComErrc::kServiceInstanceAlreadyOffered):
2026-10-07T16:49:27.8187193Z       |                                                                 ^
2026-10-07T16:49:27.8197128Z ./score/mw/com/impl/com_error.h:58:11: note: 'kServiceInstanceAlreadyOffered' has been explicitly marked deprecated here
2026-10-07T16:49:27.8228604Z    58 |         [[deprecated("Value has never been used. Calls to OfferService shall be idempotent.")]],
2026-10-07T16:49:27.8231602Z       |           ^
2026-10-07T16:49:27.8232443Z 1 warning generated.
2026-10-07T16:49:30.5763601Z INFO: From Compiling score/mw/com/impl/tracing/common_event_tracing.cpp:
2026-10-07T16:49:30.5803105Z In file included from score/mw/com/impl/tracing/common_event_tracing.cpp:13:
2026-10-07T16:49:30.5822928Z In file included from ./score/mw/com/impl/tracing/common_event_tracing.h:16:
2026-10-07T16:49:30.5832530Z In file included from ./score/mw/com/impl/instance_identifier.h:16:
2026-10-07T16:49:30.5854028Z ./score/mw/com/impl/com_error.h:186:65: warning: 'kServiceInstanceAlreadyOffered' is deprecated: Value has never been used. Calls to OfferService shall be idempotent. [-Wdeprecated-declarations]
2026-10-07T16:49:30.5883119Z   186 |             case static_cast<score::result::ErrorCode>(ComErrc::kServiceInstanceAlreadyOffered):
2026-10-07T16:49:30.5907339Z       |                                                                 ^
2026-10-07T16:49:30.5943810Z ./score/mw/com/impl/com_error.h:58:11: note: 'kServiceInstanceAlreadyOffered' has been explicitly marked deprecated here
2026-10-07T16:49:30.5952815Z    58 |         [[deprecated("Value has never been used. Calls to OfferService shall be idempotent.")]],
2026-10-07T16:49:30.5976347Z       |           ^
2026-10-07T16:49:30.5989482Z 1 warning generated.
2026-10-07T16:49:30.6009333Z [5,954 / 7,526] 117 / 514 tests; Compiling Rust rlib clap_builder v4.6.7 (57 files) [for tool]; 5s disk-cache, linux-sandbox ... (4 actions, 3 running)
2026-10-07T16:49:33.1692984Z INFO: From Compiling score/mw/com/impl/tracing/skeleton_event_tracing.cpp:
2026-10-07T16:49:33.1723345Z In file included from score/mw/com/impl/tracing/skeleton_event_tracing.cpp:13:
2026-10-07T16:49:33.1782938Z In file included from ./score/mw/com/impl/tracing/skeleton_event_tracing.h:22:
2026-10-07T16:49:33.1814108Z In file included from ./score/mw/com/impl/instance_identifier.h:16:
2026-10-07T16:49:33.1824745Z ./score/mw/com/impl/com_error.h:186:65: warning: 'kServiceInstanceAlreadyOffered' is deprecated: Value has never been used. Calls to OfferService shall be idempotent. [-Wdeprecated-declarations]
2026-10-07T16:49:33.1827558Z   186 |             case static_cast<score::result::ErrorCode>(ComErrc::kServiceInstanceAlreadyOffered):
2026-10-07T16:49:33.1829215Z       |                                                                 ^
2026-10-07T16:49:33.1831181Z ./score/mw/com/impl/com_error.h:58:11: note: 'kServiceInstanceAlreadyOffered' has been explicitly marked deprecated here
2026-10-07T16:49:33.1833698Z    58 |         [[deprecated("Value has never been used. Calls to OfferService shall be idempotent.")]],
2026-10-07T16:49:33.1834955Z       |           ^
2026-10-07T16:49:33.1835745Z 1 warning generated.
2026-10-07T16:49:40.9518423Z [5,996 / 7,528] 117 / 514 tests; Compiling score/mw/com/impl/bindings/lola/service_discovery/flag_file_crawler_test.cpp; 2s disk-cache, linux-sandbox ... (4 actions, 3 running)
2026-10-07T16:49:47.1417140Z INFO: From Compiling score/mw/com/impl/bindings/lola/type_erased_sample_ptrs_guard.cpp:
2026-10-07T16:49:47.1442981Z In file included from score/mw/com/impl/bindings/lola/type_erased_sample_ptrs_guard.cpp:16:
2026-10-07T16:49:47.1463137Z In file included from ./score/mw/com/impl/runtime.h:18:
2026-10-07T16:49:47.1472646Z In file included from ./score/mw/com/impl/configuration/configuration.h:18:
2026-10-07T16:49:47.1502782Z In file included from ./score/mw/com/impl/configuration/service_instance_deployment.h:17:
2026-10-07T16:49:47.1534065Z ./score/mw/com/impl/com_error.h:186:65: warning: 'kServiceInstanceAlreadyOffered' is deprecated: Value has never been used. Calls to OfferService shall be idempotent. [-Wdeprecated-declarations]
2026-10-07T16:49:47.1542743Z   186 |             case static_cast<score::result::ErrorCode>(ComErrc::kServiceInstanceAlreadyOffered):
2026-10-07T16:49:47.1562525Z       |                                                                 ^
2026-10-07T16:49:47.1593041Z ./score/mw/com/impl/com_error.h:58:11: note: 'kServiceInstanceAlreadyOffered' has been explicitly marked deprecated here
2026-10-07T16:49:47.1594809Z    58 |         [[deprecated("Value has never been used. Calls to OfferService shall be idempotent.")]],
2026-10-07T16:49:47.1595693Z       |           ^
2026-10-07T16:49:47.1596084Z 1 warning generated.
2026-10-07T16:49:51.1400005Z [6,043 / 7,528] 117 / 514 tests; Compiling score/mw/com/impl/bindings/lola/service_discovery/flag_file_crawler_test.cpp; 12s disk-cache, linux-sandbox ... (4 actions, 3 running)
2026-10-07T16:49:52.3878629Z INFO: From Compiling score/mw/com/impl/bindings/lola/service_data_storage.cpp:
2026-10-07T16:49:52.3903035Z In file included from score/mw/com/impl/bindings/lola/service_data_storage.cpp:13:
2026-10-07T16:49:52.3923533Z In file included from ./score/mw/com/impl/bindings/lola/service_data_storage.h:20:
2026-10-07T16:49:52.3952848Z In file included from ./score/mw/com/impl/bindings/lola/i_runtime.h:20:
2026-10-07T16:49:52.3982689Z In file included from ./score/mw/com/impl/i_binding_runtime.h:17:
2026-10-07T16:49:52.3992560Z In file included from ./score/mw/com/impl/i_service_discovery_client.h:16:
2026-10-07T16:49:52.4012480Z In file included from ./score/mw/com/impl/enriched_instance_identifier.h:17:
2026-10-07T16:49:52.4037261Z In file included from ./score/mw/com/impl/handle_type.h:18:
2026-10-07T16:49:52.4052466Z In file included from ./score/mw/com/impl/instance_identifier.h:16:
2026-10-07T16:49:52.4071168Z ./score/mw/com/impl/com_error.h:186:65: warning: 'kServiceInstanceAlreadyOffered' is deprecated: Value has never been used. Calls to OfferService shall be idempotent. [-Wdeprecated-declarations]
2026-10-07T16:49:52.4074754Z   186 |             case static_cast<score::result::ErrorCode>(ComErrc::kServiceInstanceAlreadyOffered):
2026-10-07T16:49:52.4076063Z       |                                                                 ^
2026-10-07T16:49:52.4082806Z ./score/mw/com/impl/com_error.h:58:11: note: 'kServiceInstanceAlreadyOffered' has been explicitly marked deprecated here
2026-10-07T16:49:52.4085165Z    58 |         [[deprecated("Value has never been used. Calls to OfferService shall be idempotent.")]],
2026-10-07T16:49:52.4086233Z       |           ^
2026-10-07T16:49:52.4086832Z 1 warning generated.
2026-10-07T16:49:58.9032455Z INFO: From Compiling score/mw/com/impl/bindings/lola/skeleton_method.cpp:
2026-10-07T16:49:58.9062816Z In file included from score/mw/com/impl/bindings/lola/skeleton_method.cpp:17:
2026-10-07T16:49:58.9076180Z In file included from ./score/mw/com/impl/bindings/lola/i_runtime.h:20:
2026-10-07T16:49:58.9102637Z In file included from ./score/mw/com/impl/i_binding_runtime.h:17:
2026-10-07T16:49:58.9132586Z In file included from ./score/mw/com/impl/i_service_discovery_client.h:16:
2026-10-07T16:49:58.9162661Z In file included from ./score/mw/com/impl/enriched_instance_identifier.h:17:
2026-10-07T16:49:58.9163751Z In file included from ./score/mw/com/impl/handle_type.h:18:
2026-10-07T16:49:58.9192461Z In file included from ./score/mw/com/impl/instance_identifier.h:16:
2026-10-07T16:49:58.9223906Z ./score/mw/com/impl/com_error.h:186:65: warning: 'kServiceInstanceAlreadyOffered' is deprecated: Value has never been used. Calls to OfferService shall be idempotent. [-Wdeprecated-declarations]
2026-10-07T16:49:58.9226841Z   186 |             case static_cast<score::result::ErrorCode>(ComErrc::kServiceInstanceAlreadyOffered):
2026-10-07T16:49:58.9252329Z       |                                                                 ^
2026-10-07T16:49:58.9283077Z ./score/mw/com/impl/com_error.h:58:11: note: 'kServiceInstanceAlreadyOffered' has been explicitly marked deprecated here
2026-10-07T16:49:58.9312736Z    58 |         [[deprecated("Value has never been used. Calls to OfferService shall be idempotent.")]],
2026-10-07T16:49:58.9313572Z       |           ^
2026-10-07T16:49:58.9313988Z 1 warning generated.
2026-10-07T16:49:59.2479190Z INFO: From Compiling score/mw/com/impl/bindings/lola/service_discovery/flag_file_crawler_test.cpp:
2026-10-07T16:49:59.2503499Z In file included from score/mw/com/impl/bindings/lola/service_discovery/flag_file_crawler_test.cpp:13:
2026-10-07T16:49:59.2513429Z In file included from ./score/mw/com/impl/bindings/lola/service_discovery/flag_file_crawler.h:16:
2026-10-07T16:49:59.2543492Z In file included from ./score/mw/com/impl/bindings/lola/service_discovery/known_instances_container.h:16:
2026-10-07T16:49:59.2572695Z In file included from ./score/mw/com/impl/enriched_instance_identifier.h:17:
2026-10-07T16:49:59.2602718Z In file included from ./score/mw/com/impl/handle_type.h:18:
2026-10-07T16:49:59.2723180Z In file included from ./score/mw/com/impl/instance_identifier.h:16:
2026-10-07T16:49:59.2753258Z ./score/mw/com/impl/com_error.h:186:65: warning: 'kServiceInstanceAlreadyOffered' is deprecated: Value has never been used. Calls to OfferService shall be idempotent. [-Wdeprecated-declarations]
2026-10-07T16:49:59.2782985Z   186 |             case static_cast<score::result::ErrorCode>(ComErrc::kServiceInstanceAlreadyOffered):
2026-10-07T16:49:59.2784442Z       |                                                                 ^
2026-10-07T16:49:59.2813228Z ./score/mw/com/impl/com_error.h:58:11: note: 'kServiceInstanceAlreadyOffered' has been explicitly marked deprecated here
2026-10-07T16:49:59.2815293Z    58 |         [[deprecated("Value has never been used. Calls to OfferService shall be idempotent.")]],
2026-10-07T16:49:59.2816280Z       |           ^
2026-10-07T16:49:59.2816794Z 1 warning generated.
2026-10-07T16:50:00.1238929Z INFO: From Compiling score/mw/com/impl/bindings/lola/skeleton_memory_manager.cpp:
2026-10-07T16:50:00.1313139Z In file included from score/mw/com/impl/bindings/lola/skeleton_memory_manager.cpp:13:
2026-10-07T16:50:00.1342984Z In file included from ./score/mw/com/impl/bindings/lola/skeleton_memory_manager.h:20:
2026-10-07T16:50:00.1372962Z In file included from ./score/mw/com/impl/bindings/lola/service_data_storage.h:20:
2026-10-07T16:50:00.1402718Z In file included from ./score/mw/com/impl/bindings/lola/i_runtime.h:20:
2026-10-07T16:50:00.1404310Z In file included from ./score/mw/com/impl/i_binding_runtime.h:17:
2026-10-07T16:50:00.1432799Z In file included from ./score/mw/com/impl/i_service_discovery_client.h:16:
2026-10-07T16:50:00.1462906Z In file included from ./score/mw/com/impl/enriched_instance_identifier.h:17:
2026-10-07T16:50:00.1489485Z In file included from ./score/mw/com/impl/handle_type.h:18:
2026-10-07T16:50:00.1492524Z In file included from ./score/mw/com/impl/instance_identifier.h:16:
2026-10-07T16:50:00.1544114Z ./score/mw/com/impl/com_error.h:186:65: warning: 'kServiceInstanceAlreadyOffered' is deprecated: Value has never been used. Calls to OfferService shall be idempotent. [-Wdeprecated-declarations]
2026-10-07T16:50:00.1547142Z   186 |             case static_cast<score::result::ErrorCode>(ComErrc::kServiceInstanceAlreadyOffered):
2026-10-07T16:50:00.1572444Z       |                                                                 ^
2026-10-07T16:50:00.1603125Z ./score/mw/com/impl/com_error.h:58:11: note: 'kServiceInstanceAlreadyOffered' has been explicitly marked deprecated here
2026-10-07T16:50:00.1632946Z    58 |         [[deprecated("Value has never been used. Calls to OfferService shall be idempotent.")]],
2026-10-07T16:50:00.1634724Z       |           ^
2026-10-07T16:50:00.1662103Z 1 warning generated.
2026-10-07T16:50:01.4935431Z [6,097 / 7,529] 117 / 514 tests; Compiling score/mw/com/impl/bindings/lola/skeleton_event.cpp; 2s disk-cache, linux-sandbox ... (4 actions, 3 running)
2026-10-07T16:50:03.7533025Z INFO: From Compiling score/mw/com/impl/bindings/lola/skeleton_event.cpp:
2026-10-07T16:50:03.7582755Z In file included from score/mw/com/impl/bindings/lola/skeleton_event.cpp:13:
2026-10-07T16:50:03.7592694Z In file included from ./score/mw/com/impl/bindings/lola/skeleton_event.h:21:
2026-10-07T16:50:03.7594011Z In file included from ./score/mw/com/impl/bindings/lola/skeleton.h:32:
2026-10-07T16:50:03.7595433Z In file included from ./score/mw/com/impl/bindings/lola/skeleton_memory_manager.h:20:
2026-10-07T16:50:03.7596950Z In file included from ./score/mw/com/impl/bindings/lola/service_data_storage.h:20:
2026-10-07T16:50:03.7598263Z In file included from ./score/mw/com/impl/bindings/lola/i_runtime.h:20:
2026-10-07T16:50:03.7599497Z In file included from ./score/mw/com/impl/i_binding_runtime.h:17:
2026-10-07T16:50:03.7600755Z In file included from ./score/mw/com/impl/i_service_discovery_client.h:16:
2026-10-07T16:50:03.7602379Z In file included from ./score/mw/com/impl/enriched_instance_identifier.h:17:
2026-10-07T16:50:03.7603601Z In file included from ./score/mw/com/impl/handle_type.h:18:
2026-10-07T16:50:03.7604740Z In file included from ./score/mw/com/impl/instance_identifier.h:16:
2026-10-07T16:50:03.7607382Z ./score/mw/com/impl/com_error.h:186:65: warning: 'kServiceInstanceAlreadyOffered' is deprecated: Value has never been used. Calls to OfferService shall be idempotent. [-Wdeprecated-declarations]
2026-10-07T16:50:03.7609788Z   186 |             case static_cast<score::result::ErrorCode>(ComErrc::kServiceInstanceAlreadyOffered):
2026-10-07T16:50:03.7611123Z       |                                                                 ^
2026-10-07T16:50:03.7612906Z ./score/mw/com/impl/com_error.h:58:11: note: 'kServiceInstanceAlreadyOffered' has been explicitly marked deprecated here
2026-10-07T16:50:03.7614532Z    58 |         [[deprecated("Value has never been used. Calls to OfferService shall be idempotent.")]],
2026-10-07T16:50:03.7615309Z       |           ^
2026-10-07T16:50:03.7616258Z 1 warning generated.
2026-10-07T16:50:05.6553287Z INFO: From Compiling Rust bin sample_allocatee_ptr_test_rs_linux (1 file):
2026-10-07T16:50:05.6555437Z warning: struct `SomeIpSampleAllocateePtrBinding` is never constructed
2026-10-07T16:50:05.6556888Z   --> score/mw/com/impl/plumbing/rust/sample_allocatee_ptr.rs:64:8
2026-10-07T16:50:05.6557661Z    |
2026-10-07T16:50:05.6558517Z 64 | struct SomeIpSampleAllocateePtrBinding<T> {
2026-10-07T16:50:05.6559475Z    |        ^^^^^^^^^^^^^^^^^^^^^^^^^^^^^^^
2026-10-07T16:50:05.6560109Z    |
2026-10-07T16:50:05.6561086Z    = note: `#[warn(dead_code)]` (part of `#[warn(unused)]`) on by default
2026-10-07T16:50:05.6562021Z 
2026-10-07T16:50:05.6562842Z warning: union `SomeIpSampleAllocateePtrVariant` is never used
2026-10-07T16:50:05.6564151Z   --> score/mw/com/impl/plumbing/rust/sample_allocatee_ptr.rs:71:7
2026-10-07T16:50:05.6564927Z    |
2026-10-07T16:50:05.6565717Z 71 | union SomeIpSampleAllocateePtrVariant<T> {
2026-10-07T16:50:05.6566664Z    |       ^^^^^^^^^^^^^^^^^^^^^^^^^^^^^^^
2026-10-07T16:50:05.6567144Z 
2026-10-07T16:50:05.6567587Z warning: 2 warnings emitted
2026-10-07T16:50:05.6568017Z 
2026-10-07T16:50:05.7574461Z INFO: From Compiling score/mw/com/impl/bindings/lola/skeleton.cpp:
2026-10-07T16:50:05.7612915Z In file included from score/mw/com/impl/bindings/lola/skeleton.cpp:13:
2026-10-07T16:50:05.7614781Z In file included from ./score/mw/com/impl/bindings/lola/skeleton.h:32:
2026-10-07T16:50:05.7642854Z In file included from ./score/mw/com/impl/bindings/lola/skeleton_memory_manager.h:20:
2026-10-07T16:50:05.7672681Z In file included from ./score/mw/com/impl/bindings/lola/service_data_storage.h:20:
2026-10-07T16:50:05.7674310Z In file included from ./score/mw/com/impl/bindings/lola/i_runtime.h:20:
2026-10-07T16:50:05.7703192Z In file included from ./score/mw/com/impl/i_binding_runtime.h:17:
2026-10-07T16:50:05.7725180Z In file included from ./score/mw/com/impl/i_service_discovery_client.h:16:
2026-10-07T16:50:05.7752820Z In file included from ./score/mw/com/impl/enriched_instance_identifier.h:17:
2026-10-07T16:50:05.7754813Z In file included from ./score/mw/com/impl/handle_type.h:18:
2026-10-07T16:50:05.7756198Z In file included from ./score/mw/com/impl/instance_identifier.h:16:
2026-10-07T16:50:05.7758978Z ./score/mw/com/impl/com_error.h:186:65: warning: 'kServiceInstanceAlreadyOffered' is deprecated: Value has never been used. Calls to OfferService shall be idempotent. [-Wdeprecated-declarations]
2026-10-07T16:50:05.7761885Z   186 |             case static_cast<score::result::ErrorCode>(ComErrc::kServiceInstanceAlreadyOffered):
2026-10-07T16:50:05.7763345Z       |                                                                 ^
2026-10-07T16:50:05.7765199Z ./score/mw/com/impl/com_error.h:58:11: note: 'kServiceInstanceAlreadyOffered' has been explicitly marked deprecated here
2026-10-07T16:50:05.7767573Z    58 |         [[deprecated("Value has never been used. Calls to OfferService shall be idempotent.")]],
2026-10-07T16:50:05.7769430Z       |           ^
2026-10-07T16:50:05.7770120Z 1 warning generated.
2026-10-07T16:50:10.1836089Z INFO: From Compiling score/mw/com/impl/bindings/lola/test_doubles/fake_service_data.cpp:
2026-10-07T16:50:10.1993236Z In file included from score/mw/com/impl/bindings/lola/test_doubles/fake_service_data.cpp:13:
2026-10-07T16:50:10.2023125Z In file included from ./score/mw/com/impl/bindings/lola/test_doubles/fake_service_data.h:20:
2026-10-07T16:50:10.2113092Z In file included from ./score/mw/com/impl/bindings/lola/service_data_storage.h:20:
2026-10-07T16:50:10.2193031Z In file included from ./score/mw/com/impl/bindings/lola/i_runtime.h:20:
2026-10-07T16:50:10.2292980Z In file included from ./score/mw/com/impl/i_binding_runtime.h:17:
2026-10-07T16:50:10.2373833Z In file included from ./score/mw/com/impl/i_service_discovery_client.h:16:
2026-10-07T16:50:10.2473070Z In file included from ./score/mw/com/impl/enriched_instance_identifier.h:17:
2026-10-07T16:50:10.2563182Z In file included from ./score/mw/com/impl/handle_type.h:18:
2026-10-07T16:50:10.2622891Z In file included from ./score/mw/com/impl/instance_identifier.h:16:
2026-10-07T16:50:10.2744328Z ./score/mw/com/impl/com_error.h:186:65: warning: 'kServiceInstanceAlreadyOffered' is deprecated: Value has never been used. Calls to OfferService shall be idempotent. [-Wdeprecated-declarations]
2026-10-07T16:50:10.2823210Z   186 |             case static_cast<score::result::ErrorCode>(ComErrc::kServiceInstanceAlreadyOffered):
2026-10-07T16:50:10.2874234Z       |                                                                 ^
2026-10-07T16:50:10.2913353Z ./score/mw/com/impl/com_error.h:58:11: note: 'kServiceInstanceAlreadyOffered' has been explicitly marked deprecated here
2026-10-07T16:50:10.3073323Z    58 |         [[deprecated("Value has never been used. Calls to OfferService shall be idempotent.")]],
2026-10-07T16:50:10.3162421Z       |           ^
2026-10-07T16:50:10.3312725Z 1 warning generated.
2026-10-07T16:50:14.3213889Z [6,120 / 7,532] 117 / 514 tests; Compiling score/mw/com/impl/bindings/lola/test_doubles/fake_mocked_service_data.cpp; 7s disk-cache, linux-sandbox ... (4 actions running)
2026-10-07T16:50:14.9570184Z INFO: From Compiling score/mw/com/impl/bindings/lola/test_doubles/fake_mocked_service_data.cpp:
2026-10-07T16:50:14.9583072Z In file included from score/mw/com/impl/bindings/lola/test_doubles/fake_mocked_service_data.cpp:13:
2026-10-07T16:50:14.9615486Z In file included from ./score/mw/com/impl/bindings/lola/test_doubles/fake_mocked_service_data.h:20:
2026-10-07T16:50:14.9663136Z In file included from ./score/mw/com/impl/bindings/lola/service_data_storage.h:20:
2026-10-07T16:50:14.9692582Z In file included from ./score/mw/com/impl/bindings/lola/i_runtime.h:20:
2026-10-07T16:50:14.9723266Z In file included from ./score/mw/com/impl/i_binding_runtime.h:17:
2026-10-07T16:50:14.9752590Z In file included from ./score/mw/com/impl/i_service_discovery_client.h:16:
2026-10-07T16:50:14.9779504Z In file included from ./score/mw/com/impl/enriched_instance_identifier.h:17:
2026-10-07T16:50:14.9792531Z In file included from ./score/mw/com/impl/handle_type.h:18:
2026-10-07T16:50:14.9793667Z In file included from ./score/mw/com/impl/instance_identifier.h:16:
2026-10-07T16:50:14.9796181Z ./score/mw/com/impl/com_error.h:186:65: warning: 'kServiceInstanceAlreadyOffered' is deprecated: Value has never been used. Calls to OfferService shall be idempotent. [-Wdeprecated-declarations]
2026-10-07T16:50:14.9798450Z   186 |             case static_cast<score::result::ErrorCode>(ComErrc::kServiceInstanceAlreadyOffered):
2026-10-07T16:50:14.9799653Z       |                                                                 ^
2026-10-07T16:50:14.9801156Z ./score/mw/com/impl/com_error.h:58:11: note: 'kServiceInstanceAlreadyOffered' has been explicitly marked deprecated here
2026-10-07T16:50:14.9803178Z    58 |         [[deprecated("Value has never been used. Calls to OfferService shall be idempotent.")]],
2026-10-07T16:50:14.9803952Z       |           ^
2026-10-07T16:50:14.9804356Z 1 warning generated.
2026-10-07T16:50:16.6353200Z INFO: From Compiling score/mw/com/impl/tracing/configuration/tracing_filter_config_test.cpp:
2026-10-07T16:50:16.6382740Z In file included from score/mw/com/impl/tracing/configuration/tracing_filter_config_test.cpp:13:
2026-10-07T16:50:16.6412726Z In file included from ./score/mw/com/impl/tracing/configuration/tracing_filter_config.h:16:
2026-10-07T16:50:16.6433887Z In file included from ./score/mw/com/impl/configuration/configuration.h:18:
2026-10-07T16:50:16.6462786Z In file included from ./score/mw/com/impl/configuration/service_instance_deployment.h:17:
2026-10-07T16:50:16.6494054Z ./score/mw/com/impl/com_error.h:186:65: warning: 'kServiceInstanceAlreadyOffered' is deprecated: Value has never been used. Calls to OfferService shall be idempotent. [-Wdeprecated-declarations]
2026-10-07T16:50:16.6522902Z   186 |             case static_cast<score::result::ErrorCode>(ComErrc::kServiceInstanceAlreadyOffered):
2026-10-07T16:50:16.6552388Z       |                                                                 ^
2026-10-07T16:50:16.6583196Z ./score/mw/com/impl/com_error.h:58:11: note: 'kServiceInstanceAlreadyOffered' has been explicitly marked deprecated here
2026-10-07T16:50:16.6612784Z    58 |         [[deprecated("Value has never been used. Calls to OfferService shall be idempotent.")]],
2026-10-07T16:50:16.6642047Z       |           ^
2026-10-07T16:50:16.6672132Z 1 warning generated.
2026-10-07T16:50:18.7716156Z INFO: From Compiling score/mw/com/impl/runtime_mock.cpp:
2026-10-07T16:50:18.7742384Z In file included from score/mw/com/impl/runtime_mock.cpp:14:
2026-10-07T16:50:18.7743456Z In file included from ./score/mw/com/impl/runtime_mock.h:16:
2026-10-07T16:50:18.7793848Z In file included from ./score/mw/com/impl/i_binding_runtime.h:17:
2026-10-07T16:50:18.7853176Z In file included from ./score/mw/com/impl/i_service_discovery_client.h:16:
2026-10-07T16:50:18.7912900Z In file included from ./score/mw/com/impl/enriched_instance_identifier.h:17:
2026-10-07T16:50:18.7972683Z In file included from ./score/mw/com/impl/handle_type.h:18:
2026-10-07T16:50:18.8032680Z In file included from ./score/mw/com/impl/instance_identifier.h:16:
2026-10-07T16:50:18.8084513Z ./score/mw/com/impl/com_error.h:186:65: warning: 'kServiceInstanceAlreadyOffered' is deprecated: Value has never been used. Calls to OfferService shall be idempotent. [-Wdeprecated-declarations]
2026-10-07T16:50:18.8153059Z   186 |             case static_cast<score::result::ErrorCode>(ComErrc::kServiceInstanceAlreadyOffered):
2026-10-07T16:50:18.8201815Z       |                                                                 ^
2026-10-07T16:50:18.8213093Z ./score/mw/com/impl/com_error.h:58:11: note: 'kServiceInstanceAlreadyOffered' has been explicitly marked deprecated here
2026-10-07T16:50:18.8266693Z    58 |         [[deprecated("Value has never been used. Calls to OfferService shall be idempotent.")]],
2026-10-07T16:50:18.8322156Z       |           ^
2026-10-07T16:50:18.8352119Z 1 warning generated.
2026-10-07T16:50:21.7953092Z INFO: From Compiling score/mw/com/impl/test/runtime_mock_guard.cpp:
2026-10-07T16:50:21.8012946Z In file included from score/mw/com/impl/test/runtime_mock_guard.cpp:13:
2026-10-07T16:50:21.8042625Z In file included from ./score/mw/com/impl/test/runtime_mock_guard.h:16:
2026-10-07T16:50:21.8072427Z In file included from ./score/mw/com/impl/runtime.h:18:
2026-10-07T16:50:21.8114118Z In file included from ./score/mw/com/impl/configuration/configuration.h:18:
2026-10-07T16:50:21.8184951Z In file included from ./score/mw/com/impl/configuration/service_instance_deployment.h:17:
2026-10-07T16:50:21.8224088Z ./score/mw/com/impl/com_error.h:186:65: warning: 'kServiceInstanceAlreadyOffered' is deprecated: Value has never been used. Calls to OfferService shall be idempotent. [-Wdeprecated-declarations]
2026-10-07T16:50:21.8242940Z   186 |             case static_cast<score::result::ErrorCode>(ComErrc::kServiceInstanceAlreadyOffered):
2026-10-07T16:50:21.8312686Z       |                                                                 ^
2026-10-07T16:50:21.8343176Z ./score/mw/com/impl/com_error.h:58:11: note: 'kServiceInstanceAlreadyOffered' has been explicitly marked deprecated here
2026-10-07T16:50:21.8372856Z    58 |         [[deprecated("Value has never been used. Calls to OfferService shall be idempotent.")]],
2026-10-07T16:50:21.8432263Z       |           ^
2026-10-07T16:50:21.8462180Z 1 warning generated.
2026-10-07T16:50:24.3574073Z [6,148 / 7,534] 117 / 514 tests; Compiling Rust rlib aho_corasick v1.1.5 (32 files) [for tool]; 8s disk-cache, linux-sandbox ... (4 actions, 3 running)
2026-10-07T16:50:27.2039978Z INFO: From Compiling score/mw/com/impl/bindings/lola/transaction_log_rollback_executor.cpp:
2026-10-07T16:50:27.2093185Z In file included from score/mw/com/impl/bindings/lola/transaction_log_rollback_executor.cpp:13:
2026-10-07T16:50:27.2094790Z In file included from ./score/mw/com/impl/bindings/lola/transaction_log_rollback_executor.h:16:
2026-10-07T16:50:27.2096126Z In file included from ./score/mw/com/impl/bindings/lola/i_runtime.h:20:
2026-10-07T16:50:27.2097807Z In file included from ./score/mw/com/impl/i_binding_runtime.h:17:
2026-10-07T16:50:27.2143060Z In file included from ./score/mw/com/impl/i_service_discovery_client.h:16:
2026-10-07T16:50:27.2152720Z In file included from ./score/mw/com/impl/enriched_instance_identifier.h:17:
2026-10-07T16:50:27.2182544Z In file included from ./score/mw/com/impl/handle_type.h:18:
2026-10-07T16:50:27.2212686Z In file included from ./score/mw/com/impl/instance_identifier.h:16:
2026-10-07T16:50:27.2235196Z ./score/mw/com/impl/com_error.h:186:65: warning: 'kServiceInstanceAlreadyOffered' is deprecated: Value has never been used. Calls to OfferService shall be idempotent. [-Wdeprecated-declarations]
2026-10-07T16:50:27.2263527Z   186 |             case static_cast<score::result::ErrorCode>(ComErrc::kServiceInstanceAlreadyOffered):
2026-10-07T16:50:27.2269496Z       |                                                                 ^
2026-10-07T16:50:27.2272747Z ./score/mw/com/impl/com_error.h:58:11: note: 'kServiceInstanceAlreadyOffered' has been explicitly marked deprecated here
2026-10-07T16:50:27.2274837Z    58 |         [[deprecated("Value has never been used. Calls to OfferService shall be idempotent.")]],
2026-10-07T16:50:27.2275873Z       |           ^
2026-10-07T16:50:27.2276663Z 1 warning generated.
2026-10-07T16:50:27.6764423Z INFO: From Compiling score/mw/com/impl/configuration/configuration_test.cpp:
2026-10-07T16:50:27.6793236Z In file included from score/mw/com/impl/configuration/configuration_test.cpp:13:
2026-10-07T16:50:27.6817311Z In file included from ./score/mw/com/impl/configuration/configuration.h:18:
2026-10-07T16:50:27.6822802Z In file included from ./score/mw/com/impl/configuration/service_instance_deployment.h:17:
2026-10-07T16:50:27.6854115Z ./score/mw/com/impl/com_error.h:186:65: warning: 'kServiceInstanceAlreadyOffered' is deprecated: Value has never been used. Calls to OfferService shall be idempotent. [-Wdeprecated-declarations]
2026-10-07T16:50:27.6872919Z   186 |             case static_cast<score::result::ErrorCode>(ComErrc::kServiceInstanceAlreadyOffered):
2026-10-07T16:50:27.6883305Z       |                                                                 ^
2026-10-07T16:50:27.6885494Z ./score/mw/com/impl/com_error.h:58:11: note: 'kServiceInstanceAlreadyOffered' has been explicitly marked deprecated here
2026-10-07T16:50:27.6897676Z    58 |         [[deprecated("Value has never been used. Calls to OfferService shall be idempotent.")]],
2026-10-07T16:50:27.6898847Z       |           ^
2026-10-07T16:50:27.6900570Z 1 warning generated.
2026-10-07T16:50:36.7087932Z INFO: From Compiling score/mw/com/impl/enriched_instance_identifier_test.cpp:
2026-10-07T16:50:36.7113332Z In file included from score/mw/com/impl/enriched_instance_identifier_test.cpp:13:
2026-10-07T16:50:36.7142840Z In file included from ./score/mw/com/impl/enriched_instance_identifier.h:17:
2026-10-07T16:50:36.7172666Z In file included from ./score/mw/com/impl/handle_type.h:18:
2026-10-07T16:50:36.7174234Z In file included from ./score/mw/com/impl/instance_identifier.h:16:
2026-10-07T16:50:36.7203970Z ./score/mw/com/impl/com_error.h:186:65: warning: 'kServiceInstanceAlreadyOffered' is deprecated: Value has never been used. Calls to OfferService shall be idempotent. [-Wdeprecated-declarations]
2026-10-07T16:50:36.7233132Z   186 |             case static_cast<score::result::ErrorCode>(ComErrc::kServiceInstanceAlreadyOffered):
2026-10-07T16:50:36.7262531Z       |                                                                 ^
2026-10-07T16:50:36.7293241Z ./score/mw/com/impl/com_error.h:58:11: note: 'kServiceInstanceAlreadyOffered' has been explicitly marked deprecated here
2026-10-07T16:50:36.7295613Z    58 |         [[deprecated("Value has never been used. Calls to OfferService shall be idempotent.")]],
2026-10-07T16:50:36.7322317Z       |           ^
2026-10-07T16:50:36.7352250Z 1 warning generated.
2026-10-07T16:50:36.7713949Z [6,189 / 7,535] 117 / 514 tests; Compiling Rust rlib regex_automata v0.4.18 (100 files) [for tool]; 12s disk-cache, linux-sandbox ... (4 actions, 3 running)
2026-10-07T16:50:40.2952779Z INFO: From Compiling score/mw/com/impl/bindings/lola/subscription_subscription_pending_states.cpp:
2026-10-07T16:50:40.2965949Z In file included from score/mw/com/impl/bindings/lola/subscription_subscription_pending_states.cpp:17:
2026-10-07T16:50:40.2972363Z ./score/mw/com/impl/com_error.h:186:65: warning: 'kServiceInstanceAlreadyOffered' is deprecated: Value has never been used. Calls to OfferService shall be idempotent. [-Wdeprecated-declarations]
2026-10-07T16:50:40.2975733Z   186 |             case static_cast<score::result::ErrorCode>(ComErrc::kServiceInstanceAlreadyOffered):
2026-10-07T16:50:40.2976980Z       |                                                                 ^
2026-10-07T16:50:40.2978524Z ./score/mw/com/impl/com_error.h:58:11: note: 'kServiceInstanceAlreadyOffered' has been explicitly marked deprecated here
2026-10-07T16:50:40.2980307Z    58 |         [[deprecated("Value has never been used. Calls to OfferService shall be idempotent.")]],
2026-10-07T16:50:40.2981257Z       |           ^
2026-10-07T16:50:40.2982196Z 1 warning generated.
2026-10-07T16:50:42.8979484Z INFO: From Compiling score/mw/com/impl/bindings/lola/subscription_subscribed_states.cpp:
2026-10-07T16:50:42.9033101Z In file included from score/mw/com/impl/bindings/lola/subscription_subscribed_states.cpp:18:
2026-10-07T16:50:42.9064086Z ./score/mw/com/impl/com_error.h:186:65: warning: 'kServiceInstanceAlreadyOffered' is deprecated: Value has never been used. Calls to OfferService shall be idempotent. [-Wdeprecated-declarations]
2026-10-07T16:50:42.9076303Z   186 |             case static_cast<score::result::ErrorCode>(ComErrc::kServiceInstanceAlreadyOffered):
2026-10-07T16:50:42.9077981Z       |                                                                 ^
2026-10-07T16:50:42.9079607Z ./score/mw/com/impl/com_error.h:58:11: note: 'kServiceInstanceAlreadyOffered' has been explicitly marked deprecated here
2026-10-07T16:50:42.9081751Z    58 |         [[deprecated("Value has never been used. Calls to OfferService shall be idempotent.")]],
2026-10-07T16:50:42.9082654Z       |           ^
2026-10-07T16:50:42.9083201Z 1 warning generated.
2026-10-07T16:50:45.6344538Z INFO: From Compiling score/mw/com/impl/configuration/lola_field_instance_deployment_test.cpp:
2026-10-07T16:50:45.6373071Z In file included from score/mw/com/impl/configuration/lola_field_instance_deployment_test.cpp:15:
2026-10-07T16:50:45.6382977Z In file included from ./score/mw/com/impl/configuration/test/configuration_test_resources.h:26:
2026-10-07T16:50:45.6412726Z In file included from ./score/mw/com/impl/configuration/service_instance_deployment.h:17:
2026-10-07T16:50:45.6415558Z ./score/mw/com/impl/com_error.h:186:65: warning: 'kServiceInstanceAlreadyOffered' is deprecated: Value has never been used. Calls to OfferService shall be idempotent. [-Wdeprecated-declarations]
2026-10-07T16:50:45.6417966Z   186 |             case static_cast<score::result::ErrorCode>(ComErrc::kServiceInstanceAlreadyOffered):
2026-10-07T16:50:45.6419271Z       |                                                                 ^
2026-10-07T16:50:45.6421028Z ./score/mw/com/impl/com_error.h:58:11: note: 'kServiceInstanceAlreadyOffered' has been explicitly marked deprecated here
2026-10-07T16:50:45.6423210Z    58 |         [[deprecated("Value has never been used. Calls to OfferService shall be idempotent.")]],
2026-10-07T16:50:45.6424099Z       |           ^
2026-10-07T16:50:45.6424580Z 1 warning generated.
2026-10-07T16:50:46.3359404Z INFO: From Compiling score/mw/com/impl/bindings/lola/subscription_not_subscribed_states.cpp:
2026-10-07T16:50:46.3398096Z In file included from score/mw/com/impl/bindings/lola/subscription_not_subscribed_states.cpp:20:
2026-10-07T16:50:46.3415568Z ./score/mw/com/impl/com_error.h:186:65: warning: 'kServiceInstanceAlreadyOffered' is deprecated: Value has never been used. Calls to OfferService shall be idempotent. [-Wdeprecated-declarations]
2026-10-07T16:50:46.3441017Z   186 |             case static_cast<score::result::ErrorCode>(ComErrc::kServiceInstanceAlreadyOffered):
2026-10-07T16:50:46.3442539Z       |                                                                 ^
2026-10-07T16:50:46.3474077Z ./score/mw/com/impl/com_error.h:58:11: note: 'kServiceInstanceAlreadyOffered' has been explicitly marked deprecated here
2026-10-07T16:50:46.3492893Z    58 |         [[deprecated("Value has never been used. Calls to OfferService shall be idempotent.")]],
2026-10-07T16:50:46.3522060Z       |           ^
2026-10-07T16:50:46.3537527Z 1 warning generated.
2026-10-07T16:50:47.6837198Z INFO: From Compiling score/mw/com/impl/bindings/lola/subscription_helpers.cpp:
2026-10-07T16:50:47.6862986Z In file included from score/mw/com/impl/bindings/lola/subscription_helpers.cpp:15:
2026-10-07T16:50:47.6892658Z In file included from ./score/mw/com/impl/bindings/lola/i_runtime.h:20:
2026-10-07T16:50:47.6894102Z In file included from ./score/mw/com/impl/i_binding_runtime.h:17:
2026-10-07T16:50:47.6922552Z In file included from ./score/mw/com/impl/i_service_discovery_client.h:16:
2026-10-07T16:50:47.6942680Z In file included from ./score/mw/com/impl/enriched_instance_identifier.h:17:
2026-10-07T16:50:47.6972456Z In file included from ./score/mw/com/impl/handle_type.h:18:
2026-10-07T16:50:47.6982481Z In file included from ./score/mw/com/impl/instance_identifier.h:16:
2026-10-07T16:50:47.7033553Z ./score/mw/com/impl/com_error.h:186:65: warning: 'kServiceInstanceAlreadyOffered' is deprecated: Value has never been used. Calls to OfferService shall be idempotent. [-Wdeprecated-declarations]
2026-10-07T16:50:47.7034902Z   186 |             case static_cast<score::result::ErrorCode>(ComErrc::kServiceInstanceAlreadyOffered):
2026-10-07T16:50:47.7036340Z       |                                                                 ^
2026-10-07T16:50:47.7037820Z ./score/mw/com/impl/com_error.h:58:11: note: 'kServiceInstanceAlreadyOffered' has been explicitly marked deprecated here
2026-10-07T16:50:47.7039328Z    58 |         [[deprecated("Value has never been used. Calls to OfferService shall be idempotent.")]],
2026-10-07T16:50:47.7040055Z       |           ^
2026-10-07T16:50:47.7040563Z 1 warning generated.
2026-10-07T16:50:47.7041948Z [6,221 / 7,539] 117 / 514 tests; Compiling Rust rlib serde_core v1.0.229 (20 files) [for tool]; 4s disk-cache, linux-sandbox ... (4 actions, 3 running)
2026-10-07T16:50:49.6523102Z INFO: From Compiling score/mw/com/impl/bindings/lola/proxy_method.cpp:
2026-10-07T16:50:49.6524487Z In file included from score/mw/com/impl/bindings/lola/proxy_method.cpp:13:
2026-10-07T16:50:49.6525740Z In file included from ./score/mw/com/impl/bindings/lola/proxy_method.h:17:
2026-10-07T16:50:49.6526971Z In file included from ./score/mw/com/impl/bindings/lola/i_runtime.h:20:
2026-10-07T16:50:49.6528119Z In file included from ./score/mw/com/impl/i_binding_runtime.h:17:
2026-10-07T16:50:49.6529431Z In file included from ./score/mw/com/impl/i_service_discovery_client.h:16:
2026-10-07T16:50:49.6530740Z In file included from ./score/mw/com/impl/enriched_instance_identifier.h:17:
2026-10-07T16:50:49.6532149Z In file included from ./score/mw/com/impl/handle_type.h:18:
2026-10-07T16:50:49.6533245Z In file included from ./score/mw/com/impl/instance_identifier.h:16:
2026-10-07T16:50:49.6535736Z ./score/mw/com/impl/com_error.h:186:65: warning: 'kServiceInstanceAlreadyOffered' is deprecated: Value has never been used. Calls to OfferService shall be idempotent. [-Wdeprecated-declarations]
2026-10-07T16:50:49.6538088Z   186 |             case static_cast<score::result::ErrorCode>(ComErrc::kServiceInstanceAlreadyOffered):
2026-10-07T16:50:49.6539423Z       |                                                                 ^
2026-10-07T16:50:49.6541142Z ./score/mw/com/impl/com_error.h:58:11: note: 'kServiceInstanceAlreadyOffered' has been explicitly marked deprecated here
2026-10-07T16:50:49.6543346Z    58 |         [[deprecated("Value has never been used. Calls to OfferService shall be idempotent.")]],
2026-10-07T16:50:49.6544924Z       |           ^
2026-10-07T16:50:49.6545402Z 1 warning generated.
2026-10-07T16:50:51.3127872Z INFO: From Compiling score/mw/com/impl/bindings/lola/proxy_event.cpp:
2026-10-07T16:50:51.3152828Z In file included from score/mw/com/impl/bindings/lola/proxy_event.cpp:13:
2026-10-07T16:50:51.3162954Z In file included from ./score/mw/com/impl/bindings/lola/proxy_event.h:18:
2026-10-07T16:50:51.3182976Z In file included from ./score/mw/com/impl/bindings/lola/proxy.h:24:
2026-10-07T16:50:51.3212906Z In file included from ./score/mw/com/impl/bindings/lola/proxy_method.h:17:
2026-10-07T16:50:51.3242948Z In file included from ./score/mw/com/impl/bindings/lola/i_runtime.h:20:
2026-10-07T16:50:51.3244318Z In file included from ./score/mw/com/impl/i_binding_runtime.h:17:
2026-10-07T16:50:51.3292884Z In file included from ./score/mw/com/impl/i_service_discovery_client.h:16:
2026-10-07T16:50:51.3302717Z In file included from ./score/mw/com/impl/enriched_instance_identifier.h:17:
2026-10-07T16:50:51.3353066Z In file included from ./score/mw/com/impl/handle_type.h:18:
2026-10-07T16:50:51.3354605Z In file included from ./score/mw/com/impl/instance_identifier.h:16:
2026-10-07T16:50:51.3384140Z ./score/mw/com/impl/com_error.h:186:65: warning: 'kServiceInstanceAlreadyOffered' is deprecated: Value has never been used. Calls to OfferService shall be idempotent. [-Wdeprecated-declarations]
2026-10-07T16:50:51.3412823Z   186 |             case static_cast<score::result::ErrorCode>(ComErrc::kServiceInstanceAlreadyOffered):
2026-10-07T16:50:51.3442374Z       |                                                                 ^
2026-10-07T16:50:51.3453532Z ./score/mw/com/impl/com_error.h:58:11: note: 'kServiceInstanceAlreadyOffered' has been explicitly marked deprecated here
2026-10-07T16:50:51.3473453Z    58 |         [[deprecated("Value has never been used. Calls to OfferService shall be idempotent.")]],
2026-10-07T16:50:51.3502186Z       |           ^
2026-10-07T16:50:51.3511989Z 1 warning generated.
2026-10-07T16:50:54.4787497Z INFO: From Compiling score/mw/service/backend/mw_com/proxy_holder_robustness_test.cpp:
2026-10-07T16:50:54.4863412Z In file included from score/mw/service/backend/mw_com/proxy_holder_robustness_test.cpp:15:
2026-10-07T16:50:54.4892881Z In file included from ./score/mw/service/backend/mw_com/proxy_stub.h:17:
2026-10-07T16:50:54.4922783Z In file included from ./score/mw/com/types.h:24:
2026-10-07T16:50:54.5013002Z In file included from ./score/mw/com/impl/generic_proxy.h:18:
2026-10-07T16:50:54.5073080Z In file included from ./score/mw/com/impl/generic_proxy_event.h:18:
2026-10-07T16:50:54.5102700Z In file included from ./score/mw/com/impl/proxy_base.h:18:
2026-10-07T16:50:54.5162805Z In file included from ./score/mw/com/impl/handle_type.h:18:
2026-10-07T16:50:54.5164011Z In file included from ./score/mw/com/impl/instance_identifier.h:16:
2026-10-07T16:50:54.5166549Z ./score/mw/com/impl/com_error.h:186:65: warning: 'kServiceInstanceAlreadyOffered' is deprecated: Value has never been used. Calls to OfferService shall be idempotent. [-Wdeprecated-declarations]
2026-10-07T16:50:54.5168905Z   186 |             case static_cast<score::result::ErrorCode>(ComErrc::kServiceInstanceAlreadyOffered):
2026-10-07T16:50:54.5170198Z       |                                                                 ^
2026-10-07T16:50:54.5172228Z ./score/mw/com/impl/com_error.h:58:11: note: 'kServiceInstanceAlreadyOffered' has been explicitly marked deprecated here
2026-10-07T16:50:54.5174101Z    58 |         [[deprecated("Value has never been used. Calls to OfferService shall be idempotent.")]],
2026-10-07T16:50:54.5174990Z       |           ^
2026-10-07T16:50:54.5175457Z 1 warning generated.
2026-10-07T16:50:55.7341543Z INFO: From Compiling score/mw/com/impl/bindings/lola/proxy.cpp:
2026-10-07T16:50:55.7362680Z In file included from score/mw/com/impl/bindings/lola/proxy.cpp:13:
2026-10-07T16:50:55.7390759Z In file included from ./score/mw/com/impl/bindings/lola/proxy.h:24:
2026-10-07T16:50:55.7423237Z In file included from ./score/mw/com/impl/bindings/lola/proxy_method.h:17:
2026-10-07T16:50:55.7454152Z In file included from ./score/mw/com/impl/bindings/lola/i_runtime.h:20:
2026-10-07T16:50:55.7455830Z In file included from ./score/mw/com/impl/i_binding_runtime.h:17:
2026-10-07T16:50:55.7484031Z In file included from ./score/mw/com/impl/i_service_discovery_client.h:16:
2026-10-07T16:50:55.7515886Z In file included from ./score/mw/com/impl/enriched_instance_identifier.h:17:
2026-10-07T16:50:55.7542599Z In file included from ./score/mw/com/impl/handle_type.h:18:
2026-10-07T16:50:55.7558921Z In file included from ./score/mw/com/impl/instance_identifier.h:16:
2026-10-07T16:50:55.7588308Z ./score/mw/com/impl/com_error.h:186:65: warning: 'kServiceInstanceAlreadyOffered' is deprecated: Value has never been used. Calls to OfferService shall be idempotent. [-Wdeprecated-declarations]
2026-10-07T16:50:55.7590220Z   186 |             case static_cast<score::result::ErrorCode>(ComErrc::kServiceInstanceAlreadyOffered):
2026-10-07T16:50:55.7591967Z       |                                                                 ^
2026-10-07T16:50:55.7593915Z ./score/mw/com/impl/com_error.h:58:11: note: 'kServiceInstanceAlreadyOffered' has been explicitly marked deprecated here
2026-10-07T16:50:55.7595910Z    58 |         [[deprecated("Value has never been used. Calls to OfferService shall be idempotent.")]],
2026-10-07T16:50:55.7596993Z       |           ^
2026-10-07T16:50:55.7597774Z 1 warning generated.
2026-10-07T16:50:55.7602110Z INFO: From Compiling score/mw/com/impl/service_discovery_mock.cpp:
2026-10-07T16:50:55.7603591Z In file included from score/mw/com/impl/service_discovery_mock.cpp:13:
2026-10-07T16:50:55.7604920Z In file included from ./score/mw/com/impl/service_discovery_mock.h:16:
2026-10-07T16:50:55.7606801Z In file included from ./score/mw/com/impl/enriched_instance_identifier.h:17:
2026-10-07T16:50:55.7608213Z In file included from ./score/mw/com/impl/handle_type.h:18:
2026-10-07T16:50:55.7609553Z In file included from ./score/mw/com/impl/instance_identifier.h:16:
2026-10-07T16:50:55.7612819Z ./score/mw/com/impl/com_error.h:186:65: warning: 'kServiceInstanceAlreadyOffered' is deprecated: Value has never been used. Calls to OfferService shall be idempotent. [-Wdeprecated-declarations]
2026-10-07T16:50:55.7615471Z   186 |             case static_cast<score::result::ErrorCode>(ComErrc::kServiceInstanceAlreadyOffered):
2026-10-07T16:50:55.7616942Z       |                                                                 ^
2026-10-07T16:50:55.7618614Z ./score/mw/com/impl/com_error.h:58:11: note: 'kServiceInstanceAlreadyOffered' has been explicitly marked deprecated here
2026-10-07T16:50:55.7620534Z    58 |         [[deprecated("Value has never been used. Calls to OfferService shall be idempotent.")]],
2026-10-07T16:50:55.7630387Z       |           ^
2026-10-07T16:50:55.7631098Z 1 warning generated.
2026-10-07T16:50:58.9433904Z [6,250 / 7,539] 117 / 514 tests; Compiling score/mw/service/backend/mw_com/proxy_stub.cpp; 4s disk-cache, linux-sandbox ... (4 actions, 3 running)
2026-10-07T16:51:01.0673028Z INFO: From Compiling score/mw/service/backend/mw_com/proxy_stub.cpp:
2026-10-07T16:51:01.0702928Z In file included from score/mw/service/backend/mw_com/proxy_stub.cpp:14:
2026-10-07T16:51:01.0732797Z In file included from ./score/mw/service/backend/mw_com/proxy_stub.h:17:
2026-10-07T16:51:01.0762494Z In file included from ./score/mw/com/types.h:24:
2026-10-07T16:51:01.0792609Z In file included from ./score/mw/com/impl/generic_proxy.h:18:
2026-10-07T16:51:01.0822644Z In file included from ./score/mw/com/impl/generic_proxy_event.h:18:
2026-10-07T16:51:01.0852552Z In file included from ./score/mw/com/impl/proxy_base.h:18:
2026-10-07T16:51:01.0882688Z In file included from ./score/mw/com/impl/handle_type.h:18:
2026-10-07T16:51:01.0912664Z In file included from ./score/mw/com/impl/instance_identifier.h:16:
2026-10-07T16:51:01.0944164Z ./score/mw/com/impl/com_error.h:186:65: warning: 'kServiceInstanceAlreadyOffered' is deprecated: Value has never been used. Calls to OfferService shall be idempotent. [-Wdeprecated-declarations]
2026-10-07T16:51:01.0973087Z   186 |             case static_cast<score::result::ErrorCode>(ComErrc::kServiceInstanceAlreadyOffered):
2026-10-07T16:51:01.0974388Z       |                                                                 ^
2026-10-07T16:51:01.0976112Z ./score/mw/com/impl/com_error.h:58:11: note: 'kServiceInstanceAlreadyOffered' has been explicitly marked deprecated here
2026-10-07T16:51:01.0977958Z    58 |         [[deprecated("Value has never been used. Calls to OfferService shall be idempotent.")]],
2026-10-07T16:51:01.0978896Z       |           ^
2026-10-07T16:51:01.0979374Z 1 warning generated.
2026-10-07T16:51:05.4011781Z INFO: From Compiling score/mw/service/backend/mw_com/single_instantiation_strategy.cpp:
2026-10-07T16:51:05.4093199Z In file included from score/mw/service/backend/mw_com/single_instantiation_strategy.cpp:14:
2026-10-07T16:51:05.4123433Z In file included from ./score/mw/service/backend/mw_com/single_instantiation_strategy.h:19:
2026-10-07T16:51:05.4132615Z In file included from ./score/mw/service/backend/mw_com/proxy_holder.h:19:
2026-10-07T16:51:05.4162449Z In file included from ./score/mw/com/types.h:24:
2026-10-07T16:51:05.4172383Z In file included from ./score/mw/com/impl/generic_proxy.h:18:
2026-10-07T16:51:05.4202494Z In file included from ./score/mw/com/impl/generic_proxy_event.h:18:
2026-10-07T16:51:05.4232530Z In file included from ./score/mw/com/impl/proxy_base.h:18:
2026-10-07T16:51:05.4242613Z In file included from ./score/mw/com/impl/handle_type.h:18:
2026-10-07T16:51:05.4262517Z In file included from ./score/mw/com/impl/instance_identifier.h:16:
2026-10-07T16:51:05.4294420Z ./score/mw/com/impl/com_error.h:186:65: warning: 'kServiceInstanceAlreadyOffered' is deprecated: Value has never been used. Calls to OfferService shall be idempotent. [-Wdeprecated-declarations]
2026-10-07T16:51:05.4323725Z   186 |             case static_cast<score::result::ErrorCode>(ComErrc::kServiceInstanceAlreadyOffered):
2026-10-07T16:51:05.4332831Z       |                                                                 ^
2026-10-07T16:51:05.4353054Z ./score/mw/com/impl/com_error.h:58:11: note: 'kServiceInstanceAlreadyOffered' has been explicitly marked deprecated here
2026-10-07T16:51:05.4363107Z    58 |         [[deprecated("Value has never been used. Calls to OfferService shall be idempotent.")]],
2026-10-07T16:51:05.4392095Z       |           ^
2026-10-07T16:51:05.4422231Z 1 warning generated.
2026-10-07T16:51:14.3234047Z [6,264 / 7,539] 117 / 514 tests; Compiling score/mw/com/impl/bindings/lola/test/proxy_event_test_resources.cpp; 18s disk-cache, linux-sandbox ... (4 actions running)
2026-10-07T16:51:15.1973116Z INFO: From Compiling score/mw/service/backend/mw_com/proxy_holder.cpp:
2026-10-07T16:51:15.2012675Z In file included from score/mw/service/backend/mw_com/proxy_holder.cpp:14:
2026-10-07T16:51:15.2042520Z In file included from ./score/mw/service/backend/mw_com/proxy_holder.h:19:
2026-10-07T16:51:15.2102433Z In file included from ./score/mw/com/types.h:24:
2026-10-07T16:51:15.2162585Z In file included from ./score/mw/com/impl/generic_proxy.h:18:
2026-10-07T16:51:15.2192436Z In file included from ./score/mw/com/impl/generic_proxy_event.h:18:
2026-10-07T16:51:15.2252545Z In file included from ./score/mw/com/impl/proxy_base.h:18:
2026-10-07T16:51:15.2282524Z In file included from ./score/mw/com/impl/handle_type.h:18:
2026-10-07T16:51:15.2312697Z In file included from ./score/mw/com/impl/instance_identifier.h:16:
2026-10-07T16:51:15.2343835Z ./score/mw/com/impl/com_error.h:186:65: warning: 'kServiceInstanceAlreadyOffered' is deprecated: Value has never been used. Calls to OfferService shall be idempotent. [-Wdeprecated-declarations]
2026-10-07T16:51:15.2346144Z   186 |             case static_cast<score::result::ErrorCode>(ComErrc::kServiceInstanceAlreadyOffered):
2026-10-07T16:51:15.2347379Z       |                                                                 ^
2026-10-07T16:51:15.2349046Z ./score/mw/com/impl/com_error.h:58:11: note: 'kServiceInstanceAlreadyOffered' has been explicitly marked deprecated here
2026-10-07T16:51:15.2351717Z    58 |         [[deprecated("Value has never been used. Calls to OfferService shall be idempotent.")]],
2026-10-07T16:51:15.2352604Z       |           ^
2026-10-07T16:51:15.2353072Z 1 warning generated.
2026-10-07T16:51:15.7718117Z INFO: From Compiling score/mw/com/impl/bindings/lola/subscription_state_machine_stress_test.cpp:
2026-10-07T16:51:15.7744738Z In file included from score/mw/com/impl/bindings/lola/subscription_state_machine_stress_test.cpp:15:
2026-10-07T16:51:15.7772887Z In file included from ./score/mw/com/impl/bindings/lola/test/proxy_event_test_resources.h:18:
2026-10-07T16:51:15.7802471Z In file included from ./score/mw/com/impl/bindings/lola/i_runtime.h:20:
2026-10-07T16:51:15.7832355Z In file included from ./score/mw/com/impl/i_binding_runtime.h:17:
2026-10-07T16:51:15.7833853Z In file included from ./score/mw/com/impl/i_service_discovery_client.h:16:
2026-10-07T16:51:15.7862403Z In file included from ./score/mw/com/impl/enriched_instance_identifier.h:17:
2026-10-07T16:51:15.7892485Z In file included from ./score/mw/com/impl/handle_type.h:18:
2026-10-07T16:51:15.7902435Z In file included from ./score/mw/com/impl/instance_identifier.h:16:
2026-10-07T16:51:15.7923870Z ./score/mw/com/impl/com_error.h:186:65: warning: 'kServiceInstanceAlreadyOffered' is deprecated: Value has never been used. Calls to OfferService shall be idempotent. [-Wdeprecated-declarations]
2026-10-07T16:51:15.7953621Z   186 |             case static_cast<score::result::ErrorCode>(ComErrc::kServiceInstanceAlreadyOffered):
2026-10-07T16:51:15.7982222Z       |                                                                 ^
2026-10-07T16:51:15.7999462Z ./score/mw/com/impl/com_error.h:58:11: note: 'kServiceInstanceAlreadyOffered' has been explicitly marked deprecated here
2026-10-07T16:51:15.8042698Z    58 |         [[deprecated("Value has never been used. Calls to OfferService shall be idempotent.")]],
2026-10-07T16:51:15.8043878Z       |           ^
2026-10-07T16:51:15.8072010Z 1 warning generated.
2026-10-07T16:51:27.4694807Z [6,275 / 7,539] 117 / 514 tests; Compiling score/mw/com/impl/bindings/lola/test/proxy_event_test_resources.cpp; 31s disk-cache, linux-sandbox ... (4 actions, 3 running)
2026-10-07T16:51:28.6429703Z INFO: From Compiling score/mw/com/performance_benchmarks/macro_benchmark/common_resources.cpp:
2026-10-07T16:51:28.6452834Z In file included from score/mw/com/performance_benchmarks/macro_benchmark/common_resources.cpp:14:
2026-10-07T16:51:28.6473081Z In file included from ./score/mw/com/runtime.h:24:
2026-10-07T16:51:28.6493382Z In file included from ./score/mw/com/mocking/i_runtime.h:17:
2026-10-07T16:51:28.6494629Z In file included from ./score/mw/com/types.h:24:
2026-10-07T16:51:28.6495916Z In file included from ./score/mw/com/impl/generic_proxy.h:18:
2026-10-07T16:51:28.6497352Z In file included from ./score/mw/com/impl/generic_proxy_event.h:18:
2026-10-07T16:51:28.6498632Z In file included from ./score/mw/com/impl/proxy_base.h:18:
2026-10-07T16:51:28.6499914Z In file included from ./score/mw/com/impl/handle_type.h:18:
2026-10-07T16:51:28.6501222Z In file included from ./score/mw/com/impl/instance_identifier.h:16:
2026-10-07T16:51:28.6504231Z ./score/mw/com/impl/com_error.h:186:65: warning: 'kServiceInstanceAlreadyOffered' is deprecated: Value has never been used. Calls to OfferService shall be idempotent. [-Wdeprecated-declarations]
2026-10-07T16:51:28.6507314Z   186 |             case static_cast<score::result::ErrorCode>(ComErrc::kServiceInstanceAlreadyOffered):
2026-10-07T16:51:28.6508660Z       |                                                                 ^
2026-10-07T16:51:28.6510552Z ./score/mw/com/impl/com_error.h:58:11: note: 'kServiceInstanceAlreadyOffered' has been explicitly marked deprecated here
2026-10-07T16:51:28.6513576Z    58 |         [[deprecated("Value has never been used. Calls to OfferService shall be idempotent.")]],
2026-10-07T16:51:28.6514687Z       |           ^
2026-10-07T16:51:28.6515738Z 1 warning generated.
2026-10-07T16:51:38.6913320Z INFO: From Compiling score/mw/com/impl/rust/com-api/com-api-ffi-lola/registry_bridge_macro.cpp:
2026-10-07T16:51:38.7113902Z In file included from score/mw/com/impl/rust/com-api/com-api-ffi-lola/registry_bridge_macro.cpp:24:
2026-10-07T16:51:38.7143378Z In file included from ./score/mw/com/impl/rust/com-api/com-api-ffi-lola/registry_bridge_macro.h:68:
2026-10-07T16:51:38.7202560Z In file included from ./score/mw/com/impl/proxy_base.h:18:
2026-10-07T16:51:38.7232436Z In file included from ./score/mw/com/impl/handle_type.h:18:
2026-10-07T16:51:38.7262598Z In file included from ./score/mw/com/impl/instance_identifier.h:16:
2026-10-07T16:51:38.7334236Z ./score/mw/com/impl/com_error.h:186:65: warning: 'kServiceInstanceAlreadyOffered' is deprecated: Value has never been used. Calls to OfferService shall be idempotent. [-Wdeprecated-declarations]
2026-10-07T16:51:38.7341547Z   186 |             case static_cast<score::result::ErrorCode>(ComErrc::kServiceInstanceAlreadyOffered):
2026-10-07T16:51:38.7373052Z       |                                                                 ^
2026-10-07T16:51:38.7403197Z ./score/mw/com/impl/com_error.h:58:11: note: 'kServiceInstanceAlreadyOffered' has been explicitly marked deprecated here
2026-10-07T16:51:38.7432899Z    58 |         [[deprecated("Value has never been used. Calls to OfferService shall be idempotent.")]],
2026-10-07T16:51:38.7434183Z       |           ^
2026-10-07T16:51:38.7463570Z 1 warning generated.
2026-10-07T16:51:38.7473689Z [6,290 / 7,539] 117 / 514 tests; Compiling score/mw/com/impl/bindings/lola/test/proxy_event_test_resources.cpp; 42s disk-cache, linux-sandbox ... (4 actions, 3 running)
2026-10-07T16:51:52.0153977Z INFO: From Compiling score/mw/com/impl/bindings/lola/test/proxy_event_test_resources.cpp:
2026-10-07T16:51:52.0155849Z In file included from score/mw/com/impl/bindings/lola/test/proxy_event_test_resources.cpp:13:
2026-10-07T16:51:52.0162965Z In file included from ./score/mw/com/impl/bindings/lola/test/proxy_event_test_resources.h:18:
2026-10-07T16:51:52.0192547Z In file included from ./score/mw/com/impl/bindings/lola/i_runtime.h:20:
2026-10-07T16:51:52.0193684Z In file included from ./score/mw/com/impl/i_binding_runtime.h:17:
2026-10-07T16:51:52.0194911Z In file included from ./score/mw/com/impl/i_service_discovery_client.h:16:
2026-10-07T16:51:52.0196256Z In file included from ./score/mw/com/impl/enriched_instance_identifier.h:17:
2026-10-07T16:51:52.0197433Z In file included from ./score/mw/com/impl/handle_type.h:18:
2026-10-07T16:51:52.0198691Z In file included from ./score/mw/com/impl/instance_identifier.h:16:
2026-10-07T16:51:52.0201679Z ./score/mw/com/impl/com_error.h:186:65: warning: 'kServiceInstanceAlreadyOffered' is deprecated: Value has never been used. Calls to OfferService shall be idempotent. [-Wdeprecated-declarations]
2026-10-07T16:51:52.0204190Z   186 |             case static_cast<score::result::ErrorCode>(ComErrc::kServiceInstanceAlreadyOffered):
2026-10-07T16:51:52.0205510Z       |                                                                 ^
2026-10-07T16:51:52.0207173Z ./score/mw/com/impl/com_error.h:58:11: note: 'kServiceInstanceAlreadyOffered' has been explicitly marked deprecated here
2026-10-07T16:51:52.0209021Z    58 |         [[deprecated("Value has never been used. Calls to OfferService shall be idempotent.")]],
2026-10-07T16:51:52.0209911Z       |           ^
2026-10-07T16:51:52.0210368Z 1 warning generated.
2026-10-07T16:51:52.0877605Z [6,293 / 7,539] 117 / 514 tests; Compiling Rust rlib syn v3.0.6 (96 files) [for tool]; 23s disk-cache, linux-sandbox ... (4 actions, 3 running)
2026-10-07T16:51:58.8778279Z INFO: From Compiling score/mw/com/impl/skeleton_field_base.cpp:
2026-10-07T16:51:58.8842912Z In file included from score/mw/com/impl/skeleton_field_base.cpp:13:
2026-10-07T16:51:58.8844357Z In file included from ./score/mw/com/impl/skeleton_field_base.h:16:
2026-10-07T16:51:58.8874168Z ./score/mw/com/impl/com_error.h:186:65: warning: 'kServiceInstanceAlreadyOffered' is deprecated: Value has never been used. Calls to OfferService shall be idempotent. [-Wdeprecated-declarations]
2026-10-07T16:51:58.8893159Z   186 |             case static_cast<score::result::ErrorCode>(ComErrc::kServiceInstanceAlreadyOffered):
2026-10-07T16:51:58.8932317Z       |                                                                 ^
2026-10-07T16:51:58.8934062Z ./score/mw/com/impl/com_error.h:58:11: note: 'kServiceInstanceAlreadyOffered' has been explicitly marked deprecated here
2026-10-07T16:51:58.9033561Z    58 |         [[deprecated("Value has never been used. Calls to OfferService shall be idempotent.")]],
2026-10-07T16:51:58.9137247Z       |           ^
2026-10-07T16:51:58.9342454Z 1 warning generated.
2026-10-07T16:52:02.2154412Z [6,336 / 7,543] 117 / 514 tests; Compiling score/mw/com/impl/tracing/test/proxy_event_tracing_test.cpp; 23s disk-cache, linux-sandbox ... (4 actions, 3 running)
2026-10-07T16:52:06.9673636Z INFO: From Compiling score/mw/com/impl/tracing/skeleton_tracing.cpp:
2026-10-07T16:52:06.9743165Z In file included from score/mw/com/impl/tracing/skeleton_tracing.cpp:17:
2026-10-07T16:52:06.9752541Z In file included from ./score/mw/com/impl/tracing/skeleton_tracing.h:21:
2026-10-07T16:52:06.9793003Z In file included from ./score/mw/com/impl/instance_identifier.h:16:
2026-10-07T16:52:06.9864147Z ./score/mw/com/impl/com_error.h:186:65: warning: 'kServiceInstanceAlreadyOffered' is deprecated: Value has never been used. Calls to OfferService shall be idempotent. [-Wdeprecated-declarations]
2026-10-07T16:52:06.9893057Z   186 |             case static_cast<score::result::ErrorCode>(ComErrc::kServiceInstanceAlreadyOffered):
2026-10-07T16:52:06.9952998Z       |                                                                 ^
2026-10-07T16:52:06.9983181Z ./score/mw/com/impl/com_error.h:58:11: note: 'kServiceInstanceAlreadyOffered' has been explicitly marked deprecated here
2026-10-07T16:52:07.0042960Z    58 |         [[deprecated("Value has never been used. Calls to OfferService shall be idempotent.")]],
2026-10-07T16:52:07.0072117Z       |           ^
2026-10-07T16:52:07.0132375Z 1 warning generated.
2026-10-07T16:52:09.2684026Z INFO: From Compiling score/mw/com/impl/bindings/someip/skeleton.cpp:
2026-10-07T16:52:09.2712772Z In file included from score/mw/com/impl/bindings/someip/skeleton.cpp:13:
2026-10-07T16:52:09.2732631Z In file included from ./score/mw/com/impl/bindings/someip/skeleton.h:21:
2026-10-07T16:52:09.2742657Z In file included from ./score/mw/com/impl/instance_identifier.h:16:
2026-10-07T16:52:09.2777633Z ./score/mw/com/impl/com_error.h:186:65: warning: 'kServiceInstanceAlreadyOffered' is deprecated: Value has never been used. Calls to OfferService shall be idempotent. [-Wdeprecated-declarations]
2026-10-07T16:52:09.2793021Z   186 |             case static_cast<score::result::ErrorCode>(ComErrc::kServiceInstanceAlreadyOffered):
2026-10-07T16:52:09.2832466Z       |                                                                 ^
2026-10-07T16:52:09.2884120Z ./score/mw/com/impl/com_error.h:58:11: note: 'kServiceInstanceAlreadyOffered' has been explicitly marked deprecated here
2026-10-07T16:52:09.2886306Z    58 |         [[deprecated("Value has never been used. Calls to OfferService shall be idempotent.")]],
2026-10-07T16:52:09.2923655Z       |           ^
2026-10-07T16:52:09.2942190Z 1 warning generated.
2026-10-07T16:52:11.5043235Z INFO: From Compiling score/mw/com/impl/bindings/someip/skeleton_event.cpp:
2026-10-07T16:52:11.5072850Z In file included from score/mw/com/impl/bindings/someip/skeleton_event.cpp:13:
2026-10-07T16:52:11.5102662Z In file included from ./score/mw/com/impl/bindings/someip/skeleton_event.h:19:
2026-10-07T16:52:11.5132723Z In file included from ./score/mw/com/impl/bindings/someip/skeleton.h:21:
2026-10-07T16:52:11.5172711Z In file included from ./score/mw/com/impl/instance_identifier.h:16:
2026-10-07T16:52:11.5193930Z ./score/mw/com/impl/com_error.h:186:65: warning: 'kServiceInstanceAlreadyOffered' is deprecated: Value has never been used. Calls to OfferService shall be idempotent. [-Wdeprecated-declarations]
2026-10-07T16:52:11.5223101Z   186 |             case static_cast<score::result::ErrorCode>(ComErrc::kServiceInstanceAlreadyOffered):
2026-10-07T16:52:11.5224001Z       |                                                                 ^
2026-10-07T16:52:11.5225626Z ./score/mw/com/impl/com_error.h:58:11: note: 'kServiceInstanceAlreadyOffered' has been explicitly marked deprecated here
2026-10-07T16:52:11.5227457Z    58 |         [[deprecated("Value has never been used. Calls to OfferService shall be idempotent.")]],
2026-10-07T16:52:11.5228317Z       |           ^
2026-10-07T16:52:11.5228763Z 1 warning generated.
2026-10-07T16:52:11.7173187Z INFO: From Compiling score/mw/com/impl/plumbing/i_skeleton_binding_factory.cpp:
2026-10-07T16:52:11.7233087Z In file included from score/mw/com/impl/plumbing/i_skeleton_binding_factory.cpp:13:
2026-10-07T16:52:11.7292972Z In file included from ./score/mw/com/impl/plumbing/i_skeleton_binding_factory.h:16:
2026-10-07T16:52:11.7294277Z In file included from ./score/mw/com/impl/instance_identifier.h:16:
2026-10-07T16:52:11.7296784Z ./score/mw/com/impl/com_error.h:186:65: warning: 'kServiceInstanceAlreadyOffered' is deprecated: Value has never been used. Calls to OfferService shall be idempotent. [-Wdeprecated-declarations]
2026-10-07T16:52:11.7299086Z   186 |             case static_cast<score::result::ErrorCode>(ComErrc::kServiceInstanceAlreadyOffered):
2026-10-07T16:52:11.7300283Z       |                                                                 ^
2026-10-07T16:52:11.7302199Z ./score/mw/com/impl/com_error.h:58:11: note: 'kServiceInstanceAlreadyOffered' has been explicitly marked deprecated here
2026-10-07T16:52:11.7304424Z    58 |         [[deprecated("Value has never been used. Calls to OfferService shall be idempotent.")]],
2026-10-07T16:52:11.7305304Z       |           ^
2026-10-07T16:52:11.7305764Z 1 warning generated.
2026-10-07T16:52:12.8113890Z [6,363 / 7,543] 117 / 514 tests; Compiling score/mw/com/impl/tracing/test/proxy_event_tracing_test.cpp; 33s disk-cache, linux-sandbox ... (4 actions, 3 running)
2026-10-07T16:52:14.2473214Z INFO: From Compiling score/mw/com/impl/plumbing/skeleton_binding_factory.cpp:
2026-10-07T16:52:14.2474748Z In file included from score/mw/com/impl/plumbing/skeleton_binding_factory.cpp:13:
2026-10-07T16:52:14.2515674Z In file included from ./score/mw/com/impl/plumbing/skeleton_binding_factory.h:16:
2026-10-07T16:52:14.2522828Z In file included from ./score/mw/com/impl/instance_identifier.h:16:
2026-10-07T16:52:14.2525790Z ./score/mw/com/impl/com_error.h:186:65: warning: 'kServiceInstanceAlreadyOffered' is deprecated: Value has never been used. Calls to OfferService shall be idempotent. [-Wdeprecated-declarations]
2026-10-07T16:52:14.2528336Z   186 |             case static_cast<score::result::ErrorCode>(ComErrc::kServiceInstanceAlreadyOffered):
2026-10-07T16:52:14.2529741Z       |                                                                 ^
2026-10-07T16:52:14.2531850Z ./score/mw/com/impl/com_error.h:58:11: note: 'kServiceInstanceAlreadyOffered' has been explicitly marked deprecated here
2026-10-07T16:52:14.2533854Z    58 |         [[deprecated("Value has never been used. Calls to OfferService shall be idempotent.")]],
2026-10-07T16:52:14.2534906Z       |           ^
2026-10-07T16:52:14.2535530Z 1 warning generated.
2026-10-07T16:52:15.2090285Z INFO: From Compiling score/mw/com/impl/plumbing/skeleton_binding_factory_impl.cpp:
2026-10-07T16:52:15.2093301Z In file included from score/mw/com/impl/plumbing/skeleton_binding_factory_impl.cpp:13:
2026-10-07T16:52:15.2094973Z In file included from ./score/mw/com/impl/plumbing/skeleton_binding_factory_impl.h:16:
2026-10-07T16:52:15.2096472Z In file included from ./score/mw/com/impl/instance_identifier.h:16:
2026-10-07T16:52:15.2099093Z ./score/mw/com/impl/com_error.h:186:65: warning: 'kServiceInstanceAlreadyOffered' is deprecated: Value has never been used. Calls to OfferService shall be idempotent. [-Wdeprecated-declarations]
2026-10-07T16:52:15.2102562Z   186 |             case static_cast<score::result::ErrorCode>(ComErrc::kServiceInstanceAlreadyOffered):
2026-10-07T16:52:15.2103955Z       |                                                                 ^
2026-10-07T16:52:15.2105775Z ./score/mw/com/impl/com_error.h:58:11: note: 'kServiceInstanceAlreadyOffered' has been explicitly marked deprecated here
2026-10-07T16:52:15.2107403Z    58 |         [[deprecated("Value has never been used. Calls to OfferService shall be idempotent.")]],
2026-10-07T16:52:15.2108290Z       |           ^
2026-10-07T16:52:15.2108819Z 1 warning generated.
2026-10-07T16:52:16.6553239Z INFO: From Compiling score/mw/com/impl/plumbing/i_proxy_binding_factory.cpp:
2026-10-07T16:52:16.6573159Z In file included from score/mw/com/impl/plumbing/i_proxy_binding_factory.cpp:13:
2026-10-07T16:52:16.6575173Z In file included from ./score/mw/com/impl/plumbing/i_proxy_binding_factory.h:16:
2026-10-07T16:52:16.6593562Z In file included from ./score/mw/com/impl/handle_type.h:18:
2026-10-07T16:52:16.6600582Z In file included from ./score/mw/com/impl/instance_identifier.h:16:
2026-10-07T16:52:16.6604156Z ./score/mw/com/impl/com_error.h:186:65: warning: 'kServiceInstanceAlreadyOffered' is deprecated: Value has never been used. Calls to OfferService shall be idempotent. [-Wdeprecated-declarations]
2026-10-07T16:52:16.6607981Z   186 |             case static_cast<score::result::ErrorCode>(ComErrc::kServiceInstanceAlreadyOffered):
2026-10-07T16:52:16.6609313Z       |                                                                 ^
2026-10-07T16:52:16.6610955Z ./score/mw/com/impl/com_error.h:58:11: note: 'kServiceInstanceAlreadyOffered' has been explicitly marked deprecated here
2026-10-07T16:52:16.6613361Z    58 |         [[deprecated("Value has never been used. Calls to OfferService shall be idempotent.")]],
2026-10-07T16:52:16.6614342Z       |           ^
2026-10-07T16:52:16.6614920Z 1 warning generated.
2026-10-07T16:52:18.9713010Z INFO: From Compiling score/mw/com/impl/plumbing/proxy_binding_factory.cpp:
2026-10-07T16:52:18.9732690Z In file included from score/mw/com/impl/plumbing/proxy_binding_factory.cpp:13:
2026-10-07T16:52:18.9763093Z In file included from ./score/mw/com/impl/plumbing/proxy_binding_factory.h:16:
2026-10-07T16:52:18.9792526Z In file included from ./score/mw/com/impl/handle_type.h:18:
2026-10-07T16:52:18.9822595Z In file included from ./score/mw/com/impl/instance_identifier.h:16:
2026-10-07T16:52:18.9853955Z ./score/mw/com/impl/com_error.h:186:65: warning: 'kServiceInstanceAlreadyOffered' is deprecated: Value has never been used. Calls to OfferService shall be idempotent. [-Wdeprecated-declarations]
2026-10-07T16:52:18.9882939Z   186 |             case static_cast<score::result::ErrorCode>(ComErrc::kServiceInstanceAlreadyOffered):
2026-10-07T16:52:18.9912436Z       |                                                                 ^
2026-10-07T16:52:18.9937587Z ./score/mw/com/impl/com_error.h:58:11: note: 'kServiceInstanceAlreadyOffered' has been explicitly marked deprecated here
2026-10-07T16:52:18.9939892Z    58 |         [[deprecated("Value has never been used. Calls to OfferService shall be idempotent.")]],
2026-10-07T16:52:18.9940939Z       |           ^
2026-10-07T16:52:18.9941753Z 1 warning generated.
2026-10-07T16:52:19.7963361Z INFO: From Compiling score/mw/com/impl/plumbing/proxy_binding_factory_impl.cpp:
2026-10-07T16:52:19.7982940Z In file included from score/mw/com/impl/plumbing/proxy_binding_factory_impl.cpp:13:
2026-10-07T16:52:19.8007709Z In file included from ./score/mw/com/impl/plumbing/proxy_binding_factory_impl.h:16:
2026-10-07T16:52:19.8032871Z In file included from ./score/mw/com/impl/plumbing/i_proxy_binding_factory.h:16:
2026-10-07T16:52:19.8062498Z In file included from ./score/mw/com/impl/handle_type.h:18:
2026-10-07T16:52:19.8082595Z In file included from ./score/mw/com/impl/instance_identifier.h:16:
2026-10-07T16:52:19.8109940Z ./score/mw/com/impl/com_error.h:186:65: warning: 'kServiceInstanceAlreadyOffered' is deprecated: Value has never been used. Calls to OfferService shall be idempotent. [-Wdeprecated-declarations]
2026-10-07T16:52:19.8132827Z   186 |             case static_cast<score::result::ErrorCode>(ComErrc::kServiceInstanceAlreadyOffered):
2026-10-07T16:52:19.8162065Z       |                                                                 ^
2026-10-07T16:52:19.8164715Z ./score/mw/com/impl/com_error.h:58:11: note: 'kServiceInstanceAlreadyOffered' has been explicitly marked deprecated here
2026-10-07T16:52:19.8166833Z    58 |         [[deprecated("Value has never been used. Calls to OfferService shall be idempotent.")]],
2026-10-07T16:52:19.8167979Z       |           ^
2026-10-07T16:52:19.8168627Z 1 warning generated.
2026-10-07T16:52:22.5933778Z INFO: From Compiling score/mw/com/impl/plumbing/binding_runtime_factory.cpp:
2026-10-07T16:52:22.5955852Z In file included from score/mw/com/impl/plumbing/binding_runtime_factory.cpp:13:
2026-10-07T16:52:22.5982985Z In file included from ./score/mw/com/impl/plumbing/binding_runtime_factory.h:16:
2026-10-07T16:52:22.6013405Z In file included from ./score/mw/com/impl/configuration/configuration.h:18:
2026-10-07T16:52:22.6042795Z In file included from ./score/mw/com/impl/configuration/service_instance_deployment.h:17:
2026-10-07T16:52:22.6073544Z ./score/mw/com/impl/com_error.h:186:65: warning: 'kServiceInstanceAlreadyOffered' is deprecated: Value has never been used. Calls to OfferService shall be idempotent. [-Wdeprecated-declarations]
2026-10-07T16:52:22.6075561Z   186 |             case static_cast<score::result::ErrorCode>(ComErrc::kServiceInstanceAlreadyOffered):
2026-10-07T16:52:22.6102640Z       |                                                                 ^
2026-10-07T16:52:22.6106236Z ./score/mw/com/impl/com_error.h:58:11: note: 'kServiceInstanceAlreadyOffered' has been explicitly marked deprecated here
2026-10-07T16:52:22.6108896Z    58 |         [[deprecated("Value has never been used. Calls to OfferService shall be idempotent.")]],
2026-10-07T16:52:22.6110493Z       |           ^
2026-10-07T16:52:22.6111895Z 1 warning generated.
2026-10-07T16:52:22.8374205Z [6,399 / 7,543] 117 / 514 tests; Compiling score/mw/com/impl/tracing/test/proxy_event_tracing_test.cpp; 43s disk-cache, linux-sandbox ... (4 actions, 3 running)
2026-10-07T16:52:24.9890717Z INFO: From Compiling score/mw/com/impl/skeleton_base.cpp:
2026-10-07T16:52:24.9932682Z In file included from score/mw/com/impl/skeleton_base.cpp:13:
2026-10-07T16:52:24.9962424Z In file included from ./score/mw/com/impl/skeleton_base.h:17:
2026-10-07T16:52:24.9963801Z In file included from ./score/mw/com/impl/instance_identifier.h:16:
2026-10-07T16:52:24.9993775Z ./score/mw/com/impl/com_error.h:186:65: warning: 'kServiceInstanceAlreadyOffered' is deprecated: Value has never been used. Calls to OfferService shall be idempotent. [-Wdeprecated-declarations]
2026-10-07T16:52:25.0022688Z   186 |             case static_cast<score::result::ErrorCode>(ComErrc::kServiceInstanceAlreadyOffered):
2026-10-07T16:52:25.0038642Z       |                                                                 ^
2026-10-07T16:52:25.0051714Z ./score/mw/com/impl/com_error.h:58:11: note: 'kServiceInstanceAlreadyOffered' has been explicitly marked deprecated here
2026-10-07T16:52:25.0073858Z    58 |         [[deprecated("Value has never been used. Calls to OfferService shall be idempotent.")]],
2026-10-07T16:52:25.0075378Z       |           ^
2026-10-07T16:52:25.0076014Z 1 warning generated.
2026-10-07T16:52:28.1710939Z INFO: From Compiling score/mw/com/impl/tracing/proxy_event_tracing.cpp:
2026-10-07T16:52:28.1752861Z In file included from score/mw/com/impl/tracing/proxy_event_tracing.cpp:17:
2026-10-07T16:52:28.1772854Z In file included from ./score/mw/com/impl/tracing/proxy_event_tracing.h:23:
2026-10-07T16:52:28.1782715Z In file included from ./score/mw/com/impl/instance_identifier.h:16:
2026-10-07T16:52:28.1813627Z ./score/mw/com/impl/com_error.h:186:65: warning: 'kServiceInstanceAlreadyOffered' is deprecated: Value has never been used. Calls to OfferService shall be idempotent. [-Wdeprecated-declarations]
2026-10-07T16:52:28.1816294Z   186 |             case static_cast<score::result::ErrorCode>(ComErrc::kServiceInstanceAlreadyOffered):
2026-10-07T16:52:28.1817470Z       |                                                                 ^
2026-10-07T16:52:28.1819003Z ./score/mw/com/impl/com_error.h:58:11: note: 'kServiceInstanceAlreadyOffered' has been explicitly marked deprecated here
2026-10-07T16:52:28.1820665Z    58 |         [[deprecated("Value has never been used. Calls to OfferService shall be idempotent.")]],
2026-10-07T16:52:28.1821802Z       |           ^
2026-10-07T16:52:28.1822264Z 1 warning generated.
2026-10-07T16:52:30.2872817Z INFO: From Compiling score/mw/com/impl/proxy_event_base.cpp:
2026-10-07T16:52:30.2902519Z In file included from score/mw/com/impl/proxy_event_base.cpp:16:
2026-10-07T16:52:30.2933810Z ./score/mw/com/impl/com_error.h:186:65: warning: 'kServiceInstanceAlreadyOffered' is deprecated: Value has never been used. Calls to OfferService shall be idempotent. [-Wdeprecated-declarations]
2026-10-07T16:52:30.2936165Z   186 |             case static_cast<score::result::ErrorCode>(ComErrc::kServiceInstanceAlreadyOffered):
2026-10-07T16:52:30.2937371Z       |                                                                 ^
2026-10-07T16:52:30.2938964Z ./score/mw/com/impl/com_error.h:58:11: note: 'kServiceInstanceAlreadyOffered' has been explicitly marked deprecated here
2026-10-07T16:52:30.2940731Z    58 |         [[deprecated("Value has never been used. Calls to OfferService shall be idempotent.")]],
2026-10-07T16:52:30.2941795Z       |           ^
2026-10-07T16:52:30.2942238Z 1 warning generated.
2026-10-07T16:52:34.3058002Z INFO: From Compiling score/mw/com/impl/plumbing/i_skeleton_field_binding_factory.cpp:
2026-10-07T16:52:34.3083303Z In file included from score/mw/com/impl/plumbing/i_skeleton_field_binding_factory.cpp:13:
2026-10-07T16:52:34.3103097Z In file included from ./score/mw/com/impl/plumbing/i_skeleton_field_binding_factory.h:17:
2026-10-07T16:52:34.3132297Z In file included from ./score/mw/com/impl/instance_identifier.h:16:
2026-10-07T16:52:34.3163694Z ./score/mw/com/impl/com_error.h:186:65: warning: 'kServiceInstanceAlreadyOffered' is deprecated: Value has never been used. Calls to OfferService shall be idempotent. [-Wdeprecated-declarations]
2026-10-07T16:52:34.3165999Z   186 |             case static_cast<score::result::ErrorCode>(ComErrc::kServiceInstanceAlreadyOffered):
2026-10-07T16:52:34.3187447Z       |                                                                 ^
2026-10-07T16:52:34.3189251Z ./score/mw/com/impl/com_error.h:58:11: note: 'kServiceInstanceAlreadyOffered' has been explicitly marked deprecated here
2026-10-07T16:52:34.3191591Z    58 |         [[deprecated("Value has never been used. Calls to OfferService shall be idempotent.")]],
2026-10-07T16:52:34.3192753Z       |           ^
2026-10-07T16:52:34.3193613Z 1 warning generated.
2026-10-07T16:52:34.3196376Z [6,436 / 7,543] 117 / 514 tests; Compiling score/mw/com/impl/tracing/test/proxy_event_tracing_test.cpp; 55s disk-cache, linux-sandbox ... (4 actions, 3 running)
2026-10-07T16:52:34.3372606Z INFO: From Compiling score/mw/com/impl/proxy_base.cpp:
2026-10-07T16:52:34.3402365Z In file included from score/mw/com/impl/proxy_base.cpp:13:
2026-10-07T16:52:34.3403360Z In file included from ./score/mw/com/impl/proxy_base.h:18:
2026-10-07T16:52:34.3442326Z In file included from ./score/mw/com/impl/handle_type.h:18:
2026-10-07T16:52:34.3468610Z In file included from ./score/mw/com/impl/instance_identifier.h:16:
2026-10-07T16:52:34.3471500Z ./score/mw/com/impl/com_error.h:186:65: warning: 'kServiceInstanceAlreadyOffered' is deprecated: Value has never been used. Calls to OfferService shall be idempotent. [-Wdeprecated-declarations]
2026-10-07T16:52:34.3474016Z   186 |             case static_cast<score::result::ErrorCode>(ComErrc::kServiceInstanceAlreadyOffered):
2026-10-07T16:52:34.3502332Z       |                                                                 ^
2026-10-07T16:52:34.3532860Z ./score/mw/com/impl/com_error.h:58:11: note: 'kServiceInstanceAlreadyOffered' has been explicitly marked deprecated here
2026-10-07T16:52:34.3542825Z    58 |         [[deprecated("Value has never been used. Calls to OfferService shall be idempotent.")]],
2026-10-07T16:52:34.3566920Z       |           ^
2026-10-07T16:52:34.3567709Z 1 warning generated.
2026-10-07T16:52:35.3029622Z INFO: From Compiling score/mw/com/impl/tracing/test/proxy_event_tracing_test.cpp:
2026-10-07T16:52:35.3054651Z In file included from score/mw/com/impl/tracing/test/proxy_event_tracing_test.cpp:15:
2026-10-07T16:52:35.3082393Z In file included from ./score/mw/com/impl/proxy_event.h:16:
2026-10-07T16:52:35.3112466Z In file included from ./score/mw/com/impl/instance_identifier.h:16:
2026-10-07T16:52:35.3115518Z ./score/mw/com/impl/com_error.h:186:65: warning: 'kServiceInstanceAlreadyOffered' is deprecated: Value has never been used. Calls to OfferService shall be idempotent. [-Wdeprecated-declarations]
2026-10-07T16:52:35.3142881Z   186 |             case static_cast<score::result::ErrorCode>(ComErrc::kServiceInstanceAlreadyOffered):
2026-10-07T16:52:35.3172328Z       |                                                                 ^
2026-10-07T16:52:35.3174334Z ./score/mw/com/impl/com_error.h:58:11: note: 'kServiceInstanceAlreadyOffered' has been explicitly marked deprecated here
2026-10-07T16:52:35.3204347Z    58 |         [[deprecated("Value has never been used. Calls to OfferService shall be idempotent.")]],
2026-10-07T16:52:35.3232174Z       |           ^
2026-10-07T16:52:35.3262121Z 1 warning generated.
2026-10-07T16:52:37.8293249Z INFO: From Compiling score/mw/com/impl/plumbing/skeleton_service_element_binding_factory_impl.cpp:
2026-10-07T16:52:37.8323340Z In file included from score/mw/com/impl/plumbing/skeleton_service_element_binding_factory_impl.cpp:13:
2026-10-07T16:52:37.8352915Z In file included from ./score/mw/com/impl/plumbing/skeleton_service_element_binding_factory_impl.h:17:
2026-10-07T16:52:37.8382492Z In file included from ./score/mw/com/impl/bindings/lola/skeleton.h:32:
2026-10-07T16:52:37.8412601Z In file included from ./score/mw/com/impl/bindings/lola/skeleton_memory_manager.h:20:
2026-10-07T16:52:37.8442575Z In file included from ./score/mw/com/impl/bindings/lola/service_data_storage.h:20:
2026-10-07T16:52:37.8473330Z In file included from ./score/mw/com/impl/bindings/lola/i_runtime.h:20:
2026-10-07T16:52:37.8479423Z In file included from ./score/mw/com/impl/i_binding_runtime.h:17:
2026-10-07T16:52:37.8480983Z In file included from ./score/mw/com/impl/i_service_discovery_client.h:16:
2026-10-07T16:52:37.8482876Z In file included from ./score/mw/com/impl/enriched_instance_identifier.h:17:
2026-10-07T16:52:37.8484305Z In file included from ./score/mw/com/impl/handle_type.h:18:
2026-10-07T16:52:37.8485664Z In file included from ./score/mw/com/impl/instance_identifier.h:16:
2026-10-07T16:52:37.8488518Z ./score/mw/com/impl/com_error.h:186:65: warning: 'kServiceInstanceAlreadyOffered' is deprecated: Value has never been used. Calls to OfferService shall be idempotent. [-Wdeprecated-declarations]
2026-10-07T16:52:37.8491222Z   186 |             case static_cast<score::result::ErrorCode>(ComErrc::kServiceInstanceAlreadyOffered):
2026-10-07T16:52:37.8493045Z       |                                                                 ^
2026-10-07T16:52:37.8494980Z ./score/mw/com/impl/com_error.h:58:11: note: 'kServiceInstanceAlreadyOffered' has been explicitly marked deprecated here
2026-10-07T16:52:37.8497101Z    58 |         [[deprecated("Value has never been used. Calls to OfferService shall be idempotent.")]],
2026-10-07T16:52:37.8498279Z       |           ^
2026-10-07T16:52:37.8499009Z 1 warning generated.
2026-10-07T16:52:38.0653524Z INFO: From Compiling score/mw/com/impl/plumbing/skeleton_field_binding_factory_impl.cpp:
2026-10-07T16:52:38.0655606Z In file included from score/mw/com/impl/plumbing/skeleton_field_binding_factory_impl.cpp:13:
2026-10-07T16:52:38.0682721Z In file included from ./score/mw/com/impl/plumbing/skeleton_field_binding_factory_impl.h:16:
2026-10-07T16:52:38.0692491Z In file included from ./score/mw/com/impl/bindings/lola/skeleton_event.h:21:
2026-10-07T16:52:38.0722446Z In file included from ./score/mw/com/impl/bindings/lola/skeleton.h:32:
2026-10-07T16:52:38.0737028Z In file included from ./score/mw/com/impl/bindings/lola/skeleton_memory_manager.h:20:
2026-10-07T16:52:38.0738676Z In file included from ./score/mw/com/impl/bindings/lola/service_data_storage.h:20:
2026-10-07T16:52:38.0740171Z In file included from ./score/mw/com/impl/bindings/lola/i_runtime.h:20:
2026-10-07T16:52:38.0741954Z In file included from ./score/mw/com/impl/i_binding_runtime.h:17:
2026-10-07T16:52:38.0743164Z In file included from ./score/mw/com/impl/i_service_discovery_client.h:16:
2026-10-07T16:52:38.0744323Z In file included from ./score/mw/com/impl/enriched_instance_identifier.h:17:
2026-10-07T16:52:38.0745331Z In file included from ./score/mw/com/impl/handle_type.h:18:
2026-10-07T16:52:38.0746346Z In file included from ./score/mw/com/impl/instance_identifier.h:16:
2026-10-07T16:52:38.0748582Z ./score/mw/com/impl/com_error.h:186:65: warning: 'kServiceInstanceAlreadyOffered' is deprecated: Value has never been used. Calls to OfferService shall be idempotent. [-Wdeprecated-declarations]
2026-10-07T16:52:38.0750660Z   186 |             case static_cast<score::result::ErrorCode>(ComErrc::kServiceInstanceAlreadyOffered):
2026-10-07T16:52:38.0752064Z       |                                                                 ^
2026-10-07T16:52:38.0754139Z ./score/mw/com/impl/com_error.h:58:11: note: 'kServiceInstanceAlreadyOffered' has been explicitly marked deprecated here
2026-10-07T16:52:38.0756117Z    58 |         [[deprecated("Value has never been used. Calls to OfferService shall be idempotent.")]],
2026-10-07T16:52:38.0757020Z       |           ^
2026-10-07T16:52:38.0757503Z 1 warning generated.
2026-10-07T16:52:40.7643013Z INFO: From Compiling score/mw/com/impl/plumbing/i_proxy_field_binding_factory.cpp:
2026-10-07T16:52:40.7702969Z In file included from score/mw/com/impl/plumbing/i_proxy_field_binding_factory.cpp:13:
2026-10-07T16:52:40.7732924Z In file included from ./score/mw/com/impl/plumbing/i_proxy_field_binding_factory.h:16:
2026-10-07T16:52:40.7762531Z In file included from ./score/mw/com/impl/handle_type.h:18:
2026-10-07T16:52:40.7783288Z In file included from ./score/mw/com/impl/instance_identifier.h:16:
2026-10-07T16:52:40.7809863Z ./score/mw/com/impl/com_error.h:186:65: warning: 'kServiceInstanceAlreadyOffered' is deprecated: Value has never been used. Calls to OfferService shall be idempotent. [-Wdeprecated-declarations]
2026-10-07T16:52:40.7812860Z   186 |             case static_cast<score::result::ErrorCode>(ComErrc::kServiceInstanceAlreadyOffered):
2026-10-07T16:52:40.7814441Z       |                                                                 ^
2026-10-07T16:52:40.7816311Z ./score/mw/com/impl/com_error.h:58:11: note: 'kServiceInstanceAlreadyOffered' has been explicitly marked deprecated here
2026-10-07T16:52:40.7818889Z    58 |         [[deprecated("Value has never been used. Calls to OfferService shall be idempotent.")]],
2026-10-07T16:52:40.7820051Z       |           ^
2026-10-07T16:52:40.7820796Z 1 warning generated.
2026-10-07T16:52:41.3777583Z INFO: From Compiling score/mw/com/impl/plumbing/skeleton_field_binding_factory.cpp:
2026-10-07T16:52:41.3803058Z In file included from score/mw/com/impl/plumbing/skeleton_field_binding_factory.cpp:13:
2026-10-07T16:52:41.3822978Z In file included from ./score/mw/com/impl/plumbing/skeleton_field_binding_factory.h:17:
2026-10-07T16:52:41.3852677Z In file included from ./score/mw/com/impl/bindings/lola/skeleton_event.h:21:
2026-10-07T16:52:41.3854388Z In file included from ./score/mw/com/impl/bindings/lola/skeleton.h:32:
2026-10-07T16:52:41.3882868Z In file included from ./score/mw/com/impl/bindings/lola/skeleton_memory_manager.h:20:
2026-10-07T16:52:41.3912848Z In file included from ./score/mw/com/impl/bindings/lola/service_data_storage.h:20:
2026-10-07T16:52:41.3942620Z In file included from ./score/mw/com/impl/bindings/lola/i_runtime.h:20:
2026-10-07T16:52:41.3944514Z In file included from ./score/mw/com/impl/i_binding_runtime.h:17:
2026-10-07T16:52:41.3972752Z In file included from ./score/mw/com/impl/i_service_discovery_client.h:16:
2026-10-07T16:52:41.4002810Z In file included from ./score/mw/com/impl/enriched_instance_identifier.h:17:
2026-10-07T16:52:41.4008455Z In file included from ./score/mw/com/impl/handle_type.h:18:
2026-10-07T16:52:41.4011150Z In file included from ./score/mw/com/impl/instance_identifier.h:16:
2026-10-07T16:52:41.4014697Z ./score/mw/com/impl/com_error.h:186:65: warning: 'kServiceInstanceAlreadyOffered' is deprecated: Value has never been used. Calls to OfferService shall be idempotent. [-Wdeprecated-declarations]
2026-10-07T16:52:41.4017577Z   186 |             case static_cast<score::result::ErrorCode>(ComErrc::kServiceInstanceAlreadyOffered):
2026-10-07T16:52:41.4018993Z       |                                                                 ^
2026-10-07T16:52:41.4021907Z ./score/mw/com/impl/com_error.h:58:11: note: 'kServiceInstanceAlreadyOffered' has been explicitly marked deprecated here
2026-10-07T16:52:41.4023847Z    58 |         [[deprecated("Value has never been used. Calls to OfferService shall be idempotent.")]],
2026-10-07T16:52:41.4024848Z       |           ^
2026-10-07T16:52:41.4025447Z 1 warning generated.
2026-10-07T16:52:43.9286637Z INFO: From Compiling score/mw/com/impl/plumbing/lola_proxy_element_building_blocks.cpp:
2026-10-07T16:52:43.9312859Z In file included from score/mw/com/impl/plumbing/lola_proxy_element_building_blocks.cpp:13:
2026-10-07T16:52:43.9342871Z In file included from ./score/mw/com/impl/plumbing/lola_proxy_element_building_blocks.h:18:
2026-10-07T16:52:43.9372727Z In file included from ./score/mw/com/impl/handle_type.h:18:
2026-10-07T16:52:43.9402486Z In file included from ./score/mw/com/impl/instance_identifier.h:16:
2026-10-07T16:52:43.9433809Z ./score/mw/com/impl/com_error.h:186:65: warning: 'kServiceInstanceAlreadyOffered' is deprecated: Value has never been used. Calls to OfferService shall be idempotent. [-Wdeprecated-declarations]
2026-10-07T16:52:43.9462789Z   186 |             case static_cast<score::result::ErrorCode>(ComErrc::kServiceInstanceAlreadyOffered):
2026-10-07T16:52:43.9492612Z       |                                                                 ^
2026-10-07T16:52:43.9508824Z ./score/mw/com/impl/com_error.h:58:11: note: 'kServiceInstanceAlreadyOffered' has been explicitly marked deprecated here
2026-10-07T16:52:43.9510972Z    58 |         [[deprecated("Value has never been used. Calls to OfferService shall be idempotent.")]],
2026-10-07T16:52:43.9512426Z       |           ^
2026-10-07T16:52:43.9513347Z 1 warning generated.
2026-10-07T16:52:44.3315125Z [6,468 / 7,543] 117 / 514 tests; Compiling Rust rlib puml_parser_core (5 files) [for tool]; 27s disk-cache, linux-sandbox ... (4 actions running)
2026-10-07T16:52:44.4170796Z INFO: From Compiling score/mw/com/impl/plumbing/i_proxy_method_binding_factory.cpp:
2026-10-07T16:52:44.4202915Z In file included from score/mw/com/impl/plumbing/i_proxy_method_binding_factory.cpp:13:
2026-10-07T16:52:44.4212761Z In file included from ./score/mw/com/impl/plumbing/i_proxy_method_binding_factory.h:16:
2026-10-07T16:52:44.4242503Z In file included from ./score/mw/com/impl/handle_type.h:18:
2026-10-07T16:52:44.4272500Z In file included from ./score/mw/com/impl/instance_identifier.h:16:
2026-10-07T16:52:44.4275028Z ./score/mw/com/impl/com_error.h:186:65: warning: 'kServiceInstanceAlreadyOffered' is deprecated: Value has never been used. Calls to OfferService shall be idempotent. [-Wdeprecated-declarations]
2026-10-07T16:52:44.4277336Z   186 |             case static_cast<score::result::ErrorCode>(ComErrc::kServiceInstanceAlreadyOffered):
2026-10-07T16:52:44.4278522Z       |                                                                 ^
2026-10-07T16:52:44.4280095Z ./score/mw/com/impl/com_error.h:58:11: note: 'kServiceInstanceAlreadyOffered' has been explicitly marked deprecated here
2026-10-07T16:52:44.4282547Z    58 |         [[deprecated("Value has never been used. Calls to OfferService shall be idempotent.")]],
2026-10-07T16:52:44.4283414Z       |           ^
2026-10-07T16:52:44.4283856Z 1 warning generated.
2026-10-07T16:52:47.4363361Z INFO: From Compiling score/mw/com/impl/plumbing/proxy_method_binding_factory_impl.cpp:
2026-10-07T16:52:47.4422951Z In file included from score/mw/com/impl/plumbing/proxy_method_binding_factory_impl.cpp:13:
2026-10-07T16:52:47.4442665Z In file included from ./score/mw/com/impl/plumbing/proxy_method_binding_factory_impl.h:19:
2026-10-07T16:52:47.4472441Z In file included from ./score/mw/com/impl/bindings/lola/proxy.h:24:
2026-10-07T16:52:47.4502459Z In file included from ./score/mw/com/impl/bindings/lola/proxy_method.h:17:
2026-10-07T16:52:47.4512397Z In file included from ./score/mw/com/impl/bindings/lola/i_runtime.h:20:
2026-10-07T16:52:47.4562444Z In file included from ./score/mw/com/impl/i_binding_runtime.h:17:
2026-10-07T16:52:47.4590230Z In file included from ./score/mw/com/impl/i_service_discovery_client.h:16:
2026-10-07T16:52:47.4591813Z In file included from ./score/mw/com/impl/enriched_instance_identifier.h:17:
2026-10-07T16:52:47.4593008Z In file included from ./score/mw/com/impl/handle_type.h:18:
2026-10-07T16:52:47.4594130Z In file included from ./score/mw/com/impl/instance_identifier.h:16:
2026-10-07T16:52:47.4596679Z ./score/mw/com/impl/com_error.h:186:65: warning: 'kServiceInstanceAlreadyOffered' is deprecated: Value has never been used. Calls to OfferService shall be idempotent. [-Wdeprecated-declarations]
2026-10-07T16:52:47.4599059Z   186 |             case static_cast<score::result::ErrorCode>(ComErrc::kServiceInstanceAlreadyOffered):
2026-10-07T16:52:47.4600756Z       |                                                                 ^
2026-10-07T16:52:47.4602775Z ./score/mw/com/impl/com_error.h:58:11: note: 'kServiceInstanceAlreadyOffered' has been explicitly marked deprecated here
2026-10-07T16:52:47.4604638Z    58 |         [[deprecated("Value has never been used. Calls to OfferService shall be idempotent.")]],
2026-10-07T16:52:47.4605564Z       |           ^
2026-10-07T16:52:47.4606079Z 1 warning generated.
2026-10-07T16:52:47.7725678Z INFO: From Compiling score/mw/com/impl/plumbing/proxy_method_binding_factory.cpp:
2026-10-07T16:52:47.7793101Z In file included from score/mw/com/impl/plumbing/proxy_method_binding_factory.cpp:13:
2026-10-07T16:52:47.7822943Z In file included from ./score/mw/com/impl/plumbing/proxy_method_binding_factory.h:17:
2026-10-07T16:52:47.7852221Z In file included from ./score/mw/com/impl/plumbing/i_proxy_method_binding_factory.h:16:
2026-10-07T16:52:47.7885764Z In file included from ./score/mw/com/impl/handle_type.h:18:
2026-10-07T16:52:47.7889393Z In file included from ./score/mw/com/impl/instance_identifier.h:16:
2026-10-07T16:52:47.7895057Z ./score/mw/com/impl/com_error.h:186:65: warning: 'kServiceInstanceAlreadyOffered' is deprecated: Value has never been used. Calls to OfferService shall be idempotent. [-Wdeprecated-declarations]
2026-10-07T16:52:47.7897789Z   186 |             case static_cast<score::result::ErrorCode>(ComErrc::kServiceInstanceAlreadyOffered):
2026-10-07T16:52:47.7899365Z       |                                                                 ^
2026-10-07T16:52:47.7901265Z ./score/mw/com/impl/com_error.h:58:11: note: 'kServiceInstanceAlreadyOffered' has been explicitly marked deprecated here
2026-10-07T16:52:47.7904126Z    58 |         [[deprecated("Value has never been used. Calls to OfferService shall be idempotent.")]],
2026-10-07T16:52:47.7905350Z       |           ^
2026-10-07T16:52:47.7906117Z 1 warning generated.
2026-10-07T16:52:50.0793043Z INFO: From Compiling score/mw/com/impl/plumbing/i_proxy_event_binding_factory.cpp:
2026-10-07T16:52:50.0813530Z In file included from score/mw/com/impl/plumbing/i_proxy_event_binding_factory.cpp:13:
2026-10-07T16:52:50.0852767Z In file included from ./score/mw/com/impl/plumbing/i_proxy_event_binding_factory.h:17:
2026-10-07T16:52:50.0862850Z In file included from ./score/mw/com/impl/handle_type.h:18:
2026-10-07T16:52:50.0892690Z In file included from ./score/mw/com/impl/instance_identifier.h:16:
2026-10-07T16:52:50.0914162Z ./score/mw/com/impl/com_error.h:186:65: warning: 'kServiceInstanceAlreadyOffered' is deprecated: Value has never been used. Calls to OfferService shall be idempotent. [-Wdeprecated-declarations]
2026-10-07T16:52:50.0922954Z   186 |             case static_cast<score::result::ErrorCode>(ComErrc::kServiceInstanceAlreadyOffered):
2026-10-07T16:52:50.0949352Z       |                                                                 ^
2026-10-07T16:52:50.0963749Z ./score/mw/com/impl/com_error.h:58:11: note: 'kServiceInstanceAlreadyOffered' has been explicitly marked deprecated here
2026-10-07T16:52:50.0991142Z    58 |         [[deprecated("Value has never been used. Calls to OfferService shall be idempotent.")]],
2026-10-07T16:52:50.0992579Z       |           ^
2026-10-07T16:52:50.0993134Z 1 warning generated.
2026-10-07T16:52:51.3968189Z INFO: From Compiling score/mw/com/impl/plumbing/proxy_event_binding_factory_impl.cpp:
2026-10-07T16:52:51.3993263Z In file included from score/mw/com/impl/plumbing/proxy_event_binding_factory_impl.cpp:13:
2026-10-07T16:52:51.4032791Z In file included from ./score/mw/com/impl/plumbing/proxy_event_binding_factory_impl.h:16:
2026-10-07T16:52:51.4034430Z In file included from ./score/mw/com/impl/bindings/lola/proxy.h:24:
2026-10-07T16:52:51.4062846Z In file included from ./score/mw/com/impl/bindings/lola/proxy_method.h:17:
2026-10-07T16:52:51.4092653Z In file included from ./score/mw/com/impl/bindings/lola/i_runtime.h:20:
2026-10-07T16:52:51.4108282Z In file included from ./score/mw/com/impl/i_binding_runtime.h:17:
2026-10-07T16:52:51.4132529Z In file included from ./score/mw/com/impl/i_service_discovery_client.h:16:
2026-10-07T16:52:51.4138319Z In file included from ./score/mw/com/impl/enriched_instance_identifier.h:17:
2026-10-07T16:52:51.4139585Z In file included from ./score/mw/com/impl/handle_type.h:18:
2026-10-07T16:52:51.4141095Z In file included from ./score/mw/com/impl/instance_identifier.h:16:
2026-10-07T16:52:51.4144061Z ./score/mw/com/impl/com_error.h:186:65: warning: 'kServiceInstanceAlreadyOffered' is deprecated: Value has never been used. Calls to OfferService shall be idempotent. [-Wdeprecated-declarations]
2026-10-07T16:52:51.4147244Z   186 |             case static_cast<score::result::ErrorCode>(ComErrc::kServiceInstanceAlreadyOffered):
2026-10-07T16:52:51.4148832Z       |                                                                 ^
2026-10-07T16:52:51.4150849Z ./score/mw/com/impl/com_error.h:58:11: note: 'kServiceInstanceAlreadyOffered' has been explicitly marked deprecated here
2026-10-07T16:52:51.4153161Z    58 |         [[deprecated("Value has never been used. Calls to OfferService shall be idempotent.")]],
2026-10-07T16:52:51.4154168Z       |           ^
2026-10-07T16:52:51.4154809Z 1 warning generated.
2026-10-07T16:52:53.3713489Z INFO: From Compiling score/mw/com/impl/plumbing/proxy_event_binding_factory.cpp:
2026-10-07T16:52:53.3752639Z In file included from score/mw/com/impl/plumbing/proxy_event_binding_factory.cpp:13:
2026-10-07T16:52:53.3786223Z In file included from ./score/mw/com/impl/plumbing/proxy_event_binding_factory.h:17:
2026-10-07T16:52:53.3812599Z In file included from ./score/mw/com/impl/handle_type.h:18:
2026-10-07T16:52:53.3813877Z In file included from ./score/mw/com/impl/instance_identifier.h:16:
2026-10-07T16:52:53.3841717Z ./score/mw/com/impl/com_error.h:186:65: warning: 'kServiceInstanceAlreadyOffered' is deprecated: Value has never been used. Calls to OfferService shall be idempotent. [-Wdeprecated-declarations]
2026-10-07T16:52:53.3863023Z   186 |             case static_cast<score::result::ErrorCode>(ComErrc::kServiceInstanceAlreadyOffered):
2026-10-07T16:52:53.3892654Z       |                                                                 ^
2026-10-07T16:52:53.3923272Z ./score/mw/com/impl/com_error.h:58:11: note: 'kServiceInstanceAlreadyOffered' has been explicitly marked deprecated here
2026-10-07T16:52:53.3926143Z    58 |         [[deprecated("Value has never been used. Calls to OfferService shall be idempotent.")]],
2026-10-07T16:52:53.3931966Z       |           ^
2026-10-07T16:52:53.3952244Z 1 warning generated.
2026-10-07T16:52:54.3324941Z [6,492 / 7,543] 117 / 514 tests; Compiling Rust rlib puml_parser_core (5 files) [for tool]; 37s disk-cache, linux-sandbox ... (4 actions running)
2026-10-07T16:52:54.8143376Z INFO: From Compiling score/mw/com/impl/plumbing/proxy_field_binding_factory_impl.cpp:
2026-10-07T16:52:54.8172135Z In file included from score/mw/com/impl/plumbing/proxy_field_binding_factory_impl.cpp:13:
2026-10-07T16:52:54.8202964Z In file included from ./score/mw/com/impl/plumbing/proxy_field_binding_factory_impl.h:17:
2026-10-07T16:52:54.8211892Z In file included from ./score/mw/com/impl/bindings/lola/proxy_event.h:18:
2026-10-07T16:52:54.8242489Z In file included from ./score/mw/com/impl/bindings/lola/proxy.h:24:
2026-10-07T16:52:54.8262519Z In file included from ./score/mw/com/impl/bindings/lola/proxy_method.h:17:
2026-10-07T16:52:54.8286056Z In file included from ./score/mw/com/impl/bindings/lola/i_runtime.h:20:
2026-10-07T16:52:54.8287240Z In file included from ./score/mw/com/impl/i_binding_runtime.h:17:
2026-10-07T16:52:54.8289058Z In file included from ./score/mw/com/impl/i_service_discovery_client.h:16:
2026-10-07T16:52:54.8290476Z In file included from ./score/mw/com/impl/enriched_instance_identifier.h:17:
2026-10-07T16:52:54.8292055Z In file included from ./score/mw/com/impl/handle_type.h:18:
2026-10-07T16:52:54.8293471Z In file included from ./score/mw/com/impl/instance_identifier.h:16:
2026-10-07T16:52:54.8297817Z ./score/mw/com/impl/com_error.h:186:65: warning: 'kServiceInstanceAlreadyOffered' is deprecated: Value has never been used. Calls to OfferService shall be idempotent. [-Wdeprecated-declarations]
2026-10-07T16:52:54.8300350Z   186 |             case static_cast<score::result::ErrorCode>(ComErrc::kServiceInstanceAlreadyOffered):
2026-10-07T16:52:54.8302046Z       |                                                                 ^
2026-10-07T16:52:54.8303964Z ./score/mw/com/impl/com_error.h:58:11: note: 'kServiceInstanceAlreadyOffered' has been explicitly marked deprecated here
2026-10-07T16:52:54.8306168Z    58 |         [[deprecated("Value has never been used. Calls to OfferService shall be idempotent.")]],
2026-10-07T16:52:54.8307332Z       |           ^
2026-10-07T16:52:54.8307996Z 1 warning generated.
2026-10-07T16:52:56.7179028Z INFO: From Compiling score/mw/com/impl/plumbing/proxy_field_binding_factory.cpp:
2026-10-07T16:52:56.7193927Z In file included from score/mw/com/impl/plumbing/proxy_field_binding_factory.cpp:13:
2026-10-07T16:52:56.7232845Z In file included from ./score/mw/com/impl/plumbing/proxy_field_binding_factory.h:16:
2026-10-07T16:52:56.7252668Z In file included from ./score/mw/com/impl/plumbing/i_proxy_field_binding_factory.h:16:
2026-10-07T16:52:56.7262645Z In file included from ./score/mw/com/impl/handle_type.h:18:
2026-10-07T16:52:56.7292496Z In file included from ./score/mw/com/impl/instance_identifier.h:16:
2026-10-07T16:52:56.7313830Z ./score/mw/com/impl/com_error.h:186:65: warning: 'kServiceInstanceAlreadyOffered' is deprecated: Value has never been used. Calls to OfferService shall be idempotent. [-Wdeprecated-declarations]
2026-10-07T16:52:56.7352973Z   186 |             case static_cast<score::result::ErrorCode>(ComErrc::kServiceInstanceAlreadyOffered):
2026-10-07T16:52:56.7355751Z       |                                                                 ^
2026-10-07T16:52:56.7357599Z ./score/mw/com/impl/com_error.h:58:11: note: 'kServiceInstanceAlreadyOffered' has been explicitly marked deprecated here
2026-10-07T16:52:56.7359685Z    58 |         [[deprecated("Value has never been used. Calls to OfferService shall be idempotent.")]],
2026-10-07T16:52:56.7360720Z       |           ^
2026-10-07T16:52:56.7361557Z 1 warning generated.
2026-10-07T16:52:59.1493197Z INFO: From Compiling score/mw/com/impl/methods/proxy_method_without_in_args_or_return.cpp:
2026-10-07T16:52:59.1513009Z In file included from score/mw/com/impl/methods/proxy_method_without_in_args_or_return.cpp:13:
2026-10-07T16:52:59.1572910Z In file included from ./score/mw/com/impl/methods/proxy_method_without_in_args_or_return.h:17:
2026-10-07T16:52:59.1622797Z In file included from ./score/mw/com/impl/methods/proxy_method.h:16:
2026-10-07T16:52:59.1642778Z In file included from ./score/mw/com/impl/bindings/lola/proxy.h:24:
2026-10-07T16:52:59.1692790Z In file included from ./score/mw/com/impl/bindings/lola/proxy_method.h:17:
2026-10-07T16:52:59.1732709Z In file included from ./score/mw/com/impl/bindings/lola/i_runtime.h:20:
2026-10-07T16:52:59.1792857Z In file included from ./score/mw/com/impl/i_binding_runtime.h:17:
2026-10-07T16:52:59.1822652Z In file included from ./score/mw/com/impl/i_service_discovery_client.h:16:
2026-10-07T16:52:59.1872905Z In file included from ./score/mw/com/impl/enriched_instance_identifier.h:17:
2026-10-07T16:52:59.1912469Z In file included from ./score/mw/com/impl/handle_type.h:18:
2026-10-07T16:52:59.1942526Z In file included from ./score/mw/com/impl/instance_identifier.h:16:
2026-10-07T16:52:59.2003822Z ./score/mw/com/impl/com_error.h:186:65: warning: 'kServiceInstanceAlreadyOffered' is deprecated: Value has never been used. Calls to OfferService shall be idempotent. [-Wdeprecated-declarations]
2026-10-07T16:52:59.2032808Z   186 |             case static_cast<score::result::ErrorCode>(ComErrc::kServiceInstanceAlreadyOffered):
2026-10-07T16:52:59.2088185Z       |                                                                 ^
2026-10-07T16:52:59.2123497Z ./score/mw/com/impl/com_error.h:58:11: note: 'kServiceInstanceAlreadyOffered' has been explicitly marked deprecated here
2026-10-07T16:52:59.2143629Z    58 |         [[deprecated("Value has never been used. Calls to OfferService shall be idempotent.")]],
2026-10-07T16:52:59.2172206Z       |           ^
2026-10-07T16:52:59.2202198Z 1 warning generated.
2026-10-07T16:53:01.2643276Z INFO: From Compiling score/mw/com/impl/methods/proxy_method_with_return_type.cpp:
2026-10-07T16:53:01.2672769Z In file included from score/mw/com/impl/methods/proxy_method_with_return_type.cpp:13:
2026-10-07T16:53:01.2692687Z In file included from ./score/mw/com/impl/methods/proxy_method_with_return_type.h:18:
2026-10-07T16:53:01.2716098Z In file included from ./score/mw/com/impl/methods/proxy_method.h:16:
2026-10-07T16:53:01.2752506Z In file included from ./score/mw/com/impl/bindings/lola/proxy.h:24:
2026-10-07T16:53:01.2782518Z In file included from ./score/mw/com/impl/bindings/lola/proxy_method.h:17:
2026-10-07T16:53:01.2812491Z In file included from ./score/mw/com/impl/bindings/lola/i_runtime.h:20:
2026-10-07T16:53:01.2842410Z In file included from ./score/mw/com/impl/i_binding_runtime.h:17:
2026-10-07T16:53:01.2843801Z In file included from ./score/mw/com/impl/i_service_discovery_client.h:16:
2026-10-07T16:53:01.2853305Z In file included from ./score/mw/com/impl/enriched_instance_identifier.h:17:
2026-10-07T16:53:01.2854857Z In file included from ./score/mw/com/impl/handle_type.h:18:
2026-10-07T16:53:01.2882860Z In file included from ./score/mw/com/impl/instance_identifier.h:16:
2026-10-07T16:53:01.2914077Z ./score/mw/com/impl/com_error.h:186:65: warning: 'kServiceInstanceAlreadyOffered' is deprecated: Value has never been used. Calls to OfferService shall be idempotent. [-Wdeprecated-declarations]
2026-10-07T16:53:01.2942976Z   186 |             case static_cast<score::result::ErrorCode>(ComErrc::kServiceInstanceAlreadyOffered):
2026-10-07T16:53:01.2972509Z       |                                                                 ^
2026-10-07T16:53:01.2974773Z ./score/mw/com/impl/com_error.h:58:11: note: 'kServiceInstanceAlreadyOffered' has been explicitly marked deprecated here
2026-10-07T16:53:01.3002871Z    58 |         [[deprecated("Value has never been used. Calls to OfferService shall be idempotent.")]],
2026-10-07T16:53:01.3003786Z       |           ^
2026-10-07T16:53:01.3004257Z 1 warning generated.
2026-10-07T16:53:03.4393223Z INFO: From Compiling score/mw/com/impl/methods/proxy_method_with_in_args_and_return.cpp:
2026-10-07T16:53:03.4453230Z In file included from score/mw/com/impl/methods/proxy_method_with_in_args_and_return.cpp:13:
2026-10-07T16:53:03.4533135Z In file included from ./score/mw/com/impl/methods/proxy_method_with_in_args_and_return.h:18:
2026-10-07T16:53:03.4534524Z In file included from ./score/mw/com/impl/methods/proxy_method.h:16:
2026-10-07T16:53:03.4602730Z In file included from ./score/mw/com/impl/bindings/lola/proxy.h:24:
2026-10-07T16:53:03.4640935Z In file included from ./score/mw/com/impl/bindings/lola/proxy_method.h:17:
2026-10-07T16:53:03.4693397Z In file included from ./score/mw/com/impl/bindings/lola/i_runtime.h:20:
2026-10-07T16:53:03.4722519Z In file included from ./score/mw/com/impl/i_binding_runtime.h:17:
2026-10-07T16:53:03.4772907Z In file included from ./score/mw/com/impl/i_service_discovery_client.h:16:
2026-10-07T16:53:03.4802829Z In file included from ./score/mw/com/impl/enriched_instance_identifier.h:17:
2026-10-07T16:53:03.4852515Z In file included from ./score/mw/com/impl/handle_type.h:18:
2026-10-07T16:53:03.4912541Z In file included from ./score/mw/com/impl/instance_identifier.h:16:
2026-10-07T16:53:03.4944226Z ./score/mw/com/impl/com_error.h:186:65: warning: 'kServiceInstanceAlreadyOffered' is deprecated: Value has never been used. Calls to OfferService shall be idempotent. [-Wdeprecated-declarations]
2026-10-07T16:53:03.5002941Z   186 |             case static_cast<score::result::ErrorCode>(ComErrc::kServiceInstanceAlreadyOffered):
2026-10-07T16:53:03.5032349Z       |                                                                 ^
2026-10-07T16:53:03.5073579Z ./score/mw/com/impl/com_error.h:58:11: note: 'kServiceInstanceAlreadyOffered' has been explicitly marked deprecated here
2026-10-07T16:53:03.5122907Z    58 |         [[deprecated("Value has never been used. Calls to OfferService shall be idempotent.")]],
2026-10-07T16:53:03.5182096Z       |           ^
2026-10-07T16:53:03.5192063Z 1 warning generated.
2026-10-07T16:53:04.3328677Z [6,509 / 7,543] 117 / 514 tests; Compiling score/mw/com/gateway/gateway_application/gateway_application_test.cpp; 28s disk-cache, linux-sandbox ... (4 actions running)
2026-10-07T16:53:05.5373215Z INFO: From Compiling score/mw/com/impl/methods/proxy_method_with_in_args.cpp:
2026-10-07T16:53:05.5375012Z In file included from score/mw/com/impl/methods/proxy_method_with_in_args.cpp:13:
2026-10-07T16:53:05.5402870Z In file included from ./score/mw/com/impl/methods/proxy_method_with_in_args.h:18:
2026-10-07T16:53:05.5432951Z In file included from ./score/mw/com/impl/methods/proxy_method.h:16:
2026-10-07T16:53:05.5462623Z In file included from ./score/mw/com/impl/bindings/lola/proxy.h:24:
2026-10-07T16:53:05.5488895Z In file included from ./score/mw/com/impl/bindings/lola/proxy_method.h:17:
2026-10-07T16:53:05.5492686Z In file included from ./score/mw/com/impl/bindings/lola/i_runtime.h:20:
2026-10-07T16:53:05.5522560Z In file included from ./score/mw/com/impl/i_binding_runtime.h:17:
2026-10-07T16:53:05.5552578Z In file included from ./score/mw/com/impl/i_service_discovery_client.h:16:
2026-10-07T16:53:05.5553982Z In file included from ./score/mw/com/impl/enriched_instance_identifier.h:17:
2026-10-07T16:53:05.5582476Z In file included from ./score/mw/com/impl/handle_type.h:18:
2026-10-07T16:53:05.5612592Z In file included from ./score/mw/com/impl/instance_identifier.h:16:
2026-10-07T16:53:05.5635438Z ./score/mw/com/impl/com_error.h:186:65: warning: 'kServiceInstanceAlreadyOffered' is deprecated: Value has never been used. Calls to OfferService shall be idempotent. [-Wdeprecated-declarations]
2026-10-07T16:53:05.5663049Z   186 |             case static_cast<score::result::ErrorCode>(ComErrc::kServiceInstanceAlreadyOffered):
2026-10-07T16:53:05.5682347Z       |                                                                 ^
2026-10-07T16:53:05.5693421Z ./score/mw/com/impl/com_error.h:58:11: note: 'kServiceInstanceAlreadyOffered' has been explicitly marked deprecated here
2026-10-07T16:53:05.5722826Z    58 |         [[deprecated("Value has never been used. Calls to OfferService shall be idempotent.")]],
2026-10-07T16:53:05.5752109Z       |           ^
2026-10-07T16:53:05.5782093Z 1 warning generated.
2026-10-07T16:53:07.5478019Z INFO: From Compiling score/mw/com/impl/methods/proxy_method.cpp:
2026-10-07T16:53:07.5479427Z In file included from score/mw/com/impl/methods/proxy_method.cpp:13:
2026-10-07T16:53:07.5480762Z In file included from ./score/mw/com/impl/methods/proxy_method.h:16:
2026-10-07T16:53:07.5482230Z In file included from ./score/mw/com/impl/bindings/lola/proxy.h:24:
2026-10-07T16:53:07.5483503Z In file included from ./score/mw/com/impl/bindings/lola/proxy_method.h:17:
2026-10-07T16:53:07.5484636Z In file included from ./score/mw/com/impl/bindings/lola/i_runtime.h:20:
2026-10-07T16:53:07.5485694Z In file included from ./score/mw/com/impl/i_binding_runtime.h:17:
2026-10-07T16:53:07.5486797Z In file included from ./score/mw/com/impl/i_service_discovery_client.h:16:
2026-10-07T16:53:07.5488001Z In file included from ./score/mw/com/impl/enriched_instance_identifier.h:17:
2026-10-07T16:53:07.5489079Z In file included from ./score/mw/com/impl/handle_type.h:18:
2026-10-07T16:53:07.5490211Z In file included from ./score/mw/com/impl/instance_identifier.h:16:
2026-10-07T16:53:07.5492853Z ./score/mw/com/impl/com_error.h:186:65: warning: 'kServiceInstanceAlreadyOffered' is deprecated: Value has never been used. Calls to OfferService shall be idempotent. [-Wdeprecated-declarations]
2026-10-07T16:53:07.5495330Z   186 |             case static_cast<score::result::ErrorCode>(ComErrc::kServiceInstanceAlreadyOffered):
2026-10-07T16:53:07.5497066Z       |                                                                 ^
2026-10-07T16:53:07.5498818Z ./score/mw/com/impl/com_error.h:58:11: note: 'kServiceInstanceAlreadyOffered' has been explicitly marked deprecated here
2026-10-07T16:53:07.5500834Z    58 |         [[deprecated("Value has never been used. Calls to OfferService shall be idempotent.")]],
2026-10-07T16:53:07.5502227Z       |           ^
2026-10-07T16:53:07.5502866Z 1 warning generated.
2026-10-07T16:53:08.2295406Z INFO: From Compiling score/mw/com/impl/plumbing/i_skeleton_event_binding_factory.cpp:
2026-10-07T16:53:08.2323176Z In file included from score/mw/com/impl/plumbing/i_skeleton_event_binding_factory.cpp:13:
2026-10-07T16:53:08.2352771Z In file included from ./score/mw/com/impl/plumbing/i_skeleton_event_binding_factory.h:16:
2026-10-07T16:53:08.2362575Z In file included from ./score/mw/com/impl/instance_identifier.h:16:
2026-10-07T16:53:08.2393067Z ./score/mw/com/impl/com_error.h:186:65: warning: 'kServiceInstanceAlreadyOffered' is deprecated: Value has never been used. Calls to OfferService shall be idempotent. [-Wdeprecated-declarations]
2026-10-07T16:53:08.2422897Z   186 |             case static_cast<score::result::ErrorCode>(ComErrc::kServiceInstanceAlreadyOffered):
2026-10-07T16:53:08.2440291Z       |                                                                 ^
2026-10-07T16:53:08.2450389Z ./score/mw/com/impl/com_error.h:58:11: note: 'kServiceInstanceAlreadyOffered' has been explicitly marked deprecated here
2026-10-07T16:53:08.2480068Z    58 |         [[deprecated("Value has never been used. Calls to OfferService shall be idempotent.")]],
2026-10-07T16:53:08.2481941Z       |           ^
2026-10-07T16:53:08.2482795Z 1 warning generated.
2026-10-07T16:53:09.6813391Z INFO: From Compiling score/mw/com/gateway/gateway_application/gateway_application_test.cpp:
2026-10-07T16:53:09.6862761Z In file included from score/mw/com/gateway/gateway_application/gateway_application_test.cpp:13:
2026-10-07T16:53:09.6902789Z In file included from ./score/mw/com/gateway/gateway_application/gateway_application.h:19:
2026-10-07T16:53:09.6942641Z In file included from ./score/mw/com/gateway/gateway_application/gateway_core.h:16:
2026-10-07T16:53:09.7002581Z In file included from ./score/mw/com/gateway/transport_layer/transport.h:17:
2026-10-07T16:53:09.7042385Z In file included from ./score/mw/com/types.h:24:
2026-10-07T16:53:09.7112807Z In file included from ./score/mw/com/impl/generic_proxy.h:18:
2026-10-07T16:53:09.7158417Z In file included from ./score/mw/com/impl/generic_proxy_event.h:18:
2026-10-07T16:53:09.7212371Z In file included from ./score/mw/com/impl/proxy_base.h:18:
2026-10-07T16:53:09.7242379Z In file included from ./score/mw/com/impl/handle_type.h:18:
2026-10-07T16:53:09.7243614Z In file included from ./score/mw/com/impl/instance_identifier.h:16:
2026-10-07T16:53:09.7246279Z ./score/mw/com/impl/com_error.h:186:65: warning: 'kServiceInstanceAlreadyOffered' is deprecated: Value has never been used. Calls to OfferService shall be idempotent. [-Wdeprecated-declarations]
2026-10-07T16:53:09.7248688Z   186 |             case static_cast<score::result::ErrorCode>(ComErrc::kServiceInstanceAlreadyOffered):
2026-10-07T16:53:09.7249994Z       |                                                                 ^
2026-10-07T16:53:09.7252019Z ./score/mw/com/impl/com_error.h:58:11: note: 'kServiceInstanceAlreadyOffered' has been explicitly marked deprecated here
2026-10-07T16:53:09.7253953Z    58 |         [[deprecated("Value has never been used. Calls to OfferService shall be idempotent.")]],
2026-10-07T16:53:09.7254886Z       |           ^
2026-10-07T16:53:09.7255377Z 1 warning generated.
2026-10-07T16:53:11.9161766Z INFO: From Compiling score/mw/com/impl/plumbing/skeleton_event_binding_factory_impl.cpp:
2026-10-07T16:53:11.9172888Z In file included from score/mw/com/impl/plumbing/skeleton_event_binding_factory_impl.cpp:13:
2026-10-07T16:53:11.9192938Z In file included from ./score/mw/com/impl/plumbing/skeleton_event_binding_factory_impl.h:16:
2026-10-07T16:53:11.9222923Z In file included from ./score/mw/com/impl/instance_identifier.h:16:
2026-10-07T16:53:11.9254016Z ./score/mw/com/impl/com_error.h:186:65: warning: 'kServiceInstanceAlreadyOffered' is deprecated: Value has never been used. Calls to OfferService shall be idempotent. [-Wdeprecated-declarations]
2026-10-07T16:53:11.9256852Z   186 |             case static_cast<score::result::ErrorCode>(ComErrc::kServiceInstanceAlreadyOffered):
2026-10-07T16:53:11.9282548Z       |                                                                 ^
2026-10-07T16:53:11.9313924Z ./score/mw/com/impl/com_error.h:58:11: note: 'kServiceInstanceAlreadyOffered' has been explicitly marked deprecated here
2026-10-07T16:53:11.9343606Z    58 |         [[deprecated("Value has never been used. Calls to OfferService shall be idempotent.")]],
2026-10-07T16:53:11.9361952Z       |           ^
2026-10-07T16:53:11.9372186Z 1 warning generated.
2026-10-07T16:53:11.9863269Z INFO: From Compiling score/mw/com/impl/plumbing/skeleton_event_binding_factory.cpp:
2026-10-07T16:53:11.9902878Z In file included from score/mw/com/impl/plumbing/skeleton_event_binding_factory.cpp:13:
2026-10-07T16:53:11.9912748Z In file included from ./score/mw/com/impl/plumbing/skeleton_event_binding_factory.h:16:
2026-10-07T16:53:11.9932692Z In file included from ./score/mw/com/impl/bindings/lola/skeleton_event.h:21:
2026-10-07T16:53:11.9962548Z In file included from ./score/mw/com/impl/bindings/lola/skeleton.h:32:
2026-10-07T16:53:11.9992660Z In file included from ./score/mw/com/impl/bindings/lola/skeleton_memory_manager.h:20:
2026-10-07T16:53:11.9994175Z In file included from ./score/mw/com/impl/bindings/lola/service_data_storage.h:20:
2026-10-07T16:53:11.9995552Z In file included from ./score/mw/com/impl/bindings/lola/i_runtime.h:20:
2026-10-07T16:53:11.9996821Z In file included from ./score/mw/com/impl/i_binding_runtime.h:17:
2026-10-07T16:53:11.9998052Z In file included from ./score/mw/com/impl/i_service_discovery_client.h:16:
2026-10-07T16:53:11.9999448Z In file included from ./score/mw/com/impl/enriched_instance_identifier.h:17:
2026-10-07T16:53:12.0000612Z In file included from ./score/mw/com/impl/handle_type.h:18:
2026-10-07T16:53:12.0002029Z In file included from ./score/mw/com/impl/instance_identifier.h:16:
2026-10-07T16:53:12.0004584Z ./score/mw/com/impl/com_error.h:186:65: warning: 'kServiceInstanceAlreadyOffered' is deprecated: Value has never been used. Calls to OfferService shall be idempotent. [-Wdeprecated-declarations]
2026-10-07T16:53:12.0007350Z   186 |             case static_cast<score::result::ErrorCode>(ComErrc::kServiceInstanceAlreadyOffered):
2026-10-07T16:53:12.0008609Z       |                                                                 ^
2026-10-07T16:53:12.0010268Z ./score/mw/com/impl/com_error.h:58:11: note: 'kServiceInstanceAlreadyOffered' has been explicitly marked deprecated here
2026-10-07T16:53:12.0012406Z    58 |         [[deprecated("Value has never been used. Calls to OfferService shall be idempotent.")]],
2026-10-07T16:53:12.0013376Z       |           ^
2026-10-07T16:53:12.0013887Z 1 warning generated.
2026-10-07T16:53:15.5313056Z INFO: From Compiling score/mw/com/impl/generic_proxy_event.cpp:
2026-10-07T16:53:15.5342505Z In file included from score/mw/com/impl/generic_proxy_event.cpp:13:
2026-10-07T16:53:15.5352672Z In file included from ./score/mw/com/impl/generic_proxy_event.h:18:
2026-10-07T16:53:15.5382342Z In file included from ./score/mw/com/impl/proxy_base.h:18:
2026-10-07T16:53:15.5383438Z In file included from ./score/mw/com/impl/handle_type.h:18:
2026-10-07T16:53:15.5384628Z In file included from ./score/mw/com/impl/instance_identifier.h:16:
2026-10-07T16:53:15.5387169Z ./score/mw/com/impl/com_error.h:186:65: warning: 'kServiceInstanceAlreadyOffered' is deprecated: Value has never been used. Calls to OfferService shall be idempotent. [-Wdeprecated-declarations]
2026-10-07T16:53:15.5389545Z   186 |             case static_cast<score::result::ErrorCode>(ComErrc::kServiceInstanceAlreadyOffered):
2026-10-07T16:53:15.5391263Z       |                                                                 ^
2026-10-07T16:53:15.5393266Z ./score/mw/com/impl/com_error.h:58:11: note: 'kServiceInstanceAlreadyOffered' has been explicitly marked deprecated here
2026-10-07T16:53:15.5395178Z    58 |         [[deprecated("Value has never been used. Calls to OfferService shall be idempotent.")]],
2026-10-07T16:53:15.5396131Z       |           ^
2026-10-07T16:53:15.5396638Z 1 warning generated.
2026-10-07T16:53:15.5461858Z [6,533 / 7,543] 117 / 514 tests; Compiling score/mw/com/gateway/gateway_application/gateway_application.cpp; 5s disk-cache, linux-sandbox ... (4 actions, 3 running)
2026-10-07T16:53:15.5653441Z INFO: From Compiling score/mw/com/impl/proxy_event.cpp:
2026-10-07T16:53:15.5674616Z In file included from score/mw/com/impl/proxy_event.cpp:13:
2026-10-07T16:53:15.5693433Z In file included from ./score/mw/com/impl/proxy_event.h:16:
2026-10-07T16:53:15.5712436Z In file included from ./score/mw/com/impl/instance_identifier.h:16:
2026-10-07T16:53:15.5748594Z ./score/mw/com/impl/com_error.h:186:65: warning: 'kServiceInstanceAlreadyOffered' is deprecated: Value has never been used. Calls to OfferService shall be idempotent. [-Wdeprecated-declarations]
2026-10-07T16:53:15.5782803Z   186 |             case static_cast<score::result::ErrorCode>(ComErrc::kServiceInstanceAlreadyOffered):
2026-10-07T16:53:15.5792305Z       |                                                                 ^
2026-10-07T16:53:15.5793951Z ./score/mw/com/impl/com_error.h:58:11: note: 'kServiceInstanceAlreadyOffered' has been explicitly marked deprecated here
2026-10-07T16:53:15.5795833Z    58 |         [[deprecated("Value has never been used. Calls to OfferService shall be idempotent.")]],
2026-10-07T16:53:15.5796723Z       |           ^
2026-10-07T16:53:15.5797213Z 1 warning generated.
2026-10-07T16:53:16.9453468Z INFO: From Compiling score/mw/com/gateway/gateway_application/gateway_application.cpp:
2026-10-07T16:53:16.9482919Z In file included from score/mw/com/gateway/gateway_application/gateway_application.cpp:14:
2026-10-07T16:53:16.9522848Z In file included from ./score/mw/com/gateway/gateway_application/gateway_application.h:19:
2026-10-07T16:53:16.9524630Z In file included from ./score/mw/com/gateway/gateway_application/gateway_core.h:16:
2026-10-07T16:53:16.9552617Z In file included from ./score/mw/com/gateway/transport_layer/transport.h:17:
2026-10-07T16:53:16.9582395Z In file included from ./score/mw/com/types.h:24:
2026-10-07T16:53:16.9602421Z In file included from ./score/mw/com/impl/generic_proxy.h:18:
2026-10-07T16:53:16.9612701Z In file included from ./score/mw/com/impl/generic_proxy_event.h:18:
2026-10-07T16:53:16.9642445Z In file included from ./score/mw/com/impl/proxy_base.h:18:
2026-10-07T16:53:16.9672464Z In file included from ./score/mw/com/impl/handle_type.h:18:
2026-10-07T16:53:16.9682512Z In file included from ./score/mw/com/impl/instance_identifier.h:16:
2026-10-07T16:53:16.9703998Z ./score/mw/com/impl/com_error.h:186:65: warning: 'kServiceInstanceAlreadyOffered' is deprecated: Value has never been used. Calls to OfferService shall be idempotent. [-Wdeprecated-declarations]
2026-10-07T16:53:16.9732860Z   186 |             case static_cast<score::result::ErrorCode>(ComErrc::kServiceInstanceAlreadyOffered):
2026-10-07T16:53:16.9762326Z       |                                                                 ^
2026-10-07T16:53:16.9764129Z ./score/mw/com/impl/com_error.h:58:11: note: 'kServiceInstanceAlreadyOffered' has been explicitly marked deprecated here
2026-10-07T16:53:16.9765969Z    58 |         [[deprecated("Value has never been used. Calls to OfferService shall be idempotent.")]],
2026-10-07T16:53:16.9766861Z       |           ^
2026-10-07T16:53:16.9767352Z 1 warning generated.
2026-10-07T16:53:19.7352870Z INFO: From Compiling score/mw/com/impl/mocking/test_type_utilities.cpp:
2026-10-07T16:53:19.7412753Z In file included from score/mw/com/impl/mocking/test_type_utilities.cpp:13:
2026-10-07T16:53:19.7442556Z In file included from ./score/mw/com/impl/mocking/test_type_utilities.h:17:
2026-10-07T16:53:19.7472795Z In file included from ./score/mw/com/impl/handle_type.h:18:
2026-10-07T16:53:19.7502575Z In file included from ./score/mw/com/impl/instance_identifier.h:16:
2026-10-07T16:53:19.7547944Z ./score/mw/com/impl/com_error.h:186:65: warning: 'kServiceInstanceAlreadyOffered' is deprecated: Value has never been used. Calls to OfferService shall be idempotent. [-Wdeprecated-declarations]
2026-10-07T16:53:19.7562979Z   186 |             case static_cast<score::result::ErrorCode>(ComErrc::kServiceInstanceAlreadyOffered):
2026-10-07T16:53:19.7592406Z       |                                                                 ^
2026-10-07T16:53:19.7594227Z ./score/mw/com/impl/com_error.h:58:11: note: 'kServiceInstanceAlreadyOffered' has been explicitly marked deprecated here
2026-10-07T16:53:19.7622945Z    58 |         [[deprecated("Value has never been used. Calls to OfferService shall be idempotent.")]],
2026-10-07T16:53:19.7652065Z       |           ^
2026-10-07T16:53:19.7682029Z 1 warning generated.
2026-10-07T16:53:20.1920172Z INFO: From Compiling score/mw/com/impl/proxy_field.cpp:
2026-10-07T16:53:20.1953527Z In file included from score/mw/com/impl/proxy_field.cpp:13:
2026-10-07T16:53:20.1982442Z In file included from ./score/mw/com/impl/proxy_field.h:19:
2026-10-07T16:53:20.1993214Z In file included from ./score/mw/com/impl/methods/proxy_method_with_in_args_and_return.h:18:
2026-10-07T16:53:20.2012735Z In file included from ./score/mw/com/impl/methods/proxy_method.h:16:
2026-10-07T16:53:20.2042728Z In file included from ./score/mw/com/impl/bindings/lola/proxy.h:24:
2026-10-07T16:53:20.2065392Z In file included from ./score/mw/com/impl/bindings/lola/proxy_method.h:17:
2026-10-07T16:53:20.2087829Z In file included from ./score/mw/com/impl/bindings/lola/i_runtime.h:20:
2026-10-07T16:53:20.2101840Z In file included from ./score/mw/com/impl/i_binding_runtime.h:17:
2026-10-07T16:53:20.2103380Z In file included from ./score/mw/com/impl/i_service_discovery_client.h:16:
2026-10-07T16:53:20.2105361Z In file included from ./score/mw/com/impl/enriched_instance_identifier.h:17:
2026-10-07T16:53:20.2107533Z In file included from ./score/mw/com/impl/handle_type.h:18:
2026-10-07T16:53:20.2108970Z In file included from ./score/mw/com/impl/instance_identifier.h:16:
2026-10-07T16:53:20.2112592Z ./score/mw/com/impl/com_error.h:186:65: warning: 'kServiceInstanceAlreadyOffered' is deprecated: Value has never been used. Calls to OfferService shall be idempotent. [-Wdeprecated-declarations]
2026-10-07T16:53:20.2115334Z   186 |             case static_cast<score::result::ErrorCode>(ComErrc::kServiceInstanceAlreadyOffered):
2026-10-07T16:53:20.2116852Z       |                                                                 ^
2026-10-07T16:53:20.2119015Z ./score/mw/com/impl/com_error.h:58:11: note: 'kServiceInstanceAlreadyOffered' has been explicitly marked deprecated here
2026-10-07T16:53:20.2122328Z    58 |         [[deprecated("Value has never been used. Calls to OfferService shall be idempotent.")]],
2026-10-07T16:53:20.2123450Z       |           ^
2026-10-07T16:53:20.2124143Z 1 warning generated.
2026-10-07T16:53:21.9673099Z INFO: From Compiling score/mw/com/gateway/transport_layer/transport_factory.cpp:
2026-10-07T16:53:21.9723045Z In file included from score/mw/com/gateway/transport_layer/transport_factory.cpp:13:
2026-10-07T16:53:21.9782859Z In file included from ./score/mw/com/gateway/transport_layer/transport_factory.h:16:
2026-10-07T16:53:21.9804068Z In file included from ./score/mw/com/gateway/gateway_application/gateway_core.h:16:
2026-10-07T16:53:21.9852721Z In file included from ./score/mw/com/gateway/transport_layer/transport.h:17:
2026-10-07T16:53:21.9872295Z In file included from ./score/mw/com/types.h:24:
2026-10-07T16:53:21.9912487Z In file included from ./score/mw/com/impl/generic_proxy.h:18:
2026-10-07T16:53:21.9942415Z In file included from ./score/mw/com/impl/generic_proxy_event.h:18:
2026-10-07T16:53:21.9943570Z In file included from ./score/mw/com/impl/proxy_base.h:18:
2026-10-07T16:53:21.9973017Z In file included from ./score/mw/com/impl/handle_type.h:18:
2026-10-07T16:53:22.0002581Z In file included from ./score/mw/com/impl/instance_identifier.h:16:
2026-10-07T16:53:22.0033874Z ./score/mw/com/impl/com_error.h:186:65: warning: 'kServiceInstanceAlreadyOffered' is deprecated: Value has never been used. Calls to OfferService shall be idempotent. [-Wdeprecated-declarations]
2026-10-07T16:53:22.0036360Z   186 |             case static_cast<score::result::ErrorCode>(ComErrc::kServiceInstanceAlreadyOffered):
2026-10-07T16:53:22.0062317Z       |                                                                 ^
2026-10-07T16:53:22.0093018Z ./score/mw/com/impl/com_error.h:58:11: note: 'kServiceInstanceAlreadyOffered' has been explicitly marked deprecated here
2026-10-07T16:53:22.0109965Z    58 |         [[deprecated("Value has never been used. Calls to OfferService shall be idempotent.")]],
2026-10-07T16:53:22.0111700Z       |           ^
2026-10-07T16:53:22.0112836Z 1 warning generated.
2026-10-07T16:53:28.0123215Z INFO: From Compiling score/mw/com/gateway/transport_layer/sample/bidirectional_transport.cpp:
2026-10-07T16:53:28.0152865Z In file included from score/mw/com/gateway/transport_layer/sample/bidirectional_transport.cpp:13:
2026-10-07T16:53:28.0212783Z In file included from ./score/mw/com/gateway/transport_layer/sample/bidirectional_transport.h:18:
2026-10-07T16:53:28.0242811Z In file included from ./score/mw/com/gateway/transport_layer/sample/i_bidirectional_transport.h:16:
2026-10-07T16:53:28.0272521Z In file included from ./score/mw/com/gateway/transport_layer/sample/messages/gateway_messages.h:17:
2026-10-07T16:53:28.0273771Z In file included from ./score/mw/com/gateway/transport_layer/transport.h:17:
2026-10-07T16:53:28.0274595Z In file included from ./score/mw/com/types.h:24:
2026-10-07T16:53:28.0275374Z In file included from ./score/mw/com/impl/generic_proxy.h:18:
2026-10-07T16:53:28.0276251Z In file included from ./score/mw/com/impl/generic_proxy_event.h:18:
2026-10-07T16:53:28.0277145Z In file included from ./score/mw/com/impl/proxy_base.h:18:
2026-10-07T16:53:28.0277936Z In file included from ./score/mw/com/impl/handle_type.h:18:
2026-10-07T16:53:28.0278804Z In file included from ./score/mw/com/impl/instance_identifier.h:16:
2026-10-07T16:53:28.0280840Z ./score/mw/com/impl/com_error.h:186:65: warning: 'kServiceInstanceAlreadyOffered' is deprecated: Value has never been used. Calls to OfferService shall be idempotent. [-Wdeprecated-declarations]
2026-10-07T16:53:28.0283352Z   186 |             case static_cast<score::result::ErrorCode>(ComErrc::kServiceInstanceAlreadyOffered):
2026-10-07T16:53:28.0284418Z       |                                                                 ^
2026-10-07T16:53:28.0285836Z ./score/mw/com/impl/com_error.h:58:11: note: 'kServiceInstanceAlreadyOffered' has been explicitly marked deprecated here
2026-10-07T16:53:28.0287389Z    58 |         [[deprecated("Value has never been used. Calls to OfferService shall be idempotent.")]],
2026-10-07T16:53:28.0288141Z       |           ^
2026-10-07T16:53:28.0288555Z 1 warning generated.
2026-10-07T16:53:28.0290061Z [6,559 / 7,543] 117 / 514 tests; Compiling score/mw/com/impl/mocking/proxy_event_mock_test.cpp; 7s disk-cache, linux-sandbox ... (4 actions, 3 running)
2026-10-07T16:53:32.8863610Z INFO: From Compiling score/mw/com/impl/bindings/lola/test/transaction_log_test_resources.cpp:
2026-10-07T16:53:32.8865988Z In file included from score/mw/com/impl/bindings/lola/test/transaction_log_test_resources.cpp:13:
2026-10-07T16:53:32.8893066Z In file included from ./score/mw/com/impl/bindings/lola/test/transaction_log_test_resources.h:16:
2026-10-07T16:53:32.8922874Z In file included from ./score/mw/com/impl/bindings/lola/test/proxy_event_test_resources.h:18:
2026-10-07T16:53:32.8924573Z In file included from ./score/mw/com/impl/bindings/lola/i_runtime.h:20:
2026-10-07T16:53:32.8952576Z In file included from ./score/mw/com/impl/i_binding_runtime.h:17:
2026-10-07T16:53:32.8982380Z In file included from ./score/mw/com/impl/i_service_discovery_client.h:16:
2026-10-07T16:53:32.9013275Z In file included from ./score/mw/com/impl/enriched_instance_identifier.h:17:
2026-10-07T16:53:32.9015126Z In file included from ./score/mw/com/impl/handle_type.h:18:
2026-10-07T16:53:32.9042671Z In file included from ./score/mw/com/impl/instance_identifier.h:16:
2026-10-07T16:53:32.9073996Z ./score/mw/com/impl/com_error.h:186:65: warning: 'kServiceInstanceAlreadyOffered' is deprecated: Value has never been used. Calls to OfferService shall be idempotent. [-Wdeprecated-declarations]
2026-10-07T16:53:32.9102897Z   186 |             case static_cast<score::result::ErrorCode>(ComErrc::kServiceInstanceAlreadyOffered):
2026-10-07T16:53:32.9132286Z       |                                                                 ^
2026-10-07T16:53:32.9134270Z ./score/mw/com/impl/com_error.h:58:11: note: 'kServiceInstanceAlreadyOffered' has been explicitly marked deprecated here
2026-10-07T16:53:32.9162848Z    58 |         [[deprecated("Value has never been used. Calls to OfferService shall be idempotent.")]],
2026-10-07T16:53:32.9192074Z       |           ^
2026-10-07T16:53:32.9222103Z 1 warning generated.
2026-10-07T16:53:33.3904368Z INFO: From Compiling score/mw/com/gateway/transport_layer/transport_mock.cpp:
2026-10-07T16:53:33.3933252Z In file included from score/mw/com/gateway/transport_layer/transport_mock.cpp:14:
2026-10-07T16:53:33.3962628Z In file included from ./score/mw/com/gateway/transport_layer/transport_mock.h:16:
2026-10-07T16:53:33.3963860Z In file included from ./score/mw/com/gateway/transport_layer/transport.h:17:
2026-10-07T16:53:33.3964907Z In file included from ./score/mw/com/types.h:24:
2026-10-07T16:53:33.3965911Z In file included from ./score/mw/com/impl/generic_proxy.h:18:
2026-10-07T16:53:33.3967055Z In file included from ./score/mw/com/impl/generic_proxy_event.h:18:
2026-10-07T16:53:33.3968144Z In file included from ./score/mw/com/impl/proxy_base.h:18:
2026-10-07T16:53:33.3969231Z In file included from ./score/mw/com/impl/handle_type.h:18:
2026-10-07T16:53:33.3970419Z In file included from ./score/mw/com/impl/instance_identifier.h:16:
2026-10-07T16:53:33.3973854Z ./score/mw/com/impl/com_error.h:186:65: warning: 'kServiceInstanceAlreadyOffered' is deprecated: Value has never been used. Calls to OfferService shall be idempotent. [-Wdeprecated-declarations]
2026-10-07T16:53:33.3976673Z   186 |             case static_cast<score::result::ErrorCode>(ComErrc::kServiceInstanceAlreadyOffered):
2026-10-07T16:53:33.3978045Z       |                                                                 ^
2026-10-07T16:53:33.4002957Z ./score/mw/com/impl/com_error.h:58:11: note: 'kServiceInstanceAlreadyOffered' has been explicitly marked deprecated here
2026-10-07T16:53:33.4032782Z    58 |         [[deprecated("Value has never been used. Calls to OfferService shall be idempotent.")]],
2026-10-07T16:53:33.4062212Z       |           ^
2026-10-07T16:53:33.4082078Z 1 warning generated.
2026-10-07T16:53:35.4351571Z INFO: From Compiling score/mw/com/impl/mocking/proxy_event_mock_test.cpp:
2026-10-07T16:53:35.4362580Z In file included from score/mw/com/impl/mocking/proxy_event_mock_test.cpp:15:
2026-10-07T16:53:35.4385187Z ./score/mw/com/impl/com_error.h:186:65: warning: 'kServiceInstanceAlreadyOffered' is deprecated: Value has never been used. Calls to OfferService shall be idempotent. [-Wdeprecated-declarations]
2026-10-07T16:53:35.4387975Z   186 |             case static_cast<score::result::ErrorCode>(ComErrc::kServiceInstanceAlreadyOffered):
2026-10-07T16:53:35.4389339Z       |                                                                 ^
2026-10-07T16:53:35.4391063Z ./score/mw/com/impl/com_error.h:58:11: note: 'kServiceInstanceAlreadyOffered' has been explicitly marked deprecated here
2026-10-07T16:53:35.4393011Z    58 |         [[deprecated("Value has never been used. Calls to OfferService shall be idempotent.")]],
2026-10-07T16:53:35.4393937Z       |           ^
2026-10-07T16:53:35.4394515Z 1 warning generated.
2026-10-07T16:53:38.6794599Z [6,578 / 7,544] 117 / 514 tests; Compiling score/mw/com/impl/bindings/lola/transaction_log_local_view_test.cpp; 5s disk-cache, linux-sandbox ... (4 actions, 3 running)
2026-10-07T16:53:53.0843094Z INFO: From Compiling score/mw/com/impl/bindings/lola/transaction_log_local_view_test.cpp:
2026-10-07T16:53:53.0872701Z In file included from score/mw/com/impl/bindings/lola/transaction_log_local_view_test.cpp:13:
2026-10-07T16:53:53.0925443Z In file included from ./score/mw/com/impl/bindings/lola/test/transaction_log_test_resources.h:16:
2026-10-07T16:53:53.0952858Z In file included from ./score/mw/com/impl/bindings/lola/test/proxy_event_test_resources.h:18:
2026-10-07T16:53:53.0982563Z In file included from ./score/mw/com/impl/bindings/lola/i_runtime.h:20:
2026-10-07T16:53:53.0992429Z In file included from ./score/mw/com/impl/i_binding_runtime.h:17:
2026-10-07T16:53:53.1042492Z In file included from ./score/mw/com/impl/i_service_discovery_client.h:16:
2026-10-07T16:53:53.1044055Z In file included from ./score/mw/com/impl/enriched_instance_identifier.h:17:
2026-10-07T16:53:53.1072540Z In file included from ./score/mw/com/impl/handle_type.h:18:
2026-10-07T16:53:53.1102402Z In file included from ./score/mw/com/impl/instance_identifier.h:16:
2026-10-07T16:53:53.1113849Z ./score/mw/com/impl/com_error.h:186:65: warning: 'kServiceInstanceAlreadyOffered' is deprecated: Value has never been used. Calls to OfferService shall be idempotent. [-Wdeprecated-declarations]
2026-10-07T16:53:53.1133052Z   186 |             case static_cast<score::result::ErrorCode>(ComErrc::kServiceInstanceAlreadyOffered):
2026-10-07T16:53:53.1160347Z       |                                                                 ^
2026-10-07T16:53:53.1193017Z ./score/mw/com/impl/com_error.h:58:11: note: 'kServiceInstanceAlreadyOffered' has been explicitly marked deprecated here
2026-10-07T16:53:53.1202859Z    58 |         [[deprecated("Value has never been used. Calls to OfferService shall be idempotent.")]],
2026-10-07T16:53:53.1222213Z       |           ^
2026-10-07T16:53:53.1252154Z 1 warning generated.
2026-10-07T16:53:53.1263300Z [6,588 / 7,544] 117 / 514 tests; Compiling score/mw/com/impl/service_discovery_test.cpp; 19s disk-cache, linux-sandbox ... (4 actions, 3 running)
2026-10-07T16:53:57.5958511Z INFO: From Compiling score/mw/com/impl/service_discovery_test.cpp:
2026-10-07T16:53:57.5982737Z In file included from score/mw/com/impl/service_discovery_test.cpp:13:
2026-10-07T16:53:57.6012705Z In file included from ./score/mw/com/impl/service_discovery.h:16:
2026-10-07T16:53:57.6042641Z In file included from ./score/mw/com/impl/enriched_instance_identifier.h:17:
2026-10-07T16:53:57.6072449Z In file included from ./score/mw/com/impl/handle_type.h:18:
2026-10-07T16:53:57.6073625Z In file included from ./score/mw/com/impl/instance_identifier.h:16:
2026-10-07T16:53:57.6076159Z ./score/mw/com/impl/com_error.h:186:65: warning: 'kServiceInstanceAlreadyOffered' is deprecated: Value has never been used. Calls to OfferService shall be idempotent. [-Wdeprecated-declarations]
2026-10-07T16:53:57.6078502Z   186 |             case static_cast<score::result::ErrorCode>(ComErrc::kServiceInstanceAlreadyOffered):
2026-10-07T16:53:57.6079734Z       |                                                                 ^
2026-10-07T16:53:57.6081729Z ./score/mw/com/impl/com_error.h:58:11: note: 'kServiceInstanceAlreadyOffered' has been explicitly marked deprecated here
2026-10-07T16:53:57.6083654Z    58 |         [[deprecated("Value has never been used. Calls to OfferService shall be idempotent.")]],
2026-10-07T16:53:57.6084535Z       |           ^
2026-10-07T16:53:57.6085042Z 1 warning generated.
2026-10-07T16:54:03.6753198Z INFO: From Compiling score/mw/com/impl/service_discovery_client_mock.cpp:
2026-10-07T16:54:03.6782704Z In file included from score/mw/com/impl/service_discovery_client_mock.cpp:13:
2026-10-07T16:54:03.6803032Z In file included from ./score/mw/com/impl/service_discovery_client_mock.h:16:
2026-10-07T16:54:03.6832516Z In file included from ./score/mw/com/impl/i_service_discovery_client.h:16:
2026-10-07T16:54:03.6834370Z In file included from ./score/mw/com/impl/enriched_instance_identifier.h:17:
2026-10-07T16:54:03.6835610Z In file included from ./score/mw/com/impl/handle_type.h:18:
2026-10-07T16:54:03.6836802Z In file included from ./score/mw/com/impl/instance_identifier.h:16:
2026-10-07T16:54:03.6839495Z ./score/mw/com/impl/com_error.h:186:65: warning: 'kServiceInstanceAlreadyOffered' is deprecated: Value has never been used. Calls to OfferService shall be idempotent. [-Wdeprecated-declarations]
2026-10-07T16:54:03.6842191Z   186 |             case static_cast<score::result::ErrorCode>(ComErrc::kServiceInstanceAlreadyOffered):
2026-10-07T16:54:03.6843505Z       |                                                                 ^
2026-10-07T16:54:03.6845217Z ./score/mw/com/impl/com_error.h:58:11: note: 'kServiceInstanceAlreadyOffered' has been explicitly marked deprecated here
2026-10-07T16:54:03.6847115Z    58 |         [[deprecated("Value has never been used. Calls to OfferService shall be idempotent.")]],
2026-10-07T16:54:03.6848029Z       |           ^
2026-10-07T16:54:03.6848536Z 1 warning generated.
2026-10-07T16:54:03.6910495Z [6,595 / 7,546] 117 / 514 tests; Compiling score/mw/com/impl/bindings/lola/proxy_method_handling_test.cpp; 21s disk-cache, linux-sandbox ... (4 actions, 3 running)
2026-10-07T16:54:13.7209565Z [6,599 / 7,546] 117 / 514 tests; Compiling score/mw/com/impl/bindings/lola/proxy_method_handling_test.cpp; 31s disk-cache, linux-sandbox ... (4 actions, 3 running)
2026-10-07T16:54:17.9909322Z INFO: From Compiling score/mw/com/impl/configuration/lola_service_instance_deployment_test.cpp:
2026-10-07T16:54:17.9934137Z In file included from score/mw/com/impl/configuration/lola_service_instance_deployment_test.cpp:16:
2026-10-07T16:54:17.9962653Z In file included from ./score/mw/com/impl/configuration/test/configuration_test_resources.h:26:
2026-10-07T16:54:17.9992482Z In file included from ./score/mw/com/impl/configuration/service_instance_deployment.h:17:
2026-10-07T16:54:18.0023509Z ./score/mw/com/impl/com_error.h:186:65: warning: 'kServiceInstanceAlreadyOffered' is deprecated: Value has never been used. Calls to OfferService shall be idempotent. [-Wdeprecated-declarations]
2026-10-07T16:54:18.0026026Z   186 |             case static_cast<score::result::ErrorCode>(ComErrc::kServiceInstanceAlreadyOffered):
2026-10-07T16:54:18.0052181Z       |                                                                 ^
2026-10-07T16:54:18.0076467Z ./score/mw/com/impl/com_error.h:58:11: note: 'kServiceInstanceAlreadyOffered' has been explicitly marked deprecated here
2026-10-07T16:54:18.0102554Z    58 |         [[deprecated("Value has never been used. Calls to OfferService shall be idempotent.")]],
2026-10-07T16:54:18.0118021Z       |           ^
2026-10-07T16:54:18.0131954Z 1 warning generated.
2026-10-07T16:54:24.3402169Z [6,613 / 7,550] 117 / 514 tests; Compiling score/mw/com/impl/bindings/lola/proxy_method_handling_test.cpp; 42s disk-cache, linux-sandbox ... (4 actions running)
2026-10-07T16:54:33.8223181Z INFO: From Compiling score/mw/com/impl/bindings/lola/proxy_method_handling_test.cpp:
2026-10-07T16:54:33.8292783Z In file included from score/mw/com/impl/bindings/lola/proxy_method_handling_test.cpp:15:
2026-10-07T16:54:33.8322460Z In file included from ./score/mw/com/impl/bindings/lola/proxy.h:24:
2026-10-07T16:54:33.8412485Z In file included from ./score/mw/com/impl/bindings/lola/proxy_method.h:17:
2026-10-07T16:54:33.8472413Z In file included from ./score/mw/com/impl/bindings/lola/i_runtime.h:20:
2026-10-07T16:54:33.8560893Z In file included from ./score/mw/com/impl/i_binding_runtime.h:17:
2026-10-07T16:54:33.8592407Z In file included from ./score/mw/com/impl/i_service_discovery_client.h:16:
2026-10-07T16:54:33.8652501Z In file included from ./score/mw/com/impl/enriched_instance_identifier.h:17:
2026-10-07T16:54:33.8712381Z In file included from ./score/mw/com/impl/handle_type.h:18:
2026-10-07T16:54:33.8802491Z In file included from ./score/mw/com/impl/instance_identifier.h:16:
2026-10-07T16:54:33.8863998Z ./score/mw/com/impl/com_error.h:186:65: warning: 'kServiceInstanceAlreadyOffered' is deprecated: Value has never been used. Calls to OfferService shall be idempotent. [-Wdeprecated-declarations]
2026-10-07T16:54:33.8922723Z   186 |             case static_cast<score::result::ErrorCode>(ComErrc::kServiceInstanceAlreadyOffered):
2026-10-07T16:54:33.8972418Z       |                                                                 ^
2026-10-07T16:54:33.9002996Z ./score/mw/com/impl/com_error.h:58:11: note: 'kServiceInstanceAlreadyOffered' has been explicitly marked deprecated here
2026-10-07T16:54:33.9032794Z    58 |         [[deprecated("Value has never been used. Calls to OfferService shall be idempotent.")]],
2026-10-07T16:54:33.9061459Z       |           ^
2026-10-07T16:54:33.9092059Z 1 warning generated.
2026-10-07T16:54:34.2333041Z INFO: From Compiling score/mw/com/impl/bindings/someip/test/skeleton_event_stub_test.cpp:
2026-10-07T16:54:34.2337087Z In file included from score/mw/com/impl/bindings/someip/test/skeleton_event_stub_test.cpp:13:
2026-10-07T16:54:34.2342972Z In file included from ./score/mw/com/impl/bindings/someip/skeleton_event.h:19:
2026-10-07T16:54:34.2344770Z In file included from ./score/mw/com/impl/bindings/someip/skeleton.h:21:
2026-10-07T16:54:34.2346276Z In file included from ./score/mw/com/impl/instance_identifier.h:16:
2026-10-07T16:54:34.2349106Z ./score/mw/com/impl/com_error.h:186:65: warning: 'kServiceInstanceAlreadyOffered' is deprecated: Value has never been used. Calls to OfferService shall be idempotent. [-Wdeprecated-declarations]
2026-10-07T16:54:34.2351880Z   186 |             case static_cast<score::result::ErrorCode>(ComErrc::kServiceInstanceAlreadyOffered):
2026-10-07T16:54:34.2353378Z       |                                                                 ^
2026-10-07T16:54:34.2355272Z ./score/mw/com/impl/com_error.h:58:11: note: 'kServiceInstanceAlreadyOffered' has been explicitly marked deprecated here
2026-10-07T16:54:34.2357328Z    58 |         [[deprecated("Value has never been used. Calls to OfferService shall be idempotent.")]],
2026-10-07T16:54:34.2358475Z       |           ^
2026-10-07T16:54:34.2359144Z 1 warning generated.
2026-10-07T16:54:34.6723898Z [6,624 / 7,553] 117 / 514 tests; Compiling score/mw/com/impl/skeleton_base_test.cpp; 16s disk-cache, linux-sandbox ... (4 actions, 3 running)
2026-10-07T16:54:40.3876540Z INFO: From Compiling score/mw/com/impl/skeleton_base_test.cpp:
2026-10-07T16:54:40.3904927Z In file included from score/mw/com/impl/skeleton_base_test.cpp:13:
2026-10-07T16:54:40.3932397Z In file included from ./score/mw/com/impl/skeleton_base.h:17:
2026-10-07T16:54:40.3960454Z In file included from ./score/mw/com/impl/instance_identifier.h:16:
2026-10-07T16:54:40.3994042Z ./score/mw/com/impl/com_error.h:186:65: warning: 'kServiceInstanceAlreadyOffered' is deprecated: Value has never been used. Calls to OfferService shall be idempotent. [-Wdeprecated-declarations]
2026-10-07T16:54:40.3996486Z   186 |             case static_cast<score::result::ErrorCode>(ComErrc::kServiceInstanceAlreadyOffered):
2026-10-07T16:54:40.4022284Z       |                                                                 ^
2026-10-07T16:54:40.4046774Z ./score/mw/com/impl/com_error.h:58:11: note: 'kServiceInstanceAlreadyOffered' has been explicitly marked deprecated here
2026-10-07T16:54:40.4072614Z    58 |         [[deprecated("Value has never been used. Calls to OfferService shall be idempotent.")]],
2026-10-07T16:54:40.4102302Z       |           ^
2026-10-07T16:54:40.4102992Z 1 warning generated.
2026-10-07T16:54:45.9909592Z INFO: From Compiling score/mw/com/impl/plumbing/i_skeleton_method_binding_factory.cpp:
2026-10-07T16:54:45.9942869Z In file included from score/mw/com/impl/plumbing/i_skeleton_method_binding_factory.cpp:13:
2026-10-07T16:54:45.9972738Z In file included from ./score/mw/com/impl/plumbing/i_skeleton_method_binding_factory.h:16:
2026-10-07T16:54:46.0012219Z In file included from ./score/mw/com/impl/handle_type.h:18:
2026-10-07T16:54:46.0036568Z In file included from ./score/mw/com/impl/instance_identifier.h:16:
2026-10-07T16:54:46.0065013Z ./score/mw/com/impl/com_error.h:186:65: warning: 'kServiceInstanceAlreadyOffered' is deprecated: Value has never been used. Calls to OfferService shall be idempotent. [-Wdeprecated-declarations]
2026-10-07T16:54:46.0085898Z   186 |             case static_cast<score::result::ErrorCode>(ComErrc::kServiceInstanceAlreadyOffered):
2026-10-07T16:54:46.0102252Z       |                                                                 ^
2026-10-07T16:54:46.0132925Z ./score/mw/com/impl/com_error.h:58:11: note: 'kServiceInstanceAlreadyOffered' has been explicitly marked deprecated here
2026-10-07T16:54:46.0134628Z    58 |         [[deprecated("Value has never been used. Calls to OfferService shall be idempotent.")]],
2026-10-07T16:54:46.0135160Z       |           ^
2026-10-07T16:54:46.0135436Z 1 warning generated.
2026-10-07T16:54:46.0136608Z [6,655 / 7,561] 117 / 514 tests; Compiling score/mw/com/impl/bindings/lola/messaging/message_passing_service_instance_test.cpp; 3s disk-cache, linux-sandbox ... (4 actions, 3 running)
2026-10-07T16:54:49.5668885Z INFO: From Compiling score/mw/com/impl/plumbing/skeleton_method_binding_factory_impl.cpp:
2026-10-07T16:54:49.5713068Z In file included from score/mw/com/impl/plumbing/skeleton_method_binding_factory_impl.cpp:13:
2026-10-07T16:54:49.5715025Z In file included from ./score/mw/com/impl/plumbing/skeleton_method_binding_factory_impl.h:16:
2026-10-07T16:54:49.5742371Z In file included from ./score/mw/com/impl/handle_type.h:18:
2026-10-07T16:54:49.5743505Z In file included from ./score/mw/com/impl/instance_identifier.h:16:
2026-10-07T16:54:49.5746050Z ./score/mw/com/impl/com_error.h:186:65: warning: 'kServiceInstanceAlreadyOffered' is deprecated: Value has never been used. Calls to OfferService shall be idempotent. [-Wdeprecated-declarations]
2026-10-07T16:54:49.5748371Z   186 |             case static_cast<score::result::ErrorCode>(ComErrc::kServiceInstanceAlreadyOffered):
2026-10-07T16:54:49.5749642Z       |                                                                 ^
2026-10-07T16:54:49.5751568Z ./score/mw/com/impl/com_error.h:58:11: note: 'kServiceInstanceAlreadyOffered' has been explicitly marked deprecated here
2026-10-07T16:54:49.5753423Z    58 |         [[deprecated("Value has never been used. Calls to OfferService shall be idempotent.")]],
2026-10-07T16:54:49.5754658Z       |           ^
2026-10-07T16:54:49.5755136Z 1 warning generated.
2026-10-07T16:54:51.7893374Z INFO: From Compiling score/mw/com/impl/plumbing/skeleton_method_binding_factory.cpp:
2026-10-07T16:54:51.7922970Z In file included from score/mw/com/impl/plumbing/skeleton_method_binding_factory.cpp:13:
2026-10-07T16:54:51.7926968Z In file included from ./score/mw/com/impl/plumbing/skeleton_method_binding_factory.h:16:
2026-10-07T16:54:51.7952533Z In file included from ./score/mw/com/impl/instance_identifier.h:16:
2026-10-07T16:54:51.7954735Z ./score/mw/com/impl/com_error.h:186:65: warning: 'kServiceInstanceAlreadyOffered' is deprecated: Value has never been used. Calls to OfferService shall be idempotent. [-Wdeprecated-declarations]
2026-10-07T16:54:51.7956711Z   186 |             case static_cast<score::result::ErrorCode>(ComErrc::kServiceInstanceAlreadyOffered):
2026-10-07T16:54:51.7957756Z       |                                                                 ^
2026-10-07T16:54:51.7959245Z ./score/mw/com/impl/com_error.h:58:11: note: 'kServiceInstanceAlreadyOffered' has been explicitly marked deprecated here
2026-10-07T16:54:51.7961084Z    58 |         [[deprecated("Value has never been used. Calls to OfferService shall be idempotent.")]],
2026-10-07T16:54:51.7962240Z       |           ^
2026-10-07T16:54:51.7962698Z 1 warning generated.
2026-10-07T16:54:56.1982842Z INFO: From Compiling score/mw/com/impl/methods/skeleton_method.cpp:
2026-10-07T16:54:56.2042493Z In file included from score/mw/com/impl/methods/skeleton_method.cpp:13:
2026-10-07T16:54:56.2072517Z In file included from ./score/mw/com/impl/methods/skeleton_method.h:21:
2026-10-07T16:54:56.2103114Z In file included from ./score/mw/com/impl/plumbing/skeleton_method_binding_factory.h:16:
2026-10-07T16:54:56.2155666Z In file included from ./score/mw/com/impl/instance_identifier.h:16:
2026-10-07T16:54:56.2193589Z ./score/mw/com/impl/com_error.h:186:65: warning: 'kServiceInstanceAlreadyOffered' is deprecated: Value has never been used. Calls to OfferService shall be idempotent. [-Wdeprecated-declarations]
2026-10-07T16:54:56.2222938Z   186 |             case static_cast<score::result::ErrorCode>(ComErrc::kServiceInstanceAlreadyOffered):
2026-10-07T16:54:56.2282366Z       |                                                                 ^
2026-10-07T16:54:56.2284164Z ./score/mw/com/impl/com_error.h:58:11: note: 'kServiceInstanceAlreadyOffered' has been explicitly marked deprecated here
2026-10-07T16:54:56.2342790Z    58 |         [[deprecated("Value has never been used. Calls to OfferService shall be idempotent.")]],
2026-10-07T16:54:56.2372028Z       |           ^
2026-10-07T16:54:56.2402117Z 1 warning generated.
2026-10-07T16:54:56.2453783Z [6,681 / 7,562] 117 / 514 tests; Compiling score/mw/com/impl/bindings/lola/messaging/message_passing_service_instance_test.cpp; 13s disk-cache, linux-sandbox ... (4 actions, 3 running)
2026-10-07T16:55:01.1562913Z INFO: From Running dependable-element validation: mw_com_index:
2026-10-07T16:55:01.1592970Z [2026-10-07T16:55:01Z WARN  validation_cli::report] Verification FAILED (29 error(s)):
2026-10-07T16:55:01.1612352Z     
2026-10-07T16:55:01.1642977Z       [1] [Naming] Component "binding_independent" from the PlantUML component diagram not found in Bazel.
2026-10-07T16:55:01.1662356Z       Alias                 : "binding_independent"
2026-10-07T16:55:01.1680750Z       Parent                : (top-level)
2026-10-07T16:55:01.1713090Z       Component source file : "score/mw/com/dependability/software_architectural_design/static_design/binding_independent.puml"
2026-10-07T16:55:01.1714361Z       Component source line : 16
2026-10-07T16:55:01.1716221Z       Fix                   : Add the corresponding Bazel component definition for "binding_independent", or remove it from the PlantUML component diagram.
2026-10-07T16:55:01.1717225Z     
2026-10-07T16:55:01.1718386Z       [2] [Naming] Component "binding_independent" from the PlantUML component diagram not found in Bazel.
2026-10-07T16:55:01.1719889Z       Alias                 : "binding_independent"
2026-10-07T16:55:01.1720590Z       Parent                : mw_com
2026-10-07T16:55:01.1722429Z       Component source file : "score/mw/com/dependability/software_architectural_design/static_design/overall.puml"
2026-10-07T16:55:01.1723519Z       Component source line : 21
2026-10-07T16:55:01.1725362Z       Fix                   : Add the corresponding Bazel component definition for "binding_independent", or remove it from the PlantUML component diagram.
2026-10-07T16:55:01.1726417Z     
2026-10-07T16:55:01.1727752Z       [3] [Naming] Component "lola_binding" from the PlantUML component diagram not found in Bazel.
2026-10-07T16:55:01.1752110Z       Alias                 : "lola_binding"
2026-10-07T16:55:01.1772250Z       Parent                : (top-level)
2026-10-07T16:55:01.1813006Z       Component source file : "score/mw/com/dependability/software_architectural_design/static_design/lola_binding.puml"
2026-10-07T16:55:01.1842020Z       Component source line : 16
2026-10-07T16:55:01.1873314Z       Fix                   : Add the corresponding Bazel component definition for "lola_binding", or remove it from the PlantUML component diagram.
2026-10-07T16:55:01.1901833Z     
2026-10-07T16:55:01.1942757Z       [4] [Naming] Component "lola_binding" from the PlantUML component diagram not found in Bazel.
2026-10-07T16:55:01.1962771Z       Alias                 : "lola_binding"
2026-10-07T16:55:01.1982214Z       Parent                : mw_com
2026-10-07T16:55:01.2013052Z       Component source file : "score/mw/com/dependability/software_architectural_design/static_design/overall.puml"
2026-10-07T16:55:01.2062059Z       Component source line : 22
2026-10-07T16:55:01.2082518Z       Fix                   : Add the corresponding Bazel component definition for "lola_binding", or remove it from the PlantUML component diagram.
2026-10-07T16:55:01.2112720Z     
2026-10-07T16:55:01.2182762Z       [5] [Naming] Component "mock_binding" from the PlantUML component diagram not found in Bazel.
2026-10-07T16:55:01.2211962Z       Alias                 : "mock_binding"
2026-10-07T16:55:01.2242219Z       Parent                : (top-level)
2026-10-07T16:55:01.2253620Z       Component source file : "score/mw/com/dependability/software_architectural_design/static_design/mock_binding.puml"
2026-10-07T16:55:01.2283287Z       Component source line : 16
2026-10-07T16:55:01.2324109Z       Fix                   : Add the corresponding Bazel component definition for "mock_binding", or remove it from the PlantUML component diagram.
2026-10-07T16:55:01.2352905Z     
2026-10-07T16:55:01.2372742Z       [6] [Naming] Component "mock_binding" from the PlantUML component diagram not found in Bazel.
2026-10-07T16:55:01.2373858Z       Alias                 : "mock_binding"
2026-10-07T16:55:01.2374524Z       Parent                : mw_com
2026-10-07T16:55:01.2376033Z       Component source file : "score/mw/com/dependability/software_architectural_design/static_design/overall.puml"
2026-10-07T16:55:01.2377152Z       Component source line : 23
2026-10-07T16:55:01.2378968Z       Fix                   : Add the corresponding Bazel component definition for "mock_binding", or remove it from the PlantUML component diagram.
2026-10-07T16:55:01.2380068Z     
2026-10-07T16:55:01.2402030Z       [7] [Naming] Unit "binding_independent_generic_proxy_and_service_elements" from the PlantUML component diagram not found in Bazel.
2026-10-07T16:55:01.2403610Z       Alias                 : "binding_independent_generic_proxy_and_service_elements"
2026-10-07T16:55:01.2404582Z       Parent                : binding_independent
2026-10-07T16:55:01.2406133Z       Component source file : "score/mw/com/dependability/software_architectural_design/static_design/binding_independent.puml"
2026-10-07T16:55:01.2407249Z       Component source line : 27
2026-10-07T16:55:01.2409353Z       Fix                   : Add the corresponding Bazel unit definition for "binding_independent_generic_proxy_and_service_elements", or remove it from the PlantUML component diagram.
2026-10-07T16:55:01.2410843Z     
2026-10-07T16:55:01.2412792Z       [8] [Naming] Unit "binding_independent_generic_skeleton_and_service_elements" from the PlantUML component diagram not found in Bazel.
2026-10-07T16:55:01.2414529Z       Alias                 : "binding_independent_generic_skeleton_and_service_elements"
2026-10-07T16:55:01.2415502Z       Parent                : binding_independent
2026-10-07T16:55:01.2417260Z       Component source file : "score/mw/com/dependability/software_architectural_design/static_design/binding_independent.puml"
2026-10-07T16:55:01.2418462Z       Component source line : 25
2026-10-07T16:55:01.2420619Z       Fix                   : Add the corresponding Bazel unit definition for "binding_independent_generic_skeleton_and_service_elements", or remove it from the PlantUML component diagram.
2026-10-07T16:55:01.2442896Z     
2026-10-07T16:55:01.2444173Z       [9] [Naming] Unit "binding_independent_mocks" from the PlantUML component diagram not found in Bazel.
2026-10-07T16:55:01.2445390Z       Alias                 : "binding_independent_mocks"
2026-10-07T16:55:01.2446239Z       Parent                : binding_independent
2026-10-07T16:55:01.2447956Z       Component source file : "score/mw/com/dependability/software_architectural_design/static_design/binding_independent.puml"
2026-10-07T16:55:01.2449244Z       Component source line : 18
2026-10-07T16:55:01.2451144Z       Fix                   : Add the corresponding Bazel unit definition for "binding_independent_mocks", or remove it from the PlantUML component diagram.
2026-10-07T16:55:01.2452521Z     
2026-10-07T16:55:01.2454258Z       [10] [Naming] Unit "binding_independent_proxy_and_service_elements" from the PlantUML component diagram not found in Bazel.
2026-10-07T16:55:01.2455822Z       Alias                 : "binding_independent_proxy_and_service_elements"
2026-10-07T16:55:01.2456776Z       Parent                : binding_independent
2026-10-07T16:55:01.2458411Z       Component source file : "score/mw/com/dependability/software_architectural_design/static_design/binding_independent.puml"
2026-10-07T16:55:01.2459632Z       Component source line : 23
2026-10-07T16:55:01.2462012Z       Fix                   : Add the corresponding Bazel unit definition for "binding_independent_proxy_and_service_elements", or remove it from the PlantUML component diagram.
2026-10-07T16:55:01.2463266Z     
2026-10-07T16:55:01.2464590Z       [11] [Naming] Unit "binding_independent_runtime" from the PlantUML component diagram not found in Bazel.
2026-10-07T16:55:01.2465861Z       Alias                 : "binding_independent_runtime"
2026-10-07T16:55:01.2466706Z       Parent                : binding_independent
2026-10-07T16:55:01.2468385Z       Component source file : "score/mw/com/dependability/software_architectural_design/static_design/binding_independent.puml"
2026-10-07T16:55:01.2469599Z       Component source line : 19
2026-10-07T16:55:01.2512862Z       Fix                   : Add the corresponding Bazel unit definition for "binding_independent_runtime", or remove it from the PlantUML component diagram.
2026-10-07T16:55:01.2514229Z     
2026-10-07T16:55:01.2515798Z       [12] [Naming] Unit "binding_independent_service_discovery" from the PlantUML component diagram not found in Bazel.
2026-10-07T16:55:01.2517191Z       Alias                 : "binding_independent_service_discovery"
2026-10-07T16:55:01.2518207Z       Parent                : binding_independent
2026-10-07T16:55:01.2519895Z       Component source file : "score/mw/com/dependability/software_architectural_design/static_design/binding_independent.puml"
2026-10-07T16:55:01.2521116Z       Component source line : 17
2026-10-07T16:55:01.2523535Z       Fix                   : Add the corresponding Bazel unit definition for "binding_independent_service_discovery", or remove it from the PlantUML component diagram.
2026-10-07T16:55:01.2524653Z     
2026-10-07T16:55:01.2526057Z       [13] [Naming] Unit "binding_independent_skeleton_and_service_elements" from the PlantUML component diagram not found in Bazel.
2026-10-07T16:55:01.2527884Z       Alias                 : "binding_independent_skeleton_and_service_elements"
2026-10-07T16:55:01.2528819Z       Parent                : binding_independent
2026-10-07T16:55:01.2530500Z       Component source file : "score/mw/com/dependability/software_architectural_design/static_design/binding_independent.puml"
2026-10-07T16:55:01.2531997Z       Component source line : 21
2026-10-07T16:55:01.2534191Z       Fix                   : Add the corresponding Bazel unit definition for "binding_independent_skeleton_and_service_elements", or remove it from the PlantUML component diagram.
2026-10-07T16:55:01.2535460Z     
2026-10-07T16:55:01.2536715Z       [14] [Naming] Unit "lola_event_data_control" from the PlantUML component diagram not found in Bazel.
2026-10-07T16:55:01.2537885Z       Alias                 : "lola_event_data_control"
2026-10-07T16:55:01.2538638Z       Parent                : lola_binding
2026-10-07T16:55:01.2540231Z       Component source file : "score/mw/com/dependability/software_architectural_design/static_design/lola_binding.puml"
2026-10-07T16:55:01.2562384Z       Component source line : 21
2026-10-07T16:55:01.2564343Z       Fix                   : Add the corresponding Bazel unit definition for "lola_event_data_control", or remove it from the PlantUML component diagram.
2026-10-07T16:55:01.2565645Z     
2026-10-07T16:55:01.2566940Z       [15] [Naming] Unit "lola_message_passing_service" from the PlantUML component diagram not found in Bazel.
2026-10-07T16:55:01.2568336Z       Alias                 : "lola_message_passing_service"
2026-10-07T16:55:01.2569135Z       Parent                : lola_binding
2026-10-07T16:55:01.2571005Z       Component source file : "score/mw/com/dependability/software_architectural_design/static_design/lola_binding.puml"
2026-10-07T16:55:01.2572648Z       Component source line : 22
2026-10-07T16:55:01.2574440Z       Fix                   : Add the corresponding Bazel unit definition for "lola_message_passing_service", or remove it from the PlantUML component diagram.
2026-10-07T16:55:01.2575513Z     
2026-10-07T16:55:01.2576723Z       [16] [Naming] Unit "lola_method_data_control" from the PlantUML component diagram not found in Bazel.
2026-10-07T16:55:01.2577911Z       Alias                 : "lola_method_data_control"
2026-10-07T16:55:01.2578693Z       Parent                : lola_binding
2026-10-07T16:55:01.2580347Z       Component source file : "score/mw/com/dependability/software_architectural_design/static_design/lola_binding.puml"
2026-10-07T16:55:01.2581859Z       Component source line : 20
2026-10-07T16:55:01.2583962Z       Fix                   : Add the corresponding Bazel unit definition for "lola_method_data_control", or remove it from the PlantUML component diagram.
2026-10-07T16:55:01.2585228Z     
2026-10-07T16:55:01.2586421Z       [17] [Naming] Unit "lola_partial_restart" from the PlantUML component diagram not found in Bazel.
2026-10-07T16:55:01.2587896Z       Alias                 : "lola_partial_restart"
2026-10-07T16:55:01.2588642Z       Parent                : lola_binding
2026-10-07T16:55:01.2590390Z       Component source file : "score/mw/com/dependability/software_architectural_design/static_design/lola_binding.puml"
2026-10-07T16:55:01.2612242Z       Component source line : 19
2026-10-07T16:55:01.2614176Z       Fix                   : Add the corresponding Bazel unit definition for "lola_partial_restart", or remove it from the PlantUML component diagram.
2026-10-07T16:55:01.2615396Z     
2026-10-07T16:55:01.2616986Z       [18] [Naming] Unit "lola_proxy_and_service_elements" from the PlantUML component diagram not found in Bazel.
2026-10-07T16:55:01.2618542Z       Alias                 : "lola_proxy_and_service_elements"
2026-10-07T16:55:01.2619392Z       Parent                : lola_binding
2026-10-07T16:55:01.2621162Z       Component source file : "score/mw/com/dependability/software_architectural_design/static_design/lola_binding.puml"
2026-10-07T16:55:01.2643038Z       Component source line : 26
2026-10-07T16:55:01.2645130Z       Fix                   : Add the corresponding Bazel unit definition for "lola_proxy_and_service_elements", or remove it from the PlantUML component diagram.
2026-10-07T16:55:01.2646406Z     
2026-10-07T16:55:01.2647495Z       [19] [Naming] Unit "lola_runtime" from the PlantUML component diagram not found in Bazel.
2026-10-07T16:55:01.2648724Z       Alias                 : "lola_runtime"
2026-10-07T16:55:01.2649677Z       Parent                : lola_binding
2026-10-07T16:55:01.2652127Z       Component source file : "score/mw/com/dependability/software_architectural_design/static_design/lola_binding.puml"
2026-10-07T16:55:01.2653559Z       Component source line : 18
2026-10-07T16:55:01.2655645Z       Fix                   : Add the corresponding Bazel unit definition for "lola_runtime", or remove it from the PlantUML component diagram.
2026-10-07T16:55:01.2656631Z     
2026-10-07T16:55:01.2657974Z       [20] [Naming] Unit "lola_service_discovery" from the PlantUML component diagram not found in Bazel.
2026-10-07T16:55:01.2659286Z       Alias                 : "lola_service_discovery"
2026-10-07T16:55:01.2660189Z       Parent                : lola_binding
2026-10-07T16:55:01.2692273Z       Component source file : "score/mw/com/dependability/software_architectural_design/static_design/lola_binding.puml"
2026-10-07T16:55:01.2693511Z       Component source line : 17
2026-10-07T16:55:01.2695698Z       Fix                   : Add the corresponding Bazel unit definition for "lola_service_discovery", or remove it from the PlantUML component diagram.
2026-10-07T16:55:01.2696902Z     
2026-10-07T16:55:01.2698639Z       [21] [Naming] Unit "lola_skeleton_and_service_elements" from the PlantUML component diagram not found in Bazel.
2026-10-07T16:55:01.2700136Z       Alias                 : "lola_skeleton_and_service_elements"
2026-10-07T16:55:01.2700939Z       Parent                : lola_binding
2026-10-07T16:55:01.2702956Z       Component source file : "score/mw/com/dependability/software_architectural_design/static_design/lola_binding.puml"
2026-10-07T16:55:01.2704337Z       Component source line : 24
2026-10-07T16:55:01.2706536Z       Fix                   : Add the corresponding Bazel unit definition for "lola_skeleton_and_service_elements", or remove it from the PlantUML component diagram.
2026-10-07T16:55:01.2707814Z     
2026-10-07T16:55:01.2709462Z       [22] [Naming] Unit "mock_binding_generic_proxy_and_service_elements" from the PlantUML component diagram not found in Bazel.
2026-10-07T16:55:01.2711283Z       Alias                 : "mock_binding_generic_proxy_and_service_elements"
2026-10-07T16:55:01.2713300Z       Parent                : mock_binding
2026-10-07T16:55:01.2715316Z       Component source file : "score/mw/com/dependability/software_architectural_design/static_design/mock_binding.puml"
2026-10-07T16:55:01.2716717Z       Component source line : 23
2026-10-07T16:55:01.2719059Z       Fix                   : Add the corresponding Bazel unit definition for "mock_binding_generic_proxy_and_service_elements", or remove it from the PlantUML component diagram.
2026-10-07T16:55:01.2720469Z     
2026-10-07T16:55:01.2733330Z       [23] [Naming] Unit "mock_binding_generic_skeleton_and_service_elements" from the PlantUML component diagram not found in Bazel.
2026-10-07T16:55:01.2735042Z       Alias                 : "mock_binding_generic_skeleton_and_service_elements"
2026-10-07T16:55:01.2735910Z       Parent                : mock_binding
2026-10-07T16:55:01.2737827Z       Component source file : "score/mw/com/dependability/software_architectural_design/static_design/mock_binding.puml"
2026-10-07T16:55:01.2739071Z       Component source line : 21
2026-10-07T16:55:01.2741885Z       Fix                   : Add the corresponding Bazel unit definition for "mock_binding_generic_skeleton_and_service_elements", or remove it from the PlantUML component diagram.
2026-10-07T16:55:01.2743513Z     
2026-10-07T16:55:01.2745076Z       [24] [Naming] Unit "mock_binding_proxy_and_service_elements" from the PlantUML component diagram not found in Bazel.
2026-10-07T16:55:01.2747006Z       Alias                 : "mock_binding_proxy_and_service_elements"
2026-10-07T16:55:01.2747968Z       Parent                : mock_binding
2026-10-07T16:55:01.2749722Z       Component source file : "score/mw/com/dependability/software_architectural_design/static_design/mock_binding.puml"
2026-10-07T16:55:01.2751123Z       Component source line : 19
2026-10-07T16:55:01.2753632Z       Fix                   : Add the corresponding Bazel unit definition for "mock_binding_proxy_and_service_elements", or remove it from the PlantUML component diagram.
2026-10-07T16:55:01.2755014Z     
2026-10-07T16:55:01.2756680Z       [25] [Naming] Unit "mock_binding_skeleton_and_service_elements" from the PlantUML component diagram not found in Bazel.
2026-10-07T16:55:01.2758462Z       Alias                 : "mock_binding_skeleton_and_service_elements"
2026-10-07T16:55:01.2759341Z       Parent                : mock_binding
2026-10-07T16:55:01.2761263Z       Component source file : "score/mw/com/dependability/software_architectural_design/static_design/mock_binding.puml"
2026-10-07T16:55:01.2793072Z       Component source line : 17
2026-10-07T16:55:01.2795282Z       Fix                   : Add the corresponding Bazel unit definition for "mock_binding_skeleton_and_service_elements", or remove it from the PlantUML component diagram.
2026-10-07T16:55:01.2796609Z     
2026-10-07T16:55:01.2797856Z       [26] [Naming] Unit "mw_com_binding_factories" from the PlantUML component diagram not found in Bazel.
2026-10-07T16:55:01.2799245Z       Alias                 : "mw_com_binding_factories"
2026-10-07T16:55:01.2800114Z       Parent                : mw_com
2026-10-07T16:55:01.2802157Z       Component source file : "score/mw/com/dependability/software_architectural_design/static_design/overall.puml"
2026-10-07T16:55:01.2803496Z       Component source line : 18
2026-10-07T16:55:01.2805530Z       Fix                   : Add the corresponding Bazel unit definition for "mw_com_binding_factories", or remove it from the PlantUML component diagram.
2026-10-07T16:55:01.2806833Z     
2026-10-07T16:55:01.2808355Z       [27] [Naming] Unit "mw_com_configuration" from the PlantUML component diagram not found in Bazel.
2026-10-07T16:55:01.2809720Z       Alias                 : "mw_com_configuration"
2026-10-07T16:55:01.2810444Z       Parent                : mw_com
2026-10-07T16:55:01.2812517Z       Component source file : "score/mw/com/dependability/software_architectural_design/static_design/overall.puml"
2026-10-07T16:55:01.2813874Z       Component source line : 17
2026-10-07T16:55:01.2815964Z       Fix                   : Add the corresponding Bazel unit definition for "mw_com_configuration", or remove it from the PlantUML component diagram.
2026-10-07T16:55:01.2817031Z     
2026-10-07T16:55:01.2818363Z       [28] [Naming] Unit "mw_com_tracing" from the PlantUML component diagram not found in Bazel.
2026-10-07T16:55:01.2819641Z       Alias                 : "mw_com_tracing"
2026-10-07T16:55:01.2820529Z       Parent                : mw_com
2026-10-07T16:55:01.2852715Z       Component source file : "score/mw/com/dependability/software_architectural_design/static_design/overall.puml"
2026-10-07T16:55:01.2853955Z       Component source line : 19
2026-10-07T16:55:01.2856100Z       Fix                   : Add the corresponding Bazel unit definition for "mw_com_tracing", or remove it from the PlantUML component diagram.
2026-10-07T16:55:01.2857172Z     
2026-10-07T16:55:01.2858130Z       [29] Empty dependable element in Bazel build graph:
2026-10-07T16:55:01.2858843Z     Alias          : "mw_com"
2026-10-07T16:55:01.2859559Z     Bazel label    : mw_com
2026-10-07T16:55:01.2861909Z     Required       : A dependable element must decompose into at least one nested unit or component; add one or remove the empty dependable element
2026-10-07T16:55:01.2863772Z INFO: From Processing root cause FTA diagrams for mw_com_safety_analysis:
2026-10-07T16:55:01.2867194Z [2026-10-07T16:55:01Z WARN  puml_fta] FTA map_containing_nonexistent_events_fta.puml: failure mode(s) ["Communication.MapContainingNonexistentEvents"] have no root cause; they stay uncovered in the traceability report
2026-10-07T16:55:01.2871599Z [2026-10-07T16:55:01Z WARN  puml_fta] FTA sends_to_wrong_consumer_fta.puml: failure mode(s) ["Communication.SendingEventSendsToWrongConsumer"] have no root cause; they stay uncovered in the traceability report
2026-10-07T16:55:04.3797128Z INFO: From lobster-trlc bazel-out/k8-fastbuild-tsan/bin/score/mw/com/dependability/safety_analysis/mw_com_safety_analysis/safetymeasures.lobster:
2026-10-07T16:55:04.3800028Z lobster-trlc: wrote 37 items to bazel-out/k8-fastbuild-tsan/bin/score/mw/com/dependability/safety_analysis/mw_com_safety_analysis/safetymeasures.lobster
2026-10-07T16:55:05.0913814Z INFO: From lobster-trlc bazel-out/k8-fastbuild-tsan/bin/score/mw/com/dependability/safety_analysis/mw_com_safety_analysis/fta_root_causes.lobster:
2026-10-07T16:55:05.0916646Z lobster-trlc: wrote 150 items to bazel-out/k8-fastbuild-tsan/bin/score/mw/com/dependability/safety_analysis/mw_com_safety_analysis/fta_root_causes.lobster
2026-10-07T16:55:05.8718464Z INFO: From lobster-rst-report (pages) mw_com_index:
2026-10-07T16:55:05.8720422Z LOBSTER RST report written to bazel-out/k8-fastbuild-tsan/bin/score/mw/com/dependability/mw_com_index/traceability_report/ (5 files)
2026-10-07T16:55:07.6093929Z [6,719 / 7,564] 117 / 514 tests; Compiling score/memory/shared/shared_memory_factory_test.cpp; 23s disk-cache, linux-sandbox ... (4 actions, 3 running)
2026-10-07T16:55:15.2902863Z INFO: From Compiling score/mw/com/impl/bindings/lola/runtime_test.cpp:
2026-10-07T16:55:15.2904503Z In file included from score/mw/com/impl/bindings/lola/runtime_test.cpp:13:
2026-10-07T16:55:15.2962378Z In file included from ./score/mw/com/impl/bindings/lola/runtime.h:16:
2026-10-07T16:55:15.3012481Z In file included from ./score/mw/com/impl/bindings/lola/i_runtime.h:20:
2026-10-07T16:55:15.3013668Z In file included from ./score/mw/com/impl/i_binding_runtime.h:17:
2026-10-07T16:55:15.3014855Z In file included from ./score/mw/com/impl/i_service_discovery_client.h:16:
2026-10-07T16:55:15.3016179Z In file included from ./score/mw/com/impl/enriched_instance_identifier.h:17:
2026-10-07T16:55:15.3017235Z In file included from ./score/mw/com/impl/handle_type.h:18:
2026-10-07T16:55:15.3018262Z In file included from ./score/mw/com/impl/instance_identifier.h:16:
2026-10-07T16:55:15.3020681Z ./score/mw/com/impl/com_error.h:186:65: warning: 'kServiceInstanceAlreadyOffered' is deprecated: Value has never been used. Calls to OfferService shall be idempotent. [-Wdeprecated-declarations]
2026-10-07T16:55:15.3023100Z   186 |             case static_cast<score::result::ErrorCode>(ComErrc::kServiceInstanceAlreadyOffered):
2026-10-07T16:55:15.3024295Z       |                                                                 ^
2026-10-07T16:55:15.3025857Z ./score/mw/com/impl/com_error.h:58:11: note: 'kServiceInstanceAlreadyOffered' has been explicitly marked deprecated here
2026-10-07T16:55:15.3027650Z    58 |         [[deprecated("Value has never been used. Calls to OfferService shall be idempotent.")]],
2026-10-07T16:55:15.3028456Z       |           ^
2026-10-07T16:55:15.3028875Z 1 warning generated.
2026-10-07T16:55:22.2406745Z INFO: From Compiling score/mw/com/impl/bindings/lola/runtime_application_id_test.cpp:
2026-10-07T16:55:22.2456830Z In file included from score/mw/com/impl/bindings/lola/runtime_application_id_test.cpp:13:
2026-10-07T16:55:22.2482656Z In file included from ./score/mw/com/impl/bindings/lola/runtime.h:16:
2026-10-07T16:55:22.2504692Z In file included from ./score/mw/com/impl/bindings/lola/i_runtime.h:20:
2026-10-07T16:55:22.2532459Z In file included from ./score/mw/com/impl/i_binding_runtime.h:17:
2026-10-07T16:55:22.2533738Z In file included from ./score/mw/com/impl/i_service_discovery_client.h:16:
2026-10-07T16:55:22.2535063Z In file included from ./score/mw/com/impl/enriched_instance_identifier.h:17:
2026-10-07T16:55:22.2536646Z In file included from ./score/mw/com/impl/handle_type.h:18:
2026-10-07T16:55:22.2537883Z In file included from ./score/mw/com/impl/instance_identifier.h:16:
2026-10-07T16:55:22.2540378Z ./score/mw/com/impl/com_error.h:186:65: warning: 'kServiceInstanceAlreadyOffered' is deprecated: Value has never been used. Calls to OfferService shall be idempotent. [-Wdeprecated-declarations]
2026-10-07T16:55:22.2542893Z   186 |             case static_cast<score::result::ErrorCode>(ComErrc::kServiceInstanceAlreadyOffered):
2026-10-07T16:55:22.2544114Z       |                                                                 ^
2026-10-07T16:55:22.2545801Z ./score/mw/com/impl/com_error.h:58:11: note: 'kServiceInstanceAlreadyOffered' has been explicitly marked deprecated here
2026-10-07T16:55:22.2547660Z    58 |         [[deprecated("Value has never been used. Calls to OfferService shall be idempotent.")]],
2026-10-07T16:55:22.2548574Z       |           ^
2026-10-07T16:55:22.2549064Z 1 warning generated.
2026-10-07T16:55:22.2625329Z [6,727 / 7,568] 117 / 514 tests; Building HTML: mw_com_doc; 16s disk-cache, linux-sandbox ... (4 actions, 3 running)
2026-10-07T16:55:28.6783312Z INFO: From Compiling score/mw/com/impl/bindings/lola/transaction_log_registration_guard_test.cpp:
2026-10-07T16:55:28.6803788Z In file included from score/mw/com/impl/bindings/lola/transaction_log_registration_guard_test.cpp:17:
2026-10-07T16:55:28.6833001Z In file included from ./score/mw/com/impl/bindings/lola/test/transaction_log_test_resources.h:16:
2026-10-07T16:55:28.6862649Z In file included from ./score/mw/com/impl/bindings/lola/test/proxy_event_test_resources.h:18:
2026-10-07T16:55:28.6887929Z In file included from ./score/mw/com/impl/bindings/lola/i_runtime.h:20:
2026-10-07T16:55:28.6912849Z In file included from ./score/mw/com/impl/i_binding_runtime.h:17:
2026-10-07T16:55:28.6942727Z In file included from ./score/mw/com/impl/i_service_discovery_client.h:16:
2026-10-07T16:55:28.6944410Z In file included from ./score/mw/com/impl/enriched_instance_identifier.h:17:
2026-10-07T16:55:28.6972519Z In file included from ./score/mw/com/impl/handle_type.h:18:
2026-10-07T16:55:28.7032553Z In file included from ./score/mw/com/impl/instance_identifier.h:16:
2026-10-07T16:55:28.7093953Z ./score/mw/com/impl/com_error.h:186:65: warning: 'kServiceInstanceAlreadyOffered' is deprecated: Value has never been used. Calls to OfferService shall be idempotent. [-Wdeprecated-declarations]
2026-10-07T16:55:28.7114223Z   186 |             case static_cast<score::result::ErrorCode>(ComErrc::kServiceInstanceAlreadyOffered):
2026-10-07T16:55:28.7172463Z       |                                                                 ^
2026-10-07T16:55:28.7207034Z ./score/mw/com/impl/com_error.h:58:11: note: 'kServiceInstanceAlreadyOffered' has been explicitly marked deprecated here
2026-10-07T16:55:28.7262905Z    58 |         [[deprecated("Value has never been used. Calls to OfferService shall be idempotent.")]],
2026-10-07T16:55:28.7263856Z       |           ^
2026-10-07T16:55:28.7302019Z 1 warning generated.
2026-10-07T16:55:33.2220707Z [6,738 / 7,570] 117 / 514 tests; Building HTML: mw_com_doc; 27s disk-cache, linux-sandbox ... (4 actions, 3 running)
2026-10-07T16:55:37.1444648Z INFO: From Compiling score/mw/com/impl/skeleton_event.cpp:
2026-10-07T16:55:37.1472959Z In file included from score/mw/com/impl/skeleton_event.cpp:13:
2026-10-07T16:55:37.1502368Z In file included from ./score/mw/com/impl/skeleton_event.h:16:
2026-10-07T16:55:37.1503750Z In file included from ./score/mw/com/impl/instance_identifier.h:16:
2026-10-07T16:55:37.1534168Z ./score/mw/com/impl/com_error.h:186:65: warning: 'kServiceInstanceAlreadyOffered' is deprecated: Value has never been used. Calls to OfferService shall be idempotent. [-Wdeprecated-declarations]
2026-10-07T16:55:37.1562875Z   186 |             case static_cast<score::result::ErrorCode>(ComErrc::kServiceInstanceAlreadyOffered):
2026-10-07T16:55:37.1586509Z       |                                                                 ^
2026-10-07T16:55:37.1597815Z ./score/mw/com/impl/com_error.h:58:11: note: 'kServiceInstanceAlreadyOffered' has been explicitly marked deprecated here
2026-10-07T16:55:37.1625483Z    58 |         [[deprecated("Value has never been used. Calls to OfferService shall be idempotent.")]],
2026-10-07T16:55:37.1627036Z       |           ^
2026-10-07T16:55:37.1627729Z 1 warning generated.
2026-10-07T16:55:37.3718644Z INFO: From Compiling score/mw/com/impl/tracing/common_event_tracing_test.cpp:
2026-10-07T16:55:37.3735553Z In file included from score/mw/com/impl/tracing/common_event_tracing_test.cpp:13:
2026-10-07T16:55:37.3763437Z In file included from ./score/mw/com/impl/tracing/common_event_tracing.h:16:
2026-10-07T16:55:37.3792666Z In file included from ./score/mw/com/impl/instance_identifier.h:16:
2026-10-07T16:55:37.3821881Z ./score/mw/com/impl/com_error.h:186:65: warning: 'kServiceInstanceAlreadyOffered' is deprecated: Value has never been used. Calls to OfferService shall be idempotent. [-Wdeprecated-declarations]
2026-10-07T16:55:37.3824448Z   186 |             case static_cast<score::result::ErrorCode>(ComErrc::kServiceInstanceAlreadyOffered):
2026-10-07T16:55:37.3852257Z       |                                                                 ^
2026-10-07T16:55:37.3883301Z ./score/mw/com/impl/com_error.h:58:11: note: 'kServiceInstanceAlreadyOffered' has been explicitly marked deprecated here
2026-10-07T16:55:37.3907807Z    58 |         [[deprecated("Value has never been used. Calls to OfferService shall be idempotent.")]],
2026-10-07T16:55:37.3931954Z       |           ^
2026-10-07T16:55:37.3961946Z 1 warning generated.
2026-10-07T16:55:40.8968017Z INFO: From Compiling score/mw/com/impl/skeleton_field.cpp:
2026-10-07T16:55:40.8982050Z In file included from score/mw/com/impl/skeleton_field.cpp:13:
2026-10-07T16:55:40.9012555Z In file included from ./score/mw/com/impl/skeleton_field.h:19:
2026-10-07T16:55:40.9042516Z In file included from ./score/mw/com/impl/methods/skeleton_method.h:21:
2026-10-07T16:55:40.9072568Z In file included from ./score/mw/com/impl/plumbing/skeleton_method_binding_factory.h:16:
2026-10-07T16:55:40.9074173Z In file included from ./score/mw/com/impl/instance_identifier.h:16:
2026-10-07T16:55:40.9103768Z ./score/mw/com/impl/com_error.h:186:65: warning: 'kServiceInstanceAlreadyOffered' is deprecated: Value has never been used. Calls to OfferService shall be idempotent. [-Wdeprecated-declarations]
2026-10-07T16:55:40.9116172Z   186 |             case static_cast<score::result::ErrorCode>(ComErrc::kServiceInstanceAlreadyOffered):
2026-10-07T16:55:40.9133844Z       |                                                                 ^
2026-10-07T16:55:40.9183197Z ./score/mw/com/impl/com_error.h:58:11: note: 'kServiceInstanceAlreadyOffered' has been explicitly marked deprecated here
2026-10-07T16:55:40.9193151Z    58 |         [[deprecated("Value has never been used. Calls to OfferService shall be idempotent.")]],
2026-10-07T16:55:40.9194266Z       |           ^
2026-10-07T16:55:40.9194919Z 1 warning generated.
2026-10-07T16:55:42.3632739Z INFO: From Compiling score/mw/com/impl/traits.cpp:
2026-10-07T16:55:42.3672631Z In file included from score/mw/com/impl/traits.cpp:13:
2026-10-07T16:55:42.3692936Z In file included from ./score/mw/com/impl/traits.h:16:
2026-10-07T16:55:42.3733720Z ./score/mw/com/impl/com_error.h:186:65: warning: 'kServiceInstanceAlreadyOffered' is deprecated: Value has never been used. Calls to OfferService shall be idempotent. [-Wdeprecated-declarations]
2026-10-07T16:55:42.3802864Z   186 |             case static_cast<score::result::ErrorCode>(ComErrc::kServiceInstanceAlreadyOffered):
2026-10-07T16:55:42.3819612Z       |                                                                 ^
2026-10-07T16:55:42.3821828Z ./score/mw/com/impl/com_error.h:58:11: note: 'kServiceInstanceAlreadyOffered' has been explicitly marked deprecated here
2026-10-07T16:55:42.3823658Z    58 |         [[deprecated("Value has never been used. Calls to OfferService shall be idempotent.")]],
2026-10-07T16:55:42.3824918Z       |           ^
2026-10-07T16:55:42.3825432Z 1 warning generated.
2026-10-07T16:55:44.3448518Z [6,766 / 7,571] 117 / 514 tests; Building HTML: mw_com_doc; 38s disk-cache, linux-sandbox ... (4 actions running)
2026-10-07T16:55:45.8462833Z INFO: From Compiling score/mw/com/impl/generic_skeleton_event.cpp:
2026-10-07T16:55:45.8492578Z In file included from score/mw/com/impl/generic_skeleton_event.cpp:14:
2026-10-07T16:55:45.8522581Z ./score/mw/com/impl/com_error.h:186:65: warning: 'kServiceInstanceAlreadyOffered' is deprecated: Value has never been used. Calls to OfferService shall be idempotent. [-Wdeprecated-declarations]
2026-10-07T16:55:45.8525068Z   186 |             case static_cast<score::result::ErrorCode>(ComErrc::kServiceInstanceAlreadyOffered):
2026-10-07T16:55:45.8543380Z       |                                                                 ^
2026-10-07T16:55:45.8582830Z ./score/mw/com/impl/com_error.h:58:11: note: 'kServiceInstanceAlreadyOffered' has been explicitly marked deprecated here
2026-10-07T16:55:45.8592790Z    58 |         [[deprecated("Value has never been used. Calls to OfferService shall be idempotent.")]],
2026-10-07T16:55:45.8614475Z       |           ^
2026-10-07T16:55:45.8656509Z 1 warning generated.
2026-10-07T16:55:47.0462109Z INFO: From Compiling score/mw/com/impl/generic_skeleton.cpp:
2026-10-07T16:55:47.0522540Z In file included from score/mw/com/impl/generic_skeleton.cpp:13:
2026-10-07T16:55:47.0536476Z In file included from ./score/mw/com/impl/generic_skeleton.h:18:
2026-10-07T16:55:47.0550661Z In file included from ./score/mw/com/impl/instance_identifier.h:16:
2026-10-07T16:55:47.0554350Z ./score/mw/com/impl/com_error.h:186:65: warning: 'kServiceInstanceAlreadyOffered' is deprecated: Value has never been used. Calls to OfferService shall be idempotent. [-Wdeprecated-declarations]
2026-10-07T16:55:47.0557420Z   186 |             case static_cast<score::result::ErrorCode>(ComErrc::kServiceInstanceAlreadyOffered):
2026-10-07T16:55:47.0560084Z       |                                                                 ^
2026-10-07T16:55:47.0562635Z ./score/mw/com/impl/com_error.h:58:11: note: 'kServiceInstanceAlreadyOffered' has been explicitly marked deprecated here
2026-10-07T16:55:47.0564894Z    58 |         [[deprecated("Value has never been used. Calls to OfferService shall be idempotent.")]],
2026-10-07T16:55:47.0584952Z       |           ^
2026-10-07T16:55:47.0585737Z 1 warning generated.
2026-10-07T16:55:50.5042946Z INFO: From Compiling score/mw/com/impl/generic_proxy.cpp:
2026-10-07T16:55:50.5062565Z In file included from score/mw/com/impl/generic_proxy.cpp:14:
2026-10-07T16:55:50.5102569Z In file included from ./score/mw/com/impl/generic_proxy.h:18:
2026-10-07T16:55:50.5132553Z In file included from ./score/mw/com/impl/generic_proxy_event.h:18:
2026-10-07T16:55:50.5133660Z In file included from ./score/mw/com/impl/proxy_base.h:18:
2026-10-07T16:55:50.5152393Z In file included from ./score/mw/com/impl/handle_type.h:18:
2026-10-07T16:55:50.5182548Z In file included from ./score/mw/com/impl/instance_identifier.h:16:
2026-10-07T16:55:50.5204075Z ./score/mw/com/impl/com_error.h:186:65: warning: 'kServiceInstanceAlreadyOffered' is deprecated: Value has never been used. Calls to OfferService shall be idempotent. [-Wdeprecated-declarations]
2026-10-07T16:55:50.5222784Z   186 |             case static_cast<score::result::ErrorCode>(ComErrc::kServiceInstanceAlreadyOffered):
2026-10-07T16:55:50.5242390Z       |                                                                 ^
2026-10-07T16:55:50.5244127Z ./score/mw/com/impl/com_error.h:58:11: note: 'kServiceInstanceAlreadyOffered' has been explicitly marked deprecated here
2026-10-07T16:55:50.5246070Z    58 |         [[deprecated("Value has never been used. Calls to OfferService shall be idempotent.")]],
2026-10-07T16:55:50.5247019Z       |           ^
2026-10-07T16:55:50.5247493Z 1 warning generated.
2026-10-07T16:55:53.0690250Z INFO: From Compiling score/mw/com/impl/tracing/test/proxy_event_tracing_test.cpp:
2026-10-07T16:55:53.0733328Z In file included from score/mw/com/impl/tracing/test/proxy_event_tracing_test.cpp:15:
2026-10-07T16:55:53.0742568Z In file included from ./score/mw/com/impl/proxy_event.h:16:
2026-10-07T16:55:53.0743929Z In file included from ./score/mw/com/impl/instance_identifier.h:16:
2026-10-07T16:55:53.0746484Z ./score/mw/com/impl/com_error.h:186:65: warning: 'kServiceInstanceAlreadyOffered' is deprecated: Value has never been used. Calls to OfferService shall be idempotent. [-Wdeprecated-declarations]
2026-10-07T16:55:53.0748778Z   186 |             case static_cast<score::result::ErrorCode>(ComErrc::kServiceInstanceAlreadyOffered):
2026-10-07T16:55:53.0750059Z       |                                                                 ^
2026-10-07T16:55:53.0751920Z ./score/mw/com/impl/com_error.h:58:11: note: 'kServiceInstanceAlreadyOffered' has been explicitly marked deprecated here
2026-10-07T16:55:53.0753766Z    58 |         [[deprecated("Value has never been used. Calls to OfferService shall be idempotent.")]],
2026-10-07T16:55:53.0754735Z       |           ^
2026-10-07T16:55:53.0755302Z 1 warning generated.
2026-10-07T16:55:54.3453484Z [6,782 / 7,573] 117 / 514 tests; Building HTML: mw_com_doc; 48s disk-cache, linux-sandbox ... (4 actions running)
2026-10-07T16:55:56.5653247Z INFO: From Compiling score/mw/com/impl/configuration/service_version_type_test.cpp:
2026-10-07T16:55:56.5683049Z In file included from score/mw/com/impl/configuration/service_version_type_test.cpp:17:
2026-10-07T16:55:56.5688699Z In file included from ./score/mw/com/impl/configuration/test/configuration_test_resources.h:26:
2026-10-07T16:55:56.5690301Z In file included from ./score/mw/com/impl/configuration/service_instance_deployment.h:17:
2026-10-07T16:55:56.5693805Z ./score/mw/com/impl/com_error.h:186:65: warning: 'kServiceInstanceAlreadyOffered' is deprecated: Value has never been used. Calls to OfferService shall be idempotent. [-Wdeprecated-declarations]
2026-10-07T16:55:56.5723012Z   186 |             case static_cast<score::result::ErrorCode>(ComErrc::kServiceInstanceAlreadyOffered):
2026-10-07T16:55:56.5752456Z       |                                                                 ^
2026-10-07T16:55:56.5756084Z ./score/mw/com/impl/com_error.h:58:11: note: 'kServiceInstanceAlreadyOffered' has been explicitly marked deprecated here
2026-10-07T16:55:56.5757996Z    58 |         [[deprecated("Value has never been used. Calls to OfferService shall be idempotent.")]],
2026-10-07T16:55:56.5759011Z       |           ^
2026-10-07T16:55:56.5759623Z 1 warning generated.
2026-10-07T16:56:03.3546407Z INFO: From Compiling score/mw/com/impl/tracing/skeleton_tracing_test.cpp:
2026-10-07T16:56:03.3574979Z In file included from score/mw/com/impl/tracing/skeleton_tracing_test.cpp:13:
2026-10-07T16:56:03.3602581Z In file included from ./score/mw/com/impl/tracing/skeleton_tracing.h:21:
2026-10-07T16:56:03.3632667Z In file included from ./score/mw/com/impl/instance_identifier.h:16:
2026-10-07T16:56:03.3663243Z ./score/mw/com/impl/com_error.h:186:65: warning: 'kServiceInstanceAlreadyOffered' is deprecated: Value has never been used. Calls to OfferService shall be idempotent. [-Wdeprecated-declarations]
2026-10-07T16:56:03.3672999Z   186 |             case static_cast<score::result::ErrorCode>(ComErrc::kServiceInstanceAlreadyOffered):
2026-10-07T16:56:03.3685753Z       |                                                                 ^
2026-10-07T16:56:03.3688228Z ./score/mw/com/impl/com_error.h:58:11: note: 'kServiceInstanceAlreadyOffered' has been explicitly marked deprecated here
2026-10-07T16:56:03.3690363Z    58 |         [[deprecated("Value has never been used. Calls to OfferService shall be idempotent.")]],
2026-10-07T16:56:03.3691687Z       |           ^
2026-10-07T16:56:03.3692344Z 1 warning generated.
2026-10-07T16:56:04.4483388Z [6,790 / 7,577] 117 / 514 tests; Building HTML: mw_com_doc; 58s disk-cache, linux-sandbox ... (4 actions, 3 running)
2026-10-07T16:56:07.3153213Z INFO: From Compiling score/mw/com/impl/tracing/proxy_event_tracing_test.cpp:
2026-10-07T16:56:07.3253144Z In file included from score/mw/com/impl/tracing/proxy_event_tracing_test.cpp:13:
2026-10-07T16:56:07.3282690Z In file included from ./score/mw/com/impl/tracing/proxy_event_tracing.h:23:
2026-10-07T16:56:07.3356946Z In file included from ./score/mw/com/impl/instance_identifier.h:16:
2026-10-07T16:56:07.3371028Z ./score/mw/com/impl/com_error.h:186:65: warning: 'kServiceInstanceAlreadyOffered' is deprecated: Value has never been used. Calls to OfferService shall be idempotent. [-Wdeprecated-declarations]
2026-10-07T16:56:07.3412945Z   186 |             case static_cast<score::result::ErrorCode>(ComErrc::kServiceInstanceAlreadyOffered):
2026-10-07T16:56:07.3434144Z       |                                                                 ^
2026-10-07T16:56:07.3459687Z ./score/mw/com/impl/com_error.h:58:11: note: 'kServiceInstanceAlreadyOffered' has been explicitly marked deprecated here
2026-10-07T16:56:07.3502847Z    58 |         [[deprecated("Value has never been used. Calls to OfferService shall be idempotent.")]],
2026-10-07T16:56:07.3532085Z       |           ^
2026-10-07T16:56:07.3552362Z 1 warning generated.
2026-10-07T16:56:09.3583140Z INFO: From Compiling score/mw/com/impl/test/proxy_resources.cpp:
2026-10-07T16:56:09.3603009Z In file included from score/mw/com/impl/test/proxy_resources.cpp:13:
2026-10-07T16:56:09.3632640Z In file included from ./score/mw/com/impl/test/proxy_resources.h:18:
2026-10-07T16:56:09.3662338Z In file included from ./score/mw/com/impl/proxy_field.h:19:
2026-10-07T16:56:09.3664032Z In file included from ./score/mw/com/impl/methods/proxy_method_with_in_args_and_return.h:18:
2026-10-07T16:56:09.3692564Z In file included from ./score/mw/com/impl/methods/proxy_method.h:16:
2026-10-07T16:56:09.3723190Z In file included from ./score/mw/com/impl/bindings/lola/proxy.h:24:
2026-10-07T16:56:09.3752495Z In file included from ./score/mw/com/impl/bindings/lola/proxy_method.h:17:
2026-10-07T16:56:09.3782508Z In file included from ./score/mw/com/impl/bindings/lola/i_runtime.h:20:
2026-10-07T16:56:09.3784081Z In file included from ./score/mw/com/impl/i_binding_runtime.h:17:
2026-10-07T16:56:09.3812780Z In file included from ./score/mw/com/impl/i_service_discovery_client.h:16:
2026-10-07T16:56:09.3845711Z In file included from ./score/mw/com/impl/enriched_instance_identifier.h:17:
2026-10-07T16:56:09.3872381Z In file included from ./score/mw/com/impl/handle_type.h:18:
2026-10-07T16:56:09.3873809Z In file included from ./score/mw/com/impl/instance_identifier.h:16:
2026-10-07T16:56:09.3904004Z ./score/mw/com/impl/com_error.h:186:65: warning: 'kServiceInstanceAlreadyOffered' is deprecated: Value has never been used. Calls to OfferService shall be idempotent. [-Wdeprecated-declarations]
2026-10-07T16:56:09.3932926Z   186 |             case static_cast<score::result::ErrorCode>(ComErrc::kServiceInstanceAlreadyOffered):
2026-10-07T16:56:09.3962328Z       |                                                                 ^
2026-10-07T16:56:09.3992917Z ./score/mw/com/impl/com_error.h:58:11: note: 'kServiceInstanceAlreadyOffered' has been explicitly marked deprecated here
2026-10-07T16:56:09.3995186Z    58 |         [[deprecated("Value has never been used. Calls to OfferService shall be idempotent.")]],
2026-10-07T16:56:09.4013128Z       |           ^
2026-10-07T16:56:09.4013794Z 1 warning generated.
2026-10-07T16:56:13.1534737Z INFO: From Compiling score/mw/com/impl/bindings/lola/runtime_mock.cpp:
2026-10-07T16:56:13.1582676Z In file included from score/mw/com/impl/bindings/lola/runtime_mock.cpp:14:
2026-10-07T16:56:13.1584348Z In file included from ./score/mw/com/impl/bindings/lola/runtime_mock.h:16:
2026-10-07T16:56:13.1612510Z In file included from ./score/mw/com/impl/bindings/lola/i_runtime.h:20:
2026-10-07T16:56:13.1630915Z In file included from ./score/mw/com/impl/i_binding_runtime.h:17:
2026-10-07T16:56:13.1672520Z In file included from ./score/mw/com/impl/i_service_discovery_client.h:16:
2026-10-07T16:56:13.1674187Z In file included from ./score/mw/com/impl/enriched_instance_identifier.h:17:
2026-10-07T16:56:13.1702633Z In file included from ./score/mw/com/impl/handle_type.h:18:
2026-10-07T16:56:13.1732400Z In file included from ./score/mw/com/impl/instance_identifier.h:16:
2026-10-07T16:56:13.1763919Z ./score/mw/com/impl/com_error.h:186:65: warning: 'kServiceInstanceAlreadyOffered' is deprecated: Value has never been used. Calls to OfferService shall be idempotent. [-Wdeprecated-declarations]
2026-10-07T16:56:13.1766673Z   186 |             case static_cast<score::result::ErrorCode>(ComErrc::kServiceInstanceAlreadyOffered):
2026-10-07T16:56:13.1792499Z       |                                                                 ^
2026-10-07T16:56:13.1823138Z ./score/mw/com/impl/com_error.h:58:11: note: 'kServiceInstanceAlreadyOffered' has been explicitly marked deprecated here
2026-10-07T16:56:13.1853630Z    58 |         [[deprecated("Value has never been used. Calls to OfferService shall be idempotent.")]],
2026-10-07T16:56:13.1881970Z       |           ^
2026-10-07T16:56:13.1882758Z 1 warning generated.
2026-10-07T16:56:14.8553430Z [6,800 / 7,580] 117 / 514 tests; Building HTML: mw_com_doc; 68s disk-cache, linux-sandbox ... (4 actions, 3 running)
2026-10-07T16:56:26.5265156Z [6,801 / 7,581] 117 / 514 tests; Building HTML: mw_com_doc; 80s disk-cache, linux-sandbox ... (4 actions running)
2026-10-07T16:56:32.5901721Z INFO: From Compiling score/mw/com/impl/bindings/lola/service_data_storage_test.cpp:
2026-10-07T16:56:32.5972972Z In file included from score/mw/com/impl/bindings/lola/service_data_storage_test.cpp:13:
2026-10-07T16:56:32.6022703Z In file included from ./score/mw/com/impl/bindings/lola/service_data_storage.h:20:
2026-10-07T16:56:32.6082649Z In file included from ./score/mw/com/impl/bindings/lola/i_runtime.h:20:
2026-10-07T16:56:32.6112988Z In file included from ./score/mw/com/impl/i_binding_runtime.h:17:
2026-10-07T16:56:32.6142667Z In file included from ./score/mw/com/impl/i_service_discovery_client.h:16:
2026-10-07T16:56:32.6172513Z In file included from ./score/mw/com/impl/enriched_instance_identifier.h:17:
2026-10-07T16:56:32.6202263Z In file included from ./score/mw/com/impl/handle_type.h:18:
2026-10-07T16:56:32.6203373Z In file included from ./score/mw/com/impl/instance_identifier.h:16:
2026-10-07T16:56:32.6205847Z ./score/mw/com/impl/com_error.h:186:65: warning: 'kServiceInstanceAlreadyOffered' is deprecated: Value has never been used. Calls to OfferService shall be idempotent. [-Wdeprecated-declarations]
2026-10-07T16:56:32.6208154Z   186 |             case static_cast<score::result::ErrorCode>(ComErrc::kServiceInstanceAlreadyOffered):
2026-10-07T16:56:32.6209340Z       |                                                                 ^
2026-10-07T16:56:32.6210939Z ./score/mw/com/impl/com_error.h:58:11: note: 'kServiceInstanceAlreadyOffered' has been explicitly marked deprecated here
2026-10-07T16:56:32.6243173Z    58 |         [[deprecated("Value has never been used. Calls to OfferService shall be idempotent.")]],
2026-10-07T16:56:32.6244058Z       |           ^
2026-10-07T16:56:32.6244537Z 1 warning generated.
2026-10-07T16:56:36.6133452Z [6,804 / 7,582] 117 / 514 tests; Building HTML: mw_com_doc; 90s disk-cache, linux-sandbox ... (4 actions, 3 running)
2026-10-07T16:56:37.3343138Z INFO: From Compiling score/mw/com/impl/proxy_event_base_test.cpp:
2026-10-07T16:56:37.3346678Z In file included from score/mw/com/impl/proxy_event_base_test.cpp:17:
2026-10-07T16:56:37.3372378Z In file included from ./score/mw/com/impl/generic_proxy_event.h:18:
2026-10-07T16:56:37.3394759Z In file included from ./score/mw/com/impl/proxy_base.h:18:
2026-10-07T16:56:37.3405200Z In file included from ./score/mw/com/impl/handle_type.h:18:
2026-10-07T16:56:37.3448023Z In file included from ./score/mw/com/impl/instance_identifier.h:16:
2026-10-07T16:56:37.3461859Z ./score/mw/com/impl/com_error.h:186:65: warning: 'kServiceInstanceAlreadyOffered' is deprecated: Value has never been used. Calls to OfferService shall be idempotent. [-Wdeprecated-declarations]
2026-10-07T16:56:37.3464114Z   186 |             case static_cast<score::result::ErrorCode>(ComErrc::kServiceInstanceAlreadyOffered):
2026-10-07T16:56:37.3465866Z       |                                                                 ^
2026-10-07T16:56:37.3467604Z ./score/mw/com/impl/com_error.h:58:11: note: 'kServiceInstanceAlreadyOffered' has been explicitly marked deprecated here
2026-10-07T16:56:37.3469478Z    58 |         [[deprecated("Value has never been used. Calls to OfferService shall be idempotent.")]],
2026-10-07T16:56:37.3470471Z       |           ^
2026-10-07T16:56:37.3471025Z 1 warning generated.
2026-10-07T16:56:42.8473325Z INFO: From Compiling score/mw/com/impl/tracing/test/proxy_event_tracing_test.cpp:
2026-10-07T16:56:42.8542701Z In file included from score/mw/com/impl/tracing/test/proxy_event_tracing_test.cpp:15:
2026-10-07T16:56:42.8572231Z In file included from ./score/mw/com/impl/proxy_event.h:16:
2026-10-07T16:56:42.8582567Z In file included from ./score/mw/com/impl/instance_identifier.h:16:
2026-10-07T16:56:42.8603905Z ./score/mw/com/impl/com_error.h:186:65: warning: 'kServiceInstanceAlreadyOffered' is deprecated: Value has never been used. Calls to OfferService shall be idempotent. [-Wdeprecated-declarations]
2026-10-07T16:56:42.8613732Z   186 |             case static_cast<score::result::ErrorCode>(ComErrc::kServiceInstanceAlreadyOffered):
2026-10-07T16:56:42.8615039Z       |                                                                 ^
2026-10-07T16:56:42.8616704Z ./score/mw/com/impl/com_error.h:58:11: note: 'kServiceInstanceAlreadyOffered' has been explicitly marked deprecated here
2026-10-07T16:56:42.8618600Z    58 |         [[deprecated("Value has never been used. Calls to OfferService shall be idempotent.")]],
2026-10-07T16:56:42.8619512Z       |           ^
2026-10-07T16:56:42.8620354Z 1 warning generated.
2026-10-07T16:56:43.0165821Z INFO: From lobster-html-report bazel-out/k8-fastbuild-tsan/bin/score/mw/com/dependability/safety_analysis/mw_com_dependability_analysis_report.html:
2026-10-07T16:56:43.0168051Z warning: dot utility not found, report will not include the tracing policy visualisation
2026-10-07T16:56:43.0199664Z > please install Graphviz (https://graphviz.org)
2026-10-07T16:56:43.0207557Z LOBSTER HTML report written to bazel-out/k8-fastbuild-tsan/bin/score/mw/com/dependability/safety_analysis/mw_com_dependability_analysis_report.html
2026-10-07T16:56:44.6028329Z INFO: From Compiling score/mw/com/impl/bindings/lola/test/service_discovery_test_resources.cpp:
2026-10-07T16:56:44.6036834Z In file included from score/mw/com/impl/bindings/lola/test/service_discovery_test_resources.cpp:13:
2026-10-07T16:56:44.6045410Z In file included from ./score/mw/com/impl/bindings/lola/test/service_discovery_test_resources.h:18:
2026-10-07T16:56:44.6048929Z In file included from ./score/mw/com/impl/handle_type.h:18:
2026-10-07T16:56:44.6055509Z In file included from ./score/mw/com/impl/instance_identifier.h:16:
2026-10-07T16:56:44.6061052Z ./score/mw/com/impl/com_error.h:186:65: warning: 'kServiceInstanceAlreadyOffered' is deprecated: Value has never been used. Calls to OfferService shall be idempotent. [-Wdeprecated-declarations]
2026-10-07T16:56:44.6068476Z   186 |             case static_cast<score::result::ErrorCode>(ComErrc::kServiceInstanceAlreadyOffered):
2026-10-07T16:56:44.6072563Z       |                                                                 ^
2026-10-07T16:56:44.6082346Z ./score/mw/com/impl/com_error.h:58:11: note: 'kServiceInstanceAlreadyOffered' has been explicitly marked deprecated here
2026-10-07T16:56:44.6086027Z    58 |         [[deprecated("Value has never been used. Calls to OfferService shall be idempotent.")]],
2026-10-07T16:56:44.6088146Z       |           ^
2026-10-07T16:56:44.6089068Z 1 warning generated.
2026-10-07T16:56:46.6773391Z [6,831 / 7,586] 123 / 514 tests; Compiling score/mw/com/impl/bindings/lola/test/skeleton_test_resources.cpp; 6s disk-cache, linux-sandbox ... (4 actions running)
2026-10-07T16:56:56.7030430Z [6,857 / 7,586] 149 / 514 tests; Compiling score/mw/com/impl/bindings/lola/test/skeleton_test_resources.cpp; 16s disk-cache, linux-sandbox ... (4 actions running)
2026-10-07T16:57:03.5735053Z INFO: From Compiling score/mw/com/impl/bindings/lola/test/proxy_component_test.cpp:
2026-10-07T16:57:03.5793915Z In file included from score/mw/com/impl/bindings/lola/test/proxy_component_test.cpp:14:
2026-10-07T16:57:03.5810127Z In file included from ./score/mw/com/impl/bindings/lola/proxy.h:24:
2026-10-07T16:57:03.5852616Z In file included from ./score/mw/com/impl/bindings/lola/proxy_method.h:17:
2026-10-07T16:57:03.5853939Z In file included from ./score/mw/com/impl/bindings/lola/i_runtime.h:20:
2026-10-07T16:57:03.5882186Z In file included from ./score/mw/com/impl/i_binding_runtime.h:17:
2026-10-07T16:57:03.5912262Z In file included from ./score/mw/com/impl/i_service_discovery_client.h:16:
2026-10-07T16:57:03.5925773Z In file included from ./score/mw/com/impl/enriched_instance_identifier.h:17:
2026-10-07T16:57:03.5942218Z In file included from ./score/mw/com/impl/handle_type.h:18:
2026-10-07T16:57:03.5969867Z In file included from ./score/mw/com/impl/instance_identifier.h:16:
2026-10-07T16:57:03.6003510Z ./score/mw/com/impl/com_error.h:186:65: warning: 'kServiceInstanceAlreadyOffered' is deprecated: Value has never been used. Calls to OfferService shall be idempotent. [-Wdeprecated-declarations]
2026-10-07T16:57:03.6026004Z   186 |             case static_cast<score::result::ErrorCode>(ComErrc::kServiceInstanceAlreadyOffered):
2026-10-07T16:57:03.6032324Z       |                                                                 ^
2026-10-07T16:57:03.6062800Z ./score/mw/com/impl/com_error.h:58:11: note: 'kServiceInstanceAlreadyOffered' has been explicitly marked deprecated here
2026-10-07T16:57:03.6093034Z    58 |         [[deprecated("Value has never been used. Calls to OfferService shall be idempotent.")]],
2026-10-07T16:57:03.6121882Z       |           ^
2026-10-07T16:57:03.6122604Z 1 warning generated.
2026-10-07T16:57:06.8633930Z [6,883 / 7,586] 168 / 514 tests; Compiling score/mw/com/impl/bindings/lola/test/skeleton_test_resources.cpp; 26s disk-cache, linux-sandbox ... (4 actions running)
2026-10-07T16:57:08.9172870Z INFO: From Compiling score/mw/com/types.cpp:
2026-10-07T16:57:08.9182589Z In file included from score/mw/com/types.cpp:13:
2026-10-07T16:57:08.9187826Z In file included from ./score/mw/com/types.h:24:
2026-10-07T16:57:08.9189168Z In file included from ./score/mw/com/impl/generic_proxy.h:18:
2026-10-07T16:57:08.9190439Z In file included from ./score/mw/com/impl/generic_proxy_event.h:18:
2026-10-07T16:57:08.9192040Z In file included from ./score/mw/com/impl/proxy_base.h:18:
2026-10-07T16:57:08.9193305Z In file included from ./score/mw/com/impl/handle_type.h:18:
2026-10-07T16:57:08.9194579Z In file included from ./score/mw/com/impl/instance_identifier.h:16:
2026-10-07T16:57:08.9197258Z ./score/mw/com/impl/com_error.h:186:65: warning: 'kServiceInstanceAlreadyOffered' is deprecated: Value has never been used. Calls to OfferService shall be idempotent. [-Wdeprecated-declarations]
2026-10-07T16:57:08.9199706Z   186 |             case static_cast<score::result::ErrorCode>(ComErrc::kServiceInstanceAlreadyOffered):
2026-10-07T16:57:08.9201119Z       |                                                                 ^
2026-10-07T16:57:08.9203380Z ./score/mw/com/impl/com_error.h:58:11: note: 'kServiceInstanceAlreadyOffered' has been explicitly marked deprecated here
2026-10-07T16:57:08.9205557Z    58 |         [[deprecated("Value has never been used. Calls to OfferService shall be idempotent.")]],
2026-10-07T16:57:08.9206726Z       |           ^
2026-10-07T16:57:08.9207449Z 1 warning generated.
2026-10-07T16:57:12.8144629Z INFO: From Compiling score/mw/com/gateway/transport_layer/transport.cpp:
2026-10-07T16:57:12.8146414Z In file included from score/mw/com/gateway/transport_layer/transport.cpp:13:
2026-10-07T16:57:12.8148147Z In file included from ./score/mw/com/gateway/transport_layer/transport.h:17:
2026-10-07T16:57:12.8149677Z In file included from ./score/mw/com/types.h:24:
2026-10-07T16:57:12.8150984Z In file included from ./score/mw/com/impl/generic_proxy.h:18:
2026-10-07T16:57:12.8153124Z In file included from ./score/mw/com/impl/generic_proxy_event.h:18:
2026-10-07T16:57:12.8154370Z In file included from ./score/mw/com/impl/proxy_base.h:18:
2026-10-07T16:57:12.8155615Z In file included from ./score/mw/com/impl/handle_type.h:18:
2026-10-07T16:57:12.8156988Z In file included from ./score/mw/com/impl/instance_identifier.h:16:
2026-10-07T16:57:12.8159754Z ./score/mw/com/impl/com_error.h:186:65: warning: 'kServiceInstanceAlreadyOffered' is deprecated: Value has never been used. Calls to OfferService shall be idempotent. [-Wdeprecated-declarations]
2026-10-07T16:57:12.8163091Z   186 |             case static_cast<score::result::ErrorCode>(ComErrc::kServiceInstanceAlreadyOffered):
2026-10-07T16:57:12.8164517Z       |                                                                 ^
2026-10-07T16:57:12.8166380Z ./score/mw/com/impl/com_error.h:58:11: note: 'kServiceInstanceAlreadyOffered' has been explicitly marked deprecated here
2026-10-07T16:57:12.8168500Z    58 |         [[deprecated("Value has never been used. Calls to OfferService shall be idempotent.")]],
2026-10-07T16:57:12.8169617Z       |           ^
2026-10-07T16:57:12.8170275Z 1 warning generated.
2026-10-07T16:57:17.1194207Z INFO: From Compiling score/mw/com/gateway/transport_layer/sample/messages/gateway_messages.cpp:
2026-10-07T16:57:17.1197127Z In file included from score/mw/com/gateway/transport_layer/sample/messages/gateway_messages.cpp:14:
2026-10-07T16:57:17.1198950Z In file included from ./score/mw/com/gateway/transport_layer/sample/messages/gateway_messages.h:17:
2026-10-07T16:57:17.1200382Z In file included from ./score/mw/com/gateway/transport_layer/transport.h:17:
2026-10-07T16:57:17.1202050Z In file included from ./score/mw/com/types.h:24:
2026-10-07T16:57:17.1203404Z In file included from ./score/mw/com/impl/generic_proxy.h:18:
2026-10-07T16:57:17.1204538Z In file included from ./score/mw/com/impl/generic_proxy_event.h:18:
2026-10-07T16:57:17.1205589Z In file included from ./score/mw/com/impl/proxy_base.h:18:
2026-10-07T16:57:17.1206605Z In file included from ./score/mw/com/impl/handle_type.h:18:
2026-10-07T16:57:17.1207691Z In file included from ./score/mw/com/impl/instance_identifier.h:16:
2026-10-07T16:57:17.1209975Z ./score/mw/com/impl/com_error.h:186:65: warning: 'kServiceInstanceAlreadyOffered' is deprecated: Value has never been used. Calls to OfferService shall be idempotent. [-Wdeprecated-declarations]
2026-10-07T16:57:17.1212394Z   186 |             case static_cast<score::result::ErrorCode>(ComErrc::kServiceInstanceAlreadyOffered):
2026-10-07T16:57:17.1213740Z       |                                                                 ^
2026-10-07T16:57:17.1215341Z ./score/mw/com/impl/com_error.h:58:11: note: 'kServiceInstanceAlreadyOffered' has been explicitly marked deprecated here
2026-10-07T16:57:17.1217056Z    58 |         [[deprecated("Value has never been used. Calls to OfferService shall be idempotent.")]],
2026-10-07T16:57:17.1218183Z       |           ^
2026-10-07T16:57:17.1218832Z 1 warning generated.
2026-10-07T16:57:17.1304402Z [6,893 / 7,586] 169 / 514 tests; Compiling score/mw/com/impl/bindings/lola/test/skeleton_test_resources.cpp; 37s disk-cache, linux-sandbox ... (4 actions, 3 running)
2026-10-07T16:57:18.0393246Z INFO: From Compiling score/mw/com/impl/tracing/test/proxy_event_tracing_test.cpp:
2026-10-07T16:57:18.0422941Z In file included from score/mw/com/impl/tracing/test/proxy_event_tracing_test.cpp:15:
2026-10-07T16:57:18.0430227Z In file included from ./score/mw/com/impl/proxy_event.h:16:
2026-10-07T16:57:18.0449874Z In file included from ./score/mw/com/impl/instance_identifier.h:16:
2026-10-07T16:57:18.0458089Z ./score/mw/com/impl/com_error.h:186:65: warning: 'kServiceInstanceAlreadyOffered' is deprecated: Value has never been used. Calls to OfferService shall be idempotent. [-Wdeprecated-declarations]
2026-10-07T16:57:18.0460766Z   186 |             case static_cast<score::result::ErrorCode>(ComErrc::kServiceInstanceAlreadyOffered):
2026-10-07T16:57:18.0463051Z       |                                                                 ^
2026-10-07T16:57:18.0465073Z ./score/mw/com/impl/com_error.h:58:11: note: 'kServiceInstanceAlreadyOffered' has been explicitly marked deprecated here
2026-10-07T16:57:18.0467196Z    58 |         [[deprecated("Value has never been used. Calls to OfferService shall be idempotent.")]],
2026-10-07T16:57:18.0468370Z       |           ^
2026-10-07T16:57:18.0469147Z 1 warning generated.
2026-10-07T16:57:18.5277111Z INFO: From Compiling score/mw/com/impl/bindings/lola/test/skeleton_test_resources.cpp:
2026-10-07T16:57:18.5305038Z In file included from score/mw/com/impl/bindings/lola/test/skeleton_test_resources.cpp:13:
2026-10-07T16:57:18.5332522Z In file included from ./score/mw/com/impl/bindings/lola/test/skeleton_test_resources.h:20:
2026-10-07T16:57:18.5342414Z In file included from ./score/mw/com/impl/bindings/lola/runtime_mock.h:16:
2026-10-07T16:57:18.5359884Z In file included from ./score/mw/com/impl/bindings/lola/i_runtime.h:20:
2026-10-07T16:57:18.5392609Z In file included from ./score/mw/com/impl/i_binding_runtime.h:17:
2026-10-07T16:57:18.5422516Z In file included from ./score/mw/com/impl/i_service_discovery_client.h:16:
2026-10-07T16:57:18.5452515Z In file included from ./score/mw/com/impl/enriched_instance_identifier.h:17:
2026-10-07T16:57:18.5453877Z In file included from ./score/mw/com/impl/handle_type.h:18:
2026-10-07T16:57:18.5482340Z In file included from ./score/mw/com/impl/instance_identifier.h:16:
2026-10-07T16:57:18.5513622Z ./score/mw/com/impl/com_error.h:186:65: warning: 'kServiceInstanceAlreadyOffered' is deprecated: Value has never been used. Calls to OfferService shall be idempotent. [-Wdeprecated-declarations]
2026-10-07T16:57:18.5543182Z   186 |             case static_cast<score::result::ErrorCode>(ComErrc::kServiceInstanceAlreadyOffered):
2026-10-07T16:57:18.5544745Z       |                                                                 ^
2026-10-07T16:57:18.5573108Z ./score/mw/com/impl/com_error.h:58:11: note: 'kServiceInstanceAlreadyOffered' has been explicitly marked deprecated here
2026-10-07T16:57:18.5597073Z    58 |         [[deprecated("Value has never been used. Calls to OfferService shall be idempotent.")]],
2026-10-07T16:57:18.5622138Z       |           ^
2026-10-07T16:57:18.5651995Z 1 warning generated.
2026-10-07T16:57:22.4420524Z INFO: From Compiling score/mw/com/gateway/transport_layer/sample/messages/gateway_messages_test.cpp:
2026-10-07T16:57:22.4423347Z In file included from score/mw/com/gateway/transport_layer/sample/messages/gateway_messages_test.cpp:13:
2026-10-07T16:57:22.4425386Z In file included from ./score/mw/com/gateway/transport_layer/sample/messages/gateway_messages.h:17:
2026-10-07T16:57:22.4427144Z In file included from ./score/mw/com/gateway/transport_layer/transport.h:17:
2026-10-07T16:57:22.4428388Z In file included from ./score/mw/com/types.h:24:
2026-10-07T16:57:22.4429627Z In file included from ./score/mw/com/impl/generic_proxy.h:18:
2026-10-07T16:57:22.4430999Z In file included from ./score/mw/com/impl/generic_proxy_event.h:18:
2026-10-07T16:57:22.4432634Z In file included from ./score/mw/com/impl/proxy_base.h:18:
2026-10-07T16:57:22.4433864Z In file included from ./score/mw/com/impl/handle_type.h:18:
2026-10-07T16:57:22.4435696Z In file included from ./score/mw/com/impl/instance_identifier.h:16:
2026-10-07T16:57:22.4438502Z ./score/mw/com/impl/com_error.h:186:65: warning: 'kServiceInstanceAlreadyOffered' is deprecated: Value has never been used. Calls to OfferService shall be idempotent. [-Wdeprecated-declarations]
2026-10-07T16:57:22.4441220Z   186 |             case static_cast<score::result::ErrorCode>(ComErrc::kServiceInstanceAlreadyOffered):
2026-10-07T16:57:22.4443088Z       |                                                                 ^
2026-10-07T16:57:22.4445070Z ./score/mw/com/impl/com_error.h:58:11: note: 'kServiceInstanceAlreadyOffered' has been explicitly marked deprecated here
2026-10-07T16:57:22.4447190Z    58 |         [[deprecated("Value has never been used. Calls to OfferService shall be idempotent.")]],
2026-10-07T16:57:22.4448756Z       |           ^
2026-10-07T16:57:22.4449473Z 1 warning generated.
2026-10-07T16:57:26.1636086Z INFO: From Compiling score/mw/com/impl/test/dummy_instance_identifier_builder.cpp:
2026-10-07T16:57:26.1642834Z In file included from score/mw/com/impl/test/dummy_instance_identifier_builder.cpp:13:
2026-10-07T16:57:26.1644675Z In file included from ./score/mw/com/impl/test/dummy_instance_identifier_builder.h:19:
2026-10-07T16:57:26.1646614Z In file included from ./score/mw/com/impl/configuration/service_instance_deployment.h:17:
2026-10-07T16:57:26.1649747Z ./score/mw/com/impl/com_error.h:186:65: warning: 'kServiceInstanceAlreadyOffered' is deprecated: Value has never been used. Calls to OfferService shall be idempotent. [-Wdeprecated-declarations]
2026-10-07T16:57:26.1652812Z   186 |             case static_cast<score::result::ErrorCode>(ComErrc::kServiceInstanceAlreadyOffered):
2026-10-07T16:57:26.1654405Z       |                                                                 ^
2026-10-07T16:57:26.1656329Z ./score/mw/com/impl/com_error.h:58:11: note: 'kServiceInstanceAlreadyOffered' has been explicitly marked deprecated here
2026-10-07T16:57:26.1658535Z    58 |         [[deprecated("Value has never been used. Calls to OfferService shall be idempotent.")]],
2026-10-07T16:57:26.1659718Z       |           ^
2026-10-07T16:57:26.1660455Z 1 warning generated.
2026-10-07T16:57:26.3606212Z INFO: From Compiling score/mw/com/impl/skeleton_field_base_test.cpp:
2026-10-07T16:57:26.3622717Z In file included from score/mw/com/impl/skeleton_field_base_test.cpp:13:
2026-10-07T16:57:26.3628948Z In file included from ./score/mw/com/impl/skeleton_field_base.h:16:
2026-10-07T16:57:26.3632199Z ./score/mw/com/impl/com_error.h:186:65: warning: 'kServiceInstanceAlreadyOffered' is deprecated: Value has never been used. Calls to OfferService shall be idempotent. [-Wdeprecated-declarations]
2026-10-07T16:57:26.3635002Z   186 |             case static_cast<score::result::ErrorCode>(ComErrc::kServiceInstanceAlreadyOffered):
2026-10-07T16:57:26.3636471Z       |                                                                 ^
2026-10-07T16:57:26.3638393Z ./score/mw/com/impl/com_error.h:58:11: note: 'kServiceInstanceAlreadyOffered' has been explicitly marked deprecated here
2026-10-07T16:57:26.3640721Z    58 |         [[deprecated("Value has never been used. Calls to OfferService shall be idempotent.")]],
2026-10-07T16:57:26.3642073Z       |           ^
2026-10-07T16:57:26.3642706Z 1 warning generated.
2026-10-07T16:57:27.1432570Z [6,911 / 7,590] 169 / 514 tests; Testing //score/mw/com/impl/bindings/lola/messaging:message_passing_service_instance_test; 19s disk-cache, linux-sandbox ... (4 actions, 3 running)
2026-10-07T16:57:29.5983488Z INFO: From Compiling score/mw/com/impl/bindings/lola/proxy_event_subscription_test.cpp:
2026-10-07T16:57:29.5985578Z In file included from score/mw/com/impl/bindings/lola/proxy_event_subscription_test.cpp:14:
2026-10-07T16:57:29.5987054Z In file included from ./score/mw/com/impl/bindings/lola/proxy_event.h:18:
2026-10-07T16:57:29.5988299Z In file included from ./score/mw/com/impl/bindings/lola/proxy.h:24:
2026-10-07T16:57:29.5989613Z In file included from ./score/mw/com/impl/bindings/lola/proxy_method.h:17:
2026-10-07T16:57:29.5991026Z In file included from ./score/mw/com/impl/bindings/lola/i_runtime.h:20:
2026-10-07T16:57:29.5992585Z In file included from ./score/mw/com/impl/i_binding_runtime.h:17:
2026-10-07T16:57:29.5993873Z In file included from ./score/mw/com/impl/i_service_discovery_client.h:16:
2026-10-07T16:57:29.5995203Z In file included from ./score/mw/com/impl/enriched_instance_identifier.h:17:
2026-10-07T16:57:29.5996418Z In file included from ./score/mw/com/impl/handle_type.h:18:
2026-10-07T16:57:29.5997631Z In file included from ./score/mw/com/impl/instance_identifier.h:16:
2026-10-07T16:57:29.5999975Z ./score/mw/com/impl/com_error.h:186:65: warning: 'kServiceInstanceAlreadyOffered' is deprecated: Value has never been used. Calls to OfferService shall be idempotent. [-Wdeprecated-declarations]
2026-10-07T16:57:29.6002708Z   186 |             case static_cast<score::result::ErrorCode>(ComErrc::kServiceInstanceAlreadyOffered):
2026-10-07T16:57:29.6003917Z       |                                                                 ^
2026-10-07T16:57:29.6005542Z ./score/mw/com/impl/com_error.h:58:11: note: 'kServiceInstanceAlreadyOffered' has been explicitly marked deprecated here
2026-10-07T16:57:29.6007289Z    58 |         [[deprecated("Value has never been used. Calls to OfferService shall be idempotent.")]],
2026-10-07T16:57:29.6008178Z       |           ^
2026-10-07T16:57:29.6008718Z 1 warning generated.
2026-10-07T16:57:37.4574023Z [6,927 / 7,591] 182 / 514 tests; Compiling score/mw/com/impl/plumbing/skeleton_method_binding_factory_test.cpp; 10s disk-cache, linux-sandbox ... (4 actions running)
2026-10-07T16:57:40.4153411Z INFO: From Compiling score/mw/com/impl/plumbing/skeleton_method_binding_factory_test.cpp:
2026-10-07T16:57:40.4182890Z In file included from score/mw/com/impl/plumbing/skeleton_method_binding_factory_test.cpp:14:
2026-10-07T16:57:40.4212802Z In file included from ./score/mw/com/impl/plumbing/skeleton_method_binding_factory.h:16:
2026-10-07T16:57:40.4242472Z In file included from ./score/mw/com/impl/instance_identifier.h:16:
2026-10-07T16:57:40.4273918Z ./score/mw/com/impl/com_error.h:186:65: warning: 'kServiceInstanceAlreadyOffered' is deprecated: Value has never been used. Calls to OfferService shall be idempotent. [-Wdeprecated-declarations]
2026-10-07T16:57:40.4303191Z   186 |             case static_cast<score::result::ErrorCode>(ComErrc::kServiceInstanceAlreadyOffered):
2026-10-07T16:57:40.4305007Z       |                                                                 ^
2026-10-07T16:57:40.4360021Z ./score/mw/com/impl/com_error.h:58:11: note: 'kServiceInstanceAlreadyOffered' has been explicitly marked deprecated here
2026-10-07T16:57:40.4392769Z    58 |         [[deprecated("Value has never been used. Calls to OfferService shall be idempotent.")]],
2026-10-07T16:57:40.4402109Z       |           ^
2026-10-07T16:57:40.4442087Z 1 warning generated.
2026-10-07T16:57:45.3433268Z INFO: From Compiling score/mw/com/gateway/transport_layer/sample/i_bidirectional_transport.cpp:
2026-10-07T16:57:45.3435086Z In file included from score/mw/com/gateway/transport_layer/sample/i_bidirectional_transport.cpp:14:
2026-10-07T16:57:45.3436834Z In file included from ./score/mw/com/gateway/transport_layer/sample/i_bidirectional_transport.h:16:
2026-10-07T16:57:45.3438517Z In file included from ./score/mw/com/gateway/transport_layer/sample/messages/gateway_messages.h:17:
2026-10-07T16:57:45.3439951Z In file included from ./score/mw/com/gateway/transport_layer/transport.h:17:
2026-10-07T16:57:45.3441013Z In file included from ./score/mw/com/types.h:24:
2026-10-07T16:57:45.3452416Z In file included from ./score/mw/com/impl/generic_proxy.h:18:
2026-10-07T16:57:45.3458075Z In file included from ./score/mw/com/impl/generic_proxy_event.h:18:
2026-10-07T16:57:45.3472993Z In file included from ./score/mw/com/impl/proxy_base.h:18:
2026-10-07T16:57:45.3482432Z In file included from ./score/mw/com/impl/handle_type.h:18:
2026-10-07T16:57:45.3522637Z In file included from ./score/mw/com/impl/instance_identifier.h:16:
2026-10-07T16:57:45.3543959Z ./score/mw/com/impl/com_error.h:186:65: warning: 'kServiceInstanceAlreadyOffered' is deprecated: Value has never been used. Calls to OfferService shall be idempotent. [-Wdeprecated-declarations]
2026-10-07T16:57:45.3572884Z   186 |             case static_cast<score::result::ErrorCode>(ComErrc::kServiceInstanceAlreadyOffered):
2026-10-07T16:57:45.3602372Z       |                                                                 ^
2026-10-07T16:57:45.3612984Z ./score/mw/com/impl/com_error.h:58:11: note: 'kServiceInstanceAlreadyOffered' has been explicitly marked deprecated here
2026-10-07T16:57:45.3632877Z    58 |         [[deprecated("Value has never been used. Calls to OfferService shall be idempotent.")]],
2026-10-07T16:57:45.3662218Z       |           ^
2026-10-07T16:57:45.3665799Z 1 warning generated.
2026-10-07T16:57:48.2867815Z INFO: From Compiling score/mw/com/impl/configuration/configuration_json_parsing_strategy_test.cpp:
2026-10-07T16:57:48.2870168Z In file included from score/mw/com/impl/configuration/configuration_json_parsing_strategy_test.cpp:13:
2026-10-07T16:57:48.2873021Z In file included from ./score/mw/com/impl/configuration/configuration_json_parsing_strategy.h:16:
2026-10-07T16:57:48.2875043Z In file included from ./score/mw/com/impl/configuration/i_configuration_parsing_strategy.h:16:
2026-10-07T16:57:48.2876770Z In file included from ./score/mw/com/impl/configuration/configuration.h:18:
2026-10-07T16:57:48.2878505Z In file included from ./score/mw/com/impl/configuration/service_instance_deployment.h:17:
2026-10-07T16:57:48.2881694Z ./score/mw/com/impl/com_error.h:186:65: warning: 'kServiceInstanceAlreadyOffered' is deprecated: Value has never been used. Calls to OfferService shall be idempotent. [-Wdeprecated-declarations]
2026-10-07T16:57:48.2884377Z   186 |             case static_cast<score::result::ErrorCode>(ComErrc::kServiceInstanceAlreadyOffered):
2026-10-07T16:57:48.2886011Z       |                                                                 ^
2026-10-07T16:57:48.2888056Z ./score/mw/com/impl/com_error.h:58:11: note: 'kServiceInstanceAlreadyOffered' has been explicitly marked deprecated here
2026-10-07T16:57:48.2890321Z    58 |         [[deprecated("Value has never been used. Calls to OfferService shall be idempotent.")]],
2026-10-07T16:57:48.2891844Z       |           ^
2026-10-07T16:57:48.2892643Z 1 warning generated.
2026-10-07T16:57:48.3026994Z [6,947 / 7,593] 193 / 514 tests; Compiling score/mw/com/impl/bindings/lola/skeleton_test.cpp; 18s disk-cache, linux-sandbox ... (4 actions, 3 running)
2026-10-07T16:57:49.6550585Z INFO: From Compiling score/mw/com/gateway/transport_layer/sample/bidirectional_transport_mock.cpp:
2026-10-07T16:57:49.6563981Z In file included from score/mw/com/gateway/transport_layer/sample/bidirectional_transport_mock.cpp:14:
2026-10-07T16:57:49.6566075Z In file included from ./score/mw/com/gateway/transport_layer/sample/bidirectional_transport_mock.h:17:
2026-10-07T16:57:49.6567880Z In file included from ./score/mw/com/gateway/transport_layer/sample/i_bidirectional_transport.h:16:
2026-10-07T16:57:49.6569588Z In file included from ./score/mw/com/gateway/transport_layer/sample/messages/gateway_messages.h:17:
2026-10-07T16:57:49.6571007Z In file included from ./score/mw/com/gateway/transport_layer/transport.h:17:
2026-10-07T16:57:49.6572432Z In file included from ./score/mw/com/types.h:24:
2026-10-07T16:57:49.6573522Z In file included from ./score/mw/com/impl/generic_proxy.h:18:
2026-10-07T16:57:49.6574661Z In file included from ./score/mw/com/impl/generic_proxy_event.h:18:
2026-10-07T16:57:49.6575742Z In file included from ./score/mw/com/impl/proxy_base.h:18:
2026-10-07T16:57:49.6576812Z In file included from ./score/mw/com/impl/handle_type.h:18:
2026-10-07T16:57:49.6578068Z In file included from ./score/mw/com/impl/instance_identifier.h:16:
2026-10-07T16:57:49.6580659Z ./score/mw/com/impl/com_error.h:186:65: warning: 'kServiceInstanceAlreadyOffered' is deprecated: Value has never been used. Calls to OfferService shall be idempotent. [-Wdeprecated-declarations]
2026-10-07T16:57:49.6583441Z   186 |             case static_cast<score::result::ErrorCode>(ComErrc::kServiceInstanceAlreadyOffered):
2026-10-07T16:57:49.6584828Z       |                                                                 ^
2026-10-07T16:57:49.6586592Z ./score/mw/com/impl/com_error.h:58:11: note: 'kServiceInstanceAlreadyOffered' has been explicitly marked deprecated here
2026-10-07T16:57:49.6588579Z    58 |         [[deprecated("Value has never been used. Calls to OfferService shall be idempotent.")]],
2026-10-07T16:57:49.6589643Z       |           ^
2026-10-07T16:57:49.6590256Z 1 warning generated.
2026-10-07T16:57:57.6673240Z INFO: From Compiling score/mw/com/gateway/gateway_application/gateway_core.cpp:
2026-10-07T16:57:57.6712713Z In file included from score/mw/com/gateway/gateway_application/gateway_core.cpp:14:
2026-10-07T16:57:57.6732688Z In file included from ./score/mw/com/gateway/gateway_application/gateway_core.h:16:
2026-10-07T16:57:57.6734144Z In file included from ./score/mw/com/gateway/transport_layer/transport.h:17:
2026-10-07T16:57:57.6735204Z In file included from ./score/mw/com/types.h:24:
2026-10-07T16:57:57.6736251Z In file included from ./score/mw/com/impl/generic_proxy.h:18:
2026-10-07T16:57:57.6737376Z In file included from ./score/mw/com/impl/generic_proxy_event.h:18:
2026-10-07T16:57:57.6738407Z In file included from ./score/mw/com/impl/proxy_base.h:18:
2026-10-07T16:57:57.6739454Z In file included from ./score/mw/com/impl/handle_type.h:18:
2026-10-07T16:57:57.6740545Z In file included from ./score/mw/com/impl/instance_identifier.h:16:
2026-10-07T16:57:57.6743379Z ./score/mw/com/impl/com_error.h:186:65: warning: 'kServiceInstanceAlreadyOffered' is deprecated: Value has never been used. Calls to OfferService shall be idempotent. [-Wdeprecated-declarations]
2026-10-07T16:57:57.6745666Z   186 |             case static_cast<score::result::ErrorCode>(ComErrc::kServiceInstanceAlreadyOffered):
2026-10-07T16:57:57.6746896Z       |                                                                 ^
2026-10-07T16:57:57.6748545Z ./score/mw/com/impl/com_error.h:58:11: note: 'kServiceInstanceAlreadyOffered' has been explicitly marked deprecated here
2026-10-07T16:57:57.6750352Z    58 |         [[deprecated("Value has never been used. Calls to OfferService shall be idempotent.")]],
2026-10-07T16:57:57.6751193Z       |           ^
2026-10-07T16:57:57.6751902Z 1 warning generated.
2026-10-07T16:57:58.7853899Z INFO: From Compiling score/mw/com/gateway/gateway_application/gateway_core_mock.cpp:
2026-10-07T16:57:58.7862705Z In file included from score/mw/com/gateway/gateway_application/gateway_core_mock.cpp:14:
2026-10-07T16:57:58.7892716Z In file included from ./score/mw/com/gateway/gateway_application/gateway_core_mock.h:17:
2026-10-07T16:57:58.7912718Z In file included from ./score/mw/com/gateway/gateway_application/gateway_core.h:16:
2026-10-07T16:57:58.7942531Z In file included from ./score/mw/com/gateway/transport_layer/transport.h:17:
2026-10-07T16:57:58.7962495Z In file included from ./score/mw/com/types.h:24:
2026-10-07T16:57:58.7982423Z In file included from ./score/mw/com/impl/generic_proxy.h:18:
2026-10-07T16:57:58.8006241Z In file included from ./score/mw/com/impl/generic_proxy_event.h:18:
2026-10-07T16:57:58.8025486Z In file included from ./score/mw/com/impl/proxy_base.h:18:
2026-10-07T16:57:58.8052403Z In file included from ./score/mw/com/impl/handle_type.h:18:
2026-10-07T16:57:58.8082440Z In file included from ./score/mw/com/impl/instance_identifier.h:16:
2026-10-07T16:57:58.8107880Z ./score/mw/com/impl/com_error.h:186:65: warning: 'kServiceInstanceAlreadyOffered' is deprecated: Value has never been used. Calls to OfferService shall be idempotent. [-Wdeprecated-declarations]
2026-10-07T16:57:58.8132894Z   186 |             case static_cast<score::result::ErrorCode>(ComErrc::kServiceInstanceAlreadyOffered):
2026-10-07T16:57:58.8134247Z       |                                                                 ^
2026-10-07T16:57:58.8135964Z ./score/mw/com/impl/com_error.h:58:11: note: 'kServiceInstanceAlreadyOffered' has been explicitly marked deprecated here
2026-10-07T16:57:58.8137868Z    58 |         [[deprecated("Value has never been used. Calls to OfferService shall be idempotent.")]],
2026-10-07T16:57:58.8138831Z       |           ^
2026-10-07T16:57:58.8139347Z 1 warning generated.
2026-10-07T16:57:58.8141217Z [6,972 / 7,596] 198 / 514 tests; Compiling score/mw/com/impl/bindings/lola/skeleton_test.cpp; 28s disk-cache, linux-sandbox ... (4 actions, 3 running)
2026-10-07T16:58:00.6183062Z INFO: From Compiling score/mw/com/impl/skeleton_event_base_test.cpp:
2026-10-07T16:58:00.6209778Z In file included from score/mw/com/impl/skeleton_event_base_test.cpp:16:
2026-10-07T16:58:00.6233997Z ./score/mw/com/impl/com_error.h:186:65: warning: 'kServiceInstanceAlreadyOffered' is deprecated: Value has never been used. Calls to OfferService shall be idempotent. [-Wdeprecated-declarations]
2026-10-07T16:58:00.6252816Z   186 |             case static_cast<score::result::ErrorCode>(ComErrc::kServiceInstanceAlreadyOffered):
2026-10-07T16:58:00.6272362Z       |                                                                 ^
2026-10-07T16:58:00.6274113Z ./score/mw/com/impl/com_error.h:58:11: note: 'kServiceInstanceAlreadyOffered' has been explicitly marked deprecated here
2026-10-07T16:58:00.6275923Z    58 |         [[deprecated("Value has never been used. Calls to OfferService shall be idempotent.")]],
2026-10-07T16:58:00.6276920Z       |           ^
2026-10-07T16:58:00.6277450Z 1 warning generated.
2026-10-07T16:58:02.0668719Z INFO: From Compiling score/mw/com/gateway/transport_layer/sample/sample_hypervisor_transport.cpp:
2026-10-07T16:58:02.0743491Z In file included from score/mw/com/gateway/transport_layer/sample/sample_hypervisor_transport.cpp:13:
2026-10-07T16:58:02.0752918Z In file included from ./score/mw/com/gateway/transport_layer/sample/sample_hypervisor_transport.h:16:
2026-10-07T16:58:02.0822858Z In file included from ./score/mw/com/gateway/gateway_application/gateway_core.h:16:
2026-10-07T16:58:02.0852663Z In file included from ./score/mw/com/gateway/transport_layer/transport.h:17:
2026-10-07T16:58:02.0853791Z In file included from ./score/mw/com/types.h:24:
2026-10-07T16:58:02.0854680Z In file included from ./score/mw/com/impl/generic_proxy.h:18:
2026-10-07T16:58:02.0855668Z In file included from ./score/mw/com/impl/generic_proxy_event.h:18:
2026-10-07T16:58:02.0856586Z In file included from ./score/mw/com/impl/proxy_base.h:18:
2026-10-07T16:58:02.0857925Z In file included from ./score/mw/com/impl/handle_type.h:18:
2026-10-07T16:58:02.0858920Z In file included from ./score/mw/com/impl/instance_identifier.h:16:
2026-10-07T16:58:02.0861194Z ./score/mw/com/impl/com_error.h:186:65: warning: 'kServiceInstanceAlreadyOffered' is deprecated: Value has never been used. Calls to OfferService shall be idempotent. [-Wdeprecated-declarations]
2026-10-07T16:58:02.0863579Z   186 |             case static_cast<score::result::ErrorCode>(ComErrc::kServiceInstanceAlreadyOffered):
2026-10-07T16:58:02.0864663Z       |                                                                 ^
2026-10-07T16:58:02.0866093Z ./score/mw/com/impl/com_error.h:58:11: note: 'kServiceInstanceAlreadyOffered' has been explicitly marked deprecated here
2026-10-07T16:58:02.0867712Z    58 |         [[deprecated("Value has never been used. Calls to OfferService shall be idempotent.")]],
2026-10-07T16:58:02.0868512Z       |           ^
2026-10-07T16:58:02.0868912Z 1 warning generated.
2026-10-07T16:58:03.4237601Z INFO: From Compiling score/mw/com/gateway/transport_layer/qemu/qemu_hypervisor_transport.cpp:
2026-10-07T16:58:03.4239475Z In file included from score/mw/com/gateway/transport_layer/qemu/qemu_hypervisor_transport.cpp:13:
2026-10-07T16:58:03.4282763Z In file included from ./score/mw/com/gateway/transport_layer/qemu/qemu_hypervisor_transport.h:16:
2026-10-07T16:58:03.4302775Z In file included from ./score/mw/com/gateway/gateway_application/gateway_core.h:16:
2026-10-07T16:58:03.4322499Z In file included from ./score/mw/com/gateway/transport_layer/transport.h:17:
2026-10-07T16:58:03.4332339Z In file included from ./score/mw/com/types.h:24:
2026-10-07T16:58:03.4362500Z In file included from ./score/mw/com/impl/generic_proxy.h:18:
2026-10-07T16:58:03.4382524Z In file included from ./score/mw/com/impl/generic_proxy_event.h:18:
2026-10-07T16:58:03.4412375Z In file included from ./score/mw/com/impl/proxy_base.h:18:
2026-10-07T16:58:03.4422474Z In file included from ./score/mw/com/impl/handle_type.h:18:
2026-10-07T16:58:03.4452438Z In file included from ./score/mw/com/impl/instance_identifier.h:16:
2026-10-07T16:58:03.4473745Z ./score/mw/com/impl/com_error.h:186:65: warning: 'kServiceInstanceAlreadyOffered' is deprecated: Value has never been used. Calls to OfferService shall be idempotent. [-Wdeprecated-declarations]
2026-10-07T16:58:03.4512637Z   186 |             case static_cast<score::result::ErrorCode>(ComErrc::kServiceInstanceAlreadyOffered):
2026-10-07T16:58:03.4592809Z       |                                                                 ^
2026-10-07T16:58:03.4622100Z ./score/mw/com/impl/com_error.h:58:11: note: 'kServiceInstanceAlreadyOffered' has been explicitly marked deprecated here
2026-10-07T16:58:03.4632827Z    58 |         [[deprecated("Value has never been used. Calls to OfferService shall be idempotent.")]],
2026-10-07T16:58:03.4659176Z       |           ^
2026-10-07T16:58:03.4672203Z 1 warning generated.
2026-10-07T16:58:07.2422922Z INFO: From Compiling score/mw/com/impl/bindings/lola/skeleton_test.cpp:
2026-10-07T16:58:07.2482697Z In file included from score/mw/com/impl/bindings/lola/skeleton_test.cpp:13:
2026-10-07T16:58:07.2532727Z In file included from ./score/mw/com/impl/bindings/lola/skeleton.h:32:
2026-10-07T16:58:07.2602874Z In file included from ./score/mw/com/impl/bindings/lola/skeleton_memory_manager.h:20:
2026-10-07T16:58:07.2672926Z In file included from ./score/mw/com/impl/bindings/lola/service_data_storage.h:20:
2026-10-07T16:58:07.2702728Z In file included from ./score/mw/com/impl/bindings/lola/i_runtime.h:20:
2026-10-07T16:58:07.2782588Z In file included from ./score/mw/com/impl/i_binding_runtime.h:17:
2026-10-07T16:58:07.2842688Z In file included from ./score/mw/com/impl/i_service_discovery_client.h:16:
2026-10-07T16:58:07.2843896Z In file included from ./score/mw/com/impl/enriched_instance_identifier.h:17:
2026-10-07T16:58:07.2844871Z In file included from ./score/mw/com/impl/handle_type.h:18:
2026-10-07T16:58:07.2846202Z In file included from ./score/mw/com/impl/instance_identifier.h:16:
2026-10-07T16:58:07.2848628Z ./score/mw/com/impl/com_error.h:186:65: warning: 'kServiceInstanceAlreadyOffered' is deprecated: Value has never been used. Calls to OfferService shall be idempotent. [-Wdeprecated-declarations]
2026-10-07T16:58:07.2850887Z   186 |             case static_cast<score::result::ErrorCode>(ComErrc::kServiceInstanceAlreadyOffered):
2026-10-07T16:58:07.2882507Z       |                                                                 ^
2026-10-07T16:58:07.2884121Z ./score/mw/com/impl/com_error.h:58:11: note: 'kServiceInstanceAlreadyOffered' has been explicitly marked deprecated here
2026-10-07T16:58:07.2885869Z    58 |         [[deprecated("Value has never been used. Calls to OfferService shall be idempotent.")]],
2026-10-07T16:58:07.2886713Z       |           ^
2026-10-07T16:58:07.2887149Z 1 warning generated.
2026-10-07T16:58:13.8332958Z INFO: From Compiling score/mw/com/impl/bindings/lola/proxy_event_test.cpp:
2026-10-07T16:58:13.8392967Z In file included from score/mw/com/impl/bindings/lola/proxy_event_test.cpp:14:
2026-10-07T16:58:13.8422592Z In file included from ./score/mw/com/impl/bindings/lola/proxy_event.h:18:
2026-10-07T16:58:13.8452516Z In file included from ./score/mw/com/impl/bindings/lola/proxy.h:24:
2026-10-07T16:58:13.8512830Z In file included from ./score/mw/com/impl/bindings/lola/proxy_method.h:17:
2026-10-07T16:58:13.8572933Z In file included from ./score/mw/com/impl/bindings/lola/i_runtime.h:20:
2026-10-07T16:58:13.8622478Z In file included from ./score/mw/com/impl/i_binding_runtime.h:17:
2026-10-07T16:58:13.8632514Z In file included from ./score/mw/com/impl/i_service_discovery_client.h:16:
2026-10-07T16:58:13.8652516Z In file included from ./score/mw/com/impl/enriched_instance_identifier.h:17:
2026-10-07T16:58:13.8682336Z In file included from ./score/mw/com/impl/handle_type.h:18:
2026-10-07T16:58:13.8692490Z In file included from ./score/mw/com/impl/instance_identifier.h:16:
2026-10-07T16:58:13.8695084Z ./score/mw/com/impl/com_error.h:186:65: warning: 'kServiceInstanceAlreadyOffered' is deprecated: Value has never been used. Calls to OfferService shall be idempotent. [-Wdeprecated-declarations]
2026-10-07T16:58:13.8697392Z   186 |             case static_cast<score::result::ErrorCode>(ComErrc::kServiceInstanceAlreadyOffered):
2026-10-07T16:58:13.8699111Z       |                                                                 ^
2026-10-07T16:58:13.8700761Z ./score/mw/com/impl/com_error.h:58:11: note: 'kServiceInstanceAlreadyOffered' has been explicitly marked deprecated here
2026-10-07T16:58:13.8733023Z    58 |         [[deprecated("Value has never been used. Calls to OfferService shall be idempotent.")]],
2026-10-07T16:58:13.8733934Z       |           ^
2026-10-07T16:58:13.8734513Z 1 warning generated.
2026-10-07T16:58:13.8736476Z [6,985 / 7,598] 198 / 514 tests; Compiling score/mw/com/impl/bindings/lola/skeleton_event_tracing_test.cpp; 12s disk-cache, linux-sandbox ... (4 actions, 3 running)
2026-10-07T16:58:18.8517620Z INFO: From Compiling score/mw/com/impl/plumbing/binding_runtime_factory_test.cpp:
2026-10-07T16:58:18.8543331Z In file included from score/mw/com/impl/plumbing/binding_runtime_factory_test.cpp:13:
2026-10-07T16:58:18.8572663Z In file included from ./score/mw/com/impl/plumbing/binding_runtime_factory.h:16:
2026-10-07T16:58:18.8574085Z In file included from ./score/mw/com/impl/configuration/configuration.h:18:
2026-10-07T16:58:18.8575595Z In file included from ./score/mw/com/impl/configuration/service_instance_deployment.h:17:
2026-10-07T16:58:18.8578389Z ./score/mw/com/impl/com_error.h:186:65: warning: 'kServiceInstanceAlreadyOffered' is deprecated: Value has never been used. Calls to OfferService shall be idempotent. [-Wdeprecated-declarations]
2026-10-07T16:58:18.8580828Z   186 |             case static_cast<score::result::ErrorCode>(ComErrc::kServiceInstanceAlreadyOffered):
2026-10-07T16:58:18.8582414Z       |                                                                 ^
2026-10-07T16:58:18.8585072Z ./score/mw/com/impl/com_error.h:58:11: note: 'kServiceInstanceAlreadyOffered' has been explicitly marked deprecated here
2026-10-07T16:58:18.8612800Z    58 |         [[deprecated("Value has never been used. Calls to OfferService shall be idempotent.")]],
2026-10-07T16:58:18.8641895Z       |           ^
2026-10-07T16:58:18.8669210Z 1 warning generated.
2026-10-07T16:58:20.9766791Z INFO: From Compiling score/mw/com/impl/bindings/lola/skeleton_event_tracing_test.cpp:
2026-10-07T16:58:20.9812827Z In file included from score/mw/com/impl/bindings/lola/skeleton_event_tracing_test.cpp:13:
2026-10-07T16:58:20.9822921Z In file included from ./score/mw/com/impl/tracing/skeleton_event_tracing.h:22:
2026-10-07T16:58:20.9862571Z In file included from ./score/mw/com/impl/instance_identifier.h:16:
2026-10-07T16:58:20.9889634Z ./score/mw/com/impl/com_error.h:186:65: warning: 'kServiceInstanceAlreadyOffered' is deprecated: Value has never been used. Calls to OfferService shall be idempotent. [-Wdeprecated-declarations]
2026-10-07T16:58:20.9932831Z   186 |             case static_cast<score::result::ErrorCode>(ComErrc::kServiceInstanceAlreadyOffered):
2026-10-07T16:58:20.9952319Z       |                                                                 ^
2026-10-07T16:58:20.9983236Z ./score/mw/com/impl/com_error.h:58:11: note: 'kServiceInstanceAlreadyOffered' has been explicitly marked deprecated here
2026-10-07T16:58:21.0012632Z    58 |         [[deprecated("Value has never been used. Calls to OfferService shall be idempotent.")]],
2026-10-07T16:58:21.0042006Z       |           ^
2026-10-07T16:58:21.0072266Z 1 warning generated.
2026-10-07T16:58:22.6273443Z INFO: From Compiling score/mw/com/gateway/transport_layer/qemu/qemu_hypervisor_transport_test.cpp:
2026-10-07T16:58:22.6303050Z In file included from score/mw/com/gateway/transport_layer/qemu/qemu_hypervisor_transport_test.cpp:13:
2026-10-07T16:58:22.6332853Z In file included from ./score/mw/com/gateway/transport_layer/qemu/qemu_hypervisor_transport.h:16:
2026-10-07T16:58:22.6362622Z In file included from ./score/mw/com/gateway/gateway_application/gateway_core.h:16:
2026-10-07T16:58:22.6388821Z In file included from ./score/mw/com/gateway/transport_layer/transport.h:17:
2026-10-07T16:58:22.6412415Z In file included from ./score/mw/com/types.h:24:
2026-10-07T16:58:22.6442542Z In file included from ./score/mw/com/impl/generic_proxy.h:18:
2026-10-07T16:58:22.6472467Z In file included from ./score/mw/com/impl/generic_proxy_event.h:18:
2026-10-07T16:58:22.6502384Z In file included from ./score/mw/com/impl/proxy_base.h:18:
2026-10-07T16:58:22.6503431Z In file included from ./score/mw/com/impl/handle_type.h:18:
2026-10-07T16:58:22.6504509Z In file included from ./score/mw/com/impl/instance_identifier.h:16:
2026-10-07T16:58:22.6506961Z ./score/mw/com/impl/com_error.h:186:65: warning: 'kServiceInstanceAlreadyOffered' is deprecated: Value has never been used. Calls to OfferService shall be idempotent. [-Wdeprecated-declarations]
2026-10-07T16:58:22.6509230Z   186 |             case static_cast<score::result::ErrorCode>(ComErrc::kServiceInstanceAlreadyOffered):
2026-10-07T16:58:22.6510419Z       |                                                                 ^
2026-10-07T16:58:22.6512094Z ./score/mw/com/impl/com_error.h:58:11: note: 'kServiceInstanceAlreadyOffered' has been explicitly marked deprecated here
2026-10-07T16:58:22.6513962Z    58 |         [[deprecated("Value has never been used. Calls to OfferService shall be idempotent.")]],
2026-10-07T16:58:22.6541988Z       |           ^
2026-10-07T16:58:22.6542472Z 1 warning generated.
2026-10-07T16:58:24.3503799Z [6,991 / 7,601] 198 / 514 tests; Compiling score/mw/com/impl/bindings/lola/proxy_test.cpp; 16s disk-cache, linux-sandbox ... (4 actions running)
2026-10-07T16:58:34.5643695Z [6,991 / 7,601] 198 / 514 tests; Compiling score/mw/com/impl/bindings/lola/proxy_test.cpp; 26s disk-cache, linux-sandbox ... (4 actions running)
2026-10-07T16:58:36.0038089Z INFO: From Compiling score/mw/com/impl/plumbing/skeleton_field_binding_factory_test.cpp:
2026-10-07T16:58:36.0063081Z In file included from score/mw/com/impl/plumbing/skeleton_field_binding_factory_test.cpp:18:
2026-10-07T16:58:36.0113006Z In file included from ./score/mw/com/impl/plumbing/skeleton_field_binding_factory.h:17:
2026-10-07T16:58:36.0122561Z In file included from ./score/mw/com/impl/bindings/lola/skeleton_event.h:21:
2026-10-07T16:58:36.0152415Z In file included from ./score/mw/com/impl/bindings/lola/skeleton.h:32:
2026-10-07T16:58:36.0182417Z In file included from ./score/mw/com/impl/bindings/lola/skeleton_memory_manager.h:20:
2026-10-07T16:58:36.0202536Z In file included from ./score/mw/com/impl/bindings/lola/service_data_storage.h:20:
2026-10-07T16:58:36.0232432Z In file included from ./score/mw/com/impl/bindings/lola/i_runtime.h:20:
2026-10-07T16:58:36.0260050Z In file included from ./score/mw/com/impl/i_binding_runtime.h:17:
2026-10-07T16:58:36.0262569Z In file included from ./score/mw/com/impl/i_service_discovery_client.h:16:
2026-10-07T16:58:36.0292687Z In file included from ./score/mw/com/impl/enriched_instance_identifier.h:17:
2026-10-07T16:58:36.0332375Z In file included from ./score/mw/com/impl/handle_type.h:18:
2026-10-07T16:58:36.0362631Z In file included from ./score/mw/com/impl/instance_identifier.h:16:
2026-10-07T16:58:36.0383948Z ./score/mw/com/impl/com_error.h:186:65: warning: 'kServiceInstanceAlreadyOffered' is deprecated: Value has never been used. Calls to OfferService shall be idempotent. [-Wdeprecated-declarations]
2026-10-07T16:58:36.0386431Z   186 |             case static_cast<score::result::ErrorCode>(ComErrc::kServiceInstanceAlreadyOffered):
2026-10-07T16:58:36.0387741Z       |                                                                 ^
2026-10-07T16:58:36.0389435Z ./score/mw/com/impl/com_error.h:58:11: note: 'kServiceInstanceAlreadyOffered' has been explicitly marked deprecated here
2026-10-07T16:58:36.0421727Z    58 |         [[deprecated("Value has never been used. Calls to OfferService shall be idempotent.")]],
2026-10-07T16:58:36.0422725Z       |           ^
2026-10-07T16:58:36.0423202Z 1 warning generated.
2026-10-07T16:58:37.4893105Z INFO: From Compiling score/mw/com/impl/proxy_base_test.cpp:
2026-10-07T16:58:37.4922779Z In file included from score/mw/com/impl/proxy_base_test.cpp:13:
2026-10-07T16:58:37.4952435Z In file included from ./score/mw/com/impl/proxy_base.h:18:
2026-10-07T16:58:37.5008638Z In file included from ./score/mw/com/impl/handle_type.h:18:
2026-10-07T16:58:37.5072672Z In file included from ./score/mw/com/impl/instance_identifier.h:16:
2026-10-07T16:58:37.5103796Z ./score/mw/com/impl/com_error.h:186:65: warning: 'kServiceInstanceAlreadyOffered' is deprecated: Value has never been used. Calls to OfferService shall be idempotent. [-Wdeprecated-declarations]
2026-10-07T16:58:37.5132979Z   186 |             case static_cast<score::result::ErrorCode>(ComErrc::kServiceInstanceAlreadyOffered):
2026-10-07T16:58:37.5134218Z       |                                                                 ^
2026-10-07T16:58:37.5135828Z ./score/mw/com/impl/com_error.h:58:11: note: 'kServiceInstanceAlreadyOffered' has been explicitly marked deprecated here
2026-10-07T16:58:37.5137592Z    58 |         [[deprecated("Value has never been used. Calls to OfferService shall be idempotent.")]],
2026-10-07T16:58:37.5138448Z       |           ^
2026-10-07T16:58:37.5138900Z 1 warning generated.
2026-10-07T16:58:39.1052897Z INFO: From Compiling score/mw/com/impl/bindings/lola/proxy_test.cpp:
2026-10-07T16:58:39.1070053Z In file included from score/mw/com/impl/bindings/lola/proxy_test.cpp:13:
2026-10-07T16:58:39.1162692Z In file included from ./score/mw/com/impl/bindings/lola/proxy.h:24:
2026-10-07T16:58:39.1222624Z In file included from ./score/mw/com/impl/bindings/lola/proxy_method.h:17:
2026-10-07T16:58:39.1312581Z In file included from ./score/mw/com/impl/bindings/lola/i_runtime.h:20:
2026-10-07T16:58:39.1382606Z In file included from ./score/mw/com/impl/i_binding_runtime.h:17:
2026-10-07T16:58:39.1452774Z In file included from ./score/mw/com/impl/i_service_discovery_client.h:16:
2026-10-07T16:58:39.1503105Z In file included from ./score/mw/com/impl/enriched_instance_identifier.h:17:
2026-10-07T16:58:39.1562492Z In file included from ./score/mw/com/impl/handle_type.h:18:
2026-10-07T16:58:39.1622708Z In file included from ./score/mw/com/impl/instance_identifier.h:16:
2026-10-07T16:58:39.1673838Z ./score/mw/com/impl/com_error.h:186:65: warning: 'kServiceInstanceAlreadyOffered' is deprecated: Value has never been used. Calls to OfferService shall be idempotent. [-Wdeprecated-declarations]
2026-10-07T16:58:39.1693180Z   186 |             case static_cast<score::result::ErrorCode>(ComErrc::kServiceInstanceAlreadyOffered):
2026-10-07T16:58:39.1712418Z       |                                                                 ^
2026-10-07T16:58:39.1743261Z ./score/mw/com/impl/com_error.h:58:11: note: 'kServiceInstanceAlreadyOffered' has been explicitly marked deprecated here
2026-10-07T16:58:39.1772818Z    58 |         [[deprecated("Value has never been used. Calls to OfferService shall be idempotent.")]],
2026-10-07T16:58:39.1773883Z       |           ^
2026-10-07T16:58:39.1774386Z 1 warning generated.
2026-10-07T16:58:47.5728853Z [7,000 / 7,604] 198 / 514 tests; Compiling score/mw/com/gateway/transport_layer/sample/sample_hypervisor_transport_test.cpp; 10s disk-cache, linux-sandbox ... (4 actions, 3 running)
2026-10-07T16:58:50.7628928Z INFO: From Compiling score/mw/com/impl/bindings/lola/subscription_state_machine_events_test.cpp:
2026-10-07T16:58:50.7652798Z In file included from score/mw/com/impl/bindings/lola/subscription_state_machine_events_test.cpp:15:
2026-10-07T16:58:50.7675154Z In file included from ./score/mw/com/impl/bindings/lola/test/proxy_event_test_resources.h:18:
2026-10-07T16:58:50.7702445Z In file included from ./score/mw/com/impl/bindings/lola/i_runtime.h:20:
2026-10-07T16:58:50.7712592Z In file included from ./score/mw/com/impl/i_binding_runtime.h:17:
2026-10-07T16:58:50.7742480Z In file included from ./score/mw/com/impl/i_service_discovery_client.h:16:
2026-10-07T16:58:50.7743794Z In file included from ./score/mw/com/impl/enriched_instance_identifier.h:17:
2026-10-07T16:58:50.7744944Z In file included from ./score/mw/com/impl/handle_type.h:18:
2026-10-07T16:58:50.7746026Z In file included from ./score/mw/com/impl/instance_identifier.h:16:
2026-10-07T16:58:50.7749106Z ./score/mw/com/impl/com_error.h:186:65: warning: 'kServiceInstanceAlreadyOffered' is deprecated: Value has never been used. Calls to OfferService shall be idempotent. [-Wdeprecated-declarations]
2026-10-07T16:58:50.7751678Z   186 |             case static_cast<score::result::ErrorCode>(ComErrc::kServiceInstanceAlreadyOffered):
2026-10-07T16:58:50.7752888Z       |                                                                 ^
2026-10-07T16:58:50.7754370Z ./score/mw/com/impl/com_error.h:58:11: note: 'kServiceInstanceAlreadyOffered' has been explicitly marked deprecated here
2026-10-07T16:58:50.7756099Z    58 |         [[deprecated("Value has never been used. Calls to OfferService shall be idempotent.")]],
2026-10-07T16:58:50.7756889Z       |           ^
2026-10-07T16:58:50.7757295Z 1 warning generated.
2026-10-07T16:58:52.7362716Z INFO: From Compiling score/mw/com/impl/plumbing/skeleton_service_element_binding_factory_test.cpp:
2026-10-07T16:58:52.7389238Z In file included from score/mw/com/impl/plumbing/skeleton_service_element_binding_factory_test.cpp:14:
2026-10-07T16:58:52.7422910Z In file included from ./score/mw/com/impl/bindings/lola/test/skeleton_test_resources.h:20:
2026-10-07T16:58:52.7452614Z In file included from ./score/mw/com/impl/bindings/lola/runtime_mock.h:16:
2026-10-07T16:58:52.7454238Z In file included from ./score/mw/com/impl/bindings/lola/i_runtime.h:20:
2026-10-07T16:58:52.7482596Z In file included from ./score/mw/com/impl/i_binding_runtime.h:17:
2026-10-07T16:58:52.7503002Z In file included from ./score/mw/com/impl/i_service_discovery_client.h:16:
2026-10-07T16:58:52.7512601Z In file included from ./score/mw/com/impl/enriched_instance_identifier.h:17:
2026-10-07T16:58:52.7542794Z In file included from ./score/mw/com/impl/handle_type.h:18:
2026-10-07T16:58:52.7562845Z In file included from ./score/mw/com/impl/instance_identifier.h:16:
2026-10-07T16:58:52.7594047Z ./score/mw/com/impl/com_error.h:186:65: warning: 'kServiceInstanceAlreadyOffered' is deprecated: Value has never been used. Calls to OfferService shall be idempotent. [-Wdeprecated-declarations]
2026-10-07T16:58:52.7622940Z   186 |             case static_cast<score::result::ErrorCode>(ComErrc::kServiceInstanceAlreadyOffered):
2026-10-07T16:58:52.7632325Z       |                                                                 ^
2026-10-07T16:58:52.7663015Z ./score/mw/com/impl/com_error.h:58:11: note: 'kServiceInstanceAlreadyOffered' has been explicitly marked deprecated here
2026-10-07T16:58:52.7682738Z    58 |         [[deprecated("Value has never been used. Calls to OfferService shall be idempotent.")]],
2026-10-07T16:58:52.7712264Z       |           ^
2026-10-07T16:58:52.7722027Z 1 warning generated.
2026-10-07T16:58:55.2621652Z INFO: From Compiling score/mw/com/gateway/transport_layer/sample/sample_hypervisor_transport_test.cpp:
2026-10-07T16:58:55.2660673Z In file included from score/mw/com/gateway/transport_layer/sample/sample_hypervisor_transport_test.cpp:13:
2026-10-07T16:58:55.2673025Z In file included from ./score/mw/com/gateway/transport_layer/sample/sample_hypervisor_transport.h:16:
2026-10-07T16:58:55.2732556Z In file included from ./score/mw/com/gateway/gateway_application/gateway_core.h:16:
2026-10-07T16:58:55.2742564Z In file included from ./score/mw/com/gateway/transport_layer/transport.h:17:
2026-10-07T16:58:55.2765300Z In file included from ./score/mw/com/types.h:24:
2026-10-07T16:58:55.2792724Z In file included from ./score/mw/com/impl/generic_proxy.h:18:
2026-10-07T16:58:55.2822342Z In file included from ./score/mw/com/impl/generic_proxy_event.h:18:
2026-10-07T16:58:55.2832404Z In file included from ./score/mw/com/impl/proxy_base.h:18:
2026-10-07T16:58:55.2852867Z In file included from ./score/mw/com/impl/handle_type.h:18:
2026-10-07T16:58:55.2882453Z In file included from ./score/mw/com/impl/instance_identifier.h:16:
2026-10-07T16:58:55.2912932Z ./score/mw/com/impl/com_error.h:186:65: warning: 'kServiceInstanceAlreadyOffered' is deprecated: Value has never been used. Calls to OfferService shall be idempotent. [-Wdeprecated-declarations]
2026-10-07T16:58:55.2927072Z   186 |             case static_cast<score::result::ErrorCode>(ComErrc::kServiceInstanceAlreadyOffered):
2026-10-07T16:58:55.2942349Z       |                                                                 ^
2026-10-07T16:58:55.2973156Z ./score/mw/com/impl/com_error.h:58:11: note: 'kServiceInstanceAlreadyOffered' has been explicitly marked deprecated here
2026-10-07T16:58:55.2975017Z    58 |         [[deprecated("Value has never been used. Calls to OfferService shall be idempotent.")]],
2026-10-07T16:58:55.2975901Z       |           ^
2026-10-07T16:58:55.2976399Z 1 warning generated.
2026-10-07T16:58:58.1293390Z INFO: From Compiling score/mw/com/gateway/transport_layer/sample/message_framer.cpp:
2026-10-07T16:58:58.1324318Z In file included from score/mw/com/gateway/transport_layer/sample/message_framer.cpp:13:
2026-10-07T16:58:58.1352998Z In file included from ./score/mw/com/gateway/transport_layer/sample/message_framer.h:16:
2026-10-07T16:58:58.1382854Z In file included from ./score/mw/com/gateway/transport_layer/sample/i_message_framer.h:16:
2026-10-07T16:58:58.1392961Z In file included from ./score/mw/com/gateway/transport_layer/sample/messages/gateway_messages.h:17:
2026-10-07T16:58:58.1412464Z In file included from ./score/mw/com/gateway/transport_layer/transport.h:17:
2026-10-07T16:58:58.1441146Z In file included from ./score/mw/com/types.h:24:
2026-10-07T16:58:58.1472566Z In file included from ./score/mw/com/impl/generic_proxy.h:18:
2026-10-07T16:58:58.1474009Z In file included from ./score/mw/com/impl/generic_proxy_event.h:18:
2026-10-07T16:58:58.1475297Z In file included from ./score/mw/com/impl/proxy_base.h:18:
2026-10-07T16:58:58.1502942Z In file included from ./score/mw/com/impl/handle_type.h:18:
2026-10-07T16:58:58.1532571Z In file included from ./score/mw/com/impl/instance_identifier.h:16:
2026-10-07T16:58:58.1535277Z ./score/mw/com/impl/com_error.h:186:65: warning: 'kServiceInstanceAlreadyOffered' is deprecated: Value has never been used. Calls to OfferService shall be idempotent. [-Wdeprecated-declarations]
2026-10-07T16:58:58.1537665Z   186 |             case static_cast<score::result::ErrorCode>(ComErrc::kServiceInstanceAlreadyOffered):
2026-10-07T16:58:58.1538890Z       |                                                                 ^
2026-10-07T16:58:58.1540651Z ./score/mw/com/impl/com_error.h:58:11: note: 'kServiceInstanceAlreadyOffered' has been explicitly marked deprecated here
2026-10-07T16:58:58.1542834Z    58 |         [[deprecated("Value has never been used. Calls to OfferService shall be idempotent.")]],
2026-10-07T16:58:58.1543756Z       |           ^
2026-10-07T16:58:58.1544272Z 1 warning generated.
2026-10-07T16:58:58.1546243Z [7,012 / 7,608] 198 / 514 tests; Compiling score/memory/shared/test/test_offset_ptr/assignment_test.cpp; 4s disk-cache, linux-sandbox ... (4 actions, 3 running)
2026-10-07T16:59:01.4691978Z INFO: From Compiling score/mw/com/impl/plumbing/proxy_binding_factory_mock.cpp:
2026-10-07T16:59:01.4723207Z In file included from score/mw/com/impl/plumbing/proxy_binding_factory_mock.cpp:13:
2026-10-07T16:59:01.4752811Z In file included from ./score/mw/com/impl/plumbing/proxy_binding_factory_mock.h:16:
2026-10-07T16:59:01.4782662Z In file included from ./score/mw/com/impl/plumbing/i_proxy_binding_factory.h:16:
2026-10-07T16:59:01.4812607Z In file included from ./score/mw/com/impl/handle_type.h:18:
2026-10-07T16:59:01.4833829Z In file included from ./score/mw/com/impl/instance_identifier.h:16:
2026-10-07T16:59:01.4874212Z ./score/mw/com/impl/com_error.h:186:65: warning: 'kServiceInstanceAlreadyOffered' is deprecated: Value has never been used. Calls to OfferService shall be idempotent. [-Wdeprecated-declarations]
2026-10-07T16:59:01.4903050Z   186 |             case static_cast<score::result::ErrorCode>(ComErrc::kServiceInstanceAlreadyOffered):
2026-10-07T16:59:01.4922410Z       |                                                                 ^
2026-10-07T16:59:01.4947135Z ./score/mw/com/impl/com_error.h:58:11: note: 'kServiceInstanceAlreadyOffered' has been explicitly marked deprecated here
2026-10-07T16:59:01.4972841Z    58 |         [[deprecated("Value has never been used. Calls to OfferService shall be idempotent.")]],
2026-10-07T16:59:01.5002103Z       |           ^
2026-10-07T16:59:01.5022272Z 1 warning generated.
2026-10-07T16:59:06.1023185Z INFO: From Compiling score/mw/com/impl/plumbing/skeleton_binding_factory_test.cpp:
2026-10-07T16:59:06.1052811Z In file included from score/mw/com/impl/plumbing/skeleton_binding_factory_test.cpp:13:
2026-10-07T16:59:06.1072736Z In file included from ./score/mw/com/impl/plumbing/skeleton_binding_factory.h:16:
2026-10-07T16:59:06.1102468Z In file included from ./score/mw/com/impl/instance_identifier.h:16:
2026-10-07T16:59:06.1134005Z ./score/mw/com/impl/com_error.h:186:65: warning: 'kServiceInstanceAlreadyOffered' is deprecated: Value has never been used. Calls to OfferService shall be idempotent. [-Wdeprecated-declarations]
2026-10-07T16:59:06.1142891Z   186 |             case static_cast<score::result::ErrorCode>(ComErrc::kServiceInstanceAlreadyOffered):
2026-10-07T16:59:06.1162338Z       |                                                                 ^
2026-10-07T16:59:06.1193248Z ./score/mw/com/impl/com_error.h:58:11: note: 'kServiceInstanceAlreadyOffered' has been explicitly marked deprecated here
2026-10-07T16:59:06.1222794Z    58 |         [[deprecated("Value has never been used. Calls to OfferService shall be idempotent.")]],
2026-10-07T16:59:06.1232042Z       |           ^
2026-10-07T16:59:06.1261975Z 1 warning generated.
2026-10-07T16:59:07.2129257Z INFO: From Compiling score/mw/com/impl/mocking/skeleton_field_mock_test.cpp:
2026-10-07T16:59:07.2133102Z In file included from score/mw/com/impl/mocking/skeleton_field_mock_test.cpp:15:
2026-10-07T16:59:07.2153738Z ./score/mw/com/impl/com_error.h:186:65: warning: 'kServiceInstanceAlreadyOffered' is deprecated: Value has never been used. Calls to OfferService shall be idempotent. [-Wdeprecated-declarations]
2026-10-07T16:59:07.2172717Z   186 |             case static_cast<score::result::ErrorCode>(ComErrc::kServiceInstanceAlreadyOffered):
2026-10-07T16:59:07.2202280Z       |                                                                 ^
2026-10-07T16:59:07.2232978Z ./score/mw/com/impl/com_error.h:58:11: note: 'kServiceInstanceAlreadyOffered' has been explicitly marked deprecated here
2026-10-07T16:59:07.2242875Z    58 |         [[deprecated("Value has never been used. Calls to OfferService shall be idempotent.")]],
2026-10-07T16:59:07.2272041Z       |           ^
2026-10-07T16:59:07.2272569Z 1 warning generated.
2026-10-07T16:59:07.8976548Z INFO: From Compiling score/mw/com/gateway/transport_layer/sample/message_framer_test.cpp:
2026-10-07T16:59:07.8978375Z In file included from score/mw/com/gateway/transport_layer/sample/message_framer_test.cpp:13:
2026-10-07T16:59:07.8979912Z In file included from ./score/mw/com/gateway/transport_layer/sample/message_framer.h:16:
2026-10-07T16:59:07.8981612Z In file included from ./score/mw/com/gateway/transport_layer/sample/i_message_framer.h:16:
2026-10-07T16:59:07.8983242Z In file included from ./score/mw/com/gateway/transport_layer/sample/messages/gateway_messages.h:17:
2026-10-07T16:59:07.8984613Z In file included from ./score/mw/com/gateway/transport_layer/transport.h:17:
2026-10-07T16:59:07.8985628Z In file included from ./score/mw/com/types.h:24:
2026-10-07T16:59:07.8986576Z In file included from ./score/mw/com/impl/generic_proxy.h:18:
2026-10-07T16:59:07.8987667Z In file included from ./score/mw/com/impl/generic_proxy_event.h:18:
2026-10-07T16:59:07.8988677Z In file included from ./score/mw/com/impl/proxy_base.h:18:
2026-10-07T16:59:07.8989665Z In file included from ./score/mw/com/impl/handle_type.h:18:
2026-10-07T16:59:07.8990721Z In file included from ./score/mw/com/impl/instance_identifier.h:16:
2026-10-07T16:59:07.8993283Z ./score/mw/com/impl/com_error.h:186:65: warning: 'kServiceInstanceAlreadyOffered' is deprecated: Value has never been used. Calls to OfferService shall be idempotent. [-Wdeprecated-declarations]
2026-10-07T16:59:07.8995805Z   186 |             case static_cast<score::result::ErrorCode>(ComErrc::kServiceInstanceAlreadyOffered):
2026-10-07T16:59:07.8997046Z       |                                                                 ^
2026-10-07T16:59:07.8998575Z ./score/mw/com/impl/com_error.h:58:11: note: 'kServiceInstanceAlreadyOffered' has been explicitly marked deprecated here
2026-10-07T16:59:07.9000297Z    58 |         [[deprecated("Value has never been used. Calls to OfferService shall be idempotent.")]],
2026-10-07T16:59:07.9001174Z       |           ^
2026-10-07T16:59:07.9041961Z 1 warning generated.
2026-10-07T16:59:08.6984025Z [7,025 / 7,610] 198 / 514 tests; Compiling score/memory/shared/test/test_offset_ptr/assignment_test.cpp; 15s disk-cache, linux-sandbox ... (4 actions, 3 running)
2026-10-07T16:59:23.2247861Z INFO: From Compiling score/mw/com/impl/bindings/lola/test/skeleton_event_test_resources.cpp:
2026-10-07T16:59:23.2303476Z In file included from score/mw/com/impl/bindings/lola/test/skeleton_event_test_resources.cpp:13:
2026-10-07T16:59:23.2363116Z In file included from ./score/mw/com/impl/bindings/lola/test/skeleton_event_test_resources.h:17:
2026-10-07T16:59:23.2392664Z In file included from ./score/mw/com/impl/bindings/lola/skeleton_event.h:21:
2026-10-07T16:59:23.2393913Z In file included from ./score/mw/com/impl/bindings/lola/skeleton.h:32:
2026-10-07T16:59:23.2395267Z In file included from ./score/mw/com/impl/bindings/lola/skeleton_memory_manager.h:20:
2026-10-07T16:59:23.2396676Z In file included from ./score/mw/com/impl/bindings/lola/service_data_storage.h:20:
2026-10-07T16:59:23.2397925Z In file included from ./score/mw/com/impl/bindings/lola/i_runtime.h:20:
2026-10-07T16:59:23.2399636Z In file included from ./score/mw/com/impl/i_binding_runtime.h:17:
2026-10-07T16:59:23.2400889Z In file included from ./score/mw/com/impl/i_service_discovery_client.h:16:
2026-10-07T16:59:23.2402480Z In file included from ./score/mw/com/impl/enriched_instance_identifier.h:17:
2026-10-07T16:59:23.2403587Z In file included from ./score/mw/com/impl/handle_type.h:18:
2026-10-07T16:59:23.2404676Z In file included from ./score/mw/com/impl/instance_identifier.h:16:
2026-10-07T16:59:23.2407158Z ./score/mw/com/impl/com_error.h:186:65: warning: 'kServiceInstanceAlreadyOffered' is deprecated: Value has never been used. Calls to OfferService shall be idempotent. [-Wdeprecated-declarations]
2026-10-07T16:59:23.2409432Z   186 |             case static_cast<score::result::ErrorCode>(ComErrc::kServiceInstanceAlreadyOffered):
2026-10-07T16:59:23.2410644Z       |                                                                 ^
2026-10-07T16:59:23.2412620Z ./score/mw/com/impl/com_error.h:58:11: note: 'kServiceInstanceAlreadyOffered' has been explicitly marked deprecated here
2026-10-07T16:59:23.2414546Z    58 |         [[deprecated("Value has never been used. Calls to OfferService shall be idempotent.")]],
2026-10-07T16:59:23.2415496Z       |           ^
2026-10-07T16:59:23.2416011Z 1 warning generated.
2026-10-07T16:59:23.2443403Z [7,030 / 7,610] 198 / 514 tests; Compiling score/mw/com/impl/plumbing/proxy_binding_factory_test.cpp; 9s disk-cache, linux-sandbox ... (4 actions, 3 running)
2026-10-07T16:59:30.6562818Z INFO: From Compiling score/mw/com/impl/runtime_single_exec_test.cpp:
2026-10-07T16:59:30.6566127Z In file included from score/mw/com/impl/runtime_single_exec_test.cpp:13:
2026-10-07T16:59:30.6592367Z In file included from ./score/mw/com/impl/runtime.h:18:
2026-10-07T16:59:30.6622713Z In file included from ./score/mw/com/impl/configuration/configuration.h:18:
2026-10-07T16:59:30.6652653Z In file included from ./score/mw/com/impl/configuration/service_instance_deployment.h:17:
2026-10-07T16:59:30.6655564Z ./score/mw/com/impl/com_error.h:186:65: warning: 'kServiceInstanceAlreadyOffered' is deprecated: Value has never been used. Calls to OfferService shall be idempotent. [-Wdeprecated-declarations]
2026-10-07T16:59:30.6683093Z   186 |             case static_cast<score::result::ErrorCode>(ComErrc::kServiceInstanceAlreadyOffered):
2026-10-07T16:59:30.6712535Z       |                                                                 ^
2026-10-07T16:59:30.6743286Z ./score/mw/com/impl/com_error.h:58:11: note: 'kServiceInstanceAlreadyOffered' has been explicitly marked deprecated here
2026-10-07T16:59:30.6752972Z    58 |         [[deprecated("Value has never been used. Calls to OfferService shall be idempotent.")]],
2026-10-07T16:59:30.6785208Z       |           ^
2026-10-07T16:59:30.6812034Z 1 warning generated.
2026-10-07T16:59:34.3494796Z [7,038 / 7,611] 198 / 514 tests; Compiling score/mw/com/impl/plumbing/proxy_binding_factory_test.cpp; 20s disk-cache, linux-sandbox ... (4 actions running)
2026-10-07T16:59:34.7813282Z INFO: From Compiling score/mw/com/impl/bindings/lola/skeleton_event_test.cpp:
2026-10-07T16:59:34.7892896Z In file included from score/mw/com/impl/bindings/lola/skeleton_event_test.cpp:13:
2026-10-07T16:59:34.7922592Z In file included from ./score/mw/com/impl/bindings/lola/skeleton_event.h:21:
2026-10-07T16:59:34.7952582Z In file included from ./score/mw/com/impl/bindings/lola/skeleton.h:32:
2026-10-07T16:59:34.7982681Z In file included from ./score/mw/com/impl/bindings/lola/skeleton_memory_manager.h:20:
2026-10-07T16:59:34.8012840Z In file included from ./score/mw/com/impl/bindings/lola/service_data_storage.h:20:
2026-10-07T16:59:34.8042512Z In file included from ./score/mw/com/impl/bindings/lola/i_runtime.h:20:
2026-10-07T16:59:34.8065837Z In file included from ./score/mw/com/impl/i_binding_runtime.h:17:
2026-10-07T16:59:34.8092524Z In file included from ./score/mw/com/impl/i_service_discovery_client.h:16:
2026-10-07T16:59:34.8122527Z In file included from ./score/mw/com/impl/enriched_instance_identifier.h:17:
2026-10-07T16:59:34.8152795Z In file included from ./score/mw/com/impl/handle_type.h:18:
2026-10-07T16:59:34.8182434Z In file included from ./score/mw/com/impl/instance_identifier.h:16:
2026-10-07T16:59:34.8213786Z ./score/mw/com/impl/com_error.h:186:65: warning: 'kServiceInstanceAlreadyOffered' is deprecated: Value has never been used. Calls to OfferService shall be idempotent. [-Wdeprecated-declarations]
2026-10-07T16:59:34.8242706Z   186 |             case static_cast<score::result::ErrorCode>(ComErrc::kServiceInstanceAlreadyOffered):
2026-10-07T16:59:34.8243996Z       |                                                                 ^
2026-10-07T16:59:34.8272889Z ./score/mw/com/impl/com_error.h:58:11: note: 'kServiceInstanceAlreadyOffered' has been explicitly marked deprecated here
2026-10-07T16:59:34.8302599Z    58 |         [[deprecated("Value has never been used. Calls to OfferService shall be idempotent.")]],
2026-10-07T16:59:34.8331976Z       |           ^
2026-10-07T16:59:34.8362061Z 1 warning generated.
2026-10-07T16:59:37.0343480Z INFO: From Compiling score/mw/com/gateway/transport_layer/sample/messages/serialization_test.cpp:
2026-10-07T16:59:37.0368775Z In file included from score/mw/com/gateway/transport_layer/sample/messages/serialization_test.cpp:15:
2026-10-07T16:59:37.0381648Z In file included from ./score/mw/com/gateway/transport_layer/transport.h:17:
2026-10-07T16:59:37.0442373Z In file included from ./score/mw/com/types.h:24:
2026-10-07T16:59:37.0452393Z In file included from ./score/mw/com/impl/generic_proxy.h:18:
2026-10-07T16:59:37.0453564Z In file included from ./score/mw/com/impl/generic_proxy_event.h:18:
2026-10-07T16:59:37.0454707Z In file included from ./score/mw/com/impl/proxy_base.h:18:
2026-10-07T16:59:37.0455783Z In file included from ./score/mw/com/impl/handle_type.h:18:
2026-10-07T16:59:37.0456956Z In file included from ./score/mw/com/impl/instance_identifier.h:16:
2026-10-07T16:59:37.0459666Z ./score/mw/com/impl/com_error.h:186:65: warning: 'kServiceInstanceAlreadyOffered' is deprecated: Value has never been used. Calls to OfferService shall be idempotent. [-Wdeprecated-declarations]
2026-10-07T16:59:37.0462307Z   186 |             case static_cast<score::result::ErrorCode>(ComErrc::kServiceInstanceAlreadyOffered):
2026-10-07T16:59:37.0464066Z       |                                                                 ^
2026-10-07T16:59:37.0465693Z ./score/mw/com/impl/com_error.h:58:11: note: 'kServiceInstanceAlreadyOffered' has been explicitly marked deprecated here
2026-10-07T16:59:37.0467518Z    58 |         [[deprecated("Value has never been used. Calls to OfferService shall be idempotent.")]],
2026-10-07T16:59:37.0468419Z       |           ^
2026-10-07T16:59:37.0468891Z 1 warning generated.
2026-10-07T16:59:37.5373227Z INFO: From Compiling score/mw/com/impl/plumbing/proxy_binding_factory_test.cpp:
2026-10-07T16:59:37.5412829Z In file included from score/mw/com/impl/plumbing/proxy_binding_factory_test.cpp:13:
2026-10-07T16:59:37.5422544Z In file included from ./score/mw/com/impl/plumbing/proxy_binding_factory.h:16:
2026-10-07T16:59:37.5442422Z In file included from ./score/mw/com/impl/handle_type.h:18:
2026-10-07T16:59:37.5472434Z In file included from ./score/mw/com/impl/instance_identifier.h:16:
2026-10-07T16:59:37.5503849Z ./score/mw/com/impl/com_error.h:186:65: warning: 'kServiceInstanceAlreadyOffered' is deprecated: Value has never been used. Calls to OfferService shall be idempotent. [-Wdeprecated-declarations]
2026-10-07T16:59:37.5512944Z   186 |             case static_cast<score::result::ErrorCode>(ComErrc::kServiceInstanceAlreadyOffered):
2026-10-07T16:59:37.5532434Z       |                                                                 ^
2026-10-07T16:59:37.5562957Z ./score/mw/com/impl/com_error.h:58:11: note: 'kServiceInstanceAlreadyOffered' has been explicitly marked deprecated here
2026-10-07T16:59:37.5592839Z    58 |         [[deprecated("Value has never been used. Calls to OfferService shall be idempotent.")]],
2026-10-07T16:59:37.5597056Z       |           ^
2026-10-07T16:59:37.5622687Z 1 warning generated.
2026-10-07T16:59:42.3668588Z INFO: From Compiling score/mw/com/mocking/i_runtime.cpp:
2026-10-07T16:59:42.3722715Z In file included from score/mw/com/mocking/i_runtime.cpp:13:
2026-10-07T16:59:42.3782653Z In file included from ./score/mw/com/mocking/i_runtime.h:17:
2026-10-07T16:59:42.3800667Z In file included from ./score/mw/com/types.h:24:
2026-10-07T16:59:42.3825068Z In file included from ./score/mw/com/impl/generic_proxy.h:18:
2026-10-07T16:59:42.3842421Z In file included from ./score/mw/com/impl/generic_proxy_event.h:18:
2026-10-07T16:59:42.3871860Z In file included from ./score/mw/com/impl/proxy_base.h:18:
2026-10-07T16:59:42.3882307Z In file included from ./score/mw/com/impl/handle_type.h:18:
2026-10-07T16:59:42.3912472Z In file included from ./score/mw/com/impl/instance_identifier.h:16:
2026-10-07T16:59:42.3916850Z ./score/mw/com/impl/com_error.h:186:65: warning: 'kServiceInstanceAlreadyOffered' is deprecated: Value has never been used. Calls to OfferService shall be idempotent. [-Wdeprecated-declarations]
2026-10-07T16:59:42.3919761Z   186 |             case static_cast<score::result::ErrorCode>(ComErrc::kServiceInstanceAlreadyOffered):
2026-10-07T16:59:42.3921892Z       |                                                                 ^
2026-10-07T16:59:42.3923908Z ./score/mw/com/impl/com_error.h:58:11: note: 'kServiceInstanceAlreadyOffered' has been explicitly marked deprecated here
2026-10-07T16:59:42.3926521Z    58 |         [[deprecated("Value has never been used. Calls to OfferService shall be idempotent.")]],
2026-10-07T16:59:42.3927755Z       |           ^
2026-10-07T16:59:42.3928605Z 1 warning generated.
2026-10-07T16:59:44.3504088Z [7,051 / 7,614] 198 / 514 tests; Compiling score/memory/shared/test/test_offset_ptr/construction_test.cpp; 17s disk-cache, linux-sandbox ... (4 actions running)
2026-10-07T16:59:46.5953553Z INFO: From Compiling score/mw/com/runtime.cpp:
2026-10-07T16:59:46.5982546Z In file included from score/mw/com/runtime.cpp:13:
2026-10-07T16:59:46.6002950Z In file included from ./score/mw/com/runtime.h:24:
2026-10-07T16:59:46.6032564Z In file included from ./score/mw/com/mocking/i_runtime.h:17:
2026-10-07T16:59:46.6062291Z In file included from ./score/mw/com/types.h:24:
2026-10-07T16:59:46.6072464Z In file included from ./score/mw/com/impl/generic_proxy.h:18:
2026-10-07T16:59:46.6102388Z In file included from ./score/mw/com/impl/generic_proxy_event.h:18:
2026-10-07T16:59:46.6132328Z In file included from ./score/mw/com/impl/proxy_base.h:18:
2026-10-07T16:59:46.6158192Z In file included from ./score/mw/com/impl/handle_type.h:18:
2026-10-07T16:59:46.6159786Z In file included from ./score/mw/com/impl/instance_identifier.h:16:
2026-10-07T16:59:46.6162896Z ./score/mw/com/impl/com_error.h:186:65: warning: 'kServiceInstanceAlreadyOffered' is deprecated: Value has never been used. Calls to OfferService shall be idempotent. [-Wdeprecated-declarations]
2026-10-07T16:59:46.6166068Z   186 |             case static_cast<score::result::ErrorCode>(ComErrc::kServiceInstanceAlreadyOffered):
2026-10-07T16:59:46.6167582Z       |                                                                 ^
2026-10-07T16:59:46.6169308Z ./score/mw/com/impl/com_error.h:58:11: note: 'kServiceInstanceAlreadyOffered' has been explicitly marked deprecated here
2026-10-07T16:59:46.6173546Z    58 |         [[deprecated("Value has never been used. Calls to OfferService shall be idempotent.")]],
2026-10-07T16:59:46.6175946Z       |           ^
2026-10-07T16:59:46.6176625Z 1 warning generated.
2026-10-07T16:59:54.3510507Z [7,062 / 7,617] 198 / 514 tests; Compiling score/mw/com/impl/plumbing/proxy_event_field_binding_factory_test.cpp; 18s disk-cache, linux-sandbox ... (4 actions running)
2026-10-07T16:59:54.4602786Z INFO: From Compiling score/mw/com/com_error_domain.cpp:
2026-10-07T16:59:54.4632546Z In file included from score/mw/com/com_error_domain.cpp:13:
2026-10-07T16:59:54.4633655Z In file included from ./score/mw/com/com_error_domain.h:16:
2026-10-07T16:59:54.4664383Z ./score/mw/com/impl/com_error.h:186:65: warning: 'kServiceInstanceAlreadyOffered' is deprecated: Value has never been used. Calls to OfferService shall be idempotent. [-Wdeprecated-declarations]
2026-10-07T16:59:54.4692940Z   186 |             case static_cast<score::result::ErrorCode>(ComErrc::kServiceInstanceAlreadyOffered):
2026-10-07T16:59:54.4722240Z       |                                                                 ^
2026-10-07T16:59:54.4723995Z ./score/mw/com/impl/com_error.h:58:11: note: 'kServiceInstanceAlreadyOffered' has been explicitly marked deprecated here
2026-10-07T16:59:54.4752878Z    58 |         [[deprecated("Value has never been used. Calls to OfferService shall be idempotent.")]],
2026-10-07T16:59:54.4782041Z       |           ^
2026-10-07T16:59:54.4812066Z 1 warning generated.
2026-10-07T16:59:59.4743295Z INFO: From Compiling score/mw/com/test/api/api_under_test_smoke.cpp:
2026-10-07T16:59:59.4782626Z In file included from score/mw/com/test/api/api_under_test_smoke.cpp:23:
2026-10-07T16:59:59.4803586Z In file included from bazel-out/k8-fastbuild-tsan/bin/score/mw/com/test/api/_virtual_includes/api/our/name_space/someinterface/someinterface_common.h:18:
2026-10-07T16:59:59.4832263Z In file included from ./score/mw/com/types.h:24:
2026-10-07T16:59:59.4833326Z In file included from ./score/mw/com/impl/generic_proxy.h:18:
2026-10-07T16:59:59.4872078Z In file included from ./score/mw/com/impl/generic_proxy_event.h:18:
2026-10-07T16:59:59.4892576Z In file included from ./score/mw/com/impl/proxy_base.h:18:
2026-10-07T16:59:59.4912383Z In file included from ./score/mw/com/impl/handle_type.h:18:
2026-10-07T16:59:59.4932811Z In file included from ./score/mw/com/impl/instance_identifier.h:16:
2026-10-07T16:59:59.4943958Z ./score/mw/com/impl/com_error.h:186:65: warning: 'kServiceInstanceAlreadyOffered' is deprecated: Value has never been used. Calls to OfferService shall be idempotent. [-Wdeprecated-declarations]
2026-10-07T16:59:59.4972839Z   186 |             case static_cast<score::result::ErrorCode>(ComErrc::kServiceInstanceAlreadyOffered):
2026-10-07T16:59:59.4992430Z       |                                                                 ^
2026-10-07T16:59:59.5023061Z ./score/mw/com/impl/com_error.h:58:11: note: 'kServiceInstanceAlreadyOffered' has been explicitly marked deprecated here
2026-10-07T16:59:59.5032706Z    58 |         [[deprecated("Value has never been used. Calls to OfferService shall be idempotent.")]],
2026-10-07T16:59:59.5061975Z       |           ^
2026-10-07T16:59:59.5082132Z 1 warning generated.
2026-10-07T17:00:01.5556082Z INFO: From Compiling score/mw/com/impl/plumbing/proxy_event_field_binding_factory_test.cpp:
2026-10-07T17:00:01.5580688Z In file included from score/mw/com/impl/plumbing/proxy_event_field_binding_factory_test.cpp:14:
2026-10-07T17:00:01.5586893Z In file included from ./score/mw/com/impl/bindings/lola/proxy.h:24:
2026-10-07T17:00:01.5615829Z In file included from ./score/mw/com/impl/bindings/lola/proxy_method.h:17:
2026-10-07T17:00:01.5642680Z In file included from ./score/mw/com/impl/bindings/lola/i_runtime.h:20:
2026-10-07T17:00:01.5682542Z In file included from ./score/mw/com/impl/i_binding_runtime.h:17:
2026-10-07T17:00:01.5684181Z In file included from ./score/mw/com/impl/i_service_discovery_client.h:16:
2026-10-07T17:00:01.5712785Z In file included from ./score/mw/com/impl/enriched_instance_identifier.h:17:
2026-10-07T17:00:01.5742531Z In file included from ./score/mw/com/impl/handle_type.h:18:
2026-10-07T17:00:01.5772490Z In file included from ./score/mw/com/impl/instance_identifier.h:16:
2026-10-07T17:00:01.5775327Z ./score/mw/com/impl/com_error.h:186:65: warning: 'kServiceInstanceAlreadyOffered' is deprecated: Value has never been used. Calls to OfferService shall be idempotent. [-Wdeprecated-declarations]
2026-10-07T17:00:01.5802910Z   186 |             case static_cast<score::result::ErrorCode>(ComErrc::kServiceInstanceAlreadyOffered):
2026-10-07T17:00:01.5862487Z       |                                                                 ^
2026-10-07T17:00:01.5893286Z ./score/mw/com/impl/com_error.h:58:11: note: 'kServiceInstanceAlreadyOffered' has been explicitly marked deprecated here
2026-10-07T17:00:01.5922926Z    58 |         [[deprecated("Value has never been used. Calls to OfferService shall be idempotent.")]],
2026-10-07T17:00:01.5962054Z       |           ^
2026-10-07T17:00:01.5992055Z 1 warning generated.
2026-10-07T17:00:04.3543945Z [7,072 / 7,619] 198 / 514 tests; Compiling score/mw/com/impl/plumbing/proxy_method_binding_factory_test.cpp; 26s disk-cache, linux-sandbox ... (4 actions running)
2026-10-07T17:00:04.8899852Z INFO: From Compiling score/mw/com/test/api/generated_api_test.cpp:
2026-10-07T17:00:04.8922750Z In file included from score/mw/com/test/api/generated_api_test.cpp:17:
2026-10-07T17:00:04.8953713Z In file included from bazel-out/k8-fastbuild-tsan/bin/score/mw/com/test/api/_virtual_includes/api/our/name_space/someinterface/someinterface_common.h:18:
2026-10-07T17:00:04.8982209Z In file included from ./score/mw/com/types.h:24:
2026-10-07T17:00:04.9012340Z In file included from ./score/mw/com/impl/generic_proxy.h:18:
2026-10-07T17:00:04.9013668Z In file included from ./score/mw/com/impl/generic_proxy_event.h:18:
2026-10-07T17:00:04.9042276Z In file included from ./score/mw/com/impl/proxy_base.h:18:
2026-10-07T17:00:04.9064925Z In file included from ./score/mw/com/impl/handle_type.h:18:
2026-10-07T17:00:04.9083936Z In file included from ./score/mw/com/impl/instance_identifier.h:16:
2026-10-07T17:00:04.9103969Z ./score/mw/com/impl/com_error.h:186:65: warning: 'kServiceInstanceAlreadyOffered' is deprecated: Value has never been used. Calls to OfferService shall be idempotent. [-Wdeprecated-declarations]
2026-10-07T17:00:04.9132987Z   186 |             case static_cast<score::result::ErrorCode>(ComErrc::kServiceInstanceAlreadyOffered):
2026-10-07T17:00:04.9162402Z       |                                                                 ^
2026-10-07T17:00:04.9192981Z ./score/mw/com/impl/com_error.h:58:11: note: 'kServiceInstanceAlreadyOffered' has been explicitly marked deprecated here
2026-10-07T17:00:04.9195049Z    58 |         [[deprecated("Value has never been used. Calls to OfferService shall be idempotent.")]],
2026-10-07T17:00:04.9221991Z       |           ^
2026-10-07T17:00:04.9252292Z 1 warning generated.
2026-10-07T17:00:08.5653389Z INFO: From Compiling score/mw/com/impl/plumbing/skeleton_method_binding_factory_mock.cpp:
2026-10-07T17:00:08.5693602Z In file included from score/mw/com/impl/plumbing/skeleton_method_binding_factory_mock.cpp:13:
2026-10-07T17:00:08.5712771Z In file included from ./score/mw/com/impl/plumbing/skeleton_method_binding_factory_mock.h:16:
2026-10-07T17:00:08.5722722Z In file included from ./score/mw/com/impl/plumbing/i_skeleton_method_binding_factory.h:16:
2026-10-07T17:00:08.5724026Z In file included from ./score/mw/com/impl/handle_type.h:18:
2026-10-07T17:00:08.5725188Z In file included from ./score/mw/com/impl/instance_identifier.h:16:
2026-10-07T17:00:08.5727912Z ./score/mw/com/impl/com_error.h:186:65: warning: 'kServiceInstanceAlreadyOffered' is deprecated: Value has never been used. Calls to OfferService shall be idempotent. [-Wdeprecated-declarations]
2026-10-07T17:00:08.5730345Z   186 |             case static_cast<score::result::ErrorCode>(ComErrc::kServiceInstanceAlreadyOffered):
2026-10-07T17:00:08.5731914Z       |                                                                 ^
2026-10-07T17:00:08.5733691Z ./score/mw/com/impl/com_error.h:58:11: note: 'kServiceInstanceAlreadyOffered' has been explicitly marked deprecated here
2026-10-07T17:00:08.5735621Z    58 |         [[deprecated("Value has never been used. Calls to OfferService shall be idempotent.")]],
2026-10-07T17:00:08.5736543Z       |           ^
2026-10-07T17:00:08.5737048Z 1 warning generated.
2026-10-07T17:00:11.7603298Z INFO: From Compiling score/mw/com/impl/plumbing/skeleton_field_binding_factory_mock.cpp:
2026-10-07T17:00:11.7612989Z In file included from score/mw/com/impl/plumbing/skeleton_field_binding_factory_mock.cpp:13:
2026-10-07T17:00:11.7636686Z In file included from ./score/mw/com/impl/plumbing/skeleton_field_binding_factory_mock.h:16:
2026-10-07T17:00:11.7638508Z In file included from ./score/mw/com/impl/plumbing/i_skeleton_field_binding_factory.h:17:
2026-10-07T17:00:11.7640076Z In file included from ./score/mw/com/impl/instance_identifier.h:16:
2026-10-07T17:00:11.7642993Z ./score/mw/com/impl/com_error.h:186:65: warning: 'kServiceInstanceAlreadyOffered' is deprecated: Value has never been used. Calls to OfferService shall be idempotent. [-Wdeprecated-declarations]
2026-10-07T17:00:11.7645424Z   186 |             case static_cast<score::result::ErrorCode>(ComErrc::kServiceInstanceAlreadyOffered):
2026-10-07T17:00:11.7646721Z       |                                                                 ^
2026-10-07T17:00:11.7648481Z ./score/mw/com/impl/com_error.h:58:11: note: 'kServiceInstanceAlreadyOffered' has been explicitly marked deprecated here
2026-10-07T17:00:11.7650478Z    58 |         [[deprecated("Value has never been used. Calls to OfferService shall be idempotent.")]],
2026-10-07T17:00:11.7651666Z       |           ^
2026-10-07T17:00:11.7652254Z 1 warning generated.
2026-10-07T17:00:11.7873118Z INFO: From Compiling score/mw/com/impl/plumbing/proxy_method_binding_factory_test.cpp:
2026-10-07T17:00:11.7902707Z In file included from score/mw/com/impl/plumbing/proxy_method_binding_factory_test.cpp:13:
2026-10-07T17:00:11.7922806Z In file included from ./score/mw/com/impl/plumbing/proxy_method_binding_factory.h:17:
2026-10-07T17:00:11.7962857Z In file included from ./score/mw/com/impl/plumbing/i_proxy_method_binding_factory.h:16:
2026-10-07T17:00:11.7963989Z In file included from ./score/mw/com/impl/handle_type.h:18:
2026-10-07T17:00:11.7964976Z In file included from ./score/mw/com/impl/instance_identifier.h:16:
2026-10-07T17:00:11.7967238Z ./score/mw/com/impl/com_error.h:186:65: warning: 'kServiceInstanceAlreadyOffered' is deprecated: Value has never been used. Calls to OfferService shall be idempotent. [-Wdeprecated-declarations]
2026-10-07T17:00:11.7969323Z   186 |             case static_cast<score::result::ErrorCode>(ComErrc::kServiceInstanceAlreadyOffered):
2026-10-07T17:00:11.7970403Z       |                                                                 ^
2026-10-07T17:00:11.7972177Z ./score/mw/com/impl/com_error.h:58:11: note: 'kServiceInstanceAlreadyOffered' has been explicitly marked deprecated here
2026-10-07T17:00:11.7974074Z    58 |         [[deprecated("Value has never been used. Calls to OfferService shall be idempotent.")]],
2026-10-07T17:00:11.7974855Z       |           ^
2026-10-07T17:00:11.7975259Z 1 warning generated.
2026-10-07T17:00:14.8753609Z [7,083 / 7,621] 198 / 514 tests; Compiling score/mw/com/impl/bindings/lola/proxy_method_test.cpp; 12s disk-cache, linux-sandbox ... (4 actions, 3 running)
2026-10-07T17:00:14.9480062Z INFO: From Compiling score/mw/com/impl/plumbing/skeleton_event_binding_factory_mock.cpp:
2026-10-07T17:00:14.9513691Z In file included from score/mw/com/impl/plumbing/skeleton_event_binding_factory_mock.cpp:13:
2026-10-07T17:00:14.9542894Z In file included from ./score/mw/com/impl/plumbing/skeleton_event_binding_factory_mock.h:16:
2026-10-07T17:00:14.9572779Z In file included from ./score/mw/com/impl/plumbing/i_skeleton_event_binding_factory.h:16:
2026-10-07T17:00:14.9574502Z In file included from ./score/mw/com/impl/instance_identifier.h:16:
2026-10-07T17:00:14.9604097Z ./score/mw/com/impl/com_error.h:186:65: warning: 'kServiceInstanceAlreadyOffered' is deprecated: Value has never been used. Calls to OfferService shall be idempotent. [-Wdeprecated-declarations]
2026-10-07T17:00:14.9632877Z   186 |             case static_cast<score::result::ErrorCode>(ComErrc::kServiceInstanceAlreadyOffered):
2026-10-07T17:00:14.9634239Z       |                                                                 ^
2026-10-07T17:00:14.9663282Z ./score/mw/com/impl/com_error.h:58:11: note: 'kServiceInstanceAlreadyOffered' has been explicitly marked deprecated here
2026-10-07T17:00:14.9693276Z    58 |         [[deprecated("Value has never been used. Calls to OfferService shall be idempotent.")]],
2026-10-07T17:00:14.9722057Z       |           ^
2026-10-07T17:00:14.9722626Z 1 warning generated.
2026-10-07T17:00:15.4311092Z INFO: From Compiling score/mw/com/impl/plumbing/skeleton_binding_factory_mock.cpp:
2026-10-07T17:00:15.4329133Z In file included from score/mw/com/impl/plumbing/skeleton_binding_factory_mock.cpp:13:
2026-10-07T17:00:15.4342718Z In file included from ./score/mw/com/impl/plumbing/skeleton_binding_factory_mock.h:16:
2026-10-07T17:00:15.4375420Z In file included from ./score/mw/com/impl/plumbing/i_skeleton_binding_factory.h:16:
2026-10-07T17:00:15.4382329Z In file included from ./score/mw/com/impl/instance_identifier.h:16:
2026-10-07T17:00:15.4385134Z ./score/mw/com/impl/com_error.h:186:65: warning: 'kServiceInstanceAlreadyOffered' is deprecated: Value has never been used. Calls to OfferService shall be idempotent. [-Wdeprecated-declarations]
2026-10-07T17:00:15.4403473Z   186 |             case static_cast<score::result::ErrorCode>(ComErrc::kServiceInstanceAlreadyOffered):
2026-10-07T17:00:15.4422878Z       |                                                                 ^
2026-10-07T17:00:15.4453176Z ./score/mw/com/impl/com_error.h:58:11: note: 'kServiceInstanceAlreadyOffered' has been explicitly marked deprecated here
2026-10-07T17:00:15.4482852Z    58 |         [[deprecated("Value has never been used. Calls to OfferService shall be idempotent.")]],
2026-10-07T17:00:15.4491979Z       |           ^
2026-10-07T17:00:15.4512288Z 1 warning generated.
2026-10-07T17:00:18.1303592Z INFO: From Compiling score/mw/com/impl/plumbing/proxy_method_binding_factory_mock.cpp:
2026-10-07T17:00:18.1333125Z In file included from score/mw/com/impl/plumbing/proxy_method_binding_factory_mock.cpp:13:
2026-10-07T17:00:18.1362862Z In file included from ./score/mw/com/impl/plumbing/proxy_method_binding_factory_mock.h:16:
2026-10-07T17:00:18.1382282Z In file included from ./score/mw/com/impl/handle_type.h:18:
2026-10-07T17:00:18.1392642Z In file included from ./score/mw/com/impl/instance_identifier.h:16:
2026-10-07T17:00:18.1423856Z ./score/mw/com/impl/com_error.h:186:65: warning: 'kServiceInstanceAlreadyOffered' is deprecated: Value has never been used. Calls to OfferService shall be idempotent. [-Wdeprecated-declarations]
2026-10-07T17:00:18.1462973Z   186 |             case static_cast<score::result::ErrorCode>(ComErrc::kServiceInstanceAlreadyOffered):
2026-10-07T17:00:18.1482362Z       |                                                                 ^
2026-10-07T17:00:18.1484080Z ./score/mw/com/impl/com_error.h:58:11: note: 'kServiceInstanceAlreadyOffered' has been explicitly marked deprecated here
2026-10-07T17:00:18.1486015Z    58 |         [[deprecated("Value has never been used. Calls to OfferService shall be idempotent.")]],
2026-10-07T17:00:18.1487005Z       |           ^
2026-10-07T17:00:18.1487492Z 1 warning generated.
2026-10-07T17:00:18.9207400Z INFO: From Compiling score/mw/com/impl/plumbing/proxy_field_binding_factory_mock.cpp:
2026-10-07T17:00:18.9252936Z In file included from score/mw/com/impl/plumbing/proxy_field_binding_factory_mock.cpp:13:
2026-10-07T17:00:18.9282692Z In file included from ./score/mw/com/impl/plumbing/proxy_field_binding_factory_mock.h:16:
2026-10-07T17:00:18.9312518Z In file included from ./score/mw/com/impl/plumbing/i_proxy_field_binding_factory.h:16:
2026-10-07T17:00:18.9313928Z In file included from ./score/mw/com/impl/handle_type.h:18:
2026-10-07T17:00:18.9342367Z In file included from ./score/mw/com/impl/instance_identifier.h:16:
2026-10-07T17:00:18.9374190Z ./score/mw/com/impl/com_error.h:186:65: warning: 'kServiceInstanceAlreadyOffered' is deprecated: Value has never been used. Calls to OfferService shall be idempotent. [-Wdeprecated-declarations]
2026-10-07T17:00:18.9382601Z   186 |             case static_cast<score::result::ErrorCode>(ComErrc::kServiceInstanceAlreadyOffered):
2026-10-07T17:00:18.9431764Z       |                                                                 ^
2026-10-07T17:00:18.9434042Z ./score/mw/com/impl/com_error.h:58:11: note: 'kServiceInstanceAlreadyOffered' has been explicitly marked deprecated here
2026-10-07T17:00:18.9462628Z    58 |         [[deprecated("Value has never been used. Calls to OfferService shall be idempotent.")]],
2026-10-07T17:00:18.9491895Z       |           ^
2026-10-07T17:00:18.9502067Z 1 warning generated.
2026-10-07T17:00:20.0543287Z INFO: From Compiling score/mw/com/impl/methods/method_traits_checker_test.cpp:
2026-10-07T17:00:20.0562688Z In file included from score/mw/com/impl/methods/method_traits_checker_test.cpp:13:
2026-10-07T17:00:20.0582753Z In file included from ./score/mw/com/impl/methods/method_traits_checker.h:22:
2026-10-07T17:00:20.0604944Z external/+_repo_rules2+ubuntu24_04_sysroot_amd64/sysroot/usr/lib/gcc/x86_64-linux-gnu/13/../../../../include/c++/13/functional:552:2: warning: 'result_of<(lambda at score/mw/com/impl/methods/method_traits_checker_test.cpp:581:42) &()>' is deprecated: use 'std::invoke_result' instead [-Wdeprecated-declarations]
2026-10-07T17:00:20.0622153Z   552 |         using _Res_type_impl
2026-10-07T17:00:20.0651910Z       |         ^
2026-10-07T17:00:20.0674073Z external/+_repo_rules2+ubuntu24_04_sysroot_amd64/sysroot/usr/lib/gcc/x86_64-linux-gnu/13/../../../../include/c++/13/functional:556:20: note: in instantiation of template type alias '_Res_type_impl' requested here
2026-10-07T17:00:20.0692628Z   556 |         using _Res_type = _Res_type_impl<_Functor, _CallArgs, _Bound_args...>;
2026-10-07T17:00:20.0712148Z       |                           ^
2026-10-07T17:00:20.0744035Z score/mw/com/impl/methods/method_traits_checker_test.cpp:581:32: note: in instantiation of template class 'std::_Bind<(lambda at score/mw/com/impl/methods/method_traits_checker_test.cpp:581:42) ()>' requested here
2026-10-07T17:00:20.0772428Z   581 |     auto std_bind_expression = std::bind([]() {});
2026-10-07T17:00:20.0802253Z       |                                ^
2026-10-07T17:00:20.0805755Z external/+_repo_rules2+ubuntu24_04_sysroot_amd64/sysroot/usr/lib/gcc/x86_64-linux-gnu/13/../../../../include/c++/13/type_traits:2590:9: note: 'result_of<(lambda at score/mw/com/impl/methods/method_traits_checker_test.cpp:581:42) &()>' has been explicitly marked deprecated here
2026-10-07T17:00:20.0832468Z  2590 |     { } _GLIBCXX17_DEPRECATED_SUGGEST("std::invoke_result");
2026-10-07T17:00:20.0862097Z       |         ^
2026-10-07T17:00:20.0894110Z external/+_repo_rules2+ubuntu24_04_sysroot_amd64/sysroot/usr/lib/gcc/x86_64-linux-gnu/13/../../../../include/x86_64-linux-gnu/c++/13/bits/c++config.h:122:45: note: expanded from macro '_GLIBCXX17_DEPRECATED_SUGGEST'
2026-10-07T17:00:20.0896445Z   122 | # define _GLIBCXX17_DEPRECATED_SUGGEST(ALT) _GLIBCXX_DEPRECATED_SUGGEST(ALT)
2026-10-07T17:00:20.0922272Z       |                                             ^
2026-10-07T17:00:20.0954086Z external/+_repo_rules2+ubuntu24_04_sysroot_amd64/sysroot/usr/lib/gcc/x86_64-linux-gnu/13/../../../../include/x86_64-linux-gnu/c++/13/bits/c++config.h:98:19: note: expanded from macro '_GLIBCXX_DEPRECATED_SUGGEST'
2026-10-07T17:00:20.0972024Z    98 |   __attribute__ ((__deprecated__ ("use '" ALT "' instead")))
2026-10-07T17:00:20.0992061Z       |                   ^
2026-10-07T17:00:20.1018270Z In file included from score/mw/com/impl/methods/method_traits_checker_test.cpp:13:
2026-10-07T17:00:20.1019883Z In file included from ./score/mw/com/impl/methods/method_traits_checker.h:22:
2026-10-07T17:00:20.1024515Z external/+_repo_rules2+ubuntu24_04_sysroot_amd64/sysroot/usr/lib/gcc/x86_64-linux-gnu/13/../../../../include/c++/13/functional:552:2: warning: 'result_of<(lambda at score/mw/com/impl/methods/method_traits_checker_test.cpp:581:42) &()>' is deprecated: use 'std::invoke_result' instead [-Wdeprecated-declarations]
2026-10-07T17:00:20.1026929Z   552 |         using _Res_type_impl
2026-10-07T17:00:20.1027648Z       |         ^
2026-10-07T17:00:20.1030520Z external/+_repo_rules2+ubuntu24_04_sysroot_amd64/sysroot/usr/lib/gcc/x86_64-linux-gnu/13/../../../../include/c++/13/functional:556:2: note: in instantiation of template type alias '_Res_type_impl' requested here
2026-10-07T17:00:20.1033093Z   556 |         using _Res_type = _Res_type_impl<_Functor, _CallArgs, _Bound_args...>;
2026-10-07T17:00:20.1034055Z       |         ^
2026-10-07T17:00:20.1036500Z external/+_repo_rules2+ubuntu24_04_sysroot_amd64/sysroot/usr/lib/gcc/x86_64-linux-gnu/13/../../../../include/c++/13/functional:586:28: note: in instantiation of template type alias '_Res_type' requested here
2026-10-07T17:00:20.1038685Z   586 |                typename _Result = _Res_type<tuple<_Args...>>>
2026-10-07T17:00:20.1039642Z       |                                   ^
2026-10-07T17:00:20.1042648Z score/mw/com/impl/methods/method_traits_checker_test.cpp:581:32: note: in instantiation of template class 'std::_Bind<(lambda at score/mw/com/impl/methods/method_traits_checker_test.cpp:581:42) ()>' requested here
2026-10-07T17:00:20.1044732Z   581 |     auto std_bind_expression = std::bind([]() {});
2026-10-07T17:00:20.1045625Z       |                                ^
2026-10-07T17:00:20.1048857Z external/+_repo_rules2+ubuntu24_04_sysroot_amd64/sysroot/usr/lib/gcc/x86_64-linux-gnu/13/../../../../include/c++/13/type_traits:2590:9: note: 'result_of<(lambda at score/mw/com/impl/methods/method_traits_checker_test.cpp:581:42) &()>' has been explicitly marked deprecated here
2026-10-07T17:00:20.1051251Z  2590 |     { } _GLIBCXX17_DEPRECATED_SUGGEST("std::invoke_result");
2026-10-07T17:00:20.1052337Z       |         ^
2026-10-07T17:00:20.1054911Z external/+_repo_rules2+ubuntu24_04_sysroot_amd64/sysroot/usr/lib/gcc/x86_64-linux-gnu/13/../../../../include/x86_64-linux-gnu/c++/13/bits/c++config.h:122:45: note: expanded from macro '_GLIBCXX17_DEPRECATED_SUGGEST'
2026-10-07T17:00:20.1057174Z   122 | # define _GLIBCXX17_DEPRECATED_SUGGEST(ALT) _GLIBCXX_DEPRECATED_SUGGEST(ALT)
2026-10-07T17:00:20.1058306Z       |                                             ^
2026-10-07T17:00:20.1060920Z external/+_repo_rules2+ubuntu24_04_sysroot_amd64/sysroot/usr/lib/gcc/x86_64-linux-gnu/13/../../../../include/x86_64-linux-gnu/c++/13/bits/c++config.h:98:19: note: expanded from macro '_GLIBCXX_DEPRECATED_SUGGEST'
2026-10-07T17:00:20.1063322Z    98 |   __attribute__ ((__deprecated__ ("use '" ALT "' instead")))
2026-10-07T17:00:20.1064132Z       |                   ^
2026-10-07T17:00:20.1065571Z In file included from score/mw/com/impl/methods/method_traits_checker_test.cpp:13:
2026-10-07T17:00:20.1067086Z In file included from ./score/mw/com/impl/methods/method_traits_checker.h:22:
2026-10-07T17:00:20.1070974Z external/+_repo_rules2+ubuntu24_04_sysroot_amd64/sysroot/usr/lib/gcc/x86_64-linux-gnu/13/../../../../include/c++/13/functional:552:2: warning: 'result_of<(lambda at score/mw/com/impl/methods/method_traits_checker_test.cpp:592:42) &()>' is deprecated: use 'std::invoke_result' instead [-Wdeprecated-declarations]
2026-10-07T17:00:20.1073822Z   552 |         using _Res_type_impl
2026-10-07T17:00:20.1074511Z       |         ^
2026-10-07T17:00:20.1077090Z external/+_repo_rules2+ubuntu24_04_sysroot_amd64/sysroot/usr/lib/gcc/x86_64-linux-gnu/13/../../../../include/c++/13/functional:556:20: note: in instantiation of template type alias '_Res_type_impl' requested here
2026-10-07T17:00:20.1079381Z   556 |         using _Res_type = _Res_type_impl<_Functor, _CallArgs, _Bound_args...>;
2026-10-07T17:00:20.1080439Z       |                           ^
2026-10-07T17:00:20.1083592Z score/mw/com/impl/methods/method_traits_checker_test.cpp:592:32: note: in instantiation of template class 'std::_Bind<(lambda at score/mw/com/impl/methods/method_traits_checker_test.cpp:592:42) ()>' requested here
2026-10-07T17:00:20.1085790Z   592 |     auto std_bind_expression = std::bind([]() {});
2026-10-07T17:00:20.1086759Z       |                                ^
2026-10-07T17:00:20.1090314Z external/+_repo_rules2+ubuntu24_04_sysroot_amd64/sysroot/usr/lib/gcc/x86_64-linux-gnu/13/../../../../include/c++/13/type_traits:2590:9: note: 'result_of<(lambda at score/mw/com/impl/methods/method_traits_checker_test.cpp:592:42) &()>' has been explicitly marked deprecated here
2026-10-07T17:00:20.1093160Z  2590 |     { } _GLIBCXX17_DEPRECATED_SUGGEST("std::invoke_result");
2026-10-07T17:00:20.1093994Z       |         ^
2026-10-07T17:00:20.1096374Z external/+_repo_rules2+ubuntu24_04_sysroot_amd64/sysroot/usr/lib/gcc/x86_64-linux-gnu/13/../../../../include/x86_64-linux-gnu/c++/13/bits/c++config.h:122:45: note: expanded from macro '_GLIBCXX17_DEPRECATED_SUGGEST'
2026-10-07T17:00:20.1098695Z   122 | # define _GLIBCXX17_DEPRECATED_SUGGEST(ALT) _GLIBCXX_DEPRECATED_SUGGEST(ALT)
2026-10-07T17:00:20.1099899Z       |                                             ^
2026-10-07T17:00:20.1102867Z external/+_repo_rules2+ubuntu24_04_sysroot_amd64/sysroot/usr/lib/gcc/x86_64-linux-gnu/13/../../../../include/x86_64-linux-gnu/c++/13/bits/c++config.h:98:19: note: expanded from macro '_GLIBCXX_DEPRECATED_SUGGEST'
2026-10-07T17:00:20.1105042Z    98 |   __attribute__ ((__deprecated__ ("use '" ALT "' instead")))
2026-10-07T17:00:20.1105938Z       |                   ^
2026-10-07T17:00:20.1107099Z In file included from score/mw/com/impl/methods/method_traits_checker_test.cpp:13:
2026-10-07T17:00:20.1108602Z In file included from ./score/mw/com/impl/methods/method_traits_checker.h:22:
2026-10-07T17:00:20.1112557Z external/+_repo_rules2+ubuntu24_04_sysroot_amd64/sysroot/usr/lib/gcc/x86_64-linux-gnu/13/../../../../include/c++/13/functional:552:2: warning: 'result_of<(lambda at score/mw/com/impl/methods/method_traits_checker_test.cpp:592:42) &()>' is deprecated: use 'std::invoke_result' instead [-Wdeprecated-declarations]
2026-10-07T17:00:20.1114834Z   552 |         using _Res_type_impl
2026-10-07T17:00:20.1115535Z       |         ^
2026-10-07T17:00:20.1117924Z external/+_repo_rules2+ubuntu24_04_sysroot_amd64/sysroot/usr/lib/gcc/x86_64-linux-gnu/13/../../../../include/c++/13/functional:556:2: note: in instantiation of template type alias '_Res_type_impl' requested here
2026-10-07T17:00:20.1120064Z   556 |         using _Res_type = _Res_type_impl<_Functor, _CallArgs, _Bound_args...>;
2026-10-07T17:00:20.1120983Z       |         ^
2026-10-07T17:00:20.1123598Z external/+_repo_rules2+ubuntu24_04_sysroot_amd64/sysroot/usr/lib/gcc/x86_64-linux-gnu/13/../../../../include/c++/13/functional:586:28: note: in instantiation of template type alias '_Res_type' requested here
2026-10-07T17:00:20.1125926Z   586 |                typename _Result = _Res_type<tuple<_Args...>>>
2026-10-07T17:00:20.1126874Z       |                                   ^
2026-10-07T17:00:20.1129491Z score/mw/com/impl/methods/method_traits_checker_test.cpp:592:32: note: in instantiation of template class 'std::_Bind<(lambda at score/mw/com/impl/methods/method_traits_checker_test.cpp:592:42) ()>' requested here
2026-10-07T17:00:20.1131662Z   592 |     auto std_bind_expression = std::bind([]() {});
2026-10-07T17:00:20.1132592Z       |                                ^
2026-10-07T17:00:20.1135970Z external/+_repo_rules2+ubuntu24_04_sysroot_amd64/sysroot/usr/lib/gcc/x86_64-linux-gnu/13/../../../../include/c++/13/type_traits:2590:9: note: 'result_of<(lambda at score/mw/com/impl/methods/method_traits_checker_test.cpp:592:42) &()>' has been explicitly marked deprecated here
2026-10-07T17:00:20.1138823Z  2590 |     { } _GLIBCXX17_DEPRECATED_SUGGEST("std::invoke_result");
2026-10-07T17:00:20.1139690Z       |         ^
2026-10-07T17:00:20.1142521Z external/+_repo_rules2+ubuntu24_04_sysroot_amd64/sysroot/usr/lib/gcc/x86_64-linux-gnu/13/../../../../include/x86_64-linux-gnu/c++/13/bits/c++config.h:122:45: note: expanded from macro '_GLIBCXX17_DEPRECATED_SUGGEST'
2026-10-07T17:00:20.1144750Z   122 | # define _GLIBCXX17_DEPRECATED_SUGGEST(ALT) _GLIBCXX_DEPRECATED_SUGGEST(ALT)
2026-10-07T17:00:20.1145872Z       |                                             ^
2026-10-07T17:00:20.1148640Z external/+_repo_rules2+ubuntu24_04_sysroot_amd64/sysroot/usr/lib/gcc/x86_64-linux-gnu/13/../../../../include/x86_64-linux-gnu/c++/13/bits/c++config.h:98:19: note: expanded from macro '_GLIBCXX_DEPRECATED_SUGGEST'
2026-10-07T17:00:20.1151004Z    98 |   __attribute__ ((__deprecated__ ("use '" ALT "' instead")))
2026-10-07T17:00:20.1152224Z       |                   ^
2026-10-07T17:00:20.1152921Z 4 warnings generated.
2026-10-07T17:00:22.0767301Z INFO: From Compiling score/mw/com/impl/plumbing/proxy_event_binding_factory_mock.cpp:
2026-10-07T17:00:22.0792733Z In file included from score/mw/com/impl/plumbing/proxy_event_binding_factory_mock.cpp:13:
2026-10-07T17:00:22.0842873Z In file included from ./score/mw/com/impl/plumbing/proxy_event_binding_factory_mock.h:16:
2026-10-07T17:00:22.0844359Z In file included from ./score/mw/com/impl/plumbing/i_proxy_event_binding_factory.h:17:
2026-10-07T17:00:22.0845487Z In file included from ./score/mw/com/impl/handle_type.h:18:
2026-10-07T17:00:22.0846540Z In file included from ./score/mw/com/impl/instance_identifier.h:16:
2026-10-07T17:00:22.0848956Z ./score/mw/com/impl/com_error.h:186:65: warning: 'kServiceInstanceAlreadyOffered' is deprecated: Value has never been used. Calls to OfferService shall be idempotent. [-Wdeprecated-declarations]
2026-10-07T17:00:22.0851175Z   186 |             case static_cast<score::result::ErrorCode>(ComErrc::kServiceInstanceAlreadyOffered):
2026-10-07T17:00:22.0852559Z       |                                                                 ^
2026-10-07T17:00:22.0854098Z ./score/mw/com/impl/com_error.h:58:11: note: 'kServiceInstanceAlreadyOffered' has been explicitly marked deprecated here
2026-10-07T17:00:22.0855788Z    58 |         [[deprecated("Value has never been used. Calls to OfferService shall be idempotent.")]],
2026-10-07T17:00:22.0856613Z       |           ^
2026-10-07T17:00:22.0872111Z 1 warning generated.
2026-10-07T17:00:23.1643939Z INFO: From Compiling score/mw/com/impl/error_serializer_test.cpp:
2026-10-07T17:00:23.1683000Z In file included from score/mw/com/impl/error_serializer_test.cpp:16:
2026-10-07T17:00:23.1704045Z ./score/mw/com/impl/com_error.h:186:65: warning: 'kServiceInstanceAlreadyOffered' is deprecated: Value has never been used. Calls to OfferService shall be idempotent. [-Wdeprecated-declarations]
2026-10-07T17:00:23.1723088Z   186 |             case static_cast<score::result::ErrorCode>(ComErrc::kServiceInstanceAlreadyOffered):
2026-10-07T17:00:23.1752349Z       |                                                                 ^
2026-10-07T17:00:23.1777494Z ./score/mw/com/impl/com_error.h:58:11: note: 'kServiceInstanceAlreadyOffered' has been explicitly marked deprecated here
2026-10-07T17:00:23.1802717Z    58 |         [[deprecated("Value has never been used. Calls to OfferService shall be idempotent.")]],
2026-10-07T17:00:23.1821996Z       |           ^
2026-10-07T17:00:23.1832106Z 1 warning generated.
2026-10-07T17:00:25.7697732Z INFO: From Compiling score/mw/com/impl/test/binding_factory_resources.cpp:
2026-10-07T17:00:25.7723049Z In file included from score/mw/com/impl/test/binding_factory_resources.cpp:13:
2026-10-07T17:00:25.7752619Z In file included from ./score/mw/com/impl/test/binding_factory_resources.h:21:
2026-10-07T17:00:25.7762747Z In file included from ./score/mw/com/impl/plumbing/proxy_binding_factory.h:16:
2026-10-07T17:00:25.7792439Z In file included from ./score/mw/com/impl/handle_type.h:18:
2026-10-07T17:00:25.7822514Z In file included from ./score/mw/com/impl/instance_identifier.h:16:
2026-10-07T17:00:25.7843976Z ./score/mw/com/impl/com_error.h:186:65: warning: 'kServiceInstanceAlreadyOffered' is deprecated: Value has never been used. Calls to OfferService shall be idempotent. [-Wdeprecated-declarations]
2026-10-07T17:00:25.7867003Z   186 |             case static_cast<score::result::ErrorCode>(ComErrc::kServiceInstanceAlreadyOffered):
2026-10-07T17:00:25.7912441Z       |                                                                 ^
2026-10-07T17:00:25.7942999Z ./score/mw/com/impl/com_error.h:58:11: note: 'kServiceInstanceAlreadyOffered' has been explicitly marked deprecated here
2026-10-07T17:00:25.7972779Z    58 |         [[deprecated("Value has never been used. Calls to OfferService shall be idempotent.")]],
2026-10-07T17:00:25.8001987Z       |           ^
2026-10-07T17:00:25.8032548Z 1 warning generated.
2026-10-07T17:00:25.8034529Z [7,103 / 7,623] 198 / 514 tests; Compiling score/mw/com/impl/bindings/lola/proxy_method_test.cpp; 23s disk-cache, linux-sandbox ... (4 actions, 3 running)
2026-10-07T17:00:27.4873255Z INFO: From Compiling score/mw/com/impl/bindings/lola/proxy_method_test.cpp:
2026-10-07T17:00:27.4962927Z In file included from score/mw/com/impl/bindings/lola/proxy_method_test.cpp:13:
2026-10-07T17:00:27.4982492Z In file included from ./score/mw/com/impl/bindings/lola/proxy_method.h:17:
2026-10-07T17:00:27.5057144Z In file included from ./score/mw/com/impl/bindings/lola/i_runtime.h:20:
2026-10-07T17:00:27.5102570Z In file included from ./score/mw/com/impl/i_binding_runtime.h:17:
2026-10-07T17:00:27.5152792Z In file included from ./score/mw/com/impl/i_service_discovery_client.h:16:
2026-10-07T17:00:27.5218402Z In file included from ./score/mw/com/impl/enriched_instance_identifier.h:17:
2026-10-07T17:00:27.5272678Z In file included from ./score/mw/com/impl/handle_type.h:18:
2026-10-07T17:00:27.5302586Z In file included from ./score/mw/com/impl/instance_identifier.h:16:
2026-10-07T17:00:27.5324228Z ./score/mw/com/impl/com_error.h:186:65: warning: 'kServiceInstanceAlreadyOffered' is deprecated: Value has never been used. Calls to OfferService shall be idempotent. [-Wdeprecated-declarations]
2026-10-07T17:00:27.5327043Z   186 |             case static_cast<score::result::ErrorCode>(ComErrc::kServiceInstanceAlreadyOffered):
2026-10-07T17:00:27.5362485Z       |                                                                 ^
2026-10-07T17:00:27.5393169Z ./score/mw/com/impl/com_error.h:58:11: note: 'kServiceInstanceAlreadyOffered' has been explicitly marked deprecated here
2026-10-07T17:00:27.5422845Z    58 |         [[deprecated("Value has never been used. Calls to OfferService shall be idempotent.")]],
2026-10-07T17:00:27.5432211Z       |           ^
2026-10-07T17:00:27.5452081Z 1 warning generated.
2026-10-07T17:00:31.5561503Z INFO: From Compiling score/mw/com/impl/mocking/skeleton_event_mock_test.cpp:
2026-10-07T17:00:31.5585270Z In file included from score/mw/com/impl/mocking/skeleton_event_mock_test.cpp:15:
2026-10-07T17:00:31.5624245Z ./score/mw/com/impl/com_error.h:186:65: warning: 'kServiceInstanceAlreadyOffered' is deprecated: Value has never been used. Calls to OfferService shall be idempotent. [-Wdeprecated-declarations]
2026-10-07T17:00:31.5653082Z   186 |             case static_cast<score::result::ErrorCode>(ComErrc::kServiceInstanceAlreadyOffered):
2026-10-07T17:00:31.5682413Z       |                                                                 ^
2026-10-07T17:00:31.5723260Z ./score/mw/com/impl/com_error.h:58:11: note: 'kServiceInstanceAlreadyOffered' has been explicitly marked deprecated here
2026-10-07T17:00:31.5752774Z    58 |         [[deprecated("Value has never been used. Calls to OfferService shall be idempotent.")]],
2026-10-07T17:00:31.5778516Z       |           ^
2026-10-07T17:00:31.5782117Z 1 warning generated.
2026-10-07T17:00:36.4463776Z [7,117 / 7,631] 198 / 514 tests; Compiling score/mw/com/impl/proxy_event_test.cpp; 14s disk-cache, linux-sandbox ... (4 actions, 3 running)
2026-10-07T17:00:40.8042874Z INFO: From Compiling score/mw/com/impl/proxy_event_test.cpp:
2026-10-07T17:00:40.8102603Z In file included from score/mw/com/impl/proxy_event_test.cpp:13:
2026-10-07T17:00:40.8162527Z In file included from ./score/mw/com/impl/proxy_event.h:16:
2026-10-07T17:00:40.8192556Z In file included from ./score/mw/com/impl/instance_identifier.h:16:
2026-10-07T17:00:40.8214038Z ./score/mw/com/impl/com_error.h:186:65: warning: 'kServiceInstanceAlreadyOffered' is deprecated: Value has never been used. Calls to OfferService shall be idempotent. [-Wdeprecated-declarations]
2026-10-07T17:00:40.8252815Z   186 |             case static_cast<score::result::ErrorCode>(ComErrc::kServiceInstanceAlreadyOffered):
2026-10-07T17:00:40.8282263Z       |                                                                 ^
2026-10-07T17:00:40.8293609Z ./score/mw/com/impl/com_error.h:58:11: note: 'kServiceInstanceAlreadyOffered' has been explicitly marked deprecated here
2026-10-07T17:00:40.8312712Z    58 |         [[deprecated("Value has never been used. Calls to OfferService shall be idempotent.")]],
2026-10-07T17:00:40.8372184Z       |           ^
2026-10-07T17:00:40.8432180Z 1 warning generated.
2026-10-07T17:00:41.3255990Z INFO: From Compiling score/mw/com/impl/generic_proxy_event_test.cpp:
2026-10-07T17:00:41.3275164Z In file included from score/mw/com/impl/generic_proxy_event_test.cpp:22:
2026-10-07T17:00:41.3302651Z In file included from ./score/mw/com/impl/generic_proxy_event.h:18:
2026-10-07T17:00:41.3332699Z In file included from ./score/mw/com/impl/proxy_base.h:18:
2026-10-07T17:00:41.3362232Z In file included from ./score/mw/com/impl/handle_type.h:18:
2026-10-07T17:00:41.3392554Z In file included from ./score/mw/com/impl/instance_identifier.h:16:
2026-10-07T17:00:41.3423679Z ./score/mw/com/impl/com_error.h:186:65: warning: 'kServiceInstanceAlreadyOffered' is deprecated: Value has never been used. Calls to OfferService shall be idempotent. [-Wdeprecated-declarations]
2026-10-07T17:00:41.3462946Z   186 |             case static_cast<score::result::ErrorCode>(ComErrc::kServiceInstanceAlreadyOffered):
2026-10-07T17:00:41.3482301Z       |                                                                 ^
2026-10-07T17:00:41.3483927Z ./score/mw/com/impl/com_error.h:58:11: note: 'kServiceInstanceAlreadyOffered' has been explicitly marked deprecated here
2026-10-07T17:00:41.3485679Z    58 |         [[deprecated("Value has never been used. Calls to OfferService shall be idempotent.")]],
2026-10-07T17:00:41.3486500Z       |           ^
2026-10-07T17:00:41.3488741Z score/mw/com/impl/generic_proxy_event_test.cpp:160:42: warning: 'GetSampleSize' is deprecated: Use GetEventDataTypeSizeInfo() for size and alignment information, issue #975 [-Wdeprecated-declarations]
2026-10-07T17:00:41.3490566Z   160 |     const auto sample_size = proxy_event.GetSampleSize();
2026-10-07T17:00:41.3491640Z       |                                          ^
2026-10-07T17:00:41.3492999Z ./score/mw/com/impl/generic_proxy_event.h:80:7: note: 'GetSampleSize' has been explicitly marked deprecated here
2026-10-07T17:00:41.3494728Z    80 |     [[deprecated("Use GetEventDataTypeSizeInfo() for size and alignment information, issue #975")]]
2026-10-07T17:00:41.3496017Z       |       ^
2026-10-07T17:00:41.3496459Z 2 warnings generated.
2026-10-07T17:00:46.6642276Z [7,137 / 7,640] 198 / 514 tests; Compiling score/mw/com/impl/generic_proxy_test.cpp; 18s disk-cache, linux-sandbox ... (4 actions, 3 running)
2026-10-07T17:00:51.6397791Z INFO: From Compiling score/mw/com/impl/generic_proxy_test.cpp:
2026-10-07T17:00:51.6422823Z In file included from score/mw/com/impl/generic_proxy_test.cpp:18:
2026-10-07T17:00:51.6452631Z In file included from ./score/mw/com/impl/generic_proxy.h:18:
2026-10-07T17:00:51.6482646Z In file included from ./score/mw/com/impl/generic_proxy_event.h:18:
2026-10-07T17:00:51.6512541Z In file included from ./score/mw/com/impl/proxy_base.h:18:
2026-10-07T17:00:51.6572549Z In file included from ./score/mw/com/impl/handle_type.h:18:
2026-10-07T17:00:51.6602598Z In file included from ./score/mw/com/impl/instance_identifier.h:16:
2026-10-07T17:00:51.6605258Z ./score/mw/com/impl/com_error.h:186:65: warning: 'kServiceInstanceAlreadyOffered' is deprecated: Value has never been used. Calls to OfferService shall be idempotent. [-Wdeprecated-declarations]
2026-10-07T17:00:51.6607607Z   186 |             case static_cast<score::result::ErrorCode>(ComErrc::kServiceInstanceAlreadyOffered):
2026-10-07T17:00:51.6608875Z       |                                                                 ^
2026-10-07T17:00:51.6610511Z ./score/mw/com/impl/com_error.h:58:11: note: 'kServiceInstanceAlreadyOffered' has been explicitly marked deprecated here
2026-10-07T17:00:51.6612632Z    58 |         [[deprecated("Value has never been used. Calls to OfferService shall be idempotent.")]],
2026-10-07T17:00:51.6613539Z       |           ^
2026-10-07T17:00:51.6614375Z 1 warning generated.
2026-10-07T17:00:56.4668394Z INFO: From Compiling score/mw/com/mocking/test_type_utilities.cpp:
2026-10-07T17:00:56.4692633Z In file included from score/mw/com/mocking/test_type_utilities.cpp:13:
2026-10-07T17:00:56.4722778Z In file included from ./score/mw/com/mocking/test_type_utilities.h:16:
2026-10-07T17:00:56.4762921Z In file included from ./score/mw/com/mocking/i_runtime.h:17:
2026-10-07T17:00:56.4792334Z In file included from ./score/mw/com/types.h:24:
2026-10-07T17:00:56.4822440Z In file included from ./score/mw/com/impl/generic_proxy.h:18:
2026-10-07T17:00:56.4872689Z In file included from ./score/mw/com/impl/generic_proxy_event.h:18:
2026-10-07T17:00:56.4902401Z In file included from ./score/mw/com/impl/proxy_base.h:18:
2026-10-07T17:00:56.4903512Z In file included from ./score/mw/com/impl/handle_type.h:18:
2026-10-07T17:00:56.4932543Z In file included from ./score/mw/com/impl/instance_identifier.h:16:
2026-10-07T17:00:56.4935122Z ./score/mw/com/impl/com_error.h:186:65: warning: 'kServiceInstanceAlreadyOffered' is deprecated: Value has never been used. Calls to OfferService shall be idempotent. [-Wdeprecated-declarations]
2026-10-07T17:00:56.4937405Z   186 |             case static_cast<score::result::ErrorCode>(ComErrc::kServiceInstanceAlreadyOffered):
2026-10-07T17:00:56.4938585Z       |                                                                 ^
2026-10-07T17:00:56.4940183Z ./score/mw/com/impl/com_error.h:58:11: note: 'kServiceInstanceAlreadyOffered' has been explicitly marked deprecated here
2026-10-07T17:00:56.4942293Z    58 |         [[deprecated("Value has never been used. Calls to OfferService shall be idempotent.")]],
2026-10-07T17:00:56.4943179Z       |           ^
2026-10-07T17:00:56.4943902Z 1 warning generated.
2026-10-07T17:00:56.6943748Z [7,144 / 7,642] 198 / 514 tests; Compiling score/mw/com/impl/skeleton_event_test.cpp; 14s disk-cache, linux-sandbox ... (4 actions, 3 running)
2026-10-07T17:00:58.5802922Z INFO: From Compiling score/mw/com/impl/skeleton_event_test.cpp:
2026-10-07T17:00:58.5892803Z In file included from score/mw/com/impl/skeleton_event_test.cpp:13:
2026-10-07T17:00:58.5952524Z In file included from ./score/mw/com/impl/skeleton_event.h:16:
2026-10-07T17:00:58.5982540Z In file included from ./score/mw/com/impl/instance_identifier.h:16:
2026-10-07T17:00:58.6014044Z ./score/mw/com/impl/com_error.h:186:65: warning: 'kServiceInstanceAlreadyOffered' is deprecated: Value has never been used. Calls to OfferService shall be idempotent. [-Wdeprecated-declarations]
2026-10-07T17:00:58.6022959Z   186 |             case static_cast<score::result::ErrorCode>(ComErrc::kServiceInstanceAlreadyOffered):
2026-10-07T17:00:58.6062343Z       |                                                                 ^
2026-10-07T17:00:58.6093054Z ./score/mw/com/impl/com_error.h:58:11: note: 'kServiceInstanceAlreadyOffered' has been explicitly marked deprecated here
2026-10-07T17:00:58.6102724Z    58 |         [[deprecated("Value has never been used. Calls to OfferService shall be idempotent.")]],
2026-10-07T17:00:58.6121980Z       |           ^
2026-10-07T17:00:58.6152030Z 1 warning generated.
2026-10-07T17:01:06.9018905Z [7,155 / 7,645] 198 / 514 tests; Compiling score/mw/com/impl/methods/skeleton_method_test.cpp; 24s disk-cache, linux-sandbox ... (4 actions, 3 running)
2026-10-07T17:01:06.9595897Z INFO: From Compiling score/mw/com/impl/mocking/skeleton_wrapper_class_test_view.cpp:
2026-10-07T17:01:06.9613404Z In file included from score/mw/com/impl/mocking/skeleton_wrapper_class_test_view.cpp:13:
2026-10-07T17:01:06.9643023Z In file included from ./score/mw/com/impl/mocking/skeleton_wrapper_class_test_view.h:17:
2026-10-07T17:01:06.9672500Z In file included from ./score/mw/com/impl/instance_identifier.h:16:
2026-10-07T17:01:06.9675270Z ./score/mw/com/impl/com_error.h:186:65: warning: 'kServiceInstanceAlreadyOffered' is deprecated: Value has never been used. Calls to OfferService shall be idempotent. [-Wdeprecated-declarations]
2026-10-07T17:01:06.9677963Z   186 |             case static_cast<score::result::ErrorCode>(ComErrc::kServiceInstanceAlreadyOffered):
2026-10-07T17:01:06.9679189Z       |                                                                 ^
2026-10-07T17:01:06.9680757Z ./score/mw/com/impl/com_error.h:58:11: note: 'kServiceInstanceAlreadyOffered' has been explicitly marked deprecated here
2026-10-07T17:01:06.9683067Z    58 |         [[deprecated("Value has never been used. Calls to OfferService shall be idempotent.")]],
2026-10-07T17:01:06.9683925Z       |           ^
2026-10-07T17:01:06.9684366Z 1 warning generated.
2026-10-07T17:01:08.0733264Z INFO: From Compiling score/mw/com/impl/mocking/proxy_wrapper_class_test_view.cpp:
2026-10-07T17:01:08.0772964Z In file included from score/mw/com/impl/mocking/proxy_wrapper_class_test_view.cpp:13:
2026-10-07T17:01:08.0802660Z In file included from ./score/mw/com/impl/mocking/proxy_wrapper_class_test_view.h:17:
2026-10-07T17:01:08.0803875Z In file included from ./score/mw/com/impl/traits.h:16:
2026-10-07T17:01:08.0834100Z ./score/mw/com/impl/com_error.h:186:65: warning: 'kServiceInstanceAlreadyOffered' is deprecated: Value has never been used. Calls to OfferService shall be idempotent. [-Wdeprecated-declarations]
2026-10-07T17:01:08.0862813Z   186 |             case static_cast<score::result::ErrorCode>(ComErrc::kServiceInstanceAlreadyOffered):
2026-10-07T17:01:08.0892287Z       |                                                                 ^
2026-10-07T17:01:08.0922983Z ./score/mw/com/impl/com_error.h:58:11: note: 'kServiceInstanceAlreadyOffered' has been explicitly marked deprecated here
2026-10-07T17:01:08.0982787Z    58 |         [[deprecated("Value has never been used. Calls to OfferService shall be idempotent.")]],
2026-10-07T17:01:08.1012036Z       |           ^
2026-10-07T17:01:08.1012557Z 1 warning generated.
2026-10-07T17:01:08.8863255Z INFO: From Compiling score/mw/com/impl/methods/skeleton_method_test.cpp:
2026-10-07T17:01:08.8892546Z In file included from score/mw/com/impl/methods/skeleton_method_test.cpp:13:
2026-10-07T17:01:08.8982603Z In file included from ./score/mw/com/impl/methods/skeleton_method.h:21:
2026-10-07T17:01:08.9042645Z In file included from ./score/mw/com/impl/plumbing/skeleton_method_binding_factory.h:16:
2026-10-07T17:01:08.9098811Z In file included from ./score/mw/com/impl/instance_identifier.h:16:
2026-10-07T17:01:08.9133536Z ./score/mw/com/impl/com_error.h:186:65: warning: 'kServiceInstanceAlreadyOffered' is deprecated: Value has never been used. Calls to OfferService shall be idempotent. [-Wdeprecated-declarations]
2026-10-07T17:01:08.9162860Z   186 |             case static_cast<score::result::ErrorCode>(ComErrc::kServiceInstanceAlreadyOffered):
2026-10-07T17:01:08.9242460Z       |                                                                 ^
2026-10-07T17:01:08.9244331Z ./score/mw/com/impl/com_error.h:58:11: note: 'kServiceInstanceAlreadyOffered' has been explicitly marked deprecated here
2026-10-07T17:01:08.9282871Z    58 |         [[deprecated("Value has never been used. Calls to OfferService shall be idempotent.")]],
2026-10-07T17:01:08.9302180Z       |           ^
2026-10-07T17:01:08.9332059Z 1 warning generated.
2026-10-07T17:01:13.6862931Z INFO: From Compiling score/mw/com/test_types.cpp:
2026-10-07T17:01:13.6882535Z In file included from score/mw/com/test_types.cpp:13:
2026-10-07T17:01:13.6883402Z In file included from ./score/mw/com/test_types.h:16:
2026-10-07T17:01:13.6884191Z In file included from ./score/mw/com/types.h:24:
2026-10-07T17:01:13.6885048Z In file included from ./score/mw/com/impl/generic_proxy.h:18:
2026-10-07T17:01:13.6885952Z In file included from ./score/mw/com/impl/generic_proxy_event.h:18:
2026-10-07T17:01:13.6886831Z In file included from ./score/mw/com/impl/proxy_base.h:18:
2026-10-07T17:01:13.6887656Z In file included from ./score/mw/com/impl/handle_type.h:18:
2026-10-07T17:01:13.6888666Z In file included from ./score/mw/com/impl/instance_identifier.h:16:
2026-10-07T17:01:13.6891751Z ./score/mw/com/impl/com_error.h:186:65: warning: 'kServiceInstanceAlreadyOffered' is deprecated: Value has never been used. Calls to OfferService shall be idempotent. [-Wdeprecated-declarations]
2026-10-07T17:01:13.6894035Z   186 |             case static_cast<score::result::ErrorCode>(ComErrc::kServiceInstanceAlreadyOffered):
2026-10-07T17:01:13.6895246Z       |                                                                 ^
2026-10-07T17:01:13.6896803Z ./score/mw/com/impl/com_error.h:58:11: note: 'kServiceInstanceAlreadyOffered' has been explicitly marked deprecated here
2026-10-07T17:01:13.6898549Z    58 |         [[deprecated("Value has never been used. Calls to OfferService shall be idempotent.")]],
2026-10-07T17:01:13.6899390Z       |           ^
2026-10-07T17:01:13.6899828Z 1 warning generated.
2026-10-07T17:01:18.6473721Z INFO: From Compiling score/mw/com/types_test.cpp:
2026-10-07T17:01:18.6496567Z In file included from score/mw/com/types_test.cpp:13:
2026-10-07T17:01:18.6542521Z In file included from ./score/mw/com/types.h:24:
2026-10-07T17:01:18.6543506Z In file included from ./score/mw/com/impl/generic_proxy.h:18:
2026-10-07T17:01:18.6572611Z In file included from ./score/mw/com/impl/generic_proxy_event.h:18:
2026-10-07T17:01:18.6602348Z In file included from ./score/mw/com/impl/proxy_base.h:18:
2026-10-07T17:01:18.6603704Z In file included from ./score/mw/com/impl/handle_type.h:18:
2026-10-07T17:01:18.6626692Z In file included from ./score/mw/com/impl/instance_identifier.h:16:
2026-10-07T17:01:18.6653987Z ./score/mw/com/impl/com_error.h:186:65: warning: 'kServiceInstanceAlreadyOffered' is deprecated: Value has never been used. Calls to OfferService shall be idempotent. [-Wdeprecated-declarations]
2026-10-07T17:01:18.6682946Z   186 |             case static_cast<score::result::ErrorCode>(ComErrc::kServiceInstanceAlreadyOffered):
2026-10-07T17:01:18.6715335Z       |                                                                 ^
2026-10-07T17:01:18.6722999Z ./score/mw/com/impl/com_error.h:58:11: note: 'kServiceInstanceAlreadyOffered' has been explicitly marked deprecated here
2026-10-07T17:01:18.6742980Z    58 |         [[deprecated("Value has never been used. Calls to OfferService shall be idempotent.")]],
2026-10-07T17:01:18.6766370Z       |           ^
2026-10-07T17:01:18.6792113Z 1 warning generated.
2026-10-07T17:01:18.6823673Z [7,170 / 7,648] 198 / 514 tests; Compiling score/mw/com/impl/mocking/skeleton_wrapper_class_test_view_test.cpp; 10s disk-cache, linux-sandbox ... (4 actions, 3 running)
2026-10-07T17:01:20.6283262Z INFO: From Compiling score/mw/com/impl/mocking/skeleton_base_mock_test.cpp:
2026-10-07T17:01:20.6312977Z In file included from score/mw/com/impl/mocking/skeleton_base_mock_test.cpp:15:
2026-10-07T17:01:20.6323951Z ./score/mw/com/impl/com_error.h:186:65: warning: 'kServiceInstanceAlreadyOffered' is deprecated: Value has never been used. Calls to OfferService shall be idempotent. [-Wdeprecated-declarations]
2026-10-07T17:01:20.6352823Z   186 |             case static_cast<score::result::ErrorCode>(ComErrc::kServiceInstanceAlreadyOffered):
2026-10-07T17:01:20.6372538Z       |                                                                 ^
2026-10-07T17:01:20.6403185Z ./score/mw/com/impl/com_error.h:58:11: note: 'kServiceInstanceAlreadyOffered' has been explicitly marked deprecated here
2026-10-07T17:01:20.6432469Z    58 |         [[deprecated("Value has never been used. Calls to OfferService shall be idempotent.")]],
2026-10-07T17:01:20.6445594Z       |           ^
2026-10-07T17:01:20.6462041Z 1 warning generated.
2026-10-07T17:01:22.6653244Z INFO: From Compiling score/mw/com/impl/mocking/skeleton_wrapper_class_test_view_test.cpp:
2026-10-07T17:01:22.6682557Z In file included from score/mw/com/impl/mocking/skeleton_wrapper_class_test_view_test.cpp:13:
2026-10-07T17:01:22.6722986Z In file included from ./score/mw/com/impl/mocking/skeleton_wrapper_class_test_view.h:17:
2026-10-07T17:01:22.6732853Z In file included from ./score/mw/com/impl/instance_identifier.h:16:
2026-10-07T17:01:22.6767006Z ./score/mw/com/impl/com_error.h:186:65: warning: 'kServiceInstanceAlreadyOffered' is deprecated: Value has never been used. Calls to OfferService shall be idempotent. [-Wdeprecated-declarations]
2026-10-07T17:01:22.6772791Z   186 |             case static_cast<score::result::ErrorCode>(ComErrc::kServiceInstanceAlreadyOffered):
2026-10-07T17:01:22.6812568Z       |                                                                 ^
2026-10-07T17:01:22.6832976Z ./score/mw/com/impl/com_error.h:58:11: note: 'kServiceInstanceAlreadyOffered' has been explicitly marked deprecated here
2026-10-07T17:01:22.6862716Z    58 |         [[deprecated("Value has never been used. Calls to OfferService shall be idempotent.")]],
2026-10-07T17:01:22.6863659Z       |           ^
2026-10-07T17:01:22.6892102Z 1 warning generated.
2026-10-07T17:01:23.1201023Z INFO: From Compiling score/mw/com/impl/mocking/proxy_wrapper_class_test_view_test.cpp:
2026-10-07T17:01:23.1222433Z In file included from score/mw/com/impl/mocking/proxy_wrapper_class_test_view_test.cpp:13:
2026-10-07T17:01:23.1237097Z In file included from ./score/mw/com/impl/mocking/proxy_wrapper_class_test_view.h:17:
2026-10-07T17:01:23.1262466Z In file included from ./score/mw/com/impl/traits.h:16:
2026-10-07T17:01:23.1265179Z ./score/mw/com/impl/com_error.h:186:65: warning: 'kServiceInstanceAlreadyOffered' is deprecated: Value has never been used. Calls to OfferService shall be idempotent. [-Wdeprecated-declarations]
2026-10-07T17:01:23.1267735Z   186 |             case static_cast<score::result::ErrorCode>(ComErrc::kServiceInstanceAlreadyOffered):
2026-10-07T17:01:23.1269483Z       |                                                                 ^
2026-10-07T17:01:23.1271632Z ./score/mw/com/impl/com_error.h:58:11: note: 'kServiceInstanceAlreadyOffered' has been explicitly marked deprecated here
2026-10-07T17:01:23.1273575Z    58 |         [[deprecated("Value has never been used. Calls to OfferService shall be idempotent.")]],
2026-10-07T17:01:23.1274604Z       |           ^
2026-10-07T17:01:23.1275269Z 1 warning generated.
2026-10-07T17:01:23.1304696Z INFO: From Compiling score/mw/com/types_accessibility_test.cpp:
2026-10-07T17:01:23.1322584Z In file included from score/mw/com/types_accessibility_test.cpp:15:
2026-10-07T17:01:23.1323767Z In file included from ./score/mw/com/types.h:24:
2026-10-07T17:01:23.1325225Z In file included from ./score/mw/com/impl/generic_proxy.h:18:
2026-10-07T17:01:23.1326375Z In file included from ./score/mw/com/impl/generic_proxy_event.h:18:
2026-10-07T17:01:23.1327472Z In file included from ./score/mw/com/impl/proxy_base.h:18:
2026-10-07T17:01:23.1328497Z In file included from ./score/mw/com/impl/handle_type.h:18:
2026-10-07T17:01:23.1329644Z In file included from ./score/mw/com/impl/instance_identifier.h:16:
2026-10-07T17:01:23.1332636Z ./score/mw/com/impl/com_error.h:186:65: warning: 'kServiceInstanceAlreadyOffered' is deprecated: Value has never been used. Calls to OfferService shall be idempotent. [-Wdeprecated-declarations]
2026-10-07T17:01:23.1335153Z   186 |             case static_cast<score::result::ErrorCode>(ComErrc::kServiceInstanceAlreadyOffered):
2026-10-07T17:01:23.1336628Z       |                                                                 ^
2026-10-07T17:01:23.1338415Z ./score/mw/com/impl/com_error.h:58:11: note: 'kServiceInstanceAlreadyOffered' has been explicitly marked deprecated here
2026-10-07T17:01:23.1340428Z    58 |         [[deprecated("Value has never been used. Calls to OfferService shall be idempotent.")]],
2026-10-07T17:01:23.1341696Z       |           ^
2026-10-07T17:01:23.1342355Z 1 warning generated.
2026-10-07T17:01:30.3357509Z [7,189 / 7,655] 198 / 514 tests; Compiling score/mw/com/runtime_test.cpp; 7s disk-cache, linux-sandbox ... (4 actions, 3 running)
2026-10-07T17:01:31.0272755Z INFO: From Compiling score/mw/com/runtime_test.cpp:
2026-10-07T17:01:31.0302457Z In file included from score/mw/com/runtime_test.cpp:13:
2026-10-07T17:01:31.0342861Z In file included from ./score/mw/com/runtime.h:24:
2026-10-07T17:01:31.0362767Z In file included from ./score/mw/com/mocking/i_runtime.h:17:
2026-10-07T17:01:31.0392285Z In file included from ./score/mw/com/types.h:24:
2026-10-07T17:01:31.0412934Z In file included from ./score/mw/com/impl/generic_proxy.h:18:
2026-10-07T17:01:31.0452543Z In file included from ./score/mw/com/impl/generic_proxy_event.h:18:
2026-10-07T17:01:31.0482373Z In file included from ./score/mw/com/impl/proxy_base.h:18:
2026-10-07T17:01:31.0504889Z In file included from ./score/mw/com/impl/handle_type.h:18:
2026-10-07T17:01:31.0532740Z In file included from ./score/mw/com/impl/instance_identifier.h:16:
2026-10-07T17:01:31.0543930Z ./score/mw/com/impl/com_error.h:186:65: warning: 'kServiceInstanceAlreadyOffered' is deprecated: Value has never been used. Calls to OfferService shall be idempotent. [-Wdeprecated-declarations]
2026-10-07T17:01:31.0572844Z   186 |             case static_cast<score::result::ErrorCode>(ComErrc::kServiceInstanceAlreadyOffered):
2026-10-07T17:01:31.0574136Z       |                                                                 ^
2026-10-07T17:01:31.0575839Z ./score/mw/com/impl/com_error.h:58:11: note: 'kServiceInstanceAlreadyOffered' has been explicitly marked deprecated here
2026-10-07T17:01:31.0577652Z    58 |         [[deprecated("Value has never been used. Calls to OfferService shall be idempotent.")]],
2026-10-07T17:01:31.0578548Z       |           ^
2026-10-07T17:01:31.0579017Z 1 warning generated.
2026-10-07T17:01:32.6288077Z INFO: From Compiling score/mw/com/impl/util/test/copyable_atomic_test.cpp:
2026-10-07T17:01:32.6343797Z score/mw/com/impl/util/test/copyable_atomic_test.cpp:53:10: warning: explicitly assigning value of variable of type 'CopyableAtomic<bool>' to itself [-Wself-assign-overloaded]
2026-10-07T17:01:32.6362464Z    53 |     unit = unit;
2026-10-07T17:01:32.6382594Z       |     ~~~~ ^ ~~~~
2026-10-07T17:01:32.6402105Z 1 warning generated.
2026-10-07T17:01:41.0036469Z [7,227 / 7,664] 198 / 514 tests; Compiling score/mw/com/impl/find_service_handle_test.cpp; 5s disk-cache, linux-sandbox ... (4 actions, 3 running)
2026-10-07T17:01:41.8912891Z INFO: From Compiling score/mw/com/impl/com_error_test.cpp:
2026-10-07T17:01:41.8962637Z In file included from score/mw/com/impl/com_error_test.cpp:13:
2026-10-07T17:01:41.8994108Z ./score/mw/com/impl/com_error.h:186:65: warning: 'kServiceInstanceAlreadyOffered' is deprecated: Value has never been used. Calls to OfferService shall be idempotent. [-Wdeprecated-declarations]
2026-10-07T17:01:41.9002793Z   186 |             case static_cast<score::result::ErrorCode>(ComErrc::kServiceInstanceAlreadyOffered):
2026-10-07T17:01:41.9004019Z       |                                                                 ^
2026-10-07T17:01:41.9005614Z ./score/mw/com/impl/com_error.h:58:11: note: 'kServiceInstanceAlreadyOffered' has been explicitly marked deprecated here
2026-10-07T17:01:41.9007358Z    58 |         [[deprecated("Value has never been used. Calls to OfferService shall be idempotent.")]],
2026-10-07T17:01:41.9008202Z       |           ^
2026-10-07T17:01:41.9010452Z score/mw/com/impl/com_error_test.cpp:164:31: warning: 'kServiceInstanceAlreadyOffered' is deprecated: Value has never been used. Calls to OfferService shall be idempotent. [-Wdeprecated-declarations]
2026-10-07T17:01:41.9043247Z   164 |     testErrorMessage(ComErrc::kServiceInstanceAlreadyOffered, "Service instance is already offered");
2026-10-07T17:01:41.9044220Z       |                               ^
2026-10-07T17:01:41.9045506Z ./score/mw/com/impl/com_error.h:58:11: note: 'kServiceInstanceAlreadyOffered' has been explicitly marked deprecated here
2026-10-07T17:01:41.9047074Z    58 |         [[deprecated("Value has never been used. Calls to OfferService shall be idempotent.")]],
2026-10-07T17:01:41.9047832Z       |           ^
2026-10-07T17:01:41.9048242Z 2 warnings generated.
2026-10-07T17:01:49.5063883Z INFO: From Compiling score/mw/com/impl/configuration/config_parser_test.cpp:
2026-10-07T17:01:49.5093551Z In file included from score/mw/com/impl/configuration/config_parser_test.cpp:13:
2026-10-07T17:01:49.5113228Z In file included from ./score/mw/com/impl/configuration/config_parser.h:17:
2026-10-07T17:01:49.5152808Z In file included from ./score/mw/com/impl/configuration/configuration.h:18:
2026-10-07T17:01:49.5154655Z In file included from ./score/mw/com/impl/configuration/service_instance_deployment.h:17:
2026-10-07T17:01:49.5184080Z ./score/mw/com/impl/com_error.h:186:65: warning: 'kServiceInstanceAlreadyOffered' is deprecated: Value has never been used. Calls to OfferService shall be idempotent. [-Wdeprecated-declarations]
2026-10-07T17:01:49.5206700Z   186 |             case static_cast<score::result::ErrorCode>(ComErrc::kServiceInstanceAlreadyOffered):
2026-10-07T17:01:49.5227869Z       |                                                                 ^
2026-10-07T17:01:49.5253175Z ./score/mw/com/impl/com_error.h:58:11: note: 'kServiceInstanceAlreadyOffered' has been explicitly marked deprecated here
2026-10-07T17:01:49.5282838Z    58 |         [[deprecated("Value has never been used. Calls to OfferService shall be idempotent.")]],
2026-10-07T17:01:49.5286337Z       |           ^
2026-10-07T17:01:49.5312134Z 1 warning generated.
2026-10-07T17:01:51.1115370Z [7,257 / 7,677] 198 / 514 tests; Compiling score/mw/com/impl/bindings/lola/messaging/mw_log_logger_test.cpp; 6s disk-cache, linux-sandbox ... (4 actions, 2 running)
2026-10-07T17:01:54.3202372Z INFO: From Compiling score/mw/com/impl/instance_specifier_test.cpp:
2026-10-07T17:01:54.3263496Z In file included from score/mw/com/impl/instance_specifier_test.cpp:15:
2026-10-07T17:01:54.3323982Z ./score/mw/com/impl/com_error.h:186:65: warning: 'kServiceInstanceAlreadyOffered' is deprecated: Value has never been used. Calls to OfferService shall be idempotent. [-Wdeprecated-declarations]
2026-10-07T17:01:54.3352783Z   186 |             case static_cast<score::result::ErrorCode>(ComErrc::kServiceInstanceAlreadyOffered):
2026-10-07T17:01:54.3412526Z       |                                                                 ^
2026-10-07T17:01:54.3443090Z ./score/mw/com/impl/com_error.h:58:11: note: 'kServiceInstanceAlreadyOffered' has been explicitly marked deprecated here
2026-10-07T17:01:54.3472788Z    58 |         [[deprecated("Value has never been used. Calls to OfferService shall be idempotent.")]],
2026-10-07T17:01:54.3501977Z       |           ^
2026-10-07T17:01:54.3546035Z 1 warning generated.
2026-10-07T17:01:58.2014020Z INFO: From Compiling score/mw/com/doc/tutorial/chapter_12/hello_world_service.cpp:
2026-10-07T17:01:58.2053337Z In file included from score/mw/com/doc/tutorial/chapter_12/hello_world_service.cpp:13:
2026-10-07T17:01:58.2082650Z In file included from ./score/mw/com/doc/tutorial/chapter_12/hello_world_service.h:16:
2026-10-07T17:01:58.2112189Z In file included from ./score/mw/com/types.h:24:
2026-10-07T17:01:58.2142344Z In file included from ./score/mw/com/impl/generic_proxy.h:18:
2026-10-07T17:01:58.2172458Z In file included from ./score/mw/com/impl/generic_proxy_event.h:18:
2026-10-07T17:01:58.2202343Z In file included from ./score/mw/com/impl/proxy_base.h:18:
2026-10-07T17:01:58.2232405Z In file included from ./score/mw/com/impl/handle_type.h:18:
2026-10-07T17:01:58.2262616Z In file included from ./score/mw/com/impl/instance_identifier.h:16:
2026-10-07T17:01:58.2273903Z ./score/mw/com/impl/com_error.h:186:65: warning: 'kServiceInstanceAlreadyOffered' is deprecated: Value has never been used. Calls to OfferService shall be idempotent. [-Wdeprecated-declarations]
2026-10-07T17:01:58.2312738Z   186 |             case static_cast<score::result::ErrorCode>(ComErrc::kServiceInstanceAlreadyOffered):
2026-10-07T17:01:58.2342217Z       |                                                                 ^
2026-10-07T17:01:58.2372968Z ./score/mw/com/impl/com_error.h:58:11: note: 'kServiceInstanceAlreadyOffered' has been explicitly marked deprecated here
2026-10-07T17:01:58.2402803Z    58 |         [[deprecated("Value has never been used. Calls to OfferService shall be idempotent.")]],
2026-10-07T17:01:58.2423756Z       |           ^
2026-10-07T17:01:58.2424514Z 1 warning generated.
2026-10-07T17:02:00.4263767Z INFO: From Compiling score/mw/com/doc/tutorial/chapter_12/consumer/proxy_component.cpp:
2026-10-07T17:02:00.4303562Z In file included from score/mw/com/doc/tutorial/chapter_12/consumer/proxy_component.cpp:13:
2026-10-07T17:02:00.4305676Z In file included from ./score/mw/com/doc/tutorial/chapter_12/consumer/proxy_component.h:17:
2026-10-07T17:02:00.4332766Z In file included from ./score/mw/com/doc/tutorial/chapter_12/hello_world_service.h:16:
2026-10-07T17:02:00.4362240Z In file included from ./score/mw/com/types.h:24:
2026-10-07T17:02:00.4363664Z In file included from ./score/mw/com/impl/generic_proxy.h:18:
2026-10-07T17:02:00.4392588Z In file included from ./score/mw/com/impl/generic_proxy_event.h:18:
2026-10-07T17:02:00.4418421Z In file included from ./score/mw/com/impl/proxy_base.h:18:
2026-10-07T17:02:00.4442585Z In file included from ./score/mw/com/impl/handle_type.h:18:
2026-10-07T17:02:00.4472583Z In file included from ./score/mw/com/impl/instance_identifier.h:16:
2026-10-07T17:02:00.4475598Z ./score/mw/com/impl/com_error.h:186:65: warning: 'kServiceInstanceAlreadyOffered' is deprecated: Value has never been used. Calls to OfferService shall be idempotent. [-Wdeprecated-declarations]
2026-10-07T17:02:00.4503002Z   186 |             case static_cast<score::result::ErrorCode>(ComErrc::kServiceInstanceAlreadyOffered):
2026-10-07T17:02:00.4532497Z       |                                                                 ^
2026-10-07T17:02:00.4563192Z ./score/mw/com/impl/com_error.h:58:11: note: 'kServiceInstanceAlreadyOffered' has been explicitly marked deprecated here
2026-10-07T17:02:00.4592791Z    58 |         [[deprecated("Value has never been used. Calls to OfferService shall be idempotent.")]],
2026-10-07T17:02:00.4594097Z       |           ^
2026-10-07T17:02:00.4622188Z 1 warning generated.
2026-10-07T17:02:02.8813443Z INFO: From Compiling score/mw/com/doc/tutorial/chapter_12/provider/skeleton_component.cpp:
2026-10-07T17:02:02.8833064Z In file included from score/mw/com/doc/tutorial/chapter_12/provider/skeleton_component.cpp:13:
2026-10-07T17:02:02.8862848Z In file included from ./score/mw/com/doc/tutorial/chapter_12/provider/skeleton_component.h:17:
2026-10-07T17:02:02.8892734Z In file included from ./score/mw/com/doc/tutorial/chapter_12/hello_world_service.h:16:
2026-10-07T17:02:02.8912352Z In file included from ./score/mw/com/types.h:24:
2026-10-07T17:02:02.8945721Z In file included from ./score/mw/com/impl/generic_proxy.h:18:
2026-10-07T17:02:02.8952383Z In file included from ./score/mw/com/impl/generic_proxy_event.h:18:
2026-10-07T17:02:02.8982316Z In file included from ./score/mw/com/impl/proxy_base.h:18:
2026-10-07T17:02:02.9012313Z In file included from ./score/mw/com/impl/handle_type.h:18:
2026-10-07T17:02:02.9032643Z In file included from ./score/mw/com/impl/instance_identifier.h:16:
2026-10-07T17:02:02.9043801Z ./score/mw/com/impl/com_error.h:186:65: warning: 'kServiceInstanceAlreadyOffered' is deprecated: Value has never been used. Calls to OfferService shall be idempotent. [-Wdeprecated-declarations]
2026-10-07T17:02:02.9072712Z   186 |             case static_cast<score::result::ErrorCode>(ComErrc::kServiceInstanceAlreadyOffered):
2026-10-07T17:02:02.9092328Z       |                                                                 ^
2026-10-07T17:02:02.9122765Z ./score/mw/com/impl/com_error.h:58:11: note: 'kServiceInstanceAlreadyOffered' has been explicitly marked deprecated here
2026-10-07T17:02:02.9132760Z    58 |         [[deprecated("Value has never been used. Calls to OfferService shall be idempotent.")]],
2026-10-07T17:02:02.9161814Z       |           ^
2026-10-07T17:02:02.9181921Z 1 warning generated.
2026-10-07T17:02:02.9207749Z [7,283 / 7,686] 198 / 514 tests; Compiling score/mw/com/doc/tutorial/chapter_12/consumer/proxy_component_test.cpp; 6s disk-cache, linux-sandbox ... (4 actions, 3 running)
2026-10-07T17:02:03.5468138Z INFO: From Compiling score/mw/com/impl/configuration/config_parser_methods_test.cpp:
2026-10-07T17:02:03.5492280Z In file included from score/mw/com/impl/configuration/config_parser_methods_test.cpp:13:
2026-10-07T17:02:03.5515490Z In file included from ./score/mw/com/impl/configuration/config_parser.h:17:
2026-10-07T17:02:03.5542778Z In file included from ./score/mw/com/impl/configuration/configuration.h:18:
2026-10-07T17:02:03.5571173Z In file included from ./score/mw/com/impl/configuration/service_instance_deployment.h:17:
2026-10-07T17:02:03.5586228Z ./score/mw/com/impl/com_error.h:186:65: warning: 'kServiceInstanceAlreadyOffered' is deprecated: Value has never been used. Calls to OfferService shall be idempotent. [-Wdeprecated-declarations]
2026-10-07T17:02:03.5593649Z   186 |             case static_cast<score::result::ErrorCode>(ComErrc::kServiceInstanceAlreadyOffered):
2026-10-07T17:02:03.5595430Z       |                                                                 ^
2026-10-07T17:02:03.5597618Z ./score/mw/com/impl/com_error.h:58:11: note: 'kServiceInstanceAlreadyOffered' has been explicitly marked deprecated here
2026-10-07T17:02:03.5600046Z    58 |         [[deprecated("Value has never been used. Calls to OfferService shall be idempotent.")]],
2026-10-07T17:02:03.5601763Z       |           ^
2026-10-07T17:02:03.5602724Z 1 warning generated.
2026-10-07T17:02:06.6833466Z INFO: From Compiling score/mw/com/doc/tutorial/chapter_12/consumer/proxy_component_test.cpp:
2026-10-07T17:02:06.6863031Z In file included from score/mw/com/doc/tutorial/chapter_12/consumer/proxy_component_test.cpp:13:
2026-10-07T17:02:06.6882723Z In file included from ./score/mw/com/doc/tutorial/chapter_12/consumer/proxy_component.h:17:
2026-10-07T17:02:06.6922745Z In file included from ./score/mw/com/doc/tutorial/chapter_12/hello_world_service.h:16:
2026-10-07T17:02:06.6952336Z In file included from ./score/mw/com/types.h:24:
2026-10-07T17:02:06.6982633Z In file included from ./score/mw/com/impl/generic_proxy.h:18:
2026-10-07T17:02:06.7002778Z In file included from ./score/mw/com/impl/generic_proxy_event.h:18:
2026-10-07T17:02:06.7004181Z In file included from ./score/mw/com/impl/proxy_base.h:18:
2026-10-07T17:02:06.7029529Z In file included from ./score/mw/com/impl/handle_type.h:18:
2026-10-07T17:02:06.7052517Z In file included from ./score/mw/com/impl/instance_identifier.h:16:
2026-10-07T17:02:06.7083922Z ./score/mw/com/impl/com_error.h:186:65: warning: 'kServiceInstanceAlreadyOffered' is deprecated: Value has never been used. Calls to OfferService shall be idempotent. [-Wdeprecated-declarations]
2026-10-07T17:02:06.7112919Z   186 |             case static_cast<score::result::ErrorCode>(ComErrc::kServiceInstanceAlreadyOffered):
2026-10-07T17:02:06.7122440Z       |                                                                 ^
2026-10-07T17:02:06.7143160Z ./score/mw/com/impl/com_error.h:58:11: note: 'kServiceInstanceAlreadyOffered' has been explicitly marked deprecated here
2026-10-07T17:02:06.7172851Z    58 |         [[deprecated("Value has never been used. Calls to OfferService shall be idempotent.")]],
2026-10-07T17:02:06.7202057Z       |           ^
2026-10-07T17:02:06.7212027Z 1 warning generated.
2026-10-07T17:02:11.9463412Z INFO: From Compiling score/mw/com/doc/tutorial/chapter_12/provider/skeleton_component_test.cpp:
2026-10-07T17:02:11.9508640Z In file included from score/mw/com/doc/tutorial/chapter_12/provider/skeleton_component_test.cpp:13:
2026-10-07T17:02:11.9512850Z In file included from ./score/mw/com/doc/tutorial/chapter_12/provider/skeleton_component.h:17:
2026-10-07T17:02:11.9552702Z In file included from ./score/mw/com/doc/tutorial/chapter_12/hello_world_service.h:16:
2026-10-07T17:02:11.9582387Z In file included from ./score/mw/com/types.h:24:
2026-10-07T17:02:11.9622419Z In file included from ./score/mw/com/impl/generic_proxy.h:18:
2026-10-07T17:02:11.9642439Z In file included from ./score/mw/com/impl/generic_proxy_event.h:18:
2026-10-07T17:02:11.9672504Z In file included from ./score/mw/com/impl/proxy_base.h:18:
2026-10-07T17:02:11.9692507Z In file included from ./score/mw/com/impl/handle_type.h:18:
2026-10-07T17:02:11.9732891Z In file included from ./score/mw/com/impl/instance_identifier.h:16:
2026-10-07T17:02:11.9754029Z ./score/mw/com/impl/com_error.h:186:65: warning: 'kServiceInstanceAlreadyOffered' is deprecated: Value has never been used. Calls to OfferService shall be idempotent. [-Wdeprecated-declarations]
2026-10-07T17:02:11.9793031Z   186 |             case static_cast<score::result::ErrorCode>(ComErrc::kServiceInstanceAlreadyOffered):
2026-10-07T17:02:11.9822458Z       |                                                                 ^
2026-10-07T17:02:11.9853135Z ./score/mw/com/impl/com_error.h:58:11: note: 'kServiceInstanceAlreadyOffered' has been explicitly marked deprecated here
2026-10-07T17:02:11.9882865Z    58 |         [[deprecated("Value has never been used. Calls to OfferService shall be idempotent.")]],
2026-10-07T17:02:11.9912161Z       |           ^
2026-10-07T17:02:11.9935974Z 1 warning generated.
2026-10-07T17:02:12.2013028Z INFO: From Compiling src/positional_options.cpp:
2026-10-07T17:02:12.2034032Z external/boost.program_options+/src/positional_options.cpp:28:45: warning: implicit conversion changes signedness: 'int' to 'size_type' (aka 'unsigned long') [-Wsign-conversion]
2026-10-07T17:02:12.2082685Z    28 |             m_names.resize(m_names.size() + max_count, name);
2026-10-07T17:02:12.2092528Z       |                                           ~ ^~~~~~~~~
2026-10-07T17:02:12.2122062Z 1 warning generated.
2026-10-07T17:02:13.5963698Z [7,305 / 7,690] 198 / 514 tests; Compiling src/parsers.cpp; 1s disk-cache, linux-sandbox ... (4 actions, 3 running)
2026-10-07T17:02:18.9362896Z INFO: From Compiling src/cmdline.cpp:
2026-10-07T17:02:18.9473733Z external/boost.program_options+/src/cmdline.cpp:327:48: warning: implicit conversion changes signedness: 'unsigned int' to 'int' [-Wsign-conversion]
2026-10-07T17:02:18.9522804Z   327 |                 int can_take_more = max_tokens - static_cast<int>(opt.value.size());
2026-10-07T17:02:18.9542783Z       |                     ~~~~~~~~~~~~~   ~~~~~~~~~~~^~~~~~~~~~~~~~~~~~~~~~~~~~~~~~~~~~~~
2026-10-07T17:02:18.9573442Z external/boost.program_options+/src/cmdline.cpp:327:50: warning: implicit conversion changes signedness: 'int' to 'unsigned int' [-Wsign-conversion]
2026-10-07T17:02:18.9632822Z   327 |                 int can_take_more = max_tokens - static_cast<int>(opt.value.size());
2026-10-07T17:02:18.9642425Z       |                                                ~ ^~~~~~~~~~~~~~~~~~~~~~~~~~~~~~~~~~
2026-10-07T17:02:18.9643170Z 2 warnings generated.
2026-10-07T17:02:24.3621121Z [7,347 / 7,697] 198 / 514 tests; Compiling score/mw/service/backend/common/test/single_immediate_instantiation_strategy_test.cpp; 3s disk-cache, linux-sandbox ... (4 actions running)
2026-10-07T17:02:34.3592896Z [7,370 / 7,702] 198 / 514 tests; Compiling score/mw/com/impl/bindings/lola/skeleton_method_handling_test.cpp; 11s disk-cache, linux-sandbox ... (4 actions running)
2026-10-07T17:02:44.3599349Z [7,382 / 7,706] 198 / 514 tests; Compiling score/mw/com/impl/bindings/lola/skeleton_method_handling_test.cpp; 21s disk-cache, linux-sandbox ... (4 actions running)
2026-10-07T17:02:47.6333588Z INFO: From Compiling score/mw/com/impl/bindings/lola/skeleton_method_handling_test.cpp:
2026-10-07T17:02:47.6375372Z In file included from score/mw/com/impl/bindings/lola/skeleton_method_handling_test.cpp:20:
2026-10-07T17:02:47.6392902Z In file included from ./score/mw/com/impl/bindings/lola/skeleton.h:32:
2026-10-07T17:02:47.6432828Z In file included from ./score/mw/com/impl/bindings/lola/skeleton_memory_manager.h:20:
2026-10-07T17:02:47.6459800Z In file included from ./score/mw/com/impl/bindings/lola/service_data_storage.h:20:
2026-10-07T17:02:47.6487056Z In file included from ./score/mw/com/impl/bindings/lola/i_runtime.h:20:
2026-10-07T17:02:47.6502349Z In file included from ./score/mw/com/impl/i_binding_runtime.h:17:
2026-10-07T17:02:47.6542654Z In file included from ./score/mw/com/impl/i_service_discovery_client.h:16:
2026-10-07T17:02:47.6555113Z In file included from ./score/mw/com/impl/enriched_instance_identifier.h:17:
2026-10-07T17:02:47.6572908Z In file included from ./score/mw/com/impl/handle_type.h:18:
2026-10-07T17:02:47.6597296Z In file included from ./score/mw/com/impl/instance_identifier.h:16:
2026-10-07T17:02:47.6623920Z ./score/mw/com/impl/com_error.h:186:65: warning: 'kServiceInstanceAlreadyOffered' is deprecated: Value has never been used. Calls to OfferService shall be idempotent. [-Wdeprecated-declarations]
2026-10-07T17:02:47.6652938Z   186 |             case static_cast<score::result::ErrorCode>(ComErrc::kServiceInstanceAlreadyOffered):
2026-10-07T17:02:47.6672307Z       |                                                                 ^
2026-10-07T17:02:47.6703344Z ./score/mw/com/impl/com_error.h:58:11: note: 'kServiceInstanceAlreadyOffered' has been explicitly marked deprecated here
2026-10-07T17:02:47.6712957Z    58 |         [[deprecated("Value has never been used. Calls to OfferService shall be idempotent.")]],
2026-10-07T17:02:47.6742028Z       |           ^
2026-10-07T17:02:47.6762010Z 1 warning generated.
2026-10-07T17:02:54.3610840Z [7,400 / 7,715] 198 / 514 tests; Compiling score/mw/com/impl/tracing/configuration/service_element_identifier_test.cpp; 8s disk-cache, linux-sandbox ... (4 actions running)
2026-10-07T17:02:57.2859558Z INFO: From Compiling score/mw/com/impl/data_type_meta_info_test.cpp:
2026-10-07T17:02:57.2884427Z In file included from score/mw/com/impl/data_type_meta_info_test.cpp:15:
2026-10-07T17:02:57.2904080Z ./score/mw/com/impl/com_error.h:186:65: warning: 'kServiceInstanceAlreadyOffered' is deprecated: Value has never been used. Calls to OfferService shall be idempotent. [-Wdeprecated-declarations]
2026-10-07T17:02:57.2942873Z   186 |             case static_cast<score::result::ErrorCode>(ComErrc::kServiceInstanceAlreadyOffered):
2026-10-07T17:02:57.2944470Z       |                                                                 ^
2026-10-07T17:02:57.2983188Z ./score/mw/com/impl/com_error.h:58:11: note: 'kServiceInstanceAlreadyOffered' has been explicitly marked deprecated here
2026-10-07T17:02:57.2987931Z    58 |         [[deprecated("Value has never been used. Calls to OfferService shall be idempotent.")]],
2026-10-07T17:02:57.2989022Z       |           ^
2026-10-07T17:02:57.2989650Z 1 warning generated.
2026-10-07T17:03:03.8513257Z INFO: From Compiling score/mw/com/impl/configuration/config_validate_test.cpp:
2026-10-07T17:03:03.8572840Z In file included from score/mw/com/impl/configuration/config_validate_test.cpp:13:
2026-10-07T17:03:03.8632909Z In file included from ./score/mw/com/impl/configuration/config_validate.h:17:
2026-10-07T17:03:03.8693121Z In file included from ./score/mw/com/impl/configuration/configuration.h:18:
2026-10-07T17:03:03.8753254Z In file included from ./score/mw/com/impl/configuration/service_instance_deployment.h:17:
2026-10-07T17:03:03.8800560Z ./score/mw/com/impl/com_error.h:186:65: warning: 'kServiceInstanceAlreadyOffered' is deprecated: Value has never been used. Calls to OfferService shall be idempotent. [-Wdeprecated-declarations]
2026-10-07T17:03:03.8843196Z   186 |             case static_cast<score::result::ErrorCode>(ComErrc::kServiceInstanceAlreadyOffered):
2026-10-07T17:03:03.8872664Z       |                                                                 ^
2026-10-07T17:03:03.8903108Z ./score/mw/com/impl/com_error.h:58:11: note: 'kServiceInstanceAlreadyOffered' has been explicitly marked deprecated here
2026-10-07T17:03:03.8924549Z    58 |         [[deprecated("Value has never been used. Calls to OfferService shall be idempotent.")]],
2026-10-07T17:03:03.8945638Z       |           ^
2026-10-07T17:03:03.8950795Z 1 warning generated.
2026-10-07T17:03:04.9933663Z [7,434 / 7,727] 198 / 514 tests; Compiling score/mw/com/impl/methods/callable_traits_test.cpp; 5s disk-cache, linux-sandbox ... (4 actions, 3 running)
2026-10-07T17:03:06.6262973Z INFO: From Compiling score/mw/com/impl/methods/callable_traits_test.cpp:
2026-10-07T17:03:06.6294399Z score/mw/com/impl/methods/callable_traits_test.cpp:102:71: warning: passing no argument for the '...' parameter of a variadic macro is a C++20 extension [-Wvariadic-macro-arguments-omitted]
2026-10-07T17:03:06.6352781Z   102 | TYPED_TEST_SUITE(CallableTraitsReturnTypeFixture, MyReturnTypeTestData);
2026-10-07T17:03:06.6382349Z       |                                                                       ^
2026-10-07T17:03:06.6412961Z external/googletest+/googletest/include/gtest/gtest-typed-test.h:191:9: note: macro 'TYPED_TEST_SUITE' defined here
2026-10-07T17:03:06.6442563Z   191 | #define TYPED_TEST_SUITE(CaseName, Types, ...)                          \
2026-10-07T17:03:06.6472022Z       |         ^
2026-10-07T17:03:06.6503849Z score/mw/com/impl/methods/callable_traits_test.cpp:182:71: warning: passing no argument for the '...' parameter of a variadic macro is a C++20 extension [-Wvariadic-macro-arguments-omitted]
2026-10-07T17:03:06.6532627Z   182 | TYPED_TEST_SUITE(CallableTraitsInArgTypesFixture, MyInArgTypesTestData);
2026-10-07T17:03:06.6562412Z       |                                                                       ^
2026-10-07T17:03:06.6593029Z external/googletest+/googletest/include/gtest/gtest-typed-test.h:191:9: note: macro 'TYPED_TEST_SUITE' defined here
2026-10-07T17:03:06.6622529Z   191 | #define TYPED_TEST_SUITE(CaseName, Types, ...)                          \
2026-10-07T17:03:06.6652051Z       |         ^
2026-10-07T17:03:06.6682003Z 2 warnings generated.
2026-10-07T17:03:11.7882480Z INFO: From Compiling score/mw/com/impl/configuration/service_type_deployment_test.cpp:
2026-10-07T17:03:11.7923072Z In file included from score/mw/com/impl/configuration/service_type_deployment_test.cpp:16:
2026-10-07T17:03:11.7958024Z In file included from ./score/mw/com/impl/configuration/test/configuration_test_resources.h:26:
2026-10-07T17:03:11.7982850Z In file included from ./score/mw/com/impl/configuration/service_instance_deployment.h:17:
2026-10-07T17:03:11.8014038Z ./score/mw/com/impl/com_error.h:186:65: warning: 'kServiceInstanceAlreadyOffered' is deprecated: Value has never been used. Calls to OfferService shall be idempotent. [-Wdeprecated-declarations]
2026-10-07T17:03:11.8043642Z   186 |             case static_cast<score::result::ErrorCode>(ComErrc::kServiceInstanceAlreadyOffered):
2026-10-07T17:03:11.8072525Z       |                                                                 ^
2026-10-07T17:03:11.8103292Z ./score/mw/com/impl/com_error.h:58:11: note: 'kServiceInstanceAlreadyOffered' has been explicitly marked deprecated here
2026-10-07T17:03:11.8133009Z    58 |         [[deprecated("Value has never been used. Calls to OfferService shall be idempotent.")]],
2026-10-07T17:03:11.8162006Z       |           ^
2026-10-07T17:03:11.8162546Z 1 warning generated.
2026-10-07T17:03:17.0803343Z INFO: From Compiling score/mw/com/impl/configuration/service_identifier_type_test.cpp:
2026-10-07T17:03:17.0832855Z In file included from score/mw/com/impl/configuration/service_identifier_type_test.cpp:15:
2026-10-07T17:03:17.0852761Z In file included from ./score/mw/com/impl/configuration/test/configuration_test_resources.h:26:
2026-10-07T17:03:17.0882901Z In file included from ./score/mw/com/impl/configuration/service_instance_deployment.h:17:
2026-10-07T17:03:17.0903941Z ./score/mw/com/impl/com_error.h:186:65: warning: 'kServiceInstanceAlreadyOffered' is deprecated: Value has never been used. Calls to OfferService shall be idempotent. [-Wdeprecated-declarations]
2026-10-07T17:03:17.0922824Z   186 |             case static_cast<score::result::ErrorCode>(ComErrc::kServiceInstanceAlreadyOffered):
2026-10-07T17:03:17.0952385Z       |                                                                 ^
2026-10-07T17:03:17.0983012Z ./score/mw/com/impl/com_error.h:58:11: note: 'kServiceInstanceAlreadyOffered' has been explicitly marked deprecated here
2026-10-07T17:03:17.0984967Z    58 |         [[deprecated("Value has never been used. Calls to OfferService shall be idempotent.")]],
2026-10-07T17:03:17.1012000Z       |           ^
2026-10-07T17:03:17.1041993Z 1 warning generated.
2026-10-07T17:03:17.1073859Z [7,461 / 7,741] 198 / 514 tests; Compiling score/mw/com/impl/tracing/skeleton_event_tracing_test.cpp; 11s disk-cache, linux-sandbox ... (4 actions, 3 running)
2026-10-07T17:03:17.9563350Z INFO: From Compiling score/mw/com/impl/configuration/lola_service_type_deployment_test.cpp:
2026-10-07T17:03:17.9593137Z In file included from score/mw/com/impl/configuration/lola_service_type_deployment_test.cpp:18:
2026-10-07T17:03:17.9622785Z In file included from ./score/mw/com/impl/configuration/test/configuration_test_resources.h:26:
2026-10-07T17:03:17.9652681Z In file included from ./score/mw/com/impl/configuration/service_instance_deployment.h:17:
2026-10-07T17:03:17.9679123Z ./score/mw/com/impl/com_error.h:186:65: warning: 'kServiceInstanceAlreadyOffered' is deprecated: Value has never been used. Calls to OfferService shall be idempotent. [-Wdeprecated-declarations]
2026-10-07T17:03:17.9682841Z   186 |             case static_cast<score::result::ErrorCode>(ComErrc::kServiceInstanceAlreadyOffered):
2026-10-07T17:03:17.9684144Z       |                                                                 ^
2026-10-07T17:03:17.9685876Z ./score/mw/com/impl/com_error.h:58:11: note: 'kServiceInstanceAlreadyOffered' has been explicitly marked deprecated here
2026-10-07T17:03:17.9687799Z    58 |         [[deprecated("Value has never been used. Calls to OfferService shall be idempotent.")]],
2026-10-07T17:03:17.9688708Z       |           ^
2026-10-07T17:03:17.9689177Z 1 warning generated.
2026-10-07T17:03:23.3413097Z INFO: From Compiling score/mw/com/impl/tracing/skeleton_event_tracing_test.cpp:
2026-10-07T17:03:23.3446241Z In file included from score/mw/com/impl/tracing/skeleton_event_tracing_test.cpp:13:
2026-10-07T17:03:23.3472694Z In file included from ./score/mw/com/impl/tracing/skeleton_event_tracing.h:22:
2026-10-07T17:03:23.3504828Z In file included from ./score/mw/com/impl/instance_identifier.h:16:
2026-10-07T17:03:23.3534052Z ./score/mw/com/impl/com_error.h:186:65: warning: 'kServiceInstanceAlreadyOffered' is deprecated: Value has never been used. Calls to OfferService shall be idempotent. [-Wdeprecated-declarations]
2026-10-07T17:03:23.3536806Z   186 |             case static_cast<score::result::ErrorCode>(ComErrc::kServiceInstanceAlreadyOffered):
2026-10-07T17:03:23.3562527Z       |                                                                 ^
2026-10-07T17:03:23.3593059Z ./score/mw/com/impl/com_error.h:58:11: note: 'kServiceInstanceAlreadyOffered' has been explicitly marked deprecated here
2026-10-07T17:03:23.3612884Z    58 |         [[deprecated("Value has never been used. Calls to OfferService shall be idempotent.")]],
2026-10-07T17:03:23.3636344Z       |           ^
2026-10-07T17:03:23.3652200Z 1 warning generated.
2026-10-07T17:03:27.3499337Z INFO: From Compiling score/mw/com/impl/bindings/lola/service_discovery/lola_service_instance_identifier_test.cpp:
2026-10-07T17:03:27.3543682Z In file included from score/mw/com/impl/bindings/lola/service_discovery/lola_service_instance_identifier_test.cpp:13:
2026-10-07T17:03:27.3583164Z In file included from ./score/mw/com/impl/bindings/lola/service_discovery/lola_service_instance_identifier.h:18:
2026-10-07T17:03:27.3612820Z In file included from ./score/mw/com/impl/enriched_instance_identifier.h:17:
2026-10-07T17:03:27.3613939Z In file included from ./score/mw/com/impl/handle_type.h:18:
2026-10-07T17:03:27.3615000Z In file included from ./score/mw/com/impl/instance_identifier.h:16:
2026-10-07T17:03:27.3617400Z ./score/mw/com/impl/com_error.h:186:65: warning: 'kServiceInstanceAlreadyOffered' is deprecated: Value has never been used. Calls to OfferService shall be idempotent. [-Wdeprecated-declarations]
2026-10-07T17:03:27.3619596Z   186 |             case static_cast<score::result::ErrorCode>(ComErrc::kServiceInstanceAlreadyOffered):
2026-10-07T17:03:27.3620743Z       |                                                                 ^
2026-10-07T17:03:27.3622505Z ./score/mw/com/impl/com_error.h:58:11: note: 'kServiceInstanceAlreadyOffered' has been explicitly marked deprecated here
2026-10-07T17:03:27.3624668Z    58 |         [[deprecated("Value has never been used. Calls to OfferService shall be idempotent.")]],
2026-10-07T17:03:27.3625541Z       |           ^
2026-10-07T17:03:27.3625976Z 1 warning generated.
2026-10-07T17:03:27.3683681Z [7,500 / 7,747] 198 / 514 tests; Compiling score/memory/shared/shared_memory_resource_allocate_test.cpp; 8s disk-cache, linux-sandbox ... (4 actions, 3 running)
2026-10-07T17:03:27.9203702Z INFO: From Compiling score/mw/com/impl/bindings/lola/service_discovery/known_instances_container_test.cpp:
2026-10-07T17:03:27.9233938Z In file included from score/mw/com/impl/bindings/lola/service_discovery/known_instances_container_test.cpp:13:
2026-10-07T17:03:27.9235894Z In file included from ./score/mw/com/impl/bindings/lola/service_discovery/known_instances_container.h:16:
2026-10-07T17:03:27.9262621Z In file included from ./score/mw/com/impl/enriched_instance_identifier.h:17:
2026-10-07T17:03:27.9272470Z In file included from ./score/mw/com/impl/handle_type.h:18:
2026-10-07T17:03:27.9300636Z In file included from ./score/mw/com/impl/instance_identifier.h:16:
2026-10-07T17:03:27.9303957Z ./score/mw/com/impl/com_error.h:186:65: warning: 'kServiceInstanceAlreadyOffered' is deprecated: Value has never been used. Calls to OfferService shall be idempotent. [-Wdeprecated-declarations]
2026-10-07T17:03:27.9309855Z   186 |             case static_cast<score::result::ErrorCode>(ComErrc::kServiceInstanceAlreadyOffered):
2026-10-07T17:03:27.9312156Z       |                                                                 ^
2026-10-07T17:03:27.9314160Z ./score/mw/com/impl/com_error.h:58:11: note: 'kServiceInstanceAlreadyOffered' has been explicitly marked deprecated here
2026-10-07T17:03:27.9316319Z    58 |         [[deprecated("Value has never been used. Calls to OfferService shall be idempotent.")]],
2026-10-07T17:03:27.9317389Z       |           ^
2026-10-07T17:03:27.9318078Z 1 warning generated.
2026-10-07T17:03:31.6282509Z INFO: From Compiling score/mw/com/impl/mocking/test_type_utilities_test.cpp:
2026-10-07T17:03:31.6302848Z In file included from score/mw/com/impl/mocking/test_type_utilities_test.cpp:13:
2026-10-07T17:03:31.6332916Z In file included from ./score/mw/com/impl/mocking/test_type_utilities.h:17:
2026-10-07T17:03:31.6382584Z In file included from ./score/mw/com/impl/handle_type.h:18:
2026-10-07T17:03:31.6432527Z In file included from ./score/mw/com/impl/instance_identifier.h:16:
2026-10-07T17:03:31.6444101Z ./score/mw/com/impl/com_error.h:186:65: warning: 'kServiceInstanceAlreadyOffered' is deprecated: Value has never been used. Calls to OfferService shall be idempotent. [-Wdeprecated-declarations]
2026-10-07T17:03:31.6472995Z   186 |             case static_cast<score::result::ErrorCode>(ComErrc::kServiceInstanceAlreadyOffered):
2026-10-07T17:03:31.6492367Z       |                                                                 ^
2026-10-07T17:03:31.6522891Z ./score/mw/com/impl/com_error.h:58:11: note: 'kServiceInstanceAlreadyOffered' has been explicitly marked deprecated here
2026-10-07T17:03:31.6524759Z    58 |         [[deprecated("Value has never been used. Calls to OfferService shall be idempotent.")]],
2026-10-07T17:03:31.6525629Z       |           ^
2026-10-07T17:03:31.6526098Z 1 warning generated.
2026-10-07T17:03:37.6723899Z [7,518 / 7,755] 198 / 514 tests; Compiling score/mw/com/impl/bindings/lola/tracing/tracing_runtime_test.cpp; 6s disk-cache, linux-sandbox ... (4 actions, 3 running)
2026-10-07T17:03:47.6850546Z [7,534 / 7,758] 198 / 514 tests; Compiling score/mw/com/impl/bindings/lola/tracing/tracing_runtime_test.cpp; 16s disk-cache, linux-sandbox ... (4 actions, 3 running)
2026-10-07T17:03:52.7067096Z INFO: From Compiling score/mw/com/impl/tracing/configuration/tracing_filter_config_mock.cpp:
2026-10-07T17:03:52.7103884Z In file included from score/mw/com/impl/tracing/configuration/tracing_filter_config_mock.cpp:13:
2026-10-07T17:03:52.7106320Z In file included from ./score/mw/com/impl/tracing/configuration/tracing_filter_config_mock.h:16:
2026-10-07T17:03:52.7133327Z In file included from ./score/mw/com/impl/tracing/configuration/i_tracing_filter_config.h:16:
2026-10-07T17:03:52.7162652Z In file included from ./score/mw/com/impl/configuration/configuration.h:18:
2026-10-07T17:03:52.7192913Z In file included from ./score/mw/com/impl/configuration/service_instance_deployment.h:17:
2026-10-07T17:03:52.7196125Z ./score/mw/com/impl/com_error.h:186:65: warning: 'kServiceInstanceAlreadyOffered' is deprecated: Value has never been used. Calls to OfferService shall be idempotent. [-Wdeprecated-declarations]
2026-10-07T17:03:52.7222997Z   186 |             case static_cast<score::result::ErrorCode>(ComErrc::kServiceInstanceAlreadyOffered):
2026-10-07T17:03:52.7313442Z       |                                                                 ^
2026-10-07T17:03:52.7323504Z ./score/mw/com/impl/com_error.h:58:11: note: 'kServiceInstanceAlreadyOffered' has been explicitly marked deprecated here
2026-10-07T17:03:52.7373742Z    58 |         [[deprecated("Value has never been used. Calls to OfferService shall be idempotent.")]],
2026-10-07T17:03:52.7397700Z       |           ^
2026-10-07T17:03:52.7422230Z 1 warning generated.
2026-10-07T17:03:54.6146371Z INFO: From Compiling score/mw/com/impl/bindings/lola/tracing/tracing_runtime_test.cpp:
2026-10-07T17:03:54.6173538Z In file included from score/mw/com/impl/bindings/lola/tracing/tracing_runtime_test.cpp:13:
2026-10-07T17:03:54.6234669Z In file included from ./score/mw/com/impl/bindings/lola/tracing/tracing_runtime.h:16:
2026-10-07T17:03:54.6236253Z In file included from ./score/mw/com/impl/configuration/configuration.h:18:
2026-10-07T17:03:54.6251772Z In file included from ./score/mw/com/impl/configuration/service_instance_deployment.h:17:
2026-10-07T17:03:54.6264605Z ./score/mw/com/impl/com_error.h:186:65: warning: 'kServiceInstanceAlreadyOffered' is deprecated: Value has never been used. Calls to OfferService shall be idempotent. [-Wdeprecated-declarations]
2026-10-07T17:03:54.6267198Z   186 |             case static_cast<score::result::ErrorCode>(ComErrc::kServiceInstanceAlreadyOffered):
2026-10-07T17:03:54.6268676Z       |                                                                 ^
2026-10-07T17:03:54.6270482Z ./score/mw/com/impl/com_error.h:58:11: note: 'kServiceInstanceAlreadyOffered' has been explicitly marked deprecated here
2026-10-07T17:03:54.6273075Z    58 |         [[deprecated("Value has never been used. Calls to OfferService shall be idempotent.")]],
2026-10-07T17:03:54.6274133Z       |           ^
2026-10-07T17:03:54.6274821Z 1 warning generated.
2026-10-07T17:03:55.3976855Z INFO: From Compiling score/mw/com/impl/bindings/lola/messaging/message_passing_service_test.cpp:
2026-10-07T17:03:55.4033277Z In file included from score/mw/com/impl/bindings/lola/messaging/message_passing_service_test.cpp:17:
2026-10-07T17:03:55.4036133Z ./score/mw/com/impl/com_error.h:186:65: warning: 'kServiceInstanceAlreadyOffered' is deprecated: Value has never been used. Calls to OfferService shall be idempotent. [-Wdeprecated-declarations]
2026-10-07T17:03:55.4038498Z   186 |             case static_cast<score::result::ErrorCode>(ComErrc::kServiceInstanceAlreadyOffered):
2026-10-07T17:03:55.4039734Z       |                                                                 ^
2026-10-07T17:03:55.4041636Z ./score/mw/com/impl/com_error.h:58:11: note: 'kServiceInstanceAlreadyOffered' has been explicitly marked deprecated here
2026-10-07T17:03:55.4043486Z    58 |         [[deprecated("Value has never been used. Calls to OfferService shall be idempotent.")]],
2026-10-07T17:03:55.4044331Z       |           ^
2026-10-07T17:03:55.4044762Z 1 warning generated.
2026-10-07T17:03:57.8663652Z [7,553 / 7,769] 198 / 514 tests; Compiling score/mw/com/impl/runtime_test.cpp; 9s disk-cache, linux-sandbox ... (4 actions, 3 running)
2026-10-07T17:04:00.9140687Z INFO: From Compiling score/mw/com/impl/runtime_test.cpp:
2026-10-07T17:04:00.9179591Z In file included from score/mw/com/impl/runtime_test.cpp:13:
2026-10-07T17:04:00.9180903Z In file included from ./score/mw/com/impl/runtime.h:18:
2026-10-07T17:04:00.9182726Z In file included from ./score/mw/com/impl/configuration/configuration.h:18:
2026-10-07T17:04:00.9184204Z In file included from ./score/mw/com/impl/configuration/service_instance_deployment.h:17:
2026-10-07T17:04:00.9187007Z ./score/mw/com/impl/com_error.h:186:65: warning: 'kServiceInstanceAlreadyOffered' is deprecated: Value has never been used. Calls to OfferService shall be idempotent. [-Wdeprecated-declarations]
2026-10-07T17:04:00.9189467Z   186 |             case static_cast<score::result::ErrorCode>(ComErrc::kServiceInstanceAlreadyOffered):
2026-10-07T17:04:00.9190926Z       |                                                                 ^
2026-10-07T17:04:00.9193266Z ./score/mw/com/impl/com_error.h:58:11: note: 'kServiceInstanceAlreadyOffered' has been explicitly marked deprecated here
2026-10-07T17:04:00.9195367Z    58 |         [[deprecated("Value has never been used. Calls to OfferService shall be idempotent.")]],
2026-10-07T17:04:00.9196506Z       |           ^
2026-10-07T17:04:00.9197109Z 1 warning generated.
2026-10-07T17:04:06.9653258Z INFO: From Compiling score/mw/com/impl/tracing/configuration/tracing_filter_config_parser_test.cpp:
2026-10-07T17:04:06.9705513Z In file included from score/mw/com/impl/tracing/configuration/tracing_filter_config_parser_test.cpp:13:
2026-10-07T17:04:06.9707778Z In file included from ./score/mw/com/impl/tracing/configuration/tracing_filter_config_parser.h:17:
2026-10-07T17:04:06.9709400Z In file included from ./score/mw/com/impl/configuration/configuration.h:18:
2026-10-07T17:04:06.9710943Z In file included from ./score/mw/com/impl/configuration/service_instance_deployment.h:17:
2026-10-07T17:04:06.9714052Z ./score/mw/com/impl/com_error.h:186:65: warning: 'kServiceInstanceAlreadyOffered' is deprecated: Value has never been used. Calls to OfferService shall be idempotent. [-Wdeprecated-declarations]
2026-10-07T17:04:06.9716471Z   186 |             case static_cast<score::result::ErrorCode>(ComErrc::kServiceInstanceAlreadyOffered):
2026-10-07T17:04:06.9717867Z       |                                                                 ^
2026-10-07T17:04:06.9719627Z ./score/mw/com/impl/com_error.h:58:11: note: 'kServiceInstanceAlreadyOffered' has been explicitly marked deprecated here
2026-10-07T17:04:06.9721991Z    58 |         [[deprecated("Value has never been used. Calls to OfferService shall be idempotent.")]],
2026-10-07T17:04:06.9723031Z       |           ^
2026-10-07T17:04:06.9723622Z 1 warning generated.
2026-10-07T17:04:08.1384593Z [7,574 / 7,776] 200 / 514 tests; Testing //score/mw/com/gateway/transport_layer/sample/messages:gateway_messages_test; 0s disk-cache, linux-sandbox ... (4 actions running)
2026-10-07T17:04:18.1755135Z [7,611 / 7,776] 237 / 514 tests; Testing //score/mw/com/impl:unit_test_runtime_single_exec; 4s disk-cache, linux-sandbox ... (4 actions running)
2026-10-07T17:04:28.3131652Z [7,690 / 7,776] 316 / 514 tests; Testing //score/mw/com/impl/bindings/lola:sample_allocatee_ptr_test; 0s disk-cache, linux-sandbox ... (4 actions running)
2026-10-07T17:04:38.8411571Z [7,774 / 7,776] 400 / 514 tests; Testing //score/mw/com/impl/bindings/lola/messaging:message_passing_client_cache_test; 4s disk-cache, linux-sandbox ... (2 actions running)
2026-10-07T17:04:49.6613020Z [7,775 / 7,776] 400 / 514 tests; Testing //score/mw/com/impl/bindings/lola/messaging:message_passing_client_cache_test; 15s disk-cache, linux-sandbox
2026-10-07T17:04:52.9153313Z INFO: Found 514 test targets...
2026-10-07T17:04:53.2395835Z INFO: Elapsed time: 2028.829s, Critical Path: 320.28s
2026-10-07T17:04:53.2396765Z INFO: 7779 processes: 4212 internal, 3547 linux-sandbox, 16 local, 4 worker.
2026-10-07T17:04:53.2404972Z INFO: Build completed successfully, 7779 total actions
2026-10-07T17:04:53.2577683Z //quality/integration_testing/environments/dual_qemu/example_xvm:test_lib_memory_ivshmem_xvm SKIPPED
2026-10-07T17:04:53.2610415Z //quality/integration_testing/test:test_hello_world                     SKIPPED
2026-10-07T17:04:53.2613320Z //score/memory/shared/test/dynamic_array_in_shm_test:dynamic_array_in_shm_test SKIPPED
2026-10-07T17:04:53.2675868Z //score/memory/shared/typedshm/typedshm_wrapper:typed_memory_test       SKIPPED
2026-10-07T17:04:53.2702744Z //score/message_passing:qnx_dispatch_test                               SKIPPED
2026-10-07T17:04:53.2732699Z //score/mw/com/example/com-api-example:com-api-example-tokio-integration-test SKIPPED
2026-10-07T17:04:53.2734703Z //score/mw/com/gateway/transport_layer/qemu/test/integration_test:test_qemu_transport SKIPPED
2026-10-07T17:04:53.2762838Z //score/mw/com/gateway/transport_layer/sample:bidirectional_transport_test SKIPPED
2026-10-07T17:04:53.2791028Z //score/mw/com/gateway/transport_layer/sample/test/integration_test:test_bidirectional_transport_communication SKIPPED
2026-10-07T17:04:53.2817269Z //score/mw/com/gateway/transport_layer/sample/test/integration_test:test_bidirectional_transport_reconnect SKIPPED
2026-10-07T17:04:53.2842639Z //score/mw/com/impl/plumbing/rust:sample_allocatee_ptr_test_rs_qnx      SKIPPED
2026-10-07T17:04:53.2872649Z //score/mw/com/impl/plumbing/rust:sample_ptr_test_rs_qnx                SKIPPED
2026-10-07T17:04:53.2874844Z //score/mw/com/impl/test/check_values_created_from_config/integration_test:test_check_values_created_from_config SKIPPED
2026-10-07T17:04:53.2895594Z //score/mw/com/impl/test/methods/semi_dynamic_methods/integration_test:semi_dynamic_methods_different_processes_test SKIPPED
2026-10-07T17:04:53.2904542Z //score/mw/com/impl/test/methods/semi_dynamic_methods/integration_test:semi_dynamic_methods_same_process_test SKIPPED
2026-10-07T17:04:53.2906406Z //score/mw/com/impl/test/reserving_skeleton_slots/integration_test:reserving_skeleton_slots SKIPPED
2026-10-07T17:04:53.2908078Z //score/mw/com/impl/test/shared_memory_storage/integration_test:shared_memory_storage SKIPPED
2026-10-07T17:04:53.2909653Z //score/mw/com/rust/score_com_concept:score_com_concept-macros-unit-tests_qnx SKIPPED
2026-10-07T17:04:53.2911838Z //score/mw/com/test/all_service_elements/integration_test:all_service_elements_different_processes_test SKIPPED
2026-10-07T17:04:53.2913683Z //score/mw/com/test/all_service_elements/integration_test:all_service_elements_same_process_test SKIPPED
2026-10-07T17:04:53.2915234Z //score/mw/com/test/api_idempotency/integration_test:api_idempotency_test SKIPPED
2026-10-07T17:04:53.2917140Z //score/mw/com/test/basic_rust_api/consumer_async_apis/integration_test:test_com_api_async SKIPPED
2026-10-07T17:04:53.2918783Z //score/mw/com/test/basic_rust_api/consumer_sync_apis/integration_test:test_com_api_sync SKIPPED
2026-10-07T17:04:53.2920234Z //score/mw/com/test/bigdata/integration_test:test_bigdata_exchange      SKIPPED
2026-10-07T17:04:53.2922793Z //score/mw/com/test/concurrent_skeleton_creation/integration_test:concurrent_skeleton_creation SKIPPED
2026-10-07T17:04:53.2924369Z //score/mw/com/test/data_slots_read_only/integration_test:data_slots_read_only SKIPPED
2026-10-07T17:04:53.2969743Z //score/mw/com/test/fields/field_initial_value/integration_test:test_field_initial_value SKIPPED
2026-10-07T17:04:53.2971992Z //score/mw/com/test/fields/getter_setter_if_available/integration_test:test_getter_only_different_process SKIPPED
2026-10-07T17:04:53.2973972Z //score/mw/com/test/fields/getter_setter_if_available/integration_test:test_getter_only_same_process SKIPPED
2026-10-07T17:04:53.2976007Z //score/mw/com/test/fields/getter_setter_if_available/integration_test:test_notifier_only_different_process SKIPPED
2026-10-07T17:04:53.2978012Z //score/mw/com/test/fields/getter_setter_if_available/integration_test:test_notifier_only_same_process SKIPPED
2026-10-07T17:04:53.2980045Z //score/mw/com/test/fields/getter_setter_if_available/integration_test:test_setter_and_getter_different_process SKIPPED
2026-10-07T17:04:53.2982384Z //score/mw/com/test/fields/getter_setter_if_available/integration_test:test_setter_and_getter_same_process SKIPPED
2026-10-07T17:04:53.2984428Z //score/mw/com/test/fields/getter_setter_if_available/integration_test:test_setter_only_different_process SKIPPED
2026-10-07T17:04:53.2986579Z //score/mw/com/test/fields/getter_setter_if_available/integration_test:test_setter_only_same_process SKIPPED
2026-10-07T17:04:53.2988181Z //score/mw/com/test/fields/mixed_criticality/integration_test:asilb_consumer_asilb_provider_test SKIPPED
2026-10-07T17:04:53.2989160Z //score/mw/com/test/fields/mixed_criticality/integration_test:asilb_consumer_qm_provider_test SKIPPED
2026-10-07T17:04:53.2990114Z //score/mw/com/test/fields/mixed_criticality/integration_test:qm_consumer_asilb_provider_test SKIPPED
2026-10-07T17:04:53.3001902Z //score/mw/com/test/fields/mixed_criticality/integration_test:qm_consumer_qm_provider_test SKIPPED
2026-10-07T17:04:53.3003956Z //score/mw/com/test/fields/set_and_get_and_notifier/integration_test:test_get_and_notifier_different_process SKIPPED
2026-10-07T17:04:53.3005976Z //score/mw/com/test/fields/set_and_get_and_notifier/integration_test:test_get_and_notifier_same_process SKIPPED
2026-10-07T17:04:53.3007872Z //score/mw/com/test/fields/set_and_get_and_notifier/integration_test:test_get_different_process SKIPPED
2026-10-07T17:04:53.3009699Z //score/mw/com/test/fields/set_and_get_and_notifier/integration_test:test_get_same_process SKIPPED
2026-10-07T17:04:53.3011776Z //score/mw/com/test/fields/set_and_get_and_notifier/integration_test:test_notifier_different_process SKIPPED
2026-10-07T17:04:53.3013647Z //score/mw/com/test/fields/set_and_get_and_notifier/integration_test:test_notifier_same_process SKIPPED
2026-10-07T17:04:53.3015548Z //score/mw/com/test/fields/set_and_get_and_notifier/integration_test:test_set_and_get_different_process SKIPPED
2026-10-07T17:04:53.3017434Z //score/mw/com/test/fields/set_and_get_and_notifier/integration_test:test_set_and_get_same_process SKIPPED
2026-10-07T17:04:53.3019415Z //score/mw/com/test/fields/set_and_get_and_notifier/integration_test:test_set_and_notifier_different_process SKIPPED
2026-10-07T17:04:53.3021665Z //score/mw/com/test/fields/set_and_get_and_notifier/integration_test:test_set_and_notifier_same_process SKIPPED
2026-10-07T17:04:53.3023778Z //score/mw/com/test/fields/set_and_get_and_notifier/integration_test:test_set_get_and_notifier_different_process SKIPPED
2026-10-07T17:04:53.3025871Z //score/mw/com/test/fields/set_and_get_and_notifier/integration_test:test_set_get_and_notifier_same_process SKIPPED
2026-10-07T17:04:53.3027949Z //score/mw/com/test/find_any_semantics/integration_test:test_find_any_semantics SKIPPED
2026-10-07T17:04:53.3029400Z //score/mw/com/test/generic_proxy/integration_test:generic_proxy        SKIPPED
2026-10-07T17:04:53.3030949Z //score/mw/com/test/generic_skeleton/integration_test:test_generic_generic_interaction SKIPPED
2026-10-07T17:04:53.3033098Z //score/mw/com/test/generic_skeleton/integration_test:test_generic_typed_interaction SKIPPED
2026-10-07T17:04:53.3034382Z //score/mw/com/test/inotify/integration_test:inotify                    SKIPPED
2026-10-07T17:04:53.3035547Z //score/mw/com/test/inotify_stress_test/integration_test:inotify_stress_test SKIPPED
2026-10-07T17:04:53.3037145Z //score/mw/com/test/loading_add_on_configuration/integration_test:test_add_on_loading SKIPPED
2026-10-07T17:04:53.3039085Z //score/mw/com/test/methods/basic_acceptance_test/integration_test:basic_acceptance_different_processes_test SKIPPED
2026-10-07T17:04:53.3041119Z //score/mw/com/test/methods/basic_acceptance_test/integration_test:basic_acceptance_same_process_test SKIPPED
2026-10-07T17:04:53.3043132Z //score/mw/com/test/methods/edge_cases_test/integration_test:disabled_method_test SKIPPED
2026-10-07T17:04:53.3044734Z //score/mw/com/test/methods/edge_cases_test/integration_test:incomplete_handlers_test SKIPPED
2026-10-07T17:04:53.3046292Z //score/mw/com/test/methods/edge_cases_test/integration_test:proxy_recreation_test SKIPPED
2026-10-07T17:04:53.3047864Z //score/mw/com/test/methods/edge_cases_test/integration_test:skeleton_recreation_test SKIPPED
2026-10-07T17:04:53.3049601Z //score/mw/com/test/methods/mixed_criticality/integration_test:asilb_consumer_asilb_provider_test SKIPPED
2026-10-07T17:04:53.3052014Z //score/mw/com/test/methods/mixed_criticality/integration_test:asilb_consumer_qm_provider_test SKIPPED
2026-10-07T17:04:53.3053991Z //score/mw/com/test/methods/mixed_criticality/integration_test:qm_consumer_asilb_provider_test SKIPPED
2026-10-07T17:04:53.3055837Z //score/mw/com/test/methods/mixed_criticality/integration_test:qm_consumer_qm_provider_test SKIPPED
2026-10-07T17:04:53.3057771Z //score/mw/com/test/methods/non_trivial_constructors/integration_test:non_trivial_constructors_test SKIPPED
2026-10-07T17:04:53.3059609Z //score/mw/com/test/methods/stop_offer_during_call/integration_test:stop_offer_during_call SKIPPED
2026-10-07T17:04:53.3062064Z //score/mw/com/test/move_semantics/proxy_method/integration_test:move_assign_after_method_call_different_process_test SKIPPED
2026-10-07T17:04:53.3064275Z //score/mw/com/test/move_semantics/proxy_method/integration_test:move_assign_after_method_call_same_process_test SKIPPED
2026-10-07T17:04:53.3066532Z //score/mw/com/test/move_semantics/proxy_method/integration_test:move_construct_after_method_call_different_process_test SKIPPED
2026-10-07T17:04:53.3068788Z //score/mw/com/test/move_semantics/proxy_method/integration_test:move_construct_after_method_call_same_process_test SKIPPED
2026-10-07T17:04:53.3071087Z //score/mw/com/test/move_semantics/skeleton_event/integration_test:move_assign_not_offered_skeleton_different_process_test SKIPPED
2026-10-07T17:04:53.3073639Z //score/mw/com/test/move_semantics/skeleton_event/integration_test:move_assign_not_offered_skeleton_same_process_test SKIPPED
2026-10-07T17:04:53.3075914Z //score/mw/com/test/move_semantics/skeleton_event/integration_test:move_assign_offered_skeleton_different_process_test SKIPPED
2026-10-07T17:04:53.3078135Z //score/mw/com/test/move_semantics/skeleton_event/integration_test:move_assign_offered_skeleton_same_process_test SKIPPED
2026-10-07T17:04:53.3080466Z //score/mw/com/test/move_semantics/skeleton_event/integration_test:move_construct_not_offered_skeleton_different_process_test SKIPPED
2026-10-07T17:04:53.3083022Z //score/mw/com/test/move_semantics/skeleton_event/integration_test:move_construct_not_offered_skeleton_same_process_test SKIPPED
2026-10-07T17:04:53.3085228Z //score/mw/com/test/move_semantics/skeleton_event/integration_test:move_construct_offered_skeleton_different_process_test SKIPPED
2026-10-07T17:04:53.3087724Z //score/mw/com/test/move_semantics/skeleton_event/integration_test:move_construct_offered_skeleton_same_process_test SKIPPED
2026-10-07T17:04:53.3090100Z //score/mw/com/test/move_semantics/skeleton_method/integration_test:move_assign_after_offered_skeleton_different_process_test SKIPPED
2026-10-07T17:04:53.3093129Z //score/mw/com/test/move_semantics/skeleton_method/integration_test:move_assign_after_offered_skeleton_same_process_test SKIPPED
2026-10-07T17:04:53.3095499Z //score/mw/com/test/move_semantics/skeleton_method/integration_test:move_assign_before_offered_skeleton_different_process_test SKIPPED
2026-10-07T17:04:53.3097874Z //score/mw/com/test/move_semantics/skeleton_method/integration_test:move_assign_before_offered_skeleton_same_process_test SKIPPED
2026-10-07T17:04:53.3100257Z //score/mw/com/test/move_semantics/skeleton_method/integration_test:move_construct_after_offered_skeleton_different_process_test SKIPPED
2026-10-07T17:04:53.3102560Z //score/mw/com/test/move_semantics/skeleton_method/integration_test:move_construct_after_offered_skeleton_same_process_test SKIPPED
2026-10-07T17:04:53.3105018Z //score/mw/com/test/move_semantics/skeleton_method/integration_test:move_construct_before_offered_skeleton_different_process_test SKIPPED
2026-10-07T17:04:53.3107516Z //score/mw/com/test/move_semantics/skeleton_method/integration_test:move_construct_before_offered_skeleton_same_process_test SKIPPED
2026-10-07T17:04:53.3109412Z //score/mw/com/test/multiple_proxies/integration_test:multiple_proxies  SKIPPED
2026-10-07T17:04:53.3111535Z //score/mw/com/test/partial_restart/checks_number_of_allocations/integration_test:check_number_of_allocations SKIPPED
2026-10-07T17:04:53.3113747Z //score/mw/com/test/partial_restart/consumer_restart/integration_test:consumer_restart_graceful SKIPPED
2026-10-07T17:04:53.3115548Z //score/mw/com/test/partial_restart/consumer_restart/integration_test:consumer_restart_kill SKIPPED
2026-10-07T17:04:53.3117323Z //score/mw/com/test/partial_restart/provider_restart/integration_test:provider_restart_graceful SKIPPED
2026-10-07T17:04:53.3119246Z //score/mw/com/test/partial_restart/provider_restart/integration_test:provider_restart_graceful_no_proxy SKIPPED
2026-10-07T17:04:53.3121022Z //score/mw/com/test/partial_restart/provider_restart/integration_test:provider_restart_kill SKIPPED
2026-10-07T17:04:53.3123189Z //score/mw/com/test/partial_restart/provider_restart/integration_test:provider_restart_kill_no_proxy SKIPPED
2026-10-07T17:04:53.3125469Z //score/mw/com/test/partial_restart/provider_restart_max_subscribers/integration_test:provider_restart_max_subscribers_no_proxy SKIPPED
2026-10-07T17:04:53.3127925Z //score/mw/com/test/partial_restart/provider_restart_max_subscribers/integration_test:provider_restart_max_subscribers_with_proxy SKIPPED
2026-10-07T17:04:53.3130612Z //score/mw/com/test/partial_restart/proxy_restart_shall_not_affect_other_proxies/integration_test:proxy_restart_shall_not_affect_other_proxies_graceful SKIPPED
2026-10-07T17:04:53.3133764Z //score/mw/com/test/partial_restart/proxy_restart_shall_not_affect_other_proxies/integration_test:proxy_restart_shall_not_affect_other_proxies_kill SKIPPED
2026-10-07T17:04:53.3135915Z //score/mw/com/test/receive_handler_unsubscribe/integration_test:receive_handler_unsubscribe SKIPPED
2026-10-07T17:04:53.3137661Z //score/mw/com/test/receive_handler_usage/integration_test:test_receive_handler_usage SKIPPED
2026-10-07T17:04:53.3139681Z //score/mw/com/test/service_discovery_during_consumer_crash/integration_test:service_discovery_during_consumer_crash SKIPPED
2026-10-07T17:04:53.3142187Z //score/mw/com/test/service_discovery_during_provider_crash/integration_test:service_discovery_during_provider_crash SKIPPED
2026-10-07T17:04:53.3144382Z //score/mw/com/test/service_discovery_offer_and_search/integration_test:test_service_discovery_offer_and_search SKIPPED
2026-10-07T17:04:53.3146523Z //score/mw/com/test/service_discovery_search_and_offer/integration_test:test_service_discovery_search_and_offer SKIPPED
2026-10-07T17:04:53.3148498Z //score/mw/com/test/subscribe_handler/integration_test:subscribe_handler SKIPPED
2026-10-07T17:04:53.3150014Z //score/mw/com/test/unsubscribe_deadlock/integration_test:unsubscribe_deadlock SKIPPED
2026-10-07T17:04:53.3151824Z //:format_test_C++_with_clang-format                                     PASSED in 34.7s
2026-10-07T17:04:53.3153258Z //:format_test_Python_with_ruff                                          PASSED in 1.3s
2026-10-07T17:04:53.3154657Z //:format_test_Rust_with_rustfmt                                         PASSED in 1.1s
2026-10-07T17:04:53.3156112Z //:format_test_Starlark_with_buildifier                                  PASSED in 1.6s
2026-10-07T17:04:53.3157567Z //:pip_requirements.test                                                 PASSED in 18.8s
2026-10-07T17:04:53.3158919Z //:sync_skills.check                                                     PASSED in 0.1s
2026-10-07T17:04:53.3160333Z //bazel/tools:invalid_schema_and_valid_json_test                         PASSED in 0.1s
2026-10-07T17:04:53.3162317Z //bazel/tools:valid_schema_and_valid_json_test                           PASSED in 0.1s
2026-10-07T17:04:53.3164145Z //bazel/tools:valid_schema_with_disabled_additional_props_and_valid_json_with_extra_property_test PASSED in 0.1s
2026-10-07T17:04:53.3165894Z //bazel/tools:valid_schema_with_enabled_additional_props_and_valid_json_test PASSED in 0.1s
2026-10-07T17:04:53.3167455Z //quality/api_surface/tests:all_private_api_test                         PASSED in 0.1s
2026-10-07T17:04:53.3169002Z //quality/api_surface/tests:api_extraction_validation_test               PASSED in 0.2s
2026-10-07T17:04:53.3170536Z //quality/api_surface/tests:basic_class_api_test                         PASSED in 0.1s
2026-10-07T17:04:53.3172597Z //quality/api_surface/tests:constexpr_members_api_test                   PASSED in 0.1s
2026-10-07T17:04:53.3174111Z //quality/api_surface/tests:cpp_attributes_api_test                      PASSED in 0.1s
2026-10-07T17:04:53.3175646Z //quality/api_surface/tests:enum_and_free_functions_api_test             PASSED in 0.1s
2026-10-07T17:04:53.3177204Z //quality/api_surface/tests:extern_c_api_test                            PASSED in 0.1s
2026-10-07T17:04:53.3178704Z //quality/api_surface/tests:extern_explicit_api_test                     PASSED in 0.1s
2026-10-07T17:04:53.3180197Z //quality/api_surface/tests:extract_api_test                             PASSED in 27.9s
2026-10-07T17:04:53.3181950Z //quality/api_surface/tests:forward_declared_api_test                    PASSED in 0.1s
2026-10-07T17:04:53.3183443Z //quality/api_surface/tests:globals_api_test                             PASSED in 0.1s
2026-10-07T17:04:53.3184968Z //quality/api_surface/tests:inheritance_api_test                         PASSED in 0.1s
2026-10-07T17:04:53.3186455Z //quality/api_surface/tests:internal_namespace_api_test                  PASSED in 0.1s
2026-10-07T17:04:53.3187971Z //quality/api_surface/tests:member_function_templates_api_test           PASSED in 0.1s
2026-10-07T17:04:53.3189496Z //quality/api_surface/tests:multi_inheritance_api_test                   PASSED in 0.1s
2026-10-07T17:04:53.3190982Z //quality/api_surface/tests:private_changes_api_test                     PASSED in 0.1s
2026-10-07T17:04:53.3192791Z //quality/api_surface/tests:private_changes_v2_api_test                  PASSED in 0.1s
2026-10-07T17:04:53.3194273Z //quality/api_surface/tests:protected_methods_api_test                   PASSED in 0.1s
2026-10-07T17:04:53.3195773Z //quality/api_surface/tests:ref_qualifiers_api_test                      PASSED in 0.1s
2026-10-07T17:04:53.3197237Z //quality/api_surface/tests:result_type_regression_api_test              PASSED in 0.1s
2026-10-07T17:04:53.3198689Z //quality/api_surface/tests:sfinae_api_test                              PASSED in 0.1s
2026-10-07T17:04:53.3200139Z //quality/api_surface/tests:template_alias_api_test                      PASSED in 0.2s
2026-10-07T17:04:53.3201871Z //quality/api_surface/tests:test_diff_api                                PASSED in 0.2s
2026-10-07T17:04:53.3203669Z //quality/api_surface/tests:type_alias_api_test                          PASSED in 0.1s
2026-10-07T17:04:53.3205202Z //quality/api_surface/tests:types_in_signatures_api_test                 PASSED in 0.2s
2026-10-07T17:04:53.3206725Z //quality/compiler_warnings/test:fail_cast_qual_build_error_test         PASSED in 0.1s
2026-10-07T17:04:53.3208270Z //quality/compiler_warnings/test:fail_conversion_build_error_test        PASSED in 0.1s
2026-10-07T17:04:53.3209972Z //quality/compiler_warnings/test:fail_delete_non_virtual_dtor_build_error_test PASSED in 0.2s
2026-10-07T17:04:53.3211858Z //quality/compiler_warnings/test:fail_overloaded_virtual_build_error_test PASSED in 0.1s
2026-10-07T17:04:53.3213455Z //quality/compiler_warnings/test:fail_shadow_build_error_test            PASSED in 0.1s
2026-10-07T17:04:53.3214997Z //quality/compiler_warnings/test:fail_sign_compare_build_error_test      PASSED in 0.1s
2026-10-07T17:04:53.3216519Z //quality/compiler_warnings/test:fail_undef_build_error_test             PASSED in 0.1s
2026-10-07T17:04:53.3218050Z //quality/compiler_warnings/test:fp_build_test                           PASSED in 0.1s
2026-10-07T17:04:53.3219535Z //quality/compiler_warnings/test:tp_build_test                           PASSED in 0.0s
2026-10-07T17:04:53.3221023Z //quality/dashboard:generate_dashboard_test                              PASSED in 0.4s
2026-10-07T17:04:53.3222842Z //quality/dependency_compatibility_checker/tests:test_config_schema      PASSED in 0.3s
2026-10-07T17:04:53.3224420Z //quality/dependency_compatibility_checker/tests:test_generate_matrix    PASSED in 0.3s
2026-10-07T17:04:53.3226009Z //quality/dependency_compatibility_checker/tests:test_generate_report    PASSED in 0.7s
2026-10-07T17:04:53.3227933Z //quality/dependency_compatibility_checker/tests:test_module_rewriter    PASSED in 0.4s
2026-10-07T17:04:53.3229477Z //quality/scripts:flaky_reports_test                                     PASSED in 0.3s
2026-10-07T17:04:53.3230956Z //quality/visibility_guard:visibility_guard_test                         PASSED in 29.1s
2026-10-07T17:04:53.3232773Z //score/memory/shared:containers_compatibility_test                      PASSED in 0.2s
2026-10-07T17:04:53.3234217Z //score/memory/shared:lock_file_test                                     PASSED in 0.3s
2026-10-07T17:04:53.3235643Z //score/memory/shared:managed_memory_resource_test                       PASSED in 0.3s
2026-10-07T17:04:53.3237044Z //score/memory/shared:map_test                                           PASSED in 0.3s
2026-10-07T17:04:53.3238474Z //score/memory/shared:memory_region_bounds_test                          PASSED in 0.2s
2026-10-07T17:04:53.3239935Z //score/memory/shared:memory_region_map_test                             PASSED in 1.7s
2026-10-07T17:04:53.3241672Z //score/memory/shared:memory_resource_proxy_test                         PASSED in 0.3s
2026-10-07T17:04:53.3243196Z //score/memory/shared:memory_resource_registry_test                      PASSED in 0.6s
2026-10-07T17:04:53.3244696Z //score/memory/shared:new_delete_delegate_resource_test                  PASSED in 0.6s
2026-10-07T17:04:53.3246211Z //score/memory/shared:pointer_arithmetic_util_calculate_aligned_size_test PASSED in 0.3s
2026-10-07T17:04:53.3247737Z //score/memory/shared:pointer_arithmetic_util_precondition_violation_test PASSED in 0.2s
2026-10-07T17:04:53.3249242Z //score/memory/shared:polymorphic_offset_ptr_allocator_test              PASSED in 0.2s
2026-10-07T17:04:53.3250705Z //score/memory/shared:shared_memory_error_test                           PASSED in 0.1s
2026-10-07T17:04:53.3252444Z //score/memory/shared:shared_memory_factory_test                         PASSED in 0.6s
2026-10-07T17:04:53.3253970Z //score/memory/shared:shared_memory_resource_allocate_test               PASSED in 0.3s
2026-10-07T17:04:53.3255777Z //score/memory/shared:shared_memory_resource_create_anonymous_test       PASSED in 0.4s
2026-10-07T17:04:53.3257318Z //score/memory/shared:shared_memory_resource_create_or_open_test         PASSED in 0.4s
2026-10-07T17:04:53.3259190Z //score/memory/shared:shared_memory_resource_create_test                 PASSED in 0.3s
2026-10-07T17:04:53.3260716Z //score/memory/shared:shared_memory_resource_misc_test                   PASSED in 0.3s
2026-10-07T17:04:53.3262473Z //score/memory/shared:shared_memory_resource_open_test                   PASSED in 1.0s
2026-10-07T17:04:53.3263929Z //score/memory/shared:string_test                                        PASSED in 0.3s
2026-10-07T17:04:53.3265377Z //score/memory/shared:vector_test                                        PASSED in 0.3s
2026-10-07T17:04:53.3266847Z //score/memory/shared/flock:unit_test                                    PASSED in 0.3s
2026-10-07T17:04:53.3268369Z //score/memory/shared/sealedshm/sealedshm_wrapper:unit_test              PASSED in 0.1s
2026-10-07T17:04:53.3269984Z //score/memory/shared/test/test_offset_ptr:offset_ptr_precondition_violation_test PASSED in 0.7s
2026-10-07T17:04:53.3271831Z //score/memory/shared/test/test_offset_ptr:offset_ptr_test               PASSED in 0.8s
2026-10-07T17:04:53.3273434Z //score/memory/shared/test/test_offset_ref:offset_ref_precondition_violation_test PASSED in 0.2s
2026-10-07T17:04:53.3275002Z //score/memory/shared/test/test_offset_ref:offset_ref_test               PASSED in 0.3s
2026-10-07T17:04:53.3276449Z //score/message_passing:client_connection_test                           PASSED in 0.5s
2026-10-07T17:04:53.3277894Z //score/message_passing:qnx_resource_path_test                           PASSED in 0.2s
2026-10-07T17:04:53.3279334Z //score/message_passing:timed_command_queue_test                         PASSED in 0.1s
2026-10-07T17:04:53.3280785Z //score/message_passing:unix_domain_test                                 PASSED in 0.8s
2026-10-07T17:04:53.3282862Z //score/message_passing/dependability/assumed_system:aous_test           PASSED in 0.2s
2026-10-07T17:04:53.3284640Z //score/message_passing/dependability/assumed_system:assumed_system_requirements_test PASSED in 0.2s
2026-10-07T17:04:53.3286425Z //score/message_passing/dependability/requirements:component_requirements_test PASSED in 0.3s
2026-10-07T17:04:53.3288141Z //score/message_passing/dependability/requirements:feature_requirements_test PASSED in 0.3s
2026-10-07T17:04:53.3289702Z //score/message_passing/log:log_test                                     PASSED in 0.1s
2026-10-07T17:04:53.3291120Z //score/message_passing/log:logging_callback_test                        PASSED in 1.2s
2026-10-07T17:04:53.3292916Z //score/message_passing/non_allocating_future:non_allocating_future_test PASSED in 0.3s
2026-10-07T17:04:53.3294414Z //score/mw/com:api_surface_test                                          PASSED in 0.1s
2026-10-07T17:04:53.3295844Z //score/mw/com:runtime_configuration_test                                PASSED in 0.3s
2026-10-07T17:04:53.3297243Z //score/mw/com:unit_test                                                 PASSED in 1.1s
2026-10-07T17:04:53.3298663Z //score/mw/com/dependability:mw_com                                      PASSED in 0.2s
2026-10-07T17:04:53.3300248Z //score/mw/com/dependability/assumed_system:assumed_system_requirements_test PASSED in 0.3s
2026-10-07T17:04:53.3302610Z //score/mw/com/dependability/requirements/component_requirements:component_requirements_ipc_test PASSED in 1.2s
2026-10-07T17:04:53.3304651Z //score/mw/com/dependability/requirements/feature_requirements:feature_requirements_ipc_test PASSED in 0.4s
2026-10-07T17:04:53.3306338Z //score/mw/com/dependability/safety_analysis:aous_test                   PASSED in 0.5s
2026-10-07T17:04:53.3307876Z //score/mw/com/dependability/safety_analysis:mw_com_dependability_analysis PASSED in 0.2s
2026-10-07T17:04:53.3309531Z //score/mw/com/doc/tutorial/chapter_12:proxy_component_test              PASSED in 0.9s
2026-10-07T17:04:53.3311053Z //score/mw/com/doc/tutorial/chapter_12:skeleton_component_test           PASSED in 0.8s
2026-10-07T17:04:53.3312908Z //score/mw/com/gateway/gateway_application:gateway_application_test      PASSED in 1.2s
2026-10-07T17:04:53.3314706Z //score/mw/com/gateway/gateway_application:gateway_error_test            PASSED in 0.1s
2026-10-07T17:04:53.3316399Z //score/mw/com/gateway/gateway_application/configuration:gateway_config_parser_test PASSED in 0.3s
2026-10-07T17:04:53.3318243Z //score/mw/com/gateway/gateway_application/configuration:validate_gateway_config_schema PASSED in 0.1s
2026-10-07T17:04:53.3319913Z //score/mw/com/gateway/transport_layer:transport_error_test              PASSED in 0.2s
2026-10-07T17:04:53.3321764Z //score/mw/com/gateway/transport_layer/qemu:qemu_hypervisor_transport_test PASSED in 0.9s
2026-10-07T17:04:53.3323535Z //score/mw/com/gateway/transport_layer/qemu/configuration:qemu_transport_config_parser_test PASSED in 0.3s
2026-10-07T17:04:53.3325279Z //score/mw/com/gateway/transport_layer/qemu/ivshmem:ivshmem_bar_discovery_test PASSED in 0.2s
2026-10-07T17:04:53.3326995Z //score/mw/com/gateway/transport_layer/qemu/ivshmem:ivshmem_typed_memory_provider_test PASSED in 0.2s
2026-10-07T17:04:53.3328599Z //score/mw/com/gateway/transport_layer/sample:message_framer_test        PASSED in 1.0s
2026-10-07T17:04:53.3330134Z //score/mw/com/gateway/transport_layer/sample:pending_request_tracker_test PASSED in 0.3s
2026-10-07T17:04:53.3332083Z //score/mw/com/gateway/transport_layer/sample:sample_hypervisor_transport_test PASSED in 2.1s
2026-10-07T17:04:53.3333719Z //score/mw/com/gateway/transport_layer/sample:unique_socket_test         PASSED in 0.2s
2026-10-07T17:04:53.3335579Z //score/mw/com/gateway/transport_layer/sample/configuration:sample_transport_config_parser_test PASSED in 0.3s
2026-10-07T17:04:53.3337664Z //score/mw/com/gateway/transport_layer/sample/configuration:validate_sample_transport_config_schema PASSED in 0.1s
2026-10-07T17:04:53.3354562Z //score/mw/com/gateway/transport_layer/sample/messages:gateway_messages_test PASSED in 0.9s
2026-10-07T17:04:53.3356244Z //score/mw/com/gateway/transport_layer/sample/messages:message_error_test PASSED in 0.1s
2026-10-07T17:04:53.3357847Z //score/mw/com/gateway/transport_layer/sample/messages:serialization_test PASSED in 1.0s
2026-10-07T17:04:53.3359391Z //score/mw/com/impl:com_error_test                                       PASSED in 0.2s
2026-10-07T17:04:53.3360848Z //score/mw/com/impl:data_type_meta_info_test                             PASSED in 0.1s
2026-10-07T17:04:53.3362636Z //score/mw/com/impl:enable_reference_to_moveable_from_this_test          PASSED in 0.1s
2026-10-07T17:04:53.3364118Z //score/mw/com/impl:enriched_instance_identifier_test                    PASSED in 0.3s
2026-10-07T17:04:53.3365510Z //score/mw/com/impl:error_serializer_test                                PASSED in 0.1s
2026-10-07T17:04:53.3366870Z //score/mw/com/impl:field_tags_store_test                                PASSED in 0.1s
2026-10-07T17:04:53.3368233Z //score/mw/com/impl:field_tags_test                                      PASSED in 0.1s
2026-10-07T17:04:53.3369582Z //score/mw/com/impl:find_service_handle_test                             PASSED in 0.2s
2026-10-07T17:04:53.3370966Z //score/mw/com/impl:flag_owner_test                                      PASSED in 0.1s
2026-10-07T17:04:53.3373143Z //score/mw/com/impl:generic_proxy_event_test                             PASSED in 0.9s
2026-10-07T17:04:53.3374546Z //score/mw/com/impl:generic_proxy_test                                   PASSED in 1.1s
2026-10-07T17:04:53.3375960Z //score/mw/com/impl:generic_skeleton_event_binding_test                  PASSED in 0.4s
2026-10-07T17:04:53.3377390Z //score/mw/com/impl:generic_skeleton_event_test                          PASSED in 1.0s
2026-10-07T17:04:53.3378824Z //score/mw/com/impl:generic_skeleton_test                                PASSED in 0.9s
2026-10-07T17:04:53.3380212Z //score/mw/com/impl:handle_type_test                                     PASSED in 0.4s
2026-10-07T17:04:53.3381868Z //score/mw/com/impl:instance_identifier_test                             PASSED in 0.5s
2026-10-07T17:04:53.3383402Z //score/mw/com/impl:instance_specifier_test                              PASSED in 0.2s
2026-10-07T17:04:53.3385176Z //score/mw/com/impl:method_type_test                                     PASSED in 0.1s
2026-10-07T17:04:53.3386512Z //score/mw/com/impl:proxy_base_test                                      PASSED in 0.8s
2026-10-07T17:04:53.3387881Z //score/mw/com/impl:proxy_binding_test                                   PASSED in 0.4s
2026-10-07T17:04:53.3389176Z //score/mw/com/impl:proxy_event_base_test                                PASSED in 1.0s
2026-10-07T17:04:53.3390535Z //score/mw/com/impl:proxy_event_binding_test                             PASSED in 0.3s
2026-10-07T17:04:53.3392193Z //score/mw/com/impl:proxy_event_test                                     PASSED in 1.1s
2026-10-07T17:04:53.3393562Z //score/mw/com/impl:proxy_field_test                                     PASSED in 0.9s
2026-10-07T17:04:53.3394852Z //score/mw/com/impl:reference_to_moveable_test                           PASSED in 0.1s
2026-10-07T17:04:53.3396157Z //score/mw/com/impl:runtime_test                                         PASSED in 0.7s
2026-10-07T17:04:53.3397436Z //score/mw/com/impl:sample_allocatee_guard_test                          PASSED in 0.2s
2026-10-07T17:04:53.3398783Z //score/mw/com/impl:sample_allocatee_tracker_test                        PASSED in 0.2s
2026-10-07T17:04:53.3400124Z //score/mw/com/impl:sample_reference_tracker_test                        PASSED in 0.7s
2026-10-07T17:04:53.3401828Z //score/mw/com/impl:service_discovery_test                               PASSED in 2.1s
2026-10-07T17:04:53.3403202Z //score/mw/com/impl:service_element_map_view_test                        PASSED in 0.1s
2026-10-07T17:04:53.3404632Z //score/mw/com/impl:service_element_type_test                            PASSED in 0.2s
2026-10-07T17:04:53.3406268Z //score/mw/com/impl:skeleton_base_test                                   PASSED in 1.1s
2026-10-07T17:04:53.3407664Z //score/mw/com/impl:skeleton_binding_test                                PASSED in 0.4s
2026-10-07T17:04:53.3409137Z //score/mw/com/impl:skeleton_event_base_test                             PASSED in 1.0s
2026-10-07T17:04:53.3410550Z //score/mw/com/impl:skeleton_event_binding_test                          PASSED in 0.4s
2026-10-07T17:04:53.3412203Z //score/mw/com/impl:skeleton_event_test                                  PASSED in 1.0s
2026-10-07T17:04:53.3413567Z //score/mw/com/impl:skeleton_field_base_test                             PASSED in 0.9s
2026-10-07T17:04:53.3414894Z //score/mw/com/impl:skeleton_field_test                                  PASSED in 1.0s
2026-10-07T17:04:53.3416159Z //score/mw/com/impl:traits_test                                          PASSED in 0.9s
2026-10-07T17:04:53.3417502Z //score/mw/com/impl:unit_test_runtime_single_exec                        PASSED in 4.0s
2026-10-07T17:04:53.3418777Z //score/mw/com/impl/bindings/lola:application_id_pid_mapping_test        PASSED in 1.7s
2026-10-07T17:04:53.3420184Z //score/mw/com/impl/bindings/lola:consumer_event_data_control_local_view_test PASSED in 0.4s
2026-10-07T17:04:53.3421995Z //score/mw/com/impl/bindings/lola:dynamic_array_bounds_checking_test     PASSED in 0.3s
2026-10-07T17:04:53.3423461Z //score/mw/com/impl/bindings/lola:element_fq_id_test                     PASSED in 0.3s
2026-10-07T17:04:53.3424871Z //score/mw/com/impl/bindings/lola:event_data_control_composite_test      PASSED in 0.5s
2026-10-07T17:04:53.3426292Z //score/mw/com/impl/bindings/lola:event_data_control_test                PASSED in 0.3s
2026-10-07T17:04:53.3427740Z //score/mw/com/impl/bindings/lola:event_data_storage_test                PASSED in 0.2s
2026-10-07T17:04:53.3429168Z //score/mw/com/impl/bindings/lola:event_slot_status_test                 PASSED in 0.1s
2026-10-07T17:04:53.3430644Z //score/mw/com/impl/bindings/lola:event_subscription_control_test        PASSED in 4.1s
2026-10-07T17:04:53.3432414Z //score/mw/com/impl/bindings/lola:linear_search_map_test                 PASSED in 0.2s
2026-10-07T17:04:53.3433979Z //score/mw/com/impl/bindings/lola:partial_restart_path_builder_test      PASSED in 0.3s
2026-10-07T17:04:53.3435913Z //score/mw/com/impl/bindings/lola:provider_event_data_control_local_view_test PASSED in 0.4s
2026-10-07T17:04:53.3437539Z //score/mw/com/impl/bindings/lola:proxy_event_get_new_samples_test       PASSED in 0.9s
2026-10-07T17:04:53.3439131Z //score/mw/com/impl/bindings/lola:proxy_event_subscription_test          PASSED in 0.9s
2026-10-07T17:04:53.3440701Z //score/mw/com/impl/bindings/lola:proxy_event_test                       PASSED in 0.8s
2026-10-07T17:04:53.3443214Z //score/mw/com/impl/bindings/lola:proxy_instance_identifier_test         PASSED in 0.3s
2026-10-07T17:04:53.3444750Z //score/mw/com/impl/bindings/lola:proxy_method_handling_test             PASSED in 1.0s
2026-10-07T17:04:53.3446269Z //score/mw/com/impl/bindings/lola:proxy_method_test                      PASSED in 1.2s
2026-10-07T17:04:53.3447788Z //score/mw/com/impl/bindings/lola:proxy_test                             PASSED in 1.8s
2026-10-07T17:04:53.3449323Z //score/mw/com/impl/bindings/lola:runtime_application_id_test            PASSED in 0.6s
2026-10-07T17:04:53.3450817Z //score/mw/com/impl/bindings/lola:runtime_test                           PASSED in 0.9s
2026-10-07T17:04:53.3452855Z //score/mw/com/impl/bindings/lola:sample_allocatee_ptr_test              PASSED in 0.7s
2026-10-07T17:04:53.3454346Z //score/mw/com/impl/bindings/lola:sample_ptr_test                        PASSED in 0.8s
2026-10-07T17:04:53.3455772Z //score/mw/com/impl/bindings/lola:service_data_control_test              PASSED in 0.3s
2026-10-07T17:04:53.3457131Z //score/mw/com/impl/bindings/lola:service_data_storage_test              PASSED in 0.8s
2026-10-07T17:04:53.3458529Z //score/mw/com/impl/bindings/lola:shm_path_builder_test                  PASSED in 0.3s
2026-10-07T17:04:53.3460116Z //score/mw/com/impl/bindings/lola:skeleton_event_test                    PASSED in 1.3s
2026-10-07T17:04:53.3461730Z //score/mw/com/impl/bindings/lola:skeleton_event_tracing_test            PASSED in 0.7s
2026-10-07T17:04:53.3463208Z //score/mw/com/impl/bindings/lola:skeleton_instance_identifier_test      PASSED in 0.4s
2026-10-07T17:04:53.3464764Z //score/mw/com/impl/bindings/lola:skeleton_method_handling_test          PASSED in 1.0s
2026-10-07T17:04:53.3466098Z //score/mw/com/impl/bindings/lola:skeleton_method_test                   PASSED in 0.7s
2026-10-07T17:04:53.3467461Z //score/mw/com/impl/bindings/lola:skeleton_test                          PASSED in 1.3s
2026-10-07T17:04:53.3468810Z //score/mw/com/impl/bindings/lola:slot_collector_test                    PASSED in 0.6s
2026-10-07T17:04:53.3470122Z //score/mw/com/impl/bindings/lola:slot_decrementer_test                  PASSED in 0.3s
2026-10-07T17:04:53.3471749Z //score/mw/com/impl/bindings/lola:subscription_helpers_test              PASSED in 0.6s
2026-10-07T17:04:53.3473235Z //score/mw/com/impl/bindings/lola:subscription_state_machine_events_test PASSED in 0.9s
2026-10-07T17:04:53.3474772Z //score/mw/com/impl/bindings/lola:subscription_state_machine_methods_test PASSED in 0.9s
2026-10-07T17:04:53.3476327Z //score/mw/com/impl/bindings/lola:subscription_state_machine_states_test PASSED in 0.4s
2026-10-07T17:04:53.3477863Z //score/mw/com/impl/bindings/lola:subscription_state_machine_stress_test PASSED in 0.8s
2026-10-07T17:04:53.3479372Z //score/mw/com/impl/bindings/lola:transaction_log_local_view_test        PASSED in 0.9s
2026-10-07T17:04:53.3480903Z //score/mw/com/impl/bindings/lola:transaction_log_registration_guard_test PASSED in 0.9s
2026-10-07T17:04:53.3483077Z //score/mw/com/impl/bindings/lola:transaction_log_rollback_executor_test PASSED in 0.9s
2026-10-07T17:04:53.3484614Z //score/mw/com/impl/bindings/lola:transaction_log_set_test               PASSED in 0.9s
2026-10-07T17:04:53.3486150Z //score/mw/com/impl/bindings/lola:transaction_log_slot_test              PASSED in 0.1s
2026-10-07T17:04:53.3487648Z //score/mw/com/impl/bindings/lola:type_erased_sample_ptrs_guard_test     PASSED in 0.6s
2026-10-07T17:04:53.3489263Z //score/mw/com/impl/bindings/lola/messaging:message_passing_client_cache_test PASSED in 15.9s
2026-10-07T17:04:53.3491566Z //score/mw/com/impl/bindings/lola/messaging:message_passing_service_instance_methods_test PASSED in 0.6s
2026-10-07T17:04:53.3493346Z //score/mw/com/impl/bindings/lola/messaging:message_passing_service_instance_test PASSED in 22.7s
2026-10-07T17:04:53.3494958Z //score/mw/com/impl/bindings/lola/messaging:message_passing_service_test PASSED in 0.5s
2026-10-07T17:04:53.3496545Z //score/mw/com/impl/bindings/lola/messaging:method_call_registration_guard_test PASSED in 0.3s
2026-10-07T17:04:53.3498289Z //score/mw/com/impl/bindings/lola/messaging:method_subscription_registration_guard_test PASSED in 0.3s
2026-10-07T17:04:53.3499892Z //score/mw/com/impl/bindings/lola/messaging:mw_log_logger_test           PASSED in 0.2s
2026-10-07T17:04:53.3501672Z //score/mw/com/impl/bindings/lola/messaging:node_identifier_copier_test  PASSED in 0.4s
2026-10-07T17:04:53.3503255Z //score/mw/com/impl/bindings/lola/messaging:thread_abstraction_test      PASSED in 0.1s
2026-10-07T17:04:53.3504804Z //score/mw/com/impl/bindings/lola/methods:method_data_test               PASSED in 0.4s
2026-10-07T17:04:53.3506234Z //score/mw/com/impl/bindings/lola/methods:method_error_test              PASSED in 0.1s
2026-10-07T17:04:53.3507679Z //score/mw/com/impl/bindings/lola/methods:method_resource_map_test       PASSED in 0.3s
2026-10-07T17:04:53.3509228Z //score/mw/com/impl/bindings/lola/methods:offered_state_machine_test     PASSED in 0.1s
2026-10-07T17:04:53.3510731Z //score/mw/com/impl/bindings/lola/methods:proxy_method_instance_identifier_test PASSED in 0.3s
2026-10-07T17:04:53.3512684Z //score/mw/com/impl/bindings/lola/methods:type_erased_call_queue_test    PASSED in 0.2s
2026-10-07T17:04:53.3514334Z //score/mw/com/impl/bindings/lola/methods:unique_method_identifier_test  PASSED in 0.2s
2026-10-07T17:04:53.3515862Z //score/mw/com/impl/bindings/lola/service_discovery:flag_file_crawler_test PASSED in 0.8s
2026-10-07T17:04:53.3517336Z //score/mw/com/impl/bindings/lola/service_discovery:flag_file_test       PASSED in 1.0s
2026-10-07T17:04:53.3518947Z //score/mw/com/impl/bindings/lola/service_discovery:known_instances_container_test PASSED in 0.3s
2026-10-07T17:04:53.3520679Z //score/mw/com/impl/bindings/lola/service_discovery:lola_service_instance_identifier_test PASSED in 0.3s
2026-10-07T17:04:53.3522725Z //score/mw/com/impl/bindings/lola/service_discovery/client:service_discovery_client_test PASSED in 2.0s
2026-10-07T17:04:53.3524295Z //score/mw/com/impl/bindings/lola/test:proxy_component_test              PASSED in 1.3s
2026-10-07T17:04:53.3525703Z //score/mw/com/impl/bindings/lola/test:skeleton_component_test           PASSED in 0.5s
2026-10-07T17:04:53.3527176Z //score/mw/com/impl/bindings/lola/test:skeleton_event_component_test     PASSED in 0.4s
2026-10-07T17:04:53.3528649Z //score/mw/com/impl/bindings/lola/tracing:tracing_runtime_test           PASSED in 0.9s
2026-10-07T17:04:53.3530092Z //score/mw/com/impl/bindings/someip/test:event_data_storage_test         PASSED in 0.1s
2026-10-07T17:04:53.3531755Z //score/mw/com/impl/bindings/someip/test:skeleton_event_test             PASSED in 0.4s
2026-10-07T17:04:53.3533006Z //score/mw/com/impl/bindings/someip/test:slot_allocation_control_test    PASSED in 0.1s
2026-10-07T17:04:53.3534325Z //score/mw/com/impl/configuration:config_parser_methods_test             PASSED in 0.3s
2026-10-07T17:04:53.3535757Z //score/mw/com/impl/configuration:config_parser_test                     PASSED in 0.3s
2026-10-07T17:04:53.3537169Z //score/mw/com/impl/configuration:config_validate_test                   PASSED in 0.3s
2026-10-07T17:04:53.3538598Z //score/mw/com/impl/configuration:configuration_common_resources_test    PASSED in 0.3s
2026-10-07T17:04:53.3540045Z //score/mw/com/impl/configuration:configuration_error_test               PASSED in 0.1s
2026-10-07T17:04:53.3541907Z //score/mw/com/impl/configuration:configuration_json_parsing_strategy_test PASSED in 0.5s
2026-10-07T17:04:53.3543384Z //score/mw/com/impl/configuration:configuration_test                     PASSED in 0.4s
2026-10-07T17:04:53.3545112Z //score/mw/com/impl/configuration:global_configuration_test              PASSED in 0.3s
2026-10-07T17:04:53.3546567Z //score/mw/com/impl/configuration:lola_event_instance_deployment_test    PASSED in 0.4s
2026-10-07T17:04:53.3548015Z //score/mw/com/impl/configuration:lola_field_instance_deployment_test    PASSED in 0.4s
2026-10-07T17:04:53.3549463Z //score/mw/com/impl/configuration:lola_method_instance_deployment_test   PASSED in 0.2s
2026-10-07T17:04:53.3550907Z //score/mw/com/impl/configuration:lola_service_instance_deployment_test  PASSED in 0.4s
2026-10-07T17:04:53.3552594Z //score/mw/com/impl/configuration:lola_service_instance_id_test          PASSED in 0.3s
2026-10-07T17:04:53.3554083Z //score/mw/com/impl/configuration:lola_service_type_deployment_test      PASSED in 0.3s
2026-10-07T17:04:53.3555555Z //score/mw/com/impl/configuration:quality_type_test                      PASSED in 0.2s
2026-10-07T17:04:53.3556986Z //score/mw/com/impl/configuration:schema_drift_test                      PASSED in 0.2s
2026-10-07T17:04:53.3558449Z //score/mw/com/impl/configuration:service_identifier_type_test           PASSED in 0.3s
2026-10-07T17:04:53.3559920Z //score/mw/com/impl/configuration:service_instance_deployment_test       PASSED in 0.5s
2026-10-07T17:04:53.3561670Z //score/mw/com/impl/configuration:service_instance_id_test               PASSED in 0.4s
2026-10-07T17:04:53.3563152Z //score/mw/com/impl/configuration:service_type_deployment_test           PASSED in 0.3s
2026-10-07T17:04:53.3564622Z //score/mw/com/impl/configuration:service_version_type_test              PASSED in 0.3s
2026-10-07T17:04:53.3566071Z //score/mw/com/impl/configuration:shm_size_calc_mode_test                PASSED in 0.1s
2026-10-07T17:04:53.3567775Z //score/mw/com/impl/configuration:someip_service_instance_deployment_test PASSED in 0.2s
2026-10-07T17:04:53.3569288Z //score/mw/com/impl/configuration:tracing_configuration_test             PASSED in 0.2s
2026-10-07T17:04:53.3570754Z //score/mw/com/impl/configuration:validate_mw_com_config_schema          PASSED in 0.1s
2026-10-07T17:04:53.3572628Z //score/mw/com/impl/configuration/test:invalid_json_incomplete_binding   PASSED in 0.1s
2026-10-07T17:04:53.3574090Z //score/mw/com/impl/configuration/test:invalid_json_incomplete_event     PASSED in 0.1s
2026-10-07T17:04:53.3575535Z //score/mw/com/impl/configuration/test:invalid_json_incomplete_field     PASSED in 0.1s
2026-10-07T17:04:53.3577001Z //score/mw/com/impl/configuration/test:invalid_json_incomplete_instance  PASSED in 0.1s
2026-10-07T17:04:53.3578584Z //score/mw/com/impl/configuration/test:invalid_json_incomplete_instance_event PASSED in 0.1s
2026-10-07T17:04:53.3580198Z //score/mw/com/impl/configuration/test:invalid_json_incomplete_instance_field PASSED in 0.1s
2026-10-07T17:04:53.3582058Z //score/mw/com/impl/configuration/test:invalid_json_incomplete_service_instance PASSED in 0.1s
2026-10-07T17:04:53.3583659Z //score/mw/com/impl/configuration/test:invalid_json_incomplete_service_type PASSED in 0.1s
2026-10-07T17:04:53.3585288Z //score/mw/com/impl/configuration/test:invalid_json_unknown_permission_check_value PASSED in 0.1s
2026-10-07T17:04:53.3586837Z //score/mw/com/impl/configuration/test:invalid_json_wrong_consumer_name  PASSED in 0.1s
2026-10-07T17:04:53.3588322Z //score/mw/com/impl/configuration/test:invalid_json_wrong_provider_name  PASSED in 0.1s
2026-10-07T17:04:53.3589771Z //score/mw/com/impl/methods:callable_traits_test                         PASSED in 0.2s
2026-10-07T17:04:53.3591198Z //score/mw/com/impl/methods:method_signature_element_ptr_test            PASSED in 0.1s
2026-10-07T17:04:53.3592853Z //score/mw/com/impl/methods:method_traits_checker_test                   PASSED in 0.2s
2026-10-07T17:04:53.3594341Z //score/mw/com/impl/methods:proxy_method_test                            PASSED in 0.8s
2026-10-07T17:04:53.3595744Z //score/mw/com/impl/methods:skeleton_method_base_test                    PASSED in 0.7s
2026-10-07T17:04:53.3597142Z //score/mw/com/impl/methods:skeleton_method_test                         PASSED in 0.9s
2026-10-07T17:04:53.3598864Z //score/mw/com/impl/mocking:proxy_event_mock_test                        PASSED in 0.8s
2026-10-07T17:04:53.3600272Z //score/mw/com/impl/mocking:proxy_wrapper_class_test_view_test           PASSED in 1.0s
2026-10-07T17:04:53.3602121Z //score/mw/com/impl/mocking:skeleton_base_mock_test                      PASSED in 0.7s
2026-10-07T17:04:53.3603532Z //score/mw/com/impl/mocking:skeleton_event_mock_test                     PASSED in 0.6s
2026-10-07T17:04:53.3604925Z //score/mw/com/impl/mocking:skeleton_field_mock_test                     PASSED in 1.1s
2026-10-07T17:04:53.3606334Z //score/mw/com/impl/mocking:skeleton_wrapper_class_test_view_test        PASSED in 1.1s
2026-10-07T17:04:53.3607743Z //score/mw/com/impl/mocking:test_type_utilities_test                     PASSED in 0.3s
2026-10-07T17:04:53.3609201Z //score/mw/com/impl/plumbing:binding_factory_error_test                  PASSED in 0.1s
2026-10-07T17:04:53.3610625Z //score/mw/com/impl/plumbing:binding_runtime_factory_test                PASSED in 1.1s
2026-10-07T17:04:53.3612327Z //score/mw/com/impl/plumbing:proxy_event_binding_factory_test            PASSED in 0.7s
2026-10-07T17:04:53.3613804Z //score/mw/com/impl/plumbing:proxy_event_field_binding_factory_test      PASSED in 1.0s
2026-10-07T17:04:53.3615239Z //score/mw/com/impl/plumbing:proxy_field_binding_factory_test            PASSED in 0.8s
2026-10-07T17:04:53.3616646Z //score/mw/com/impl/plumbing:proxy_method_binding_factory_test           PASSED in 1.9s
2026-10-07T17:04:53.3618096Z //score/mw/com/impl/plumbing:skeleton_event_binding_factory_test         PASSED in 1.0s
2026-10-07T17:04:53.3619537Z //score/mw/com/impl/plumbing:skeleton_field_binding_factory_test         PASSED in 1.0s
2026-10-07T17:04:53.3621172Z //score/mw/com/impl/plumbing:skeleton_method_binding_factory_test        PASSED in 0.9s
2026-10-07T17:04:53.3622969Z //score/mw/com/impl/plumbing:skeleton_service_element_binding_factory_test PASSED in 1.2s
2026-10-07T17:04:53.3624412Z //score/mw/com/impl/plumbing:unit_test                                   PASSED in 1.2s
2026-10-07T17:04:53.3625797Z //score/mw/com/impl/plumbing/rust:sample_allocatee_ptr_test_rs           PASSED in 0.5s
2026-10-07T17:04:53.3627225Z //score/mw/com/impl/plumbing/rust:sample_ptr_test_rs                     PASSED in 0.5s
2026-10-07T17:04:53.3628808Z //score/mw/com/impl/rust/com-api/com-api-runtime-lola:com-api-runtime-lola-doc-tests PASSED in 0.4s
2026-10-07T17:04:53.3630473Z //score/mw/com/impl/rust/com-api/com-api-runtime-lola:com-api-runtime-lola-tests PASSED in 1.0s
2026-10-07T17:04:53.3632450Z //score/mw/com/impl/test/methods/semi_dynamic_methods:runtime_sized_array_test PASSED in 0.1s
2026-10-07T17:04:53.3633955Z //score/mw/com/impl/test/methods/semi_dynamic_methods:validate_config_schema PASSED in 0.1s
2026-10-07T17:04:53.3635354Z //score/mw/com/impl/tracing:common_event_tracing_test                    PASSED in 0.8s
2026-10-07T17:04:53.3636810Z //score/mw/com/impl/tracing:proxy_event_tracing_data_test                PASSED in 0.2s
2026-10-07T17:04:53.3638262Z //score/mw/com/impl/tracing:proxy_event_tracing_test                     PASSED in 0.9s
2026-10-07T17:04:53.3639715Z //score/mw/com/impl/tracing:service_element_tracing_data_test            PASSED in 0.2s
2026-10-07T17:04:53.3641532Z //score/mw/com/impl/tracing:skeleton_event_tracing_data_test             PASSED in 0.2s
2026-10-07T17:04:53.3643112Z //score/mw/com/impl/tracing:skeleton_event_tracing_test                  PASSED in 1.1s
2026-10-07T17:04:53.3644581Z //score/mw/com/impl/tracing:skeleton_tracing_test                        PASSED in 1.0s
2026-10-07T17:04:53.3646046Z //score/mw/com/impl/tracing:trace_error_test                             PASSED in 0.1s
2026-10-07T17:04:53.3647546Z //score/mw/com/impl/tracing:tracing_runtime_test                         PASSED in 0.8s
2026-10-07T17:04:53.3649116Z //score/mw/com/impl/tracing/configuration:hash_helper_utility_test       PASSED in 0.1s
2026-10-07T17:04:53.3650714Z //score/mw/com/impl/tracing/configuration:proxy_event_trace_point_type_test PASSED in 0.1s
2026-10-07T17:04:53.3652977Z //score/mw/com/impl/tracing/configuration:proxy_field_trace_point_type_test PASSED in 0.1s
2026-10-07T17:04:53.3654542Z //score/mw/com/impl/tracing/configuration:service_element_identifier_test PASSED in 0.3s
2026-10-07T17:04:53.3656170Z //score/mw/com/impl/tracing/configuration:service_element_identifier_view_test PASSED in 0.2s
2026-10-07T17:04:53.3657932Z //score/mw/com/impl/tracing/configuration:service_element_instance_identifier_view_test PASSED in 0.3s
2026-10-07T17:04:53.3659609Z //score/mw/com/impl/tracing/configuration:skeleton_event_trace_point_type_test PASSED in 0.1s
2026-10-07T17:04:53.3661256Z //score/mw/com/impl/tracing/configuration:skeleton_field_trace_point_type_test PASSED in 0.1s
2026-10-07T17:04:53.3663413Z //score/mw/com/impl/tracing/configuration:trace_point_key_test           PASSED in 0.2s
2026-10-07T17:04:53.3664979Z //score/mw/com/impl/tracing/configuration:tracing_filter_config_parser_test PASSED in 0.8s
2026-10-07T17:04:53.3666540Z //score/mw/com/impl/tracing/configuration:tracing_filter_config_test     PASSED in 0.6s
2026-10-07T17:04:53.3668186Z //score/mw/com/impl/tracing/configuration:validate_comtrace_filter_config_schema PASSED in 0.1s
2026-10-07T17:04:53.3669742Z //score/mw/com/impl/tracing/test:proxy_event_tracing_test                PASSED in 0.9s
2026-10-07T17:04:53.3671210Z //score/mw/com/impl/tracing/test:skeleton_event_tracing_test             PASSED in 0.9s
2026-10-07T17:04:53.3672892Z //score/mw/com/impl/tracing/test:skeleton_field_tracing_test             PASSED in 0.9s
2026-10-07T17:04:53.3674284Z //score/mw/com/impl/tracing/test:skeleton_tracing_test                   PASSED in 0.8s
2026-10-07T17:04:53.3675924Z //score/mw/com/impl/util/test:arithmetic_utils_addition_build_error_test PASSED in 0.1s
2026-10-07T17:04:53.3677409Z //score/mw/com/impl/util/test:arithmetic_utils_multiplication_build_error_test PASSED in 0.0s
2026-10-07T17:04:53.3678861Z //score/mw/com/impl/util/test:arithmetic_utils_test                      PASSED in 0.1s
2026-10-07T17:04:53.3680282Z //score/mw/com/impl/util/test:copyable_atomic_test                       PASSED in 0.1s
2026-10-07T17:04:53.3681960Z //score/mw/com/impl/util/test:type_erased_storage_test                   PASSED in 0.2s
2026-10-07T17:04:53.3683340Z //score/mw/com/mocking:runtime_mock_test                                 PASSED in 0.9s
2026-10-07T17:04:53.3684855Z //score/mw/com/performance_benchmarks/macro_benchmark:common_resources_test PASSED in 0.9s
2026-10-07T17:04:53.3686689Z //score/mw/com/performance_benchmarks/macro_benchmark:json_parsing_convenience_wrappers_test PASSED in 0.9s
2026-10-07T17:04:53.3688709Z //score/mw/com/performance_benchmarks/macro_benchmark/config:validate_joined_benchmark_config_schema PASSED in 0.1s
2026-10-07T17:04:53.3690588Z //score/mw/com/performance_benchmarks/macro_benchmark/config:validate_lola_schema PASSED in 0.1s
2026-10-07T17:04:53.3692766Z //score/mw/com/rust/score_com_concept:score_com_concept-macros-unit-tests PASSED in 1.3s
2026-10-07T17:04:53.3694401Z //score/mw/com/rust/score_com_concept:score_com_concept-test             PASSED in 1.2s
2026-10-07T17:04:53.3695909Z //score/mw/com/rust/score_com_macros:score-com-macros-tests              PASSED in 2.3s
2026-10-07T17:04:53.3697382Z //score/mw/com/test/all_service_elements:validate_lola_schema            PASSED in 0.1s
2026-10-07T17:04:53.3698844Z //score/mw/com/test/api:generated_api_test                               PASSED in 0.8s
2026-10-07T17:04:53.3700297Z //score/mw/com/test/api_idempotency:validate_lola_schema                 PASSED in 0.1s
2026-10-07T17:04:53.3702088Z //score/mw/com/test/common_test_resources:command_line_parser_test       PASSED in 0.9s
2026-10-07T17:04:53.3703599Z //score/mw/com/test/fields/field_initial_value:validate_lola_schema      PASSED in 0.1s
2026-10-07T17:04:53.3705165Z //score/mw/com/test/fields/getter_setter_if_available:validate_lola_schema PASSED in 0.1s
2026-10-07T17:04:53.3706845Z //score/mw/com/test/fields/mixed_criticality:validate_config_schema_asil_b_to_asil_b PASSED in 0.1s
2026-10-07T17:04:53.3708824Z //score/mw/com/test/fields/mixed_criticality:validate_config_schema_asil_b_to_qm PASSED in 0.1s
2026-10-07T17:04:53.3710537Z //score/mw/com/test/fields/mixed_criticality:validate_config_schema_qm_to_qm PASSED in 0.1s
2026-10-07T17:04:53.3712553Z //score/mw/com/test/fields/set_and_get_and_notifier:validate_lola_schema PASSED in 0.1s
2026-10-07T17:04:53.3714075Z //score/mw/com/test/find_any_semantics:validate_lola_client_schema       PASSED in 0.1s
2026-10-07T17:04:53.3715571Z //score/mw/com/test/find_any_semantics:validate_lola_service_schema      PASSED in 0.1s
2026-10-07T17:04:53.3717102Z //score/mw/com/test/methods/basic_acceptance_test:validate_config_schema PASSED in 0.1s
2026-10-07T17:04:53.3718776Z //score/mw/com/test/methods/mixed_criticality:validate_config_schema_asil_b_to_asil_b PASSED in 0.1s
2026-10-07T17:04:53.3720473Z //score/mw/com/test/methods/mixed_criticality:validate_config_schema_asil_b_to_qm PASSED in 0.1s
2026-10-07T17:04:53.3722447Z //score/mw/com/test/methods/mixed_criticality:validate_config_schema_qm_to_qm PASSED in 0.1s
2026-10-07T17:04:53.3724002Z //score/mw/com/test/methods/non_trivial_constructors:validate_config_schema PASSED in 0.1s
2026-10-07T17:04:53.3725564Z //score/mw/com/test/methods/stop_offer_during_call:validate_mw_com_config_schema PASSED in 0.1s
2026-10-07T17:04:53.3727042Z //score/mw/com/test/move_semantics/proxy_method:validate_config_schema   PASSED in 0.1s
2026-10-07T17:04:53.3728536Z //score/mw/com/test/move_semantics/skeleton_event:validate_config_schema PASSED in 0.1s
2026-10-07T17:04:53.3730048Z //score/mw/com/test/move_semantics/skeleton_method:validate_config_schema PASSED in 0.1s
2026-10-07T17:04:53.3732500Z //score/mw/com/test/partial_restart/checks_number_of_allocations:validate_mw_com_config_schema PASSED in 0.1s
2026-10-07T17:04:53.3734306Z //score/mw/com/test/partial_restart/consumer_restart:validate_mw_com_config_schema PASSED in 0.1s
2026-10-07T17:04:53.3735983Z //score/mw/com/test/partial_restart/provider_restart:validate_mw_com_config_schema PASSED in 0.1s
2026-10-07T17:04:53.3737841Z //score/mw/com/test/partial_restart/provider_restart_max_subscribers:validate_mw_com_config_schema PASSED in 0.1s
2026-10-07T17:04:53.3740032Z //score/mw/com/test/partial_restart/proxy_restart_shall_not_affect_other_proxies:validate_mw_com_config_schema_consumer_1 PASSED in 0.1s
2026-10-07T17:04:53.3742605Z //score/mw/com/test/partial_restart/proxy_restart_shall_not_affect_other_proxies:validate_mw_com_config_schema_consumer_2 PASSED in 0.1s
2026-10-07T17:04:53.3744701Z //score/mw/com/test/partial_restart/proxy_restart_shall_not_affect_other_proxies:validate_mw_com_config_schema_provider PASSED in 0.1s
2026-10-07T17:04:53.3746574Z //score/mw/com/test/service_discovery_during_consumer_crash:validate_mw_com_config_schema PASSED in 0.1s
2026-10-07T17:04:53.3748324Z //score/mw/com/test/service_discovery_during_provider_crash:validate_mw_com_config_schema PASSED in 0.1s
2026-10-07T17:04:53.3749962Z //score/mw/com/test/service_discovery_offer_and_search:validate_lola_client_schema PASSED in 0.1s
2026-10-07T17:04:53.3751811Z //score/mw/com/test/service_discovery_offer_and_search:validate_lola_service_schema PASSED in 0.1s
2026-10-07T17:04:53.3753296Z //score/mw/com/test/service_discovery_search_and_offer:validate_lola_schema PASSED in 0.1s
2026-10-07T17:04:53.3754757Z //score/mw/com/test/smokeyeyes:validate_lola_schema                      PASSED in 0.1s
2026-10-07T17:04:53.3756172Z //score/mw/service:multi_instance_holder_test                            PASSED in 0.4s
2026-10-07T17:04:53.3757593Z //score/mw/service:provided_services_container_test                      PASSED in 0.1s
2026-10-07T17:04:53.3759068Z //score/mw/service:proxy_container_test                                  PASSED in 0.2s
2026-10-07T17:04:53.3760248Z //score/mw/service:proxy_future_test                                     PASSED in 0.2s
2026-10-07T17:04:53.3761662Z //score/mw/service:proxy_needs_factory_test                              PASSED in 0.2s
2026-10-07T17:04:53.3763309Z //score/mw/service:proxy_needs_test                                      PASSED in 0.5s
2026-10-07T17:04:53.3764681Z //score/mw/service:single_instance_holder_test                           PASSED in 0.1s
2026-10-07T17:04:53.3766161Z //score/mw/service/backend/common:port_identifier_checking_test          PASSED in 0.1s
2026-10-07T17:04:53.3767604Z //score/mw/service/backend/common/test:instantiation_strategy_base_test  PASSED in 0.1s
2026-10-07T17:04:53.3769166Z //score/mw/service/backend/common/test:multiple_immediate_instantiation_strategy_test PASSED in 0.2s
2026-10-07T17:04:53.3770891Z //score/mw/service/backend/common/test:single_immediate_instantiation_strategy_test PASSED in 0.2s
2026-10-07T17:04:53.3772935Z //score/mw/service/backend/mw_com:multiple_instantiation_strategy_test   PASSED in 0.8s
2026-10-07T17:04:53.3774468Z //score/mw/service/backend/mw_com:proxy_holder_robustness_test           PASSED in 0.8s
2026-10-07T17:04:53.3775982Z //score/mw/service/backend/mw_com:proxy_holder_test                      PASSED in 1.0s
2026-10-07T17:04:53.3777511Z //score/mw/service/backend/mw_com:single_instantiation_strategy_test     PASSED in 1.0s
2026-10-07T17:04:53.3778994Z //score/mw/service/details:proxy_builder_test                            PASSED in 0.7s
2026-10-07T17:04:53.3780467Z //score/mw/service/details:proxy_spec_traits_test                        PASSED in 0.1s
2026-10-07T17:04:53.3782539Z //score/mw/service/utils/shared_optional_proxy_holder:shared_optional_proxy_holder_test PASSED in 0.2s
2026-10-07T17:04:53.3784179Z //third_party/codeql:pip_requirements.test                               PASSED in 4.6s
2026-10-07T17:04:53.3785937Z //third_party/score_baselibs:bitmanipulation                             PASSED in 0.2s
2026-10-07T17:04:53.3787523Z //third_party/score_baselibs:bitmanipulation_component                   PASSED in 0.3s
2026-10-07T17:04:53.3789030Z //third_party/score_baselibs:containers                                  PASSED in 0.2s
2026-10-07T17:04:53.3790525Z //third_party/score_baselibs:containers_component                        PASSED in 0.2s
2026-10-07T17:04:53.3792272Z //third_party/score_baselibs:futurecpp                                   PASSED in 0.2s
2026-10-07T17:04:53.3793725Z //third_party/score_baselibs:futurecpp_component                         PASSED in 0.2s
2026-10-07T17:04:53.3795116Z //third_party/score_baselibs:os                                          PASSED in 0.1s
2026-10-07T17:04:53.3796482Z //third_party/score_baselibs:os_component                                PASSED in 0.3s
2026-10-07T17:04:53.3797952Z //third_party/score_requirement_model:requirement_metamodel_test         PASSED in 0.3s
2026-10-07T17:04:53.3799442Z //tools/review-checklists:requirements.test                              PASSED in 9.9s
2026-10-07T17:04:53.3800952Z //tools/review-checklists/scripts:check_acknowledgements_test            PASSED in 2.8s
2026-10-07T17:04:53.3802766Z //tools/review-checklists/scripts:dismiss_and_invalidate_test            PASSED in 2.5s
2026-10-07T17:04:53.3804289Z //tools/review-checklists/scripts:helpers_test                           PASSED in 5.1s
2026-10-07T17:04:53.3805797Z //tools/review-checklists/scripts:post_checklists_test                   PASSED in 2.6s
2026-10-07T17:04:53.3806416Z 
2026-10-07T17:04:53.3807066Z Executed 404 out of 514 tests: 404 tests pass and 110 were skipped.
2026-10-07T17:04:53.3808911Z There were tests whose specified size is too big. Use the --test_verbose_timeout_warnings command line option to see which ones these are.
2026-10-07T17:04:53.4292574Z Post job cleanup.
2026-10-07T17:04:53.4297193Z ##[start-action display=Register post cache save hook and restore caches;id=__0cb0cbae-7e32-4375-96fa-04918ae57387.__self]
2026-10-07T17:04:53.4329178Z Post job cleanup.
2026-10-07T17:04:53.7020193Z Cache mode 'read-only' — skipping save.
2026-10-07T17:04:53.7136175Z ##[end-action id=__0cb0cbae-7e32-4375-96fa-04918ae57387.__self;outcome=success;conclusion=success;duration_ms=283]
2026-10-07T17:04:53.7140220Z ##[start-action display=Install Bazelisk;id=__0cb0cbae-7e32-4375-96fa-04918ae57387.__bazel-contrib_setup-bazel]
2026-10-07T17:04:53.7208455Z Post job cleanup.
2026-10-07T17:04:53.9025700Z Cache saving is disabled (cache-save: false)
2026-10-07T17:04:53.9133639Z ##[end-action id=__0cb0cbae-7e32-4375-96fa-04918ae57387.__bazel-contrib_setup-bazel;outcome=success;conclusion=success;duration_ms=199]
2026-10-07T17:04:53.9163704Z ##[start-action display=Free Disk Space (Ubuntu);id=__0cb0cbae-7e32-4375-96fa-04918ae57387.__eclipse-score_more-disk-space]
2026-10-07T17:04:53.9204608Z Post job cleanup.
2026-10-07T17:04:53.9478532Z 
2026-10-07T17:04:53.9482271Z 📊 Final disk space report
2026-10-07T17:04:53.9482936Z ==========================
2026-10-07T17:04:53.9529046Z Space before action:   86 GiB
2026-10-07T17:04:53.9529726Z Space freed by action: 29 GiB
2026-10-07T17:04:53.9530368Z Space used by build:   33 GiB
2026-10-07T17:04:53.9530976Z Available now:         82 GiB
2026-10-07T17:04:53.9531684Z 
2026-10-07T17:04:53.9532372Z ✅ Good buffer remaining (82 GiB).
2026-10-07T17:04:53.9589623Z ##[end-action id=__0cb0cbae-7e32-4375-96fa-04918ae57387.__eclipse-score_more-disk-space;outcome=success;conclusion=success;duration_ms=42]
2026-10-07T17:04:53.9664858Z Post job cleanup.
2026-10-07T17:04:54.0586558Z [command]/usr/bin/git version
2026-10-07T17:04:54.0633110Z git version 2.55.0
2026-10-07T17:04:54.0680835Z Temporarily overriding HOME='/home/runner/work/_temp/e2a65af0-adc1-424f-a90a-054f9ce2392f' before making global git config changes
2026-10-07T17:04:54.0682914Z Adding repository directory to the temporary git global config as a safe directory
2026-10-07T17:04:54.0688496Z [command]/usr/bin/git config --global --add safe.directory /home/runner/work/communication/communication
2026-10-07T17:04:54.0728654Z Removing SSH command configuration
2026-10-07T17:04:54.0738525Z [command]/usr/bin/git config --local --name-only --get-regexp core\.sshCommand
2026-10-07T17:04:54.0788317Z [command]/usr/bin/git submodule foreach --recursive sh -c "git config --local --name-only --get-regexp 'core\.sshCommand' && git config --local --unset-all 'core.sshCommand' || :"
2026-10-07T17:04:54.1091582Z Removing HTTP extra header
2026-10-07T17:04:54.1096010Z [command]/usr/bin/git config --local --name-only --get-regexp http\.https\:\/\/github\.com\/\.extraheader
2026-10-07T17:04:54.1134787Z [command]/usr/bin/git submodule foreach --recursive sh -c "git config --local --name-only --get-regexp 'http\.https\:\/\/github\.com\/\.extraheader' && git config --local --unset-all 'http.https://github.com/.extraheader' || :"
2026-10-07T17:04:54.1406974Z Removing includeIf entries pointing to credentials config files
2026-10-07T17:04:54.1414597Z [command]/usr/bin/git config --local --name-only --get-regexp ^includeIf\.gitdir:
2026-10-07T17:04:54.1450096Z includeif.gitdir:/home/runner/work/communication/communication/.git.path
2026-10-07T17:04:54.1451936Z includeif.gitdir:/home/runner/work/communication/communication/.git/worktrees/*.path
2026-10-07T17:04:54.1453307Z includeif.gitdir:/github/workspace/.git.path
2026-10-07T17:04:54.1454487Z includeif.gitdir:/github/workspace/.git/worktrees/*.path
2026-10-07T17:04:54.1463372Z [command]/usr/bin/git config --local --get-all includeif.gitdir:/home/runner/work/communication/communication/.git.path
2026-10-07T17:04:54.1489612Z /home/runner/work/_temp/git-credentials-066613dc-2cd9-427d-9bc5-86c2718f7383.config
2026-10-07T17:04:54.1511107Z [command]/usr/bin/git config --local --unset includeif.gitdir:/home/runner/work/communication/communication/.git.path /home/runner/work/_temp/git-credentials-066613dc-2cd9-427d-9bc5-86c2718f7383.config
2026-10-07T17:04:54.1546878Z [command]/usr/bin/git config --local --get-all includeif.gitdir:/home/runner/work/communication/communication/.git/worktrees/*.path
2026-10-07T17:04:54.1582853Z /home/runner/work/_temp/git-credentials-066613dc-2cd9-427d-9bc5-86c2718f7383.config
2026-10-07T17:04:54.1586707Z [command]/usr/bin/git config --local --unset includeif.gitdir:/home/runner/work/communication/communication/.git/worktrees/*.path /home/runner/work/_temp/git-credentials-066613dc-2cd9-427d-9bc5-86c2718f7383.config
2026-10-07T17:04:54.1627790Z [command]/usr/bin/git config --local --get-all includeif.gitdir:/github/workspace/.git.path
2026-10-07T17:04:54.1663162Z /github/runner_temp/git-credentials-066613dc-2cd9-427d-9bc5-86c2718f7383.config
2026-10-07T17:04:54.1672813Z [command]/usr/bin/git config --local --unset includeif.gitdir:/github/workspace/.git.path /github/runner_temp/git-credentials-066613dc-2cd9-427d-9bc5-86c2718f7383.config
2026-10-07T17:04:54.1724928Z [command]/usr/bin/git config --local --get-all includeif.gitdir:/github/workspace/.git/worktrees/*.path
2026-10-07T17:04:54.1752152Z /github/runner_temp/git-credentials-066613dc-2cd9-427d-9bc5-86c2718f7383.config
2026-10-07T17:04:54.1775506Z [command]/usr/bin/git config --local --unset includeif.gitdir:/github/workspace/.git/worktrees/*.path /github/runner_temp/git-credentials-066613dc-2cd9-427d-9bc5-86c2718f7383.config
2026-10-07T17:04:54.1823013Z [command]/usr/bin/git submodule foreach --recursive git config --local --show-origin --name-only --get-regexp remote.origin.url
2026-10-07T17:04:54.2076559Z Removing credentials config '/home/runner/work/_temp/git-credentials-066613dc-2cd9-427d-9bc5-86c2718f7383.config'
2026-10-07T17:04:54.2267854Z Cleaning up orphan processes
2026-10-07T17:04:54.2697541Z Terminate orphan process: pid (2403) (java.lang=ALL-UNNAMED)
