$TEST_TMPDIR defined, some defaults will be overridden
Extracting Bazel installation...
OpenJDK 64-Bit Server VM warning: Options -Xverify:none and -noverify were deprecated in JDK 13 and will likely be removed in a future release.
WARNING: The following configs were expanded more than once: [linux_x64_gcc_15]. For repeatable flags, repeats are counted twice and may lead to unexpected behavior.
Computing main repo mapping: 
Computing main repo mapping: 
Computing main repo mapping: 
Computing main repo mapping: 
Computing main repo mapping: 
Computing main repo mapping: 
Computing main repo mapping: 
Computing main repo mapping: 
Computing main repo mapping: 
Computing main repo mapping: 
Computing main repo mapping: 
Computing main repo mapping: 
Computing main repo mapping: 
Computing main repo mapping: 
Computing main repo mapping: 
Computing main repo mapping: 
Computing main repo mapping: 
Computing main repo mapping: 
Computing main repo mapping: 
Computing main repo mapping: 
Computing main repo mapping: 
Computing main repo mapping: 
Computing main repo mapping: 
Computing main repo mapping: 
Computing main repo mapping: 
WARNING: The following configs were expanded more than once: [linux_x64_gcc_15]. For repeatable flags, repeats are counted twice and may lead to unexpected behavior.
Computing main repo mapping: 
Computing main repo mapping: 
Computing main repo mapping: 
Computing main repo mapping: 
Computing main repo mapping: 
Computing main repo mapping: 
Computing main repo mapping: 
Computing main repo mapping: 
Computing main repo mapping: 
Computing main repo mapping: 
Computing main repo mapping: 
Computing main repo mapping: 
Computing main repo mapping: 
Computing main repo mapping: 
Computing main repo mapping: 
Computing main repo mapping: 
Computing main repo mapping: 
Computing main repo mapping: 
Computing main repo mapping: 
Computing main repo mapping: 
Computing main repo mapping: 
Computing main repo mapping: 
Computing main repo mapping: 
Computing main repo mapping: 
Computing main repo mapping: 
Computing main repo mapping: 
Computing main repo mapping: 
Computing main repo mapping: 
Computing main repo mapping: 
Computing main repo mapping: 
Computing main repo mapping: 
Computing main repo mapping: 
Computing main repo mapping: 
Computing main repo mapping: 
Computing main repo mapping: 
Computing main repo mapping: 
Computing main repo mapping: 
Computing main repo mapping: 
Computing main repo mapping: 
Computing main repo mapping: 
Computing main repo mapping: 
Computing main repo mapping: 
Computing main repo mapping: 
Computing main repo mapping: 
Computing main repo mapping: 
Loading: 
Loading: 5 packages loaded
Loading: 5 packages loaded
    currently loading: score/mw/com/rust/score_com_concept
Loading: 5 packages loaded
    currently loading: score/mw/com/rust/score_com_concept
Analyzing: 2 targets (6 packages loaded, 0 targets configured)
Analyzing: 2 targets (6 packages loaded, 0 targets configured)

Analyzing: 2 targets (78 packages loaded, 10 targets configured)

Analyzing: 2 targets (86 packages loaded, 10 targets configured)

Analyzing: 2 targets (91 packages loaded, 10 targets configured)

Analyzing: 2 targets (91 packages loaded, 10 targets configured)

Analyzing: 2 targets (91 packages loaded, 10 targets configured)

Analyzing: 2 targets (92 packages loaded, 10 targets configured)

Analyzing: 2 targets (92 packages loaded, 10 targets configured)

Analyzing: 2 targets (94 packages loaded, 10 targets configured)

Analyzing: 2 targets (95 packages loaded, 10 targets configured)

Analyzing: 2 targets (95 packages loaded, 10 targets configured)

Analyzing: 2 targets (95 packages loaded, 10 targets configured)

Analyzing: 2 targets (95 packages loaded, 10 targets configured)

Analyzing: 2 targets (95 packages loaded, 10 targets configured)

Analyzing: 2 targets (95 packages loaded, 10 targets configured)

Analyzing: 2 targets (95 packages loaded, 10 targets configured)

Analyzing: 2 targets (95 packages loaded, 10 targets configured)

Analyzing: 2 targets (95 packages loaded, 10 targets configured)

Analyzing: 2 targets (95 packages loaded, 10 targets configured)

Analyzing: 2 targets (95 packages loaded, 10 targets configured)

Analyzing: 2 targets (95 packages loaded, 10 targets configured)

Analyzing: 2 targets (95 packages loaded, 10 targets configured)

Analyzing: 2 targets (95 packages loaded, 10 targets configured)

Analyzing: 2 targets (95 packages loaded, 10 targets configured)

Analyzing: 2 targets (95 packages loaded, 10 targets configured)

Analyzing: 2 targets (96 packages loaded, 10 targets configured)

Analyzing: 2 targets (96 packages loaded, 10 targets configured)

Analyzing: 2 targets (96 packages loaded, 10 targets configured)

Analyzing: 2 targets (96 packages loaded, 10 targets configured)

Analyzing: 2 targets (96 packages loaded, 10 targets configured)

Analyzing: 2 targets (96 packages loaded, 10 targets configured)

Analyzing: 2 targets (96 packages loaded, 10 targets configured)

Analyzing: 2 targets (96 packages loaded, 10 targets configured)

Analyzing: 2 targets (96 packages loaded, 10 targets configured)

Analyzing: 2 targets (96 packages loaded, 10 targets configured)

Analyzing: 2 targets (96 packages loaded, 10 targets configured)

Analyzing: 2 targets (96 packages loaded, 10 targets configured)

Analyzing: 2 targets (96 packages loaded, 10 targets configured)

Analyzing: 2 targets (96 packages loaded, 10 targets configured)

Analyzing: 2 targets (96 packages loaded, 10 targets configured)

Analyzing: 2 targets (96 packages loaded, 10 targets configured)

Analyzing: 2 targets (96 packages loaded, 10 targets configured)

Analyzing: 2 targets (96 packages loaded, 10 targets configured)

Analyzing: 2 targets (96 packages loaded, 10 targets configured)

Analyzing: 2 targets (96 packages loaded, 10 targets configured)

Analyzing: 2 targets (96 packages loaded, 10 targets configured)

Analyzing: 2 targets (96 packages loaded, 10 targets configured)

Analyzing: 2 targets (96 packages loaded, 10 targets configured)

Analyzing: 2 targets (96 packages loaded, 10 targets configured)

Analyzing: 2 targets (96 packages loaded, 10 targets configured)

Analyzing: 2 targets (96 packages loaded, 10 targets configured)

Analyzing: 2 targets (96 packages loaded, 10 targets configured)

Analyzing: 2 targets (96 packages loaded, 10 targets configured)

Analyzing: 2 targets (96 packages loaded, 10 targets configured)

Analyzing: 2 targets (96 packages loaded, 10 targets configured)

Analyzing: 2 targets (96 packages loaded, 10 targets configured)

Analyzing: 2 targets (96 packages loaded, 10 targets configured)

Analyzing: 2 targets (97 packages loaded, 10 targets configured)

Analyzing: 2 targets (97 packages loaded, 10 targets configured)

Analyzing: 2 targets (97 packages loaded, 10 targets configured)

Analyzing: 2 targets (97 packages loaded, 10 targets configured)

Analyzing: 2 targets (97 packages loaded, 10 targets configured)

Analyzing: 2 targets (97 packages loaded, 10 targets configured)

Analyzing: 2 targets (97 packages loaded, 10 targets configured)

Analyzing: 2 targets (97 packages loaded, 10 targets configured)

Analyzing: 2 targets (97 packages loaded, 10 targets configured)

Analyzing: 2 targets (97 packages loaded, 10 targets configured)

Analyzing: 2 targets (97 packages loaded, 10 targets configured)

Analyzing: 2 targets (97 packages loaded, 10 targets configured)

Analyzing: 2 targets (97 packages loaded, 10 targets configured)

Analyzing: 2 targets (97 packages loaded, 10 targets configured)

Analyzing: 2 targets (97 packages loaded, 10 targets configured)

Analyzing: 2 targets (97 packages loaded, 10 targets configured)

Analyzing: 2 targets (97 packages loaded, 10 targets configured)

Analyzing: 2 targets (97 packages loaded, 10 targets configured)

Analyzing: 2 targets (97 packages loaded, 10 targets configured)

Analyzing: 2 targets (97 packages loaded, 10 targets configured)

Analyzing: 2 targets (97 packages loaded, 10 targets configured)

Analyzing: 2 targets (97 packages loaded, 10 targets configured)

Analyzing: 2 targets (97 packages loaded, 10 targets configured)

Analyzing: 2 targets (97 packages loaded, 10 targets configured)

Analyzing: 2 targets (97 packages loaded, 10 targets configured)

Analyzing: 2 targets (97 packages loaded, 10 targets configured)

Analyzing: 2 targets (97 packages loaded, 10 targets configured)

Analyzing: 2 targets (97 packages loaded, 10 targets configured)

Analyzing: 2 targets (97 packages loaded, 10 targets configured)

Analyzing: 2 targets (97 packages loaded, 10 targets configured)

Analyzing: 2 targets (97 packages loaded, 10 targets configured)

Analyzing: 2 targets (97 packages loaded, 10 targets configured)

Analyzing: 2 targets (97 packages loaded, 10 targets configured)

Analyzing: 2 targets (97 packages loaded, 10 targets configured)

Analyzing: 2 targets (97 packages loaded, 10 targets configured)

Analyzing: 2 targets (97 packages loaded, 10 targets configured)

Analyzing: 2 targets (97 packages loaded, 10 targets configured)

Analyzing: 2 targets (97 packages loaded, 10 targets configured)

Analyzing: 2 targets (97 packages loaded, 10 targets configured)

Analyzing: 2 targets (97 packages loaded, 10 targets configured)

Analyzing: 2 targets (97 packages loaded, 10 targets configured)

Analyzing: 2 targets (97 packages loaded, 10 targets configured)

Analyzing: 2 targets (97 packages loaded, 10 targets configured)

Analyzing: 2 targets (97 packages loaded, 10 targets configured)

Analyzing: 2 targets (97 packages loaded, 10 targets configured)

Analyzing: 2 targets (97 packages loaded, 10 targets configured)

Analyzing: 2 targets (97 packages loaded, 10 targets configured)

Analyzing: 2 targets (97 packages loaded, 10 targets configured)

Analyzing: 2 targets (97 packages loaded, 10 targets configured)

Analyzing: 2 targets (158 packages loaded, 3158 targets configured)

Analyzing: 2 targets (158 packages loaded, 3158 targets configured)

Analyzing: 2 targets (158 packages loaded, 3158 targets configured)

Analyzing: 2 targets (158 packages loaded, 3158 targets configured)

Analyzing: 2 targets (158 packages loaded, 3158 targets configured)

Analyzing: 2 targets (158 packages loaded, 3158 targets configured)

Analyzing: 2 targets (158 packages loaded, 3158 targets configured)

Analyzing: 2 targets (158 packages loaded, 3158 targets configured)

Analyzing: 2 targets (158 packages loaded, 3158 targets configured)

Analyzing: 2 targets (158 packages loaded, 3158 targets configured)

Analyzing: 2 targets (158 packages loaded, 3158 targets configured)

Analyzing: 2 targets (158 packages loaded, 3158 targets configured)

Analyzing: 2 targets (158 packages loaded, 3158 targets configured)

Analyzing: 2 targets (158 packages loaded, 3158 targets configured)

Analyzing: 2 targets (158 packages loaded, 3158 targets configured)

Analyzing: 2 targets (158 packages loaded, 3158 targets configured)

Analyzing: 2 targets (158 packages loaded, 3158 targets configured)

Analyzing: 2 targets (158 packages loaded, 3158 targets configured)

Analyzing: 2 targets (158 packages loaded, 3158 targets configured)

Analyzing: 2 targets (158 packages loaded, 3158 targets configured)

Analyzing: 2 targets (158 packages loaded, 3158 targets configured)

Analyzing: 2 targets (158 packages loaded, 3158 targets configured)

Analyzing: 2 targets (158 packages loaded, 3158 targets configured)

Analyzing: 2 targets (158 packages loaded, 3158 targets configured)

Analyzing: 2 targets (158 packages loaded, 3158 targets configured)

Analyzing: 2 targets (158 packages loaded, 3158 targets configured)

Analyzing: 2 targets (158 packages loaded, 3158 targets configured)

Analyzing: 2 targets (158 packages loaded, 3158 targets configured)

Analyzing: 2 targets (158 packages loaded, 3158 targets configured)

Analyzing: 2 targets (158 packages loaded, 3158 targets configured)

Analyzing: 2 targets (158 packages loaded, 3158 targets configured)

Analyzing: 2 targets (158 packages loaded, 3158 targets configured)

Analyzing: 2 targets (158 packages loaded, 3158 targets configured)

Analyzing: 2 targets (158 packages loaded, 3158 targets configured)

Analyzing: 2 targets (158 packages loaded, 3158 targets configured)

Analyzing: 2 targets (158 packages loaded, 3158 targets configured)

Analyzing: 2 targets (158 packages loaded, 3158 targets configured)

Analyzing: 2 targets (158 packages loaded, 3158 targets configured)

Analyzing: 2 targets (158 packages loaded, 3158 targets configured)

Analyzing: 2 targets (158 packages loaded, 3158 targets configured)

Analyzing: 2 targets (158 packages loaded, 3158 targets configured)

Analyzing: 2 targets (158 packages loaded, 3158 targets configured)

Analyzing: 2 targets (158 packages loaded, 3158 targets configured)

Analyzing: 2 targets (158 packages loaded, 3158 targets configured)

Analyzing: 2 targets (158 packages loaded, 3158 targets configured)

Analyzing: 2 targets (158 packages loaded, 3158 targets configured)

Analyzing: 2 targets (158 packages loaded, 3158 targets configured)

Analyzing: 2 targets (158 packages loaded, 3158 targets configured)

Analyzing: 2 targets (158 packages loaded, 3158 targets configured)

Analyzing: 2 targets (158 packages loaded, 3158 targets configured)

Analyzing: 2 targets (158 packages loaded, 3158 targets configured)

Analyzing: 2 targets (158 packages loaded, 3158 targets configured)

Analyzing: 2 targets (158 packages loaded, 3158 targets configured)

Analyzing: 2 targets (158 packages loaded, 3158 targets configured)

Analyzing: 2 targets (158 packages loaded, 3158 targets configured)

Analyzing: 2 targets (158 packages loaded, 3158 targets configured)

Analyzing: 2 targets (158 packages loaded, 3158 targets configured)

Analyzing: 2 targets (158 packages loaded, 3158 targets configured)

Analyzing: 2 targets (158 packages loaded, 3158 targets configured)

Analyzing: 2 targets (158 packages loaded, 3158 targets configured)

Analyzing: 2 targets (158 packages loaded, 3158 targets configured)

Analyzing: 2 targets (158 packages loaded, 3158 targets configured)

Analyzing: 2 targets (158 packages loaded, 3158 targets configured)

Analyzing: 2 targets (158 packages loaded, 3158 targets configured)

Analyzing: 2 targets (158 packages loaded, 3158 targets configured)

Analyzing: 2 targets (158 packages loaded, 3158 targets configured)

Analyzing: 2 targets (158 packages loaded, 3158 targets configured)

Analyzing: 2 targets (158 packages loaded, 3158 targets configured)

Analyzing: 2 targets (158 packages loaded, 3158 targets configured)

Analyzing: 2 targets (158 packages loaded, 3158 targets configured)

Analyzing: 2 targets (158 packages loaded, 3158 targets configured)

Analyzing: 2 targets (158 packages loaded, 3158 targets configured)

Analyzing: 2 targets (158 packages loaded, 3158 targets configured)

Analyzing: 2 targets (158 packages loaded, 3158 targets configured)

Analyzing: 2 targets (158 packages loaded, 3158 targets configured)

Analyzing: 2 targets (158 packages loaded, 3158 targets configured)

Analyzing: 2 targets (158 packages loaded, 3158 targets configured)

Analyzing: 2 targets (158 packages loaded, 3158 targets configured)

Analyzing: 2 targets (158 packages loaded, 3158 targets configured)

Analyzing: 2 targets (158 packages loaded, 3158 targets configured)

Analyzing: 2 targets (158 packages loaded, 3158 targets configured)

Analyzing: 2 targets (158 packages loaded, 3158 targets configured)

Analyzing: 2 targets (158 packages loaded, 3158 targets configured)

Analyzing: 2 targets (158 packages loaded, 3158 targets configured)

Analyzing: 2 targets (158 packages loaded, 3158 targets configured)

Analyzing: 2 targets (158 packages loaded, 3158 targets configured)

Analyzing: 2 targets (158 packages loaded, 3158 targets configured)

Analyzing: 2 targets (158 packages loaded, 3158 targets configured)

Analyzing: 2 targets (158 packages loaded, 3158 targets configured)

Analyzing: 2 targets (158 packages loaded, 3158 targets configured)

Analyzing: 2 targets (158 packages loaded, 3158 targets configured)

Analyzing: 2 targets (158 packages loaded, 3158 targets configured)

Analyzing: 2 targets (158 packages loaded, 3158 targets configured)

Analyzing: 2 targets (158 packages loaded, 3158 targets configured)

Analyzing: 2 targets (158 packages loaded, 3158 targets configured)

Analyzing: 2 targets (158 packages loaded, 3158 targets configured)

Analyzing: 2 targets (158 packages loaded, 3158 targets configured)

Analyzing: 2 targets (158 packages loaded, 3158 targets configured)

Analyzing: 2 targets (158 packages loaded, 3158 targets configured)

Analyzing: 2 targets (158 packages loaded, 3158 targets configured)

Analyzing: 2 targets (158 packages loaded, 3158 targets configured)

Analyzing: 2 targets (158 packages loaded, 3158 targets configured)

Analyzing: 2 targets (158 packages loaded, 3158 targets configured)

Analyzing: 2 targets (158 packages loaded, 3158 targets configured)

Analyzing: 2 targets (158 packages loaded, 3158 targets configured)

Analyzing: 2 targets (158 packages loaded, 3158 targets configured)

Analyzing: 2 targets (158 packages loaded, 3158 targets configured)

Analyzing: 2 targets (158 packages loaded, 3158 targets configured)

Analyzing: 2 targets (158 packages loaded, 3158 targets configured)

Analyzing: 2 targets (158 packages loaded, 3158 targets configured)

Analyzing: 2 targets (158 packages loaded, 3158 targets configured)

Analyzing: 2 targets (158 packages loaded, 3158 targets configured)

Analyzing: 2 targets (158 packages loaded, 3158 targets configured)

Analyzing: 2 targets (158 packages loaded, 3158 targets configured)

Analyzing: 2 targets (158 packages loaded, 3158 targets configured)

Analyzing: 2 targets (158 packages loaded, 3158 targets configured)

Analyzing: 2 targets (158 packages loaded, 3158 targets configured)

Analyzing: 2 targets (158 packages loaded, 3158 targets configured)

Analyzing: 2 targets (158 packages loaded, 3158 targets configured)

Analyzing: 2 targets (158 packages loaded, 3158 targets configured)

Analyzing: 2 targets (158 packages loaded, 3158 targets configured)

Analyzing: 2 targets (158 packages loaded, 3158 targets configured)

Analyzing: 2 targets (158 packages loaded, 3158 targets configured)

Analyzing: 2 targets (158 packages loaded, 3158 targets configured)

Analyzing: 2 targets (158 packages loaded, 3158 targets configured)

Analyzing: 2 targets (158 packages loaded, 3158 targets configured)

Analyzing: 2 targets (158 packages loaded, 3158 targets configured)

Analyzing: 2 targets (158 packages loaded, 3158 targets configured)

Analyzing: 2 targets (158 packages loaded, 3158 targets configured)

Analyzing: 2 targets (158 packages loaded, 3158 targets configured)

Analyzing: 2 targets (273 packages loaded, 11047 targets configured)

DEBUG: Rule 'score_baselibs++_repo_rules+acl-deb' indicated that a canonical reproducible form can be obtained by modifying arguments integrity = "sha256-5AjUxw54AQdOpFkYAgilQtVPVjibpIU3BDTy0A6VCYA=" and dropping ["visibility"]
DEBUG: Repository score_baselibs++_repo_rules+acl-deb instantiated at:
  <builtin>: in <toplevel>
Repository rule deb defined at:
  /media/jefferson/11c42dee-73a3-4c2b-ab42-a0440011d9e0/.s-core-build/runs/score-rust-resumed-67y5042v/bazel-output/093b0ef946e3be6e6a9d605ee088882c/external/download_utils+/download/deb/repository.bzl:78:22: in <toplevel>
Analyzing: 2 targets (347 packages loaded, 14304 targets configured)

INFO: Analyzed 2 targets (364 packages loaded, 14942 targets configured).
[10 / 456] checking cached actions
[79 / 1,237] [Prepa] Creating symlink external/score_toolchains_rust++ferrocene_toolchain_ext+ferrocene_x86_64_unknown_linux_gnu/rust_ferrocene/lib/rustlib/x86_64-unknown-linux-gnu/lib/libtest-736af1cd03515f36.rlib
[141 / 1,272] [Scann] Compiling score/mw/com/impl/service_element_map_view.cpp
[155 / 1,272] Compiling score/string_manipulation/arguments/arguments.cpp; 0s linux-sandbox ... (2 actions, 1 running)
[180 / 1,272] Compiling score/os/utils/interprocess/interprocess_mutex.cpp; 0s linux-sandbox ... (2 actions, 1 running)
[196 / 1,272] Compiling score/concurrency/synchronized_queue.cpp; 0s linux-sandbox ... (2 actions, 1 running)
[212 / 1,272] Compiling score/memory/shared/flock/flock_mutex_and_lock.cpp; 0s linux-sandbox ... (2 actions, 1 running)
[224 / 1,272] Compiling score/language/safecpp/scoped_function/details/type_erasure_pointer.cpp; 0s linux-sandbox ... (2 actions, 1 running)
[234 / 1,272] Compiling score/language/safecpp/scoped_function/details/is_callable_from.cpp; 0s linux-sandbox ... (2 actions, 1 running)
[247 / 1,272] Compiling score/mw/com/impl/event_receive_handler.cpp; 0s linux-sandbox ... (2 actions, 1 running)
[260 / 1,272] Compiling score/mw/com/impl/bindings/lola/register_pid_fake.cpp; 0s linux-sandbox ... (2 actions, 1 running)
[274 / 1,272] Compiling score/filesystem/path.cpp; 0s linux-sandbox ... (2 actions, 1 running)
[290 / 1,272] Compiling score/scope_exit/scope_exit.cpp; 0s linux-sandbox ... (2 actions, 1 running)
[304 / 1,272] Compiling score/mw/com/impl/methods/skeleton_method_binding.cpp; 0s linux-sandbox ... (2 actions, 1 running)
[315 / 1,272] Compiling score/language/safecpp/safe_atomics/error.cpp; 0s linux-sandbox ... (2 actions running)
[326 / 1,272] Compiling score/language/safecpp/scoped_function/details/modify_signature.cpp; 0s linux-sandbox ... (2 actions running)
[334 / 1,272] Compiling score/language/safecpp/scoped_function/scope.cpp; 0s linux-sandbox ... (2 actions, 1 running)
INFO: From Compiling score/mw/com/impl/error_serializer.cpp:
In file included from score/mw/com/impl/error_serializer.cpp:16:
./score/mw/com/impl/com_error.h: In member function 'virtual std::string_view score::mw::com::impl::ComErrorDomain::MessageFor(const score::result::ErrorCode&) const':
./score/mw/com/impl/com_error.h:186:65: warning: 'score::mw::com::impl::ComErrc::kServiceInstanceAlreadyOffered' is deprecated: Value has never been used. Calls to OfferService shall be idempotent. [-Wdeprecated-declarations]
  186 |             case static_cast<score::result::ErrorCode>(ComErrc::kServiceInstanceAlreadyOffered):
      |                                                                 ^~~~~~~~~~~~~~~~~~~~~~~~~~~~~~
./score/mw/com/impl/com_error.h:57:5: note: declared here
   57 |     kServiceInstanceAlreadyOffered
      |     ^~~~~~~~~~~~~~~~~~~~~~~~~~~~~~
INFO: From Compiling score/mw/com/impl/com_error.cpp:
In file included from score/mw/com/impl/com_error.cpp:13:
./score/mw/com/impl/com_error.h: In member function 'virtual std::string_view score::mw::com::impl::ComErrorDomain::MessageFor(const score::result::ErrorCode&) const':
./score/mw/com/impl/com_error.h:186:65: warning: 'score::mw::com::impl::ComErrc::kServiceInstanceAlreadyOffered' is deprecated: Value has never been used. Calls to OfferService shall be idempotent. [-Wdeprecated-declarations]
  186 |             case static_cast<score::result::ErrorCode>(ComErrc::kServiceInstanceAlreadyOffered):
      |                                                                 ^~~~~~~~~~~~~~~~~~~~~~~~~~~~~~
./score/mw/com/impl/com_error.h:57:5: note: declared here
   57 |     kServiceInstanceAlreadyOffered
      |     ^~~~~~~~~~~~~~~~~~~~~~~~~~~~~~
[340 / 1,272] Compiling score/mw/com/impl/scoped_event_receive_handler.cpp; 0s linux-sandbox ... (2 actions, 1 running)
[353 / 1,272] Compiling score/analysis/tracing/generic_trace_library/interface_types/chunk_list/shm_data_chunk_list.cpp; 0s linux-sandbox ... (2 actions, 1 running)
[363 / 1,272] Compiling score/language/safecpp/safe_math/details/addition_subtraction/addition_subtraction.cpp; 0s linux-sandbox ... (2 actions, 1 running)
[371 / 1,272] Compiling score/language/safecpp/scoped_function/move_only_scoped_function.cpp; 0s linux-sandbox ... (2 actions, 1 running)
[380 / 1,272] Compiling score/language/safecpp/scoped_function/details/allocator_aware_type_erasure_pointer.cpp; 0s linux-sandbox ... (2 actions, 1 running)
[386 / 1,272] Compiling score/language/safecpp/safe_math/details/cast/cast.cpp; 0s linux-sandbox ... (2 actions running)
[397 / 1,272] Compiling score/json/internal/parser/nlohmann/json_builder.cpp; 0s linux-sandbox ... (2 actions, 1 running)
[401 / 1,272] Compiling score/json/internal/parser/nlohmann/json_builder.cpp; 2s linux-sandbox ... (2 actions running)
[409 / 1,272] Compiling score/json/json_parser.cpp; 0s linux-sandbox ... (2 actions running)
[414 / 1,272] Compiling score/json/internal/parser/nlohmann/nlohmann_parser.cpp; 0s linux-sandbox ... (2 actions, 1 running)
[418 / 1,272] Compiling score/json/internal/parser/nlohmann/nlohmann_parser.cpp; 1s linux-sandbox ... (2 actions, 1 running)
[423 / 1,272] Compiling score/concurrency/timed_executor/concurrent_timed_executor.cpp; 1s linux-sandbox ... (2 actions running)
[427 / 1,272] Compiling score/concurrency/timed_executor/timed_executor.cpp; 0s linux-sandbox ... (2 actions running)
[432 / 1,272] Compiling score/json/internal/writer/json_serialize/json_serialize.cpp; 0s linux-sandbox ... (2 actions, 1 running)
[438 / 1,272] Compiling score/json/internal/model/any.cpp; 1s linux-sandbox ... (2 actions running)
[442 / 1,272] Compiling score/concurrency/shared_task_result.cpp; 0s linux-sandbox ... (2 actions running)
[447 / 1,272] Compiling score/json/internal/model/number.cpp; 0s linux-sandbox ... (2 actions, 1 running)
[449 / 1,272] Compiling score/json/internal/model/number.cpp; 1s linux-sandbox ... (2 actions, 1 running)
[452 / 1,272] Compiling score/mw/log/detail/composite_recorder.cpp; 0s linux-sandbox ... (2 actions, 1 running)
[455 / 1,272] Compiling score/concurrency/future/base_interruptible_state.cpp; 1s linux-sandbox ... (2 actions, 1 running)
[461 / 1,272] Compiling score/concurrency/future/interruptible_promise.cpp; 1s linux-sandbox ... (2 actions running)
[464 / 1,272] Compiling score/concurrency/future/interruptible_shared_future.cpp; 0s linux-sandbox ... (2 actions running)
[469 / 1,272] Compiling score/concurrency/future/interruptible_state.cpp; 0s linux-sandbox ... (2 actions, 1 running)
[471 / 1,272] Compiling score/concurrency/future/interruptible_future.cpp; 0s linux-sandbox ... (2 actions, 1 running)
[475 / 1,272] Compiling score/concurrency/simple_task.cpp; 0s linux-sandbox ... (2 actions running)
[477 / 1,272] Compiling score/concurrency/executor.cpp; 0s linux-sandbox ... (2 actions running)
[486 / 1,272] Compiling score/mw/log/detail/text_recorder/imessage_builder.cpp; 0s linux-sandbox ... (2 actions, 1 running)
[492 / 1,272] Compiling score/message_passing/log/logging_callback.cpp; 0s linux-sandbox ... (2 actions, 1 running)
[499 / 1,272] Compiling score/mw/log/detail/log_record.cpp; 0s linux-sandbox ... (2 actions, 1 running)
INFO: From Compiling score/mw/com/impl/data_type_meta_info.cpp:
In file included from score/mw/com/impl/data_type_meta_info.cpp:15:
./score/mw/com/impl/com_error.h: In member function 'virtual std::string_view score::mw::com::impl::ComErrorDomain::MessageFor(const score::result::ErrorCode&) const':
./score/mw/com/impl/com_error.h:186:65: warning: 'score::mw::com::impl::ComErrc::kServiceInstanceAlreadyOffered' is deprecated: Value has never been used. Calls to OfferService shall be idempotent. [-Wdeprecated-declarations]
  186 |             case static_cast<score::result::ErrorCode>(ComErrc::kServiceInstanceAlreadyOffered):
      |                                                                 ^~~~~~~~~~~~~~~~~~~~~~~~~~~~~~
./score/mw/com/impl/com_error.h:57:5: note: declared here
   57 |     kServiceInstanceAlreadyOffered
      |     ^~~~~~~~~~~~~~~~~~~~~~~~~~~~~~
[511 / 1,272] Compiling score/mw/log/detail/log_entry.cpp; 0s linux-sandbox ... (2 actions, 1 running)
[518 / 1,272] Compiling score/concurrency/timed_executor/delayed_task.cpp; 0s linux-sandbox ... (2 actions, 1 running)
[526 / 1,272] Compiling score/mw/log/configuration/configuration.cpp; 0s linux-sandbox ... (2 actions, 1 running)
[544 / 1,272] Compiling Rust (without process_wrapper) rlib tinyjson (4 files) [for tool]; 0s linux-sandbox ... (2 actions, 1 running)
[546 / 1,272] Compiling Rust (without process_wrapper) rlib tinyjson (4 files) [for tool]; 1s linux-sandbox ... (2 actions running)
[549 / 1,272] Compiling Rust (without process_wrapper) bin process_wrapper (6 files) [for tool]; 1s linux-sandbox ... (2 actions, 1 running)
[559 / 1,272] Compiling score/os/socket.cpp; 0s linux-sandbox ... (2 actions, 1 running)
[566 / 1,272] Compiling Rust rlib cargo_build_script_runner (2 files) [for tool]; 0s linux-sandbox ... (2 actions, 1 running)
[569 / 1,272] Compiling Rust bin runner (1 file) [for tool]; 0s linux-sandbox ... (2 actions running)
[574 / 1,272] Compiling Rust bin _bs_ (17 files) [for tool]; 0s linux-sandbox ... (2 actions, 1 running)
[581 / 1,272] Compiling score/os/inotify.cpp; 0s linux-sandbox ... (2 actions, 1 running)
[587 / 1,272] Compiling Rust rlib winnow v0.7.2 (93 files) [for tool]; 1s linux-sandbox ... (2 actions, 1 running)
[590 / 1,272] Compiling score/concurrency/thread_pool.cpp; 0s linux-sandbox ... (2 actions, 1 running)
[593 / 1,272] Compiling Rust rlib indexmap v2.7.1 (30 files) [for tool]; 0s linux-sandbox ... (2 actions running)
[597 / 1,272] Compiling Rust rlib proc_macro2 v1.0.93 (17 files) [for tool]; 0s linux-sandbox ... (2 actions running)
[602 / 1,272] Compiling Rust rlib quote v1.0.38 (16 files) [for tool]; 0s linux-sandbox ... (2 actions, 1 running)
[607 / 1,272] Compiling Rust rlib syn v2.0.98 (96 files) [for tool]; 0s linux-sandbox ... (2 actions, 1 running)
[611 / 1,272] Compiling Rust rlib syn v2.0.98 (96 files) [for tool]; 2s linux-sandbox ... (2 actions, 1 running)
[614 / 1,272] Compiling Rust rlib syn v2.0.98 (96 files) [for tool]; 3s linux-sandbox ... (2 actions running)
[619 / 1,272] Compiling Rust rlib syn v2.0.98 (96 files) [for tool]; 4s linux-sandbox ... (2 actions running)
[621 / 1,272] Compiling Rust proc-macro thiserror_impl v1.0.69 (10 files) [for tool]; 0s linux-sandbox ... (2 actions running)
[627 / 1,272] Compiling Rust proc-macro thiserror_impl v1.0.69 (10 files) [for tool]; 2s linux-sandbox ... (2 actions, 1 running)
[630 / 1,272] Compiling score/os/stdlib_impl.cpp; 0s linux-sandbox ... (2 actions running)
[633 / 1,272] Compiling Rust proc-macro icu_provider_macros v1.5.0 (2 files) [for tool]; 1s linux-sandbox ... (2 actions, 1 running)
[637 / 1,272] Compiling Rust rlib synstructure v0.13.1 (2 files) [for tool]; 1s linux-sandbox ... (2 actions, 1 running)
[640 / 1,272] Compiling Rust proc-macro yoke_derive v0.7.5 (3 files) [for tool]; 0s linux-sandbox ... (2 actions, 1 running)
[640 / 1,272] Compiling Rust proc-macro yoke_derive v0.7.5 (3 files) [for tool]; 1s linux-sandbox ... (2 actions running)
[643 / 1,272] Compiling Rust proc-macro displaydoc v0.2.5 (21 files) [for tool]; 0s linux-sandbox ... (2 actions, 1 running)
[645 / 1,272] Compiling Rust proc-macro serde_derive v1.0.217 (18 files) [for tool]; 0s linux-sandbox ... (2 actions, 1 running)
[647 / 1,272] Compiling Rust proc-macro serde_derive v1.0.217 (18 files) [for tool]; 1s linux-sandbox ... (2 actions running)
[650 / 1,272] Compiling Rust proc-macro serde_derive v1.0.217 (18 files) [for tool]; 2s linux-sandbox ... (2 actions running)
[651 / 1,272] Compiling Rust proc-macro serde_derive v1.0.217 (18 files) [for tool]; 3s linux-sandbox ... (2 actions, 1 running)
[655 / 1,272] Compiling Rust proc-macro serde_derive v1.0.217 (18 files) [for tool]; 4s linux-sandbox ... (2 actions, 1 running)
[657 / 1,272] Compiling Rust proc-macro serde_derive v1.0.217 (18 files) [for tool]; 6s linux-sandbox ... (2 actions, 1 running)
[661 / 1,272] Compiling Rust rlib serde v1.0.217 (20 files) [for tool]; 0s linux-sandbox ... (2 actions running)
[665 / 1,272] Compiling Rust rlib serde v1.0.217 (20 files) [for tool]; 2s linux-sandbox ... (2 actions running)
[670 / 1,272] Compiling score/mw/log/configuration/configuration_file_discoverer.cpp; 1s linux-sandbox ... (2 actions, 1 running)
[671 / 1,272] Compiling Rust rlib toml_edit v0.22.24 (58 files) [for tool]; 1s linux-sandbox ... (2 actions running)
[674 / 1,272] Compiling Rust rlib toml_edit v0.22.24 (58 files) [for tool]; 3s linux-sandbox ... (2 actions, 1 running)
[677 / 1,272] Compiling Rust rlib toml_edit v0.22.24 (58 files) [for tool]; 4s linux-sandbox ... (2 actions running)
[678 / 1,272] Compiling score/filesystem/details/standard_filesystem.cpp; 1s linux-sandbox ... (2 actions running)
[680 / 1,272] Compiling score/filesystem/i_standard_filesystem.cpp; 0s linux-sandbox ... (2 actions, 1 running)
[688 / 1,272] Compiling Rust bin _bs_ (50 files) [for tool]; 0s linux-sandbox ... (2 actions, 1 running)
[698 / 1,272] Running Cargo build script num-traits [for tool]; 0s linux-sandbox ... (2 actions, 1 running)
[707 / 1,272] Compiling score/memory/shared/flock/flock_mutex.cpp; 0s linux-sandbox ... (2 actions, 1 running)
[719 / 1,272] Compiling Rust proc-macro zerovec_derive v0.10.3 (9 files) [for tool]; 0s linux-sandbox ... (2 actions, 1 running)
[723 / 1,272] Compiling Rust proc-macro zerovec_derive v0.10.3 (9 files) [for tool]; 1s linux-sandbox ... (2 actions, 1 running)
[726 / 1,272] Compiling Rust proc-macro zerofrom_derive v0.1.5 (3 files) [for tool]; 1s linux-sandbox ... (2 actions running)
[731 / 1,272] Compiling score/os/utils/abortable_blocking_reader.cpp; 0s linux-sandbox ... (2 actions, 1 running)
[737 / 1,272] Compiling Rust rlib icu_collections v1.5.0 (26 files) [for tool]; 0s linux-sandbox ... (2 actions, 1 running)
[742 / 1,272] Compiling Rust rlib icu_locid v1.5.0 (48 files) [for tool]; 0s linux-sandbox ... (2 actions, 1 running)
[746 / 1,272] Compiling Rust rlib icu_provider v1.5.0 (20 files) [for tool]; 0s linux-sandbox ... (2 actions, 1 running)
[753 / 1,272] Compiling score/mw/com/impl/bindings/lola/methods/unique_method_identifier.cpp; 0s linux-sandbox ... (2 actions, 1 running)
[759 / 1,272] Compiling Rust rlib icu_properties v1.5.1 (14 files) [for tool]; 1s linux-sandbox ... (2 actions, 1 running)
[766 / 1,272] Compiling Rust rlib icu_normalizer v1.5.0 (13 files) [for tool]; 0s linux-sandbox ... (2 actions, 1 running)
[771 / 1,272] Compiling Rust rlib icu_normalizer v1.5.0 (13 files) [for tool]; 1s linux-sandbox ... (2 actions running)
[779 / 1,272] Compiling Rust rlib idna v1.0.3 (11 files) [for tool]; 0s linux-sandbox ... (2 actions running)
[785 / 1,272] Compiling Rust rlib url v2.5.4 (9 files) [for tool]; 1s linux-sandbox ... (2 actions, 1 running)
INFO: From Compiling score/mw/com/impl/instance_specifier.cpp:
In file included from score/mw/com/impl/instance_specifier.cpp:15:
./score/mw/com/impl/com_error.h: In member function 'virtual std::string_view score::mw::com::impl::ComErrorDomain::MessageFor(const score::result::ErrorCode&) const':
./score/mw/com/impl/com_error.h:186:65: warning: 'score::mw::com::impl::ComErrc::kServiceInstanceAlreadyOffered' is deprecated: Value has never been used. Calls to OfferService shall be idempotent. [-Wdeprecated-declarations]
  186 |             case static_cast<score::result::ErrorCode>(ComErrc::kServiceInstanceAlreadyOffered):
      |                                                                 ^~~~~~~~~~~~~~~~~~~~~~~~~~~~~~
./score/mw/com/impl/com_error.h:57:5: note: declared here
   57 |     kServiceInstanceAlreadyOffered
      |     ^~~~~~~~~~~~~~~~~~~~~~~~~~~~~~
[793 / 1,272] Compiling Rust rlib cargo_util_schemas v0.3.1 (8 files) [for tool]; 1s linux-sandbox ... (2 actions running)
[797 / 1,272] Compiling Rust bin cargo_toml_variable_extractor (1 file) [for tool]; 1s linux-sandbox ... (2 actions, 1 running)
[799 / 1,272] Compiling Rust bin cargo_toml_variable_extractor (1 file) [for tool]; 2s linux-sandbox ... (2 actions, 1 running)
[802 / 1,272] Compiling Rust bin cargo_toml_variable_extractor (1 file) [for tool]; 3s linux-sandbox ... (2 actions running)
INFO: From Compiling score/mw/com/impl/configuration/service_instance_deployment.cpp:
In file included from ./score/mw/com/impl/configuration/service_instance_deployment.h:17,
                 from score/mw/com/impl/configuration/service_instance_deployment.cpp:13:
./score/mw/com/impl/com_error.h: In member function 'virtual std::string_view score::mw::com::impl::ComErrorDomain::MessageFor(const score::result::ErrorCode&) const':
./score/mw/com/impl/com_error.h:186:65: warning: 'score::mw::com::impl::ComErrc::kServiceInstanceAlreadyOffered' is deprecated: Value has never been used. Calls to OfferService shall be idempotent. [-Wdeprecated-declarations]
  186 |             case static_cast<score::result::ErrorCode>(ComErrc::kServiceInstanceAlreadyOffered):
      |                                                                 ^~~~~~~~~~~~~~~~~~~~~~~~~~~~~~
./score/mw/com/impl/com_error.h:57:5: note: declared here
   57 |     kServiceInstanceAlreadyOffered
      |     ^~~~~~~~~~~~~~~~~~~~~~~~~~~~~~
[803 / 1,272] Compiling Rust bin cargo_toml_variable_extractor (1 file) [for tool]; 5s linux-sandbox ... (2 actions, 1 running)
[804 / 1,272] Compiling Rust bin cargo_toml_variable_extractor (1 file) [for tool]; 6s linux-sandbox ... (2 actions running)
[806 / 1,272] Compiling Rust bin cargo_toml_variable_extractor (1 file) [for tool]; 7s linux-sandbox ... (2 actions running)
[809 / 1,272] Compiling Rust bin cargo_toml_variable_extractor (1 file) [for tool]; 8s linux-sandbox ... (2 actions, 1 running)
[834 / 1,272] Compiling score/mw/com/impl/skeleton_binding.cpp; 0s linux-sandbox ... (2 actions running)
[850 / 1,272] Compiling score/mw/com/impl/bindings/lola/rollback_synchronization.cpp; 0s linux-sandbox ... (2 actions, 1 running)
[859 / 1,272] Compiling Rust rlib proc_macro2 v1.0.107 (22 files) [for tool]; 0s linux-sandbox ... (2 actions, 1 running)
[863 / 1,272] Compiling score/mw/com/impl/bindings/lola/messaging/i_message_passing_service_instance_factory.cpp; 0s linux-sandbox ... (2 actions running)
[869 / 1,272] Compiling Rust rlib syn v2.0.119 (97 files) [for tool]; 1s linux-sandbox ... (2 actions, 1 running)
[871 / 1,272] Compiling Rust rlib syn v2.0.119 (97 files) [for tool]; 2s linux-sandbox ... (2 actions, 1 running)
[873 / 1,272] Compiling Rust rlib syn v2.0.119 (97 files) [for tool]; 3s linux-sandbox ... (2 actions, 1 running)
[875 / 1,272] Compiling Rust rlib syn v2.0.119 (97 files) [for tool]; 4s linux-sandbox ... (2 actions running)
[878 / 1,272] Compiling Rust rlib syn v2.0.119 (97 files) [for tool]; 5s linux-sandbox ... (2 actions running)
[880 / 1,272] Compiling Rust rlib syn v2.0.119 (97 files) [for tool]; 7s linux-sandbox ... (2 actions, 1 running)
[884 / 1,272] Compiling Rust proc-macro score-com-macros (1 file) [for tool]; 0s linux-sandbox ... (2 actions running)
[885 / 1,272] Compiling score/mw/com/impl/bindings/lola/messaging/message_passing_service_instance.cpp; 1s linux-sandbox ... (2 actions running)
INFO: From Compiling score/mw/com/impl/bindings/lola/messaging/message_passing_service_instance.cpp:
In file included from score/mw/com/impl/bindings/lola/messaging/message_passing_service_instance.cpp:21:
./score/mw/com/impl/com_error.h: In member function 'virtual std::string_view score::mw::com::impl::ComErrorDomain::MessageFor(const score::result::ErrorCode&) const':
./score/mw/com/impl/com_error.h:186:65: warning: 'score::mw::com::impl::ComErrc::kServiceInstanceAlreadyOffered' is deprecated: Value has never been used. Calls to OfferService shall be idempotent. [-Wdeprecated-declarations]
  186 |             case static_cast<score::result::ErrorCode>(ComErrc::kServiceInstanceAlreadyOffered):
      |                                                                 ^~~~~~~~~~~~~~~~~~~~~~~~~~~~~~
./score/mw/com/impl/com_error.h:57:5: note: declared here
   57 |     kServiceInstanceAlreadyOffered
      |     ^~~~~~~~~~~~~~~~~~~~~~~~~~~~~~
[889 / 1,272] Compiling Rust rlib libc v0.2.186 (346 files); 1s linux-sandbox ... (2 actions, 1 running)
[903 / 1,272] Compiling score/mw/com/impl/plumbing/skeleton_binding_factory.cpp; 0s linux-sandbox ... (2 actions, 1 running)
INFO: From Compiling score/mw/com/impl/plumbing/skeleton_binding_factory.cpp:
In file included from ./score/mw/com/impl/instance_identifier.h:16,
                 from ./score/mw/com/impl/plumbing/skeleton_binding_factory.h:16,
                 from score/mw/com/impl/plumbing/skeleton_binding_factory.cpp:13:
./score/mw/com/impl/com_error.h: In member function 'virtual std::string_view score::mw::com::impl::ComErrorDomain::MessageFor(const score::result::ErrorCode&) const':
./score/mw/com/impl/com_error.h:186:65: warning: 'score::mw::com::impl::ComErrc::kServiceInstanceAlreadyOffered' is deprecated: Value has never been used. Calls to OfferService shall be idempotent. [-Wdeprecated-declarations]
  186 |             case static_cast<score::result::ErrorCode>(ComErrc::kServiceInstanceAlreadyOffered):
      |                                                                 ^~~~~~~~~~~~~~~~~~~~~~~~~~~~~~
./score/mw/com/impl/com_error.h:57:5: note: declared here
   57 |     kServiceInstanceAlreadyOffered
      |     ^~~~~~~~~~~~~~~~~~~~~~~~~~~~~~
[904 / 1,272] Compiling Rust rlib syn v3.0.6 (96 files) [for tool]; 1s linux-sandbox ... (2 actions, 1 running)
[905 / 1,272] Compiling Rust rlib syn v3.0.6 (96 files) [for tool]; 2s linux-sandbox ... (2 actions running)
INFO: From Compiling score/mw/com/impl/plumbing/i_skeleton_binding_factory.cpp:
In file included from ./score/mw/com/impl/instance_identifier.h:16,
                 from ./score/mw/com/impl/plumbing/i_skeleton_binding_factory.h:16,
                 from score/mw/com/impl/plumbing/i_skeleton_binding_factory.cpp:13:
./score/mw/com/impl/com_error.h: In member function 'virtual std::string_view score::mw::com::impl::ComErrorDomain::MessageFor(const score::result::ErrorCode&) const':
./score/mw/com/impl/com_error.h:186:65: warning: 'score::mw::com::impl::ComErrc::kServiceInstanceAlreadyOffered' is deprecated: Value has never been used. Calls to OfferService shall be idempotent. [-Wdeprecated-declarations]
  186 |             case static_cast<score::result::ErrorCode>(ComErrc::kServiceInstanceAlreadyOffered):
      |                                                                 ^~~~~~~~~~~~~~~~~~~~~~~~~~~~~~
./score/mw/com/impl/com_error.h:57:5: note: declared here
   57 |     kServiceInstanceAlreadyOffered
      |     ^~~~~~~~~~~~~~~~~~~~~~~~~~~~~~
[907 / 1,272] Compiling Rust rlib syn v3.0.6 (96 files) [for tool]; 3s linux-sandbox ... (2 actions running)
INFO: From Compiling score/mw/com/impl/i_service_discovery_client.cpp:
In file included from ./score/mw/com/impl/instance_identifier.h:16,
                 from ./score/mw/com/impl/handle_type.h:18,
                 from ./score/mw/com/impl/enriched_instance_identifier.h:17,
                 from ./score/mw/com/impl/i_service_discovery_client.h:16,
                 from score/mw/com/impl/i_service_discovery_client.cpp:13:
./score/mw/com/impl/com_error.h: In member function 'virtual std::string_view score::mw::com::impl::ComErrorDomain::MessageFor(const score::result::ErrorCode&) const':
./score/mw/com/impl/com_error.h:186:65: warning: 'score::mw::com::impl::ComErrc::kServiceInstanceAlreadyOffered' is deprecated: Value has never been used. Calls to OfferService shall be idempotent. [-Wdeprecated-declarations]
  186 |             case static_cast<score::result::ErrorCode>(ComErrc::kServiceInstanceAlreadyOffered):
      |                                                                 ^~~~~~~~~~~~~~~~~~~~~~~~~~~~~~
./score/mw/com/impl/com_error.h:57:5: note: declared here
   57 |     kServiceInstanceAlreadyOffered
      |     ^~~~~~~~~~~~~~~~~~~~~~~~~~~~~~
INFO: From Compiling score/mw/com/impl/i_service_discovery.cpp:
In file included from ./score/mw/com/impl/instance_identifier.h:16,
                 from ./score/mw/com/impl/handle_type.h:18,
                 from ./score/mw/com/impl/enriched_instance_identifier.h:17,
                 from ./score/mw/com/impl/i_service_discovery.h:16,
                 from score/mw/com/impl/i_service_discovery.cpp:13:
./score/mw/com/impl/com_error.h: In member function 'virtual std::string_view score::mw::com::impl::ComErrorDomain::MessageFor(const score::result::ErrorCode&) const':
./score/mw/com/impl/com_error.h:186:65: warning: 'score::mw::com::impl::ComErrc::kServiceInstanceAlreadyOffered' is deprecated: Value has never been used. Calls to OfferService shall be idempotent. [-Wdeprecated-declarations]
  186 |             case static_cast<score::result::ErrorCode>(ComErrc::kServiceInstanceAlreadyOffered):
      |                                                                 ^~~~~~~~~~~~~~~~~~~~~~~~~~~~~~
./score/mw/com/impl/com_error.h:57:5: note: declared here
   57 |     kServiceInstanceAlreadyOffered
      |     ^~~~~~~~~~~~~~~~~~~~~~~~~~~~~~
[910 / 1,272] Compiling Rust rlib syn v3.0.6 (96 files) [for tool]; 4s linux-sandbox ... (2 actions, 1 running)
[911 / 1,272] Compiling Rust rlib syn v3.0.6 (96 files) [for tool]; 6s linux-sandbox ... (2 actions running)
INFO: From Compiling score/mw/com/impl/bindings/lola/service_discovery/flag_file_crawler.cpp:
In file included from ./score/mw/com/impl/instance_identifier.h:16,
                 from ./score/mw/com/impl/handle_type.h:18,
                 from ./score/mw/com/impl/enriched_instance_identifier.h:17,
                 from ./score/mw/com/impl/bindings/lola/service_discovery/known_instances_container.h:16,
                 from ./score/mw/com/impl/bindings/lola/service_discovery/flag_file_crawler.h:16,
                 from score/mw/com/impl/bindings/lola/service_discovery/flag_file_crawler.cpp:13:
./score/mw/com/impl/com_error.h: In member function 'virtual std::string_view score::mw::com::impl::ComErrorDomain::MessageFor(const score::result::ErrorCode&) const':
./score/mw/com/impl/com_error.h:186:65: warning: 'score::mw::com::impl::ComErrc::kServiceInstanceAlreadyOffered' is deprecated: Value has never been used. Calls to OfferService shall be idempotent. [-Wdeprecated-declarations]
  186 |             case static_cast<score::result::ErrorCode>(ComErrc::kServiceInstanceAlreadyOffered):
      |                                                                 ^~~~~~~~~~~~~~~~~~~~~~~~~~~~~~
./score/mw/com/impl/com_error.h:57:5: note: declared here
   57 |     kServiceInstanceAlreadyOffered
      |     ^~~~~~~~~~~~~~~~~~~~~~~~~~~~~~
[912 / 1,272] Compiling Rust rlib syn v3.0.6 (96 files) [for tool]; 7s linux-sandbox ... (2 actions, 1 running)
[913 / 1,272] Compiling Rust rlib syn v3.0.6 (96 files) [for tool]; 9s linux-sandbox ... (2 actions running)
INFO: From Compiling score/mw/com/impl/bindings/lola/service_discovery/flag_file.cpp:
In file included from ./score/mw/com/impl/instance_identifier.h:16,
                 from ./score/mw/com/impl/handle_type.h:18,
                 from ./score/mw/com/impl/enriched_instance_identifier.h:17,
                 from ./score/mw/com/impl/bindings/lola/service_discovery/flag_file.h:16,
                 from score/mw/com/impl/bindings/lola/service_discovery/flag_file.cpp:13:
./score/mw/com/impl/com_error.h: In member function 'virtual std::string_view score::mw::com::impl::ComErrorDomain::MessageFor(const score::result::ErrorCode&) const':
./score/mw/com/impl/com_error.h:186:65: warning: 'score::mw::com::impl::ComErrc::kServiceInstanceAlreadyOffered' is deprecated: Value has never been used. Calls to OfferService shall be idempotent. [-Wdeprecated-declarations]
  186 |             case static_cast<score::result::ErrorCode>(ComErrc::kServiceInstanceAlreadyOffered):
      |                                                                 ^~~~~~~~~~~~~~~~~~~~~~~~~~~~~~
./score/mw/com/impl/com_error.h:57:5: note: declared here
   57 |     kServiceInstanceAlreadyOffered
      |     ^~~~~~~~~~~~~~~~~~~~~~~~~~~~~~
[915 / 1,272] Compiling Rust rlib syn v3.0.6 (96 files) [for tool]; 10s linux-sandbox ... (2 actions running)
INFO: From Compiling score/mw/com/impl/bindings/lola/service_discovery/known_instances_container.cpp:
In file included from ./score/mw/com/impl/instance_identifier.h:16,
                 from ./score/mw/com/impl/handle_type.h:18,
                 from ./score/mw/com/impl/enriched_instance_identifier.h:17,
                 from ./score/mw/com/impl/bindings/lola/service_discovery/known_instances_container.h:16,
                 from score/mw/com/impl/bindings/lola/service_discovery/known_instances_container.cpp:13:
./score/mw/com/impl/com_error.h: In member function 'virtual std::string_view score::mw::com::impl::ComErrorDomain::MessageFor(const score::result::ErrorCode&) const':
./score/mw/com/impl/com_error.h:186:65: warning: 'score::mw::com::impl::ComErrc::kServiceInstanceAlreadyOffered' is deprecated: Value has never been used. Calls to OfferService shall be idempotent. [-Wdeprecated-declarations]
  186 |             case static_cast<score::result::ErrorCode>(ComErrc::kServiceInstanceAlreadyOffered):
      |                                                                 ^~~~~~~~~~~~~~~~~~~~~~~~~~~~~~
./score/mw/com/impl/com_error.h:57:5: note: declared here
   57 |     kServiceInstanceAlreadyOffered
      |     ^~~~~~~~~~~~~~~~~~~~~~~~~~~~~~
[917 / 1,272] Compiling Rust proc-macro futures_macro v0.3.34 (5 files) [for tool]; 1s linux-sandbox ... (2 actions, 1 running)
[918 / 1,272] Compiling Rust proc-macro futures_macro v0.3.34 (5 files) [for tool]; 2s linux-sandbox ... (2 actions running)
[919 / 1,272] Compiling score/mw/com/impl/bindings/lola/service_discovery/client/service_discovery_client.cpp; 2s linux-sandbox ... (2 actions running)
INFO: From Compiling score/mw/com/impl/bindings/lola/service_discovery/client/service_discovery_client.cpp:
In file included from ./score/mw/com/impl/instance_identifier.h:16,
                 from ./score/mw/com/impl/handle_type.h:18,
                 from ./score/mw/com/impl/enriched_instance_identifier.h:17,
                 from ./score/mw/com/impl/i_service_discovery_client.h:16,
                 from ./score/mw/com/impl/bindings/lola/service_discovery/client/service_discovery_client.h:16,
                 from score/mw/com/impl/bindings/lola/service_discovery/client/service_discovery_client.cpp:13:
./score/mw/com/impl/com_error.h: In member function 'virtual std::string_view score::mw::com::impl::ComErrorDomain::MessageFor(const score::result::ErrorCode&) const':
./score/mw/com/impl/com_error.h:186:65: warning: 'score::mw::com::impl::ComErrc::kServiceInstanceAlreadyOffered' is deprecated: Value has never been used. Calls to OfferService shall be idempotent. [-Wdeprecated-declarations]
  186 |             case static_cast<score::result::ErrorCode>(ComErrc::kServiceInstanceAlreadyOffered):
      |                                                                 ^~~~~~~~~~~~~~~~~~~~~~~~~~~~~~
./score/mw/com/impl/com_error.h:57:5: note: declared here
   57 |     kServiceInstanceAlreadyOffered
      |     ^~~~~~~~~~~~~~~~~~~~~~~~~~~~~~
[921 / 1,272] Compiling Rust rlib futures_util v0.3.34 (186 files); 1s linux-sandbox ... (2 actions, 1 running)
[924 / 1,272] Compiling score/mw/com/impl/bindings/lola/service_discovery/lola_service_instance_identifier.cpp; 0s linux-sandbox ... (2 actions, 1 running)
INFO: From Compiling score/mw/com/impl/bindings/lola/service_discovery/lola_service_instance_identifier.cpp:
In file included from ./score/mw/com/impl/instance_identifier.h:16,
                 from ./score/mw/com/impl/handle_type.h:18,
                 from ./score/mw/com/impl/enriched_instance_identifier.h:17,
                 from ./score/mw/com/impl/bindings/lola/service_discovery/lola_service_instance_identifier.h:18,
                 from score/mw/com/impl/bindings/lola/service_discovery/lola_service_instance_identifier.cpp:13:
./score/mw/com/impl/com_error.h: In member function 'virtual std::string_view score::mw::com::impl::ComErrorDomain::MessageFor(const score::result::ErrorCode&) const':
./score/mw/com/impl/com_error.h:186:65: warning: 'score::mw::com::impl::ComErrc::kServiceInstanceAlreadyOffered' is deprecated: Value has never been used. Calls to OfferService shall be idempotent. [-Wdeprecated-declarations]
  186 |             case static_cast<score::result::ErrorCode>(ComErrc::kServiceInstanceAlreadyOffered):
      |                                                                 ^~~~~~~~~~~~~~~~~~~~~~~~~~~~~~
./score/mw/com/impl/com_error.h:57:5: note: declared here
   57 |     kServiceInstanceAlreadyOffered
      |     ^~~~~~~~~~~~~~~~~~~~~~~~~~~~~~
INFO: From Compiling score/mw/com/impl/enriched_instance_identifier.cpp:
In file included from ./score/mw/com/impl/instance_identifier.h:16,
                 from ./score/mw/com/impl/handle_type.h:18,
                 from ./score/mw/com/impl/enriched_instance_identifier.h:17,
                 from score/mw/com/impl/enriched_instance_identifier.cpp:13:
./score/mw/com/impl/com_error.h: In member function 'virtual std::string_view score::mw::com::impl::ComErrorDomain::MessageFor(const score::result::ErrorCode&) const':
./score/mw/com/impl/com_error.h:186:65: warning: 'score::mw::com::impl::ComErrc::kServiceInstanceAlreadyOffered' is deprecated: Value has never been used. Calls to OfferService shall be idempotent. [-Wdeprecated-declarations]
  186 |             case static_cast<score::result::ErrorCode>(ComErrc::kServiceInstanceAlreadyOffered):
      |                                                                 ^~~~~~~~~~~~~~~~~~~~~~~~~~~~~~
./score/mw/com/impl/com_error.h:57:5: note: declared here
   57 |     kServiceInstanceAlreadyOffered
      |     ^~~~~~~~~~~~~~~~~~~~~~~~~~~~~~
[929 / 1,272] Compiling Rust proc-macro score_log_fmt_macro (3 files) [for tool]; 0s linux-sandbox ... (2 actions, 1 running)
[930 / 1,272] Compiling Rust proc-macro score_log_fmt_macro (3 files) [for tool]; 1s linux-sandbox ... (2 actions running)
INFO: From Compiling score/mw/com/impl/handle_type.cpp:
In file included from ./score/mw/com/impl/instance_identifier.h:16,
                 from ./score/mw/com/impl/handle_type.h:18,
                 from score/mw/com/impl/handle_type.cpp:13:
./score/mw/com/impl/com_error.h: In member function 'virtual std::string_view score::mw::com::impl::ComErrorDomain::MessageFor(const score::result::ErrorCode&) const':
./score/mw/com/impl/com_error.h:186:65: warning: 'score::mw::com::impl::ComErrc::kServiceInstanceAlreadyOffered' is deprecated: Value has never been used. Calls to OfferService shall be idempotent. [-Wdeprecated-declarations]
  186 |             case static_cast<score::result::ErrorCode>(ComErrc::kServiceInstanceAlreadyOffered):
      |                                                                 ^~~~~~~~~~~~~~~~~~~~~~~~~~~~~~
./score/mw/com/impl/com_error.h:57:5: note: declared here
   57 |     kServiceInstanceAlreadyOffered
      |     ^~~~~~~~~~~~~~~~~~~~~~~~~~~~~~
[938 / 1,272] Compiling score/mw/com/impl/instance_identifier.cpp; 0s linux-sandbox ... (2 actions running)
INFO: From Compiling score/mw/com/impl/instance_identifier.cpp:
In file included from ./score/mw/com/impl/instance_identifier.h:16,
                 from score/mw/com/impl/instance_identifier.cpp:13:
./score/mw/com/impl/com_error.h: In member function 'virtual std::string_view score::mw::com::impl::ComErrorDomain::MessageFor(const score::result::ErrorCode&) const':
./score/mw/com/impl/com_error.h:186:65: warning: 'score::mw::com::impl::ComErrc::kServiceInstanceAlreadyOffered' is deprecated: Value has never been used. Calls to OfferService shall be idempotent. [-Wdeprecated-declarations]
  186 |             case static_cast<score::result::ErrorCode>(ComErrc::kServiceInstanceAlreadyOffered):
      |                                                                 ^~~~~~~~~~~~~~~~~~~~~~~~~~~~~~
./score/mw/com/impl/com_error.h:57:5: note: declared here
   57 |     kServiceInstanceAlreadyOffered
      |     ^~~~~~~~~~~~~~~~~~~~~~~~~~~~~~
[939 / 1,272] Compiling Rust proc-macro thiserror_impl v2.0.21 (11 files) [for tool]; 1s linux-sandbox ... (2 actions, 1 running)
[940 / 1,272] Compiling Rust proc-macro thiserror_impl v2.0.21 (11 files) [for tool]; 3s linux-sandbox ... (2 actions running)
INFO: From Compiling score/mw/com/impl/tracing/configuration/tracing_filter_config_parser.cpp:
In file included from ./score/mw/com/impl/configuration/service_instance_deployment.h:17,
                 from ./score/mw/com/impl/configuration/configuration.h:18,
                 from ./score/mw/com/impl/tracing/configuration/tracing_filter_config_parser.h:17,
                 from score/mw/com/impl/tracing/configuration/tracing_filter_config_parser.cpp:13:
./score/mw/com/impl/com_error.h: In member function 'virtual std::string_view score::mw::com::impl::ComErrorDomain::MessageFor(const score::result::ErrorCode&) const':
./score/mw/com/impl/com_error.h:186:65: warning: 'score::mw::com::impl::ComErrc::kServiceInstanceAlreadyOffered' is deprecated: Value has never been used. Calls to OfferService shall be idempotent. [-Wdeprecated-declarations]
  186 |             case static_cast<score::result::ErrorCode>(ComErrc::kServiceInstanceAlreadyOffered):
      |                                                                 ^~~~~~~~~~~~~~~~~~~~~~~~~~~~~~
./score/mw/com/impl/com_error.h:57:5: note: declared here
   57 |     kServiceInstanceAlreadyOffered
      |     ^~~~~~~~~~~~~~~~~~~~~~~~~~~~~~
[945 / 1,272] Compiling score/mw/com/impl/tracing/configuration/tracing_filter_config.cpp; 0s linux-sandbox ... (2 actions running)
INFO: From Compiling score/mw/com/impl/tracing/configuration/tracing_filter_config.cpp:
In file included from ./score/mw/com/impl/configuration/service_instance_deployment.h:17,
                 from ./score/mw/com/impl/configuration/configuration.h:18,
                 from ./score/mw/com/impl/tracing/configuration/tracing_filter_config.h:16,
                 from score/mw/com/impl/tracing/configuration/tracing_filter_config.cpp:13:
./score/mw/com/impl/com_error.h: In member function 'virtual std::string_view score::mw::com::impl::ComErrorDomain::MessageFor(const score::result::ErrorCode&) const':
./score/mw/com/impl/com_error.h:186:65: warning: 'score::mw::com::impl::ComErrc::kServiceInstanceAlreadyOffered' is deprecated: Value has never been used. Calls to OfferService shall be idempotent. [-Wdeprecated-declarations]
  186 |             case static_cast<score::result::ErrorCode>(ComErrc::kServiceInstanceAlreadyOffered):
      |                                                                 ^~~~~~~~~~~~~~~~~~~~~~~~~~~~~~
./score/mw/com/impl/com_error.h:57:5: note: declared here
   57 |     kServiceInstanceAlreadyOffered
      |     ^~~~~~~~~~~~~~~~~~~~~~~~~~~~~~
[951 / 1,272] Compiling score/mw/com/impl/tracing/configuration/i_tracing_filter_config.cpp; 0s linux-sandbox ... (2 actions, 1 running)
INFO: From Compiling score/mw/com/impl/tracing/configuration/i_tracing_filter_config.cpp:
In file included from ./score/mw/com/impl/configuration/service_instance_deployment.h:17,
                 from ./score/mw/com/impl/configuration/configuration.h:18,
                 from ./score/mw/com/impl/tracing/configuration/i_tracing_filter_config.h:16,
                 from score/mw/com/impl/tracing/configuration/i_tracing_filter_config.cpp:13:
./score/mw/com/impl/com_error.h: In member function 'virtual std::string_view score::mw::com::impl::ComErrorDomain::MessageFor(const score::result::ErrorCode&) const':
./score/mw/com/impl/com_error.h:186:65: warning: 'score::mw::com::impl::ComErrc::kServiceInstanceAlreadyOffered' is deprecated: Value has never been used. Calls to OfferService shall be idempotent. [-Wdeprecated-declarations]
  186 |             case static_cast<score::result::ErrorCode>(ComErrc::kServiceInstanceAlreadyOffered):
      |                                                                 ^~~~~~~~~~~~~~~~~~~~~~~~~~~~~~
./score/mw/com/impl/com_error.h:57:5: note: declared here
   57 |     kServiceInstanceAlreadyOffered
      |     ^~~~~~~~~~~~~~~~~~~~~~~~~~~~~~
[955 / 1,272] Compiling score/language/futurecpp/src/jthread.cpp; 0s linux-sandbox ... (2 actions, 1 running)
[967 / 1,272] Compiling score/mw/com/impl/configuration/config_parser.cpp; 0s linux-sandbox ... (2 actions, 1 running)
INFO: From Compiling score/mw/com/impl/configuration/config_parser.cpp:
In file included from ./score/mw/com/impl/configuration/service_instance_deployment.h:17,
                 from ./score/mw/com/impl/configuration/configuration.h:18,
                 from ./score/mw/com/impl/configuration/config_parser.h:17,
                 from score/mw/com/impl/configuration/config_parser.cpp:13:
./score/mw/com/impl/com_error.h: In member function 'virtual std::string_view score::mw::com::impl::ComErrorDomain::MessageFor(const score::result::ErrorCode&) const':
./score/mw/com/impl/com_error.h:186:65: warning: 'score::mw::com::impl::ComErrc::kServiceInstanceAlreadyOffered' is deprecated: Value has never been used. Calls to OfferService shall be idempotent. [-Wdeprecated-declarations]
  186 |             case static_cast<score::result::ErrorCode>(ComErrc::kServiceInstanceAlreadyOffered):
      |                                                                 ^~~~~~~~~~~~~~~~~~~~~~~~~~~~~~
./score/mw/com/impl/com_error.h:57:5: note: declared here
   57 |     kServiceInstanceAlreadyOffered
      |     ^~~~~~~~~~~~~~~~~~~~~~~~~~~~~~
[973 / 1,272] Compiling score/os/stat_impl.cpp; 0s linux-sandbox ... (2 actions, 1 running)
INFO: From Compiling score/mw/com/impl/configuration/i_configuration_parsing_strategy.cpp:
In file included from ./score/mw/com/impl/configuration/service_instance_deployment.h:17,
                 from ./score/mw/com/impl/configuration/configuration.h:18,
                 from ./score/mw/com/impl/configuration/i_configuration_parsing_strategy.h:16,
                 from score/mw/com/impl/configuration/i_configuration_parsing_strategy.cpp:13:
./score/mw/com/impl/com_error.h: In member function 'virtual std::string_view score::mw::com::impl::ComErrorDomain::MessageFor(const score::result::ErrorCode&) const':
./score/mw/com/impl/com_error.h:186:65: warning: 'score::mw::com::impl::ComErrc::kServiceInstanceAlreadyOffered' is deprecated: Value has never been used. Calls to OfferService shall be idempotent. [-Wdeprecated-declarations]
  186 |             case static_cast<score::result::ErrorCode>(ComErrc::kServiceInstanceAlreadyOffered):
      |                                                                 ^~~~~~~~~~~~~~~~~~~~~~~~~~~~~~
./score/mw/com/impl/com_error.h:57:5: note: declared here
   57 |     kServiceInstanceAlreadyOffered
      |     ^~~~~~~~~~~~~~~~~~~~~~~~~~~~~~
[978 / 1,272] Compiling score/os/fcntl_impl.cpp; 0s linux-sandbox ... (2 actions, 1 running)
[983 / 1,272] Compiling score/mw/com/impl/configuration/configuration_json_parsing_strategy.cpp; 1s linux-sandbox ... (2 actions, 1 running)
INFO: From Compiling score/mw/com/impl/configuration/configuration_json_parsing_strategy.cpp:
In file included from ./score/mw/com/impl/configuration/service_instance_deployment.h:17,
                 from ./score/mw/com/impl/configuration/configuration.h:18,
                 from ./score/mw/com/impl/configuration/i_configuration_parsing_strategy.h:16,
                 from ./score/mw/com/impl/configuration/configuration_json_parsing_strategy.h:16,
                 from score/mw/com/impl/configuration/configuration_json_parsing_strategy.cpp:13:
./score/mw/com/impl/com_error.h: In member function 'virtual std::string_view score::mw::com::impl::ComErrorDomain::MessageFor(const score::result::ErrorCode&) const':
./score/mw/com/impl/com_error.h:186:65: warning: 'score::mw::com::impl::ComErrc::kServiceInstanceAlreadyOffered' is deprecated: Value has never been used. Calls to OfferService shall be idempotent. [-Wdeprecated-declarations]
  186 |             case static_cast<score::result::ErrorCode>(ComErrc::kServiceInstanceAlreadyOffered):
      |                                                                 ^~~~~~~~~~~~~~~~~~~~~~~~~~~~~~
./score/mw/com/impl/com_error.h:57:5: note: declared here
   57 |     kServiceInstanceAlreadyOffered
      |     ^~~~~~~~~~~~~~~~~~~~~~~~~~~~~~
[987 / 1,272] Compiling score/mw/log/detail/text_recorder/text_recorder.cpp; 0s linux-sandbox ... (2 actions running)
INFO: From Compiling score/mw/com/impl/configuration/config_validate.cpp:
In file included from ./score/mw/com/impl/configuration/service_instance_deployment.h:17,
                 from ./score/mw/com/impl/configuration/configuration.h:18,
                 from ./score/mw/com/impl/configuration/config_validate.h:17,
                 from score/mw/com/impl/configuration/config_validate.cpp:13:
./score/mw/com/impl/com_error.h: In member function 'virtual std::string_view score::mw::com::impl::ComErrorDomain::MessageFor(const score::result::ErrorCode&) const':
./score/mw/com/impl/com_error.h:186:65: warning: 'score::mw::com::impl::ComErrc::kServiceInstanceAlreadyOffered' is deprecated: Value has never been used. Calls to OfferService shall be idempotent. [-Wdeprecated-declarations]
  186 |             case static_cast<score::result::ErrorCode>(ComErrc::kServiceInstanceAlreadyOffered):
      |                                                                 ^~~~~~~~~~~~~~~~~~~~~~~~~~~~~~
./score/mw/com/impl/com_error.h:57:5: note: declared here
   57 |     kServiceInstanceAlreadyOffered
      |     ^~~~~~~~~~~~~~~~~~~~~~~~~~~~~~
[991 / 1,272] Compiling score/mw/com/impl/configuration/configuration.cpp; 0s linux-sandbox ... (2 actions, 1 running)
[995 / 1,272] Compiling score/mw/com/impl/configuration/configuration.cpp; 1s linux-sandbox ... (2 actions, 1 running)
INFO: From Compiling score/mw/com/impl/configuration/configuration.cpp:
In file included from ./score/mw/com/impl/configuration/service_instance_deployment.h:17,
                 from ./score/mw/com/impl/configuration/configuration.h:18,
                 from score/mw/com/impl/configuration/configuration.cpp:13:
./score/mw/com/impl/com_error.h: In member function 'virtual std::string_view score::mw::com::impl::ComErrorDomain::MessageFor(const score::result::ErrorCode&) const':
./score/mw/com/impl/com_error.h:186:65: warning: 'score::mw::com::impl::ComErrc::kServiceInstanceAlreadyOffered' is deprecated: Value has never been used. Calls to OfferService shall be idempotent. [-Wdeprecated-declarations]
  186 |             case static_cast<score::result::ErrorCode>(ComErrc::kServiceInstanceAlreadyOffered):
      |                                                                 ^~~~~~~~~~~~~~~~~~~~~~~~~~~~~~
./score/mw/com/impl/com_error.h:57:5: note: declared here
   57 |     kServiceInstanceAlreadyOffered
      |     ^~~~~~~~~~~~~~~~~~~~~~~~~~~~~~
[1,001 / 1,272] Compiling score/mw/com/impl/configuration/service_type_deployment.cpp; 0s linux-sandbox ... (2 actions, 1 running)
[1,009 / 1,272] Compiling score/memory/shared/shared_memory_factory.cpp; 0s linux-sandbox ... (2 actions, 1 running)
[1,016 / 1,272] Compiling score/mw/com/impl/configuration/configuration_common_resources.cpp; 0s linux-sandbox ... (2 actions running)
[1,019 / 1,272] Compiling score/memory/shared/memory_region_map.cpp; 0s linux-sandbox ... (2 actions, 1 running)
[1,027 / 1,272] Compiling score/memory/shared/memory_resource_registry.cpp; 0s linux-sandbox ... (2 actions, 1 running)
[1,037 / 1,272] Compiling score/mw/com/impl/bindings/lola/methods/type_erased_call_queue.cpp; 0s linux-sandbox ... (2 actions, 1 running)
[1,045 / 1,272] Compiling score/memory/shared/polymorphic_offset_ptr_allocator.cpp; 0s linux-sandbox ... (2 actions, 1 running)
INFO: From Compiling score/mw/com/impl/bindings/lola/transaction_log_local_view.cpp:
In file included from score/mw/com/impl/bindings/lola/transaction_log_local_view.cpp:19:
./score/mw/com/impl/com_error.h: In member function 'virtual std::string_view score::mw::com::impl::ComErrorDomain::MessageFor(const score::result::ErrorCode&) const':
./score/mw/com/impl/com_error.h:186:65: warning: 'score::mw::com::impl::ComErrc::kServiceInstanceAlreadyOffered' is deprecated: Value has never been used. Calls to OfferService shall be idempotent. [-Wdeprecated-declarations]
  186 |             case static_cast<score::result::ErrorCode>(ComErrc::kServiceInstanceAlreadyOffered):
      |                                                                 ^~~~~~~~~~~~~~~~~~~~~~~~~~~~~~
./score/mw/com/impl/com_error.h:57:5: note: declared here
   57 |     kServiceInstanceAlreadyOffered
      |     ^~~~~~~~~~~~~~~~~~~~~~~~~~~~~~
[1,053 / 1,272] Compiling score/mw/com/impl/bindings/lola/transaction_log.cpp; 0s linux-sandbox ... (2 actions, 1 running)
[1,060 / 1,272] Compiling score/mw/com/impl/bindings/lola/service_data_control.cpp; 0s linux-sandbox ... (2 actions running)
[1,065 / 1,272] Compiling score/mw/com/impl/bindings/lola/sample_ptr.cpp; 0s linux-sandbox ... (2 actions, 1 running)
[1,074 / 1,272] Compiling score/mw/com/impl/bindings/lola/transaction_log_set.cpp; 0s linux-sandbox ... (2 actions, 1 running)
INFO: From Compiling score/mw/com/impl/bindings/lola/transaction_log_set.cpp:
In file included from score/mw/com/impl/bindings/lola/transaction_log_set.cpp:17:
./score/mw/com/impl/com_error.h: In member function 'virtual std::string_view score::mw::com::impl::ComErrorDomain::MessageFor(const score::result::ErrorCode&) const':
./score/mw/com/impl/com_error.h:186:65: warning: 'score::mw::com::impl::ComErrc::kServiceInstanceAlreadyOffered' is deprecated: Value has never been used. Calls to OfferService shall be idempotent. [-Wdeprecated-declarations]
  186 |             case static_cast<score::result::ErrorCode>(ComErrc::kServiceInstanceAlreadyOffered):
      |                                                                 ^~~~~~~~~~~~~~~~~~~~~~~~~~~~~~
./score/mw/com/impl/com_error.h:57:5: note: declared here
   57 |     kServiceInstanceAlreadyOffered
      |     ^~~~~~~~~~~~~~~~~~~~~~~~~~~~~~
[1,081 / 1,272] Compiling score/mw/com/impl/mocking/i_proxy_event.cpp; 0s linux-sandbox ... (2 actions, 1 running)
[1,088 / 1,272] Compiling score/mw/com/impl/bindings/lola/tracing/tracing_runtime.cpp; 1s linux-sandbox ... (2 actions, 1 running)
INFO: From Compiling score/mw/com/impl/bindings/lola/tracing/tracing_runtime.cpp:
In file included from ./score/mw/com/impl/configuration/service_instance_deployment.h:17,
                 from ./score/mw/com/impl/configuration/configuration.h:18,
                 from ./score/mw/com/impl/bindings/lola/tracing/tracing_runtime.h:16,
                 from score/mw/com/impl/bindings/lola/tracing/tracing_runtime.cpp:13:
./score/mw/com/impl/com_error.h: In member function 'virtual std::string_view score::mw::com::impl::ComErrorDomain::MessageFor(const score::result::ErrorCode&) const':
./score/mw/com/impl/com_error.h:186:65: warning: 'score::mw::com::impl::ComErrc::kServiceInstanceAlreadyOffered' is deprecated: Value has never been used. Calls to OfferService shall be idempotent. [-Wdeprecated-declarations]
  186 |             case static_cast<score::result::ErrorCode>(ComErrc::kServiceInstanceAlreadyOffered):
      |                                                                 ^~~~~~~~~~~~~~~~~~~~~~~~~~~~~~
./score/mw/com/impl/com_error.h:57:5: note: declared here
   57 |     kServiceInstanceAlreadyOffered
      |     ^~~~~~~~~~~~~~~~~~~~~~~~~~~~~~
[1,099 / 1,272] Compiling score/mw/com/impl/generic_proxy_event_binding.cpp; 0s linux-sandbox ... (2 actions running)
[1,106 / 1,272] Compiling score/mw/com/impl/plumbing/proxy_binding_factory.cpp; 0s linux-sandbox ... (2 actions, 1 running)
INFO: From Compiling score/mw/com/impl/plumbing/proxy_binding_factory.cpp:
In file included from ./score/mw/com/impl/instance_identifier.h:16,
                 from ./score/mw/com/impl/handle_type.h:18,
                 from ./score/mw/com/impl/plumbing/proxy_binding_factory.h:16,
                 from score/mw/com/impl/plumbing/proxy_binding_factory.cpp:13:
./score/mw/com/impl/com_error.h: In member function 'virtual std::string_view score::mw::com::impl::ComErrorDomain::MessageFor(const score::result::ErrorCode&) const':
./score/mw/com/impl/com_error.h:186:65: warning: 'score::mw::com::impl::ComErrc::kServiceInstanceAlreadyOffered' is deprecated: Value has never been used. Calls to OfferService shall be idempotent. [-Wdeprecated-declarations]
  186 |             case static_cast<score::result::ErrorCode>(ComErrc::kServiceInstanceAlreadyOffered):
      |                                                                 ^~~~~~~~~~~~~~~~~~~~~~~~~~~~~~
./score/mw/com/impl/com_error.h:57:5: note: declared here
   57 |     kServiceInstanceAlreadyOffered
      |     ^~~~~~~~~~~~~~~~~~~~~~~~~~~~~~
[1,112 / 1,272] Compiling score/mw/com/impl/plumbing/i_proxy_binding_factory.cpp; 0s linux-sandbox ... (2 actions, 1 running)
INFO: From Compiling score/mw/com/impl/plumbing/i_proxy_binding_factory.cpp:
In file included from ./score/mw/com/impl/instance_identifier.h:16,
                 from ./score/mw/com/impl/handle_type.h:18,
                 from ./score/mw/com/impl/plumbing/i_proxy_binding_factory.h:16,
                 from score/mw/com/impl/plumbing/i_proxy_binding_factory.cpp:13:
./score/mw/com/impl/com_error.h: In member function 'virtual std::string_view score::mw::com::impl::ComErrorDomain::MessageFor(const score::result::ErrorCode&) const':
./score/mw/com/impl/com_error.h:186:65: warning: 'score::mw::com::impl::ComErrc::kServiceInstanceAlreadyOffered' is deprecated: Value has never been used. Calls to OfferService shall be idempotent. [-Wdeprecated-declarations]
  186 |             case static_cast<score::result::ErrorCode>(ComErrc::kServiceInstanceAlreadyOffered):
      |                                                                 ^~~~~~~~~~~~~~~~~~~~~~~~~~~~~~
./score/mw/com/impl/com_error.h:57:5: note: declared here
   57 |     kServiceInstanceAlreadyOffered
      |     ^~~~~~~~~~~~~~~~~~~~~~~~~~~~~~
[1,118 / 1,272] Compiling score/mw/com/impl/tracing/tracing_runtime.cpp; 1s linux-sandbox ... (2 actions, 1 running)
INFO: From Compiling score/mw/com/impl/i_runtime.cpp:
In file included from ./score/mw/com/impl/instance_identifier.h:16,
                 from ./score/mw/com/impl/handle_type.h:18,
                 from ./score/mw/com/impl/enriched_instance_identifier.h:17,
                 from ./score/mw/com/impl/i_service_discovery_client.h:16,
                 from ./score/mw/com/impl/i_binding_runtime.h:17,
                 from ./score/mw/com/impl/i_runtime.h:16,
                 from score/mw/com/impl/i_runtime.cpp:13:
./score/mw/com/impl/com_error.h: In member function 'virtual std::string_view score::mw::com::impl::ComErrorDomain::MessageFor(const score::result::ErrorCode&) const':
./score/mw/com/impl/com_error.h:186:65: warning: 'score::mw::com::impl::ComErrc::kServiceInstanceAlreadyOffered' is deprecated: Value has never been used. Calls to OfferService shall be idempotent. [-Wdeprecated-declarations]
  186 |             case static_cast<score::result::ErrorCode>(ComErrc::kServiceInstanceAlreadyOffered):
      |                                                                 ^~~~~~~~~~~~~~~~~~~~~~~~~~~~~~
./score/mw/com/impl/com_error.h:57:5: note: declared here
   57 |     kServiceInstanceAlreadyOffered
      |     ^~~~~~~~~~~~~~~~~~~~~~~~~~~~~~
[1,124 / 1,272] Compiling score/mw/com/impl/service_discovery.cpp; 1s linux-sandbox ... (2 actions, 1 running)
INFO: From Compiling score/mw/com/impl/service_discovery.cpp:
In file included from ./score/mw/com/impl/instance_identifier.h:16,
                 from ./score/mw/com/impl/handle_type.h:18,
                 from ./score/mw/com/impl/enriched_instance_identifier.h:17,
                 from ./score/mw/com/impl/service_discovery.h:16,
                 from score/mw/com/impl/service_discovery.cpp:13:
./score/mw/com/impl/com_error.h: In member function 'virtual std::string_view score::mw::com::impl::ComErrorDomain::MessageFor(const score::result::ErrorCode&) const':
./score/mw/com/impl/com_error.h:186:65: warning: 'score::mw::com::impl::ComErrc::kServiceInstanceAlreadyOffered' is deprecated: Value has never been used. Calls to OfferService shall be idempotent. [-Wdeprecated-declarations]
  186 |             case static_cast<score::result::ErrorCode>(ComErrc::kServiceInstanceAlreadyOffered):
      |                                                                 ^~~~~~~~~~~~~~~~~~~~~~~~~~~~~~
./score/mw/com/impl/com_error.h:57:5: note: declared here
   57 |     kServiceInstanceAlreadyOffered
      |     ^~~~~~~~~~~~~~~~~~~~~~~~~~~~~~
INFO: From Compiling score/mw/com/impl/i_binding_runtime.cpp:
In file included from ./score/mw/com/impl/instance_identifier.h:16,
                 from ./score/mw/com/impl/handle_type.h:18,
                 from ./score/mw/com/impl/enriched_instance_identifier.h:17,
                 from ./score/mw/com/impl/i_service_discovery_client.h:16,
                 from ./score/mw/com/impl/i_binding_runtime.h:17,
                 from score/mw/com/impl/i_binding_runtime.cpp:13:
./score/mw/com/impl/com_error.h: In member function 'virtual std::string_view score::mw::com::impl::ComErrorDomain::MessageFor(const score::result::ErrorCode&) const':
./score/mw/com/impl/com_error.h:186:65: warning: 'score::mw::com::impl::ComErrc::kServiceInstanceAlreadyOffered' is deprecated: Value has never been used. Calls to OfferService shall be idempotent. [-Wdeprecated-declarations]
  186 |             case static_cast<score::result::ErrorCode>(ComErrc::kServiceInstanceAlreadyOffered):
      |                                                                 ^~~~~~~~~~~~~~~~~~~~~~~~~~~~~~
./score/mw/com/impl/com_error.h:57:5: note: declared here
   57 |     kServiceInstanceAlreadyOffered
      |     ^~~~~~~~~~~~~~~~~~~~~~~~~~~~~~
[1,127 / 1,272] Compiling score/mw/com/impl/bindings/lola/subscription_helpers.cpp; 0s linux-sandbox ... (2 actions, 1 running)
INFO: From Compiling score/mw/com/impl/bindings/lola/subscription_helpers.cpp:
In file included from ./score/mw/com/impl/instance_identifier.h:16,
                 from ./score/mw/com/impl/handle_type.h:18,
                 from ./score/mw/com/impl/enriched_instance_identifier.h:17,
                 from ./score/mw/com/impl/i_service_discovery_client.h:16,
                 from ./score/mw/com/impl/i_binding_runtime.h:17,
                 from ./score/mw/com/impl/bindings/lola/i_runtime.h:20,
                 from score/mw/com/impl/bindings/lola/subscription_helpers.cpp:15:
./score/mw/com/impl/com_error.h: In member function 'virtual std::string_view score::mw::com::impl::ComErrorDomain::MessageFor(const score::result::ErrorCode&) const':
./score/mw/com/impl/com_error.h:186:65: warning: 'score::mw::com::impl::ComErrc::kServiceInstanceAlreadyOffered' is deprecated: Value has never been used. Calls to OfferService shall be idempotent. [-Wdeprecated-declarations]
  186 |             case static_cast<score::result::ErrorCode>(ComErrc::kServiceInstanceAlreadyOffered):
      |                                                                 ^~~~~~~~~~~~~~~~~~~~~~~~~~~~~~
./score/mw/com/impl/com_error.h:57:5: note: declared here
   57 |     kServiceInstanceAlreadyOffered
      |     ^~~~~~~~~~~~~~~~~~~~~~~~~~~~~~
INFO: From Compiling score/mw/com/impl/bindings/lola/i_runtime.cpp:
In file included from ./score/mw/com/impl/instance_identifier.h:16,
                 from ./score/mw/com/impl/handle_type.h:18,
                 from ./score/mw/com/impl/enriched_instance_identifier.h:17,
                 from ./score/mw/com/impl/i_service_discovery_client.h:16,
                 from ./score/mw/com/impl/i_binding_runtime.h:17,
                 from ./score/mw/com/impl/bindings/lola/i_runtime.h:20,
                 from score/mw/com/impl/bindings/lola/i_runtime.cpp:13:
./score/mw/com/impl/com_error.h: In member function 'virtual std::string_view score::mw::com::impl::ComErrorDomain::MessageFor(const score::result::ErrorCode&) const':
./score/mw/com/impl/com_error.h:186:65: warning: 'score::mw::com::impl::ComErrc::kServiceInstanceAlreadyOffered' is deprecated: Value has never been used. Calls to OfferService shall be idempotent. [-Wdeprecated-declarations]
  186 |             case static_cast<score::result::ErrorCode>(ComErrc::kServiceInstanceAlreadyOffered):
      |                                                                 ^~~~~~~~~~~~~~~~~~~~~~~~~~~~~~
./score/mw/com/impl/com_error.h:57:5: note: declared here
   57 |     kServiceInstanceAlreadyOffered
      |     ^~~~~~~~~~~~~~~~~~~~~~~~~~~~~~
[1,130 / 1,272] Compiling score/mw/com/impl/bindings/lola/subscription_not_subscribed_states.cpp; 0s linux-sandbox ... (2 actions, 1 running)
INFO: From Compiling score/mw/com/impl/bindings/lola/subscription_not_subscribed_states.cpp:
In file included from score/mw/com/impl/bindings/lola/subscription_not_subscribed_states.cpp:20:
./score/mw/com/impl/com_error.h: In member function 'virtual std::string_view score::mw::com::impl::ComErrorDomain::MessageFor(const score::result::ErrorCode&) const':
./score/mw/com/impl/com_error.h:186:65: warning: 'score::mw::com::impl::ComErrc::kServiceInstanceAlreadyOffered' is deprecated: Value has never been used. Calls to OfferService shall be idempotent. [-Wdeprecated-declarations]
  186 |             case static_cast<score::result::ErrorCode>(ComErrc::kServiceInstanceAlreadyOffered):
      |                                                                 ^~~~~~~~~~~~~~~~~~~~~~~~~~~~~~
./score/mw/com/impl/com_error.h:57:5: note: declared here
   57 |     kServiceInstanceAlreadyOffered
      |     ^~~~~~~~~~~~~~~~~~~~~~~~~~~~~~
[1,134 / 1,272] Compiling score/mw/com/impl/bindings/lola/runtime.cpp; 1s linux-sandbox ... (2 actions running)
INFO: From Compiling score/mw/com/impl/bindings/lola/runtime.cpp:
In file included from ./score/mw/com/impl/instance_identifier.h:16,
                 from ./score/mw/com/impl/handle_type.h:18,
                 from ./score/mw/com/impl/enriched_instance_identifier.h:17,
                 from ./score/mw/com/impl/i_service_discovery_client.h:16,
                 from ./score/mw/com/impl/i_binding_runtime.h:17,
                 from ./score/mw/com/impl/bindings/lola/i_runtime.h:20,
                 from ./score/mw/com/impl/bindings/lola/runtime.h:16,
                 from score/mw/com/impl/bindings/lola/runtime.cpp:13:
./score/mw/com/impl/com_error.h: In member function 'virtual std::string_view score::mw::com::impl::ComErrorDomain::MessageFor(const score::result::ErrorCode&) const':
./score/mw/com/impl/com_error.h:186:65: warning: 'score::mw::com::impl::ComErrc::kServiceInstanceAlreadyOffered' is deprecated: Value has never been used. Calls to OfferService shall be idempotent. [-Wdeprecated-declarations]
  186 |             case static_cast<score::result::ErrorCode>(ComErrc::kServiceInstanceAlreadyOffered):
      |                                                                 ^~~~~~~~~~~~~~~~~~~~~~~~~~~~~~
./score/mw/com/impl/com_error.h:57:5: note: declared here
   57 |     kServiceInstanceAlreadyOffered
      |     ^~~~~~~~~~~~~~~~~~~~~~~~~~~~~~
[1,139 / 1,272] Compiling score/mw/com/impl/bindings/lola/subscription_state_machine.cpp; 0s linux-sandbox ... (2 actions running)
INFO: From Compiling score/mw/com/impl/bindings/lola/subscription_subscribed_states.cpp:
In file included from score/mw/com/impl/bindings/lola/subscription_subscribed_states.cpp:18:
./score/mw/com/impl/com_error.h: In member function 'virtual std::string_view score::mw::com::impl::ComErrorDomain::MessageFor(const score::result::ErrorCode&) const':
./score/mw/com/impl/com_error.h:186:65: warning: 'score::mw::com::impl::ComErrc::kServiceInstanceAlreadyOffered' is deprecated: Value has never been used. Calls to OfferService shall be idempotent. [-Wdeprecated-declarations]
  186 |             case static_cast<score::result::ErrorCode>(ComErrc::kServiceInstanceAlreadyOffered):
      |                                                                 ^~~~~~~~~~~~~~~~~~~~~~~~~~~~~~
./score/mw/com/impl/com_error.h:57:5: note: declared here
   57 |     kServiceInstanceAlreadyOffered
      |     ^~~~~~~~~~~~~~~~~~~~~~~~~~~~~~
[1,142 / 1,272] Compiling score/mw/com/impl/plumbing/binding_runtime_factory.cpp; 1s linux-sandbox ... (2 actions, 1 running)
INFO: From Compiling score/mw/com/impl/plumbing/binding_runtime_factory.cpp:
In file included from ./score/mw/com/impl/configuration/service_instance_deployment.h:17,
                 from ./score/mw/com/impl/configuration/configuration.h:18,
                 from ./score/mw/com/impl/plumbing/binding_runtime_factory.h:16,
                 from score/mw/com/impl/plumbing/binding_runtime_factory.cpp:13:
./score/mw/com/impl/com_error.h: In member function 'virtual std::string_view score::mw::com::impl::ComErrorDomain::MessageFor(const score::result::ErrorCode&) const':
./score/mw/com/impl/com_error.h:186:65: warning: 'score::mw::com::impl::ComErrc::kServiceInstanceAlreadyOffered' is deprecated: Value has never been used. Calls to OfferService shall be idempotent. [-Wdeprecated-declarations]
  186 |             case static_cast<score::result::ErrorCode>(ComErrc::kServiceInstanceAlreadyOffered):
      |                                                                 ^~~~~~~~~~~~~~~~~~~~~~~~~~~~~~
./score/mw/com/impl/com_error.h:57:5: note: declared here
   57 |     kServiceInstanceAlreadyOffered
      |     ^~~~~~~~~~~~~~~~~~~~~~~~~~~~~~
INFO: From Compiling score/mw/com/impl/bindings/lola/subscription_subscription_pending_states.cpp:
In file included from score/mw/com/impl/bindings/lola/subscription_subscription_pending_states.cpp:17:
./score/mw/com/impl/com_error.h: In member function 'virtual std::string_view score::mw::com::impl::ComErrorDomain::MessageFor(const score::result::ErrorCode&) const':
./score/mw/com/impl/com_error.h:186:65: warning: 'score::mw::com::impl::ComErrc::kServiceInstanceAlreadyOffered' is deprecated: Value has never been used. Calls to OfferService shall be idempotent. [-Wdeprecated-declarations]
  186 |             case static_cast<score::result::ErrorCode>(ComErrc::kServiceInstanceAlreadyOffered):
      |                                                                 ^~~~~~~~~~~~~~~~~~~~~~~~~~~~~~
./score/mw/com/impl/com_error.h:57:5: note: declared here
   57 |     kServiceInstanceAlreadyOffered
      |     ^~~~~~~~~~~~~~~~~~~~~~~~~~~~~~
[1,148 / 1,272] Compiling score/mw/com/impl/runtime.cpp; 1s linux-sandbox ... (2 actions running)
INFO: From Compiling score/mw/com/impl/runtime.cpp:
In file included from ./score/mw/com/impl/configuration/service_instance_deployment.h:17,
                 from ./score/mw/com/impl/configuration/configuration.h:18,
                 from ./score/mw/com/impl/runtime.h:18,
                 from score/mw/com/impl/runtime.cpp:13:
./score/mw/com/impl/com_error.h: In member function 'virtual std::string_view score::mw::com::impl::ComErrorDomain::MessageFor(const score::result::ErrorCode&) const':
./score/mw/com/impl/com_error.h:186:65: warning: 'score::mw::com::impl::ComErrc::kServiceInstanceAlreadyOffered' is deprecated: Value has never been used. Calls to OfferService shall be idempotent. [-Wdeprecated-declarations]
  186 |             case static_cast<score::result::ErrorCode>(ComErrc::kServiceInstanceAlreadyOffered):
      |                                                                 ^~~~~~~~~~~~~~~~~~~~~~~~~~~~~~
./score/mw/com/impl/com_error.h:57:5: note: declared here
   57 |     kServiceInstanceAlreadyOffered
      |     ^~~~~~~~~~~~~~~~~~~~~~~~~~~~~~
INFO: From Compiling score/mw/com/impl/bindings/lola/transaction_log_rollback_executor.cpp:
In file included from ./score/mw/com/impl/instance_identifier.h:16,
                 from ./score/mw/com/impl/handle_type.h:18,
                 from ./score/mw/com/impl/enriched_instance_identifier.h:17,
                 from ./score/mw/com/impl/i_service_discovery_client.h:16,
                 from ./score/mw/com/impl/i_binding_runtime.h:17,
                 from ./score/mw/com/impl/bindings/lola/i_runtime.h:20,
                 from ./score/mw/com/impl/bindings/lola/transaction_log_rollback_executor.h:16,
                 from score/mw/com/impl/bindings/lola/transaction_log_rollback_executor.cpp:13:
./score/mw/com/impl/com_error.h: In member function 'virtual std::string_view score::mw::com::impl::ComErrorDomain::MessageFor(const score::result::ErrorCode&) const':
./score/mw/com/impl/com_error.h:186:65: warning: 'score::mw::com::impl::ComErrc::kServiceInstanceAlreadyOffered' is deprecated: Value has never been used. Calls to OfferService shall be idempotent. [-Wdeprecated-declarations]
  186 |             case static_cast<score::result::ErrorCode>(ComErrc::kServiceInstanceAlreadyOffered):
      |                                                                 ^~~~~~~~~~~~~~~~~~~~~~~~~~~~~~
./score/mw/com/impl/com_error.h:57:5: note: declared here
   57 |     kServiceInstanceAlreadyOffered
      |     ^~~~~~~~~~~~~~~~~~~~~~~~~~~~~~
INFO: From Compiling score/mw/com/impl/tracing/common_event_tracing.cpp:
In file included from ./score/mw/com/impl/instance_identifier.h:16,
                 from ./score/mw/com/impl/tracing/common_event_tracing.h:16,
                 from score/mw/com/impl/tracing/common_event_tracing.cpp:13:
./score/mw/com/impl/com_error.h: In member function 'virtual std::string_view score::mw::com::impl::ComErrorDomain::MessageFor(const score::result::ErrorCode&) const':
./score/mw/com/impl/com_error.h:186:65: warning: 'score::mw::com::impl::ComErrc::kServiceInstanceAlreadyOffered' is deprecated: Value has never been used. Calls to OfferService shall be idempotent. [-Wdeprecated-declarations]
  186 |             case static_cast<score::result::ErrorCode>(ComErrc::kServiceInstanceAlreadyOffered):
      |                                                                 ^~~~~~~~~~~~~~~~~~~~~~~~~~~~~~
./score/mw/com/impl/com_error.h:57:5: note: declared here
   57 |     kServiceInstanceAlreadyOffered
      |     ^~~~~~~~~~~~~~~~~~~~~~~~~~~~~~
[1,155 / 1,272] Compiling score/mw/com/impl/bindings/lola/proxy.cpp; 1s linux-sandbox ... (2 actions, 1 running)
INFO: From Compiling score/mw/com/impl/bindings/lola/proxy.cpp:
In file included from ./score/mw/com/impl/instance_identifier.h:16,
                 from ./score/mw/com/impl/handle_type.h:18,
                 from ./score/mw/com/impl/enriched_instance_identifier.h:17,
                 from ./score/mw/com/impl/i_service_discovery_client.h:16,
                 from ./score/mw/com/impl/i_binding_runtime.h:17,
                 from ./score/mw/com/impl/bindings/lola/i_runtime.h:20,
                 from ./score/mw/com/impl/bindings/lola/proxy_method.h:17,
                 from ./score/mw/com/impl/bindings/lola/proxy.h:24,
                 from score/mw/com/impl/bindings/lola/proxy.cpp:13:
./score/mw/com/impl/com_error.h: In member function 'virtual std::string_view score::mw::com::impl::ComErrorDomain::MessageFor(const score::result::ErrorCode&) const':
./score/mw/com/impl/com_error.h:186:65: warning: 'score::mw::com::impl::ComErrc::kServiceInstanceAlreadyOffered' is deprecated: Value has never been used. Calls to OfferService shall be idempotent. [-Wdeprecated-declarations]
  186 |             case static_cast<score::result::ErrorCode>(ComErrc::kServiceInstanceAlreadyOffered):
      |                                                                 ^~~~~~~~~~~~~~~~~~~~~~~~~~~~~~
./score/mw/com/impl/com_error.h:57:5: note: declared here
   57 |     kServiceInstanceAlreadyOffered
      |     ^~~~~~~~~~~~~~~~~~~~~~~~~~~~~~
[1,157 / 1,272] Compiling score/mw/com/impl/proxy_event_base.cpp; 1s linux-sandbox ... (2 actions, 1 running)
INFO: From Compiling score/mw/com/impl/proxy_event_base.cpp:
In file included from score/mw/com/impl/proxy_event_base.cpp:16:
./score/mw/com/impl/com_error.h: In member function 'virtual std::string_view score::mw::com::impl::ComErrorDomain::MessageFor(const score::result::ErrorCode&) const':
./score/mw/com/impl/com_error.h:186:65: warning: 'score::mw::com::impl::ComErrc::kServiceInstanceAlreadyOffered' is deprecated: Value has never been used. Calls to OfferService shall be idempotent. [-Wdeprecated-declarations]
  186 |             case static_cast<score::result::ErrorCode>(ComErrc::kServiceInstanceAlreadyOffered):
      |                                                                 ^~~~~~~~~~~~~~~~~~~~~~~~~~~~~~
./score/mw/com/impl/com_error.h:57:5: note: declared here
   57 |     kServiceInstanceAlreadyOffered
      |     ^~~~~~~~~~~~~~~~~~~~~~~~~~~~~~
INFO: From Compiling score/mw/com/impl/tracing/proxy_event_tracing.cpp:
In file included from ./score/mw/com/impl/instance_identifier.h:16,
                 from ./score/mw/com/impl/tracing/proxy_event_tracing.h:23,
                 from score/mw/com/impl/tracing/proxy_event_tracing.cpp:17:
./score/mw/com/impl/com_error.h: In member function 'virtual std::string_view score::mw::com::impl::ComErrorDomain::MessageFor(const score::result::ErrorCode&) const':
./score/mw/com/impl/com_error.h:186:65: warning: 'score::mw::com::impl::ComErrc::kServiceInstanceAlreadyOffered' is deprecated: Value has never been used. Calls to OfferService shall be idempotent. [-Wdeprecated-declarations]
  186 |             case static_cast<score::result::ErrorCode>(ComErrc::kServiceInstanceAlreadyOffered):
      |                                                                 ^~~~~~~~~~~~~~~~~~~~~~~~~~~~~~
./score/mw/com/impl/com_error.h:57:5: note: declared here
   57 |     kServiceInstanceAlreadyOffered
      |     ^~~~~~~~~~~~~~~~~~~~~~~~~~~~~~
[1,160 / 1,272] Compiling score/mw/com/impl/bindings/lola/proxy_event.cpp; 1s linux-sandbox ... (2 actions, 1 running)
INFO: From Compiling score/mw/com/impl/bindings/lola/proxy_event.cpp:
In file included from ./score/mw/com/impl/instance_identifier.h:16,
                 from ./score/mw/com/impl/handle_type.h:18,
                 from ./score/mw/com/impl/enriched_instance_identifier.h:17,
                 from ./score/mw/com/impl/i_service_discovery_client.h:16,
                 from ./score/mw/com/impl/i_binding_runtime.h:17,
                 from ./score/mw/com/impl/bindings/lola/i_runtime.h:20,
                 from ./score/mw/com/impl/bindings/lola/proxy_method.h:17,
                 from ./score/mw/com/impl/bindings/lola/proxy.h:24,
                 from ./score/mw/com/impl/bindings/lola/proxy_event.h:18,
                 from score/mw/com/impl/bindings/lola/proxy_event.cpp:13:
./score/mw/com/impl/com_error.h: In member function 'virtual std::string_view score::mw::com::impl::ComErrorDomain::MessageFor(const score::result::ErrorCode&) const':
./score/mw/com/impl/com_error.h:186:65: warning: 'score::mw::com::impl::ComErrc::kServiceInstanceAlreadyOffered' is deprecated: Value has never been used. Calls to OfferService shall be idempotent. [-Wdeprecated-declarations]
  186 |             case static_cast<score::result::ErrorCode>(ComErrc::kServiceInstanceAlreadyOffered):
      |                                                                 ^~~~~~~~~~~~~~~~~~~~~~~~~~~~~~
./score/mw/com/impl/com_error.h:57:5: note: declared here
   57 |     kServiceInstanceAlreadyOffered
      |     ^~~~~~~~~~~~~~~~~~~~~~~~~~~~~~
[1,162 / 1,272] Compiling score/mw/com/impl/tracing/skeleton_tracing.cpp; 1s linux-sandbox ... (2 actions running)
INFO: From Compiling score/mw/com/impl/tracing/skeleton_tracing.cpp:
In file included from ./score/mw/com/impl/instance_identifier.h:16,
                 from ./score/mw/com/impl/tracing/skeleton_tracing.h:21,
                 from score/mw/com/impl/tracing/skeleton_tracing.cpp:17:
./score/mw/com/impl/com_error.h: In member function 'virtual std::string_view score::mw::com::impl::ComErrorDomain::MessageFor(const score::result::ErrorCode&) const':
./score/mw/com/impl/com_error.h:186:65: warning: 'score::mw::com::impl::ComErrc::kServiceInstanceAlreadyOffered' is deprecated: Value has never been used. Calls to OfferService shall be idempotent. [-Wdeprecated-declarations]
  186 |             case static_cast<score::result::ErrorCode>(ComErrc::kServiceInstanceAlreadyOffered):
      |                                                                 ^~~~~~~~~~~~~~~~~~~~~~~~~~~~~~
./score/mw/com/impl/com_error.h:57:5: note: declared here
   57 |     kServiceInstanceAlreadyOffered
      |     ^~~~~~~~~~~~~~~~~~~~~~~~~~~~~~
INFO: From Compiling score/mw/com/impl/bindings/lola/proxy_method.cpp:
In file included from ./score/mw/com/impl/instance_identifier.h:16,
                 from ./score/mw/com/impl/handle_type.h:18,
                 from ./score/mw/com/impl/enriched_instance_identifier.h:17,
                 from ./score/mw/com/impl/i_service_discovery_client.h:16,
                 from ./score/mw/com/impl/i_binding_runtime.h:17,
                 from ./score/mw/com/impl/bindings/lola/i_runtime.h:20,
                 from ./score/mw/com/impl/bindings/lola/proxy_method.h:17,
                 from score/mw/com/impl/bindings/lola/proxy_method.cpp:13:
./score/mw/com/impl/com_error.h: In member function 'virtual std::string_view score::mw::com::impl::ComErrorDomain::MessageFor(const score::result::ErrorCode&) const':
./score/mw/com/impl/com_error.h:186:65: warning: 'score::mw::com::impl::ComErrc::kServiceInstanceAlreadyOffered' is deprecated: Value has never been used. Calls to OfferService shall be idempotent. [-Wdeprecated-declarations]
  186 |             case static_cast<score::result::ErrorCode>(ComErrc::kServiceInstanceAlreadyOffered):
      |                                                                 ^~~~~~~~~~~~~~~~~~~~~~~~~~~~~~
./score/mw/com/impl/com_error.h:57:5: note: declared here
   57 |     kServiceInstanceAlreadyOffered
      |     ^~~~~~~~~~~~~~~~~~~~~~~~~~~~~~
INFO: From Compiling score/mw/com/impl/skeleton_field_base.cpp:
In file included from ./score/mw/com/impl/skeleton_field_base.h:16,
                 from score/mw/com/impl/skeleton_field_base.cpp:13:
./score/mw/com/impl/com_error.h: In member function 'virtual std::string_view score::mw::com::impl::ComErrorDomain::MessageFor(const score::result::ErrorCode&) const':
./score/mw/com/impl/com_error.h:186:65: warning: 'score::mw::com::impl::ComErrc::kServiceInstanceAlreadyOffered' is deprecated: Value has never been used. Calls to OfferService shall be idempotent. [-Wdeprecated-declarations]
  186 |             case static_cast<score::result::ErrorCode>(ComErrc::kServiceInstanceAlreadyOffered):
      |                                                                 ^~~~~~~~~~~~~~~~~~~~~~~~~~~~~~
./score/mw/com/impl/com_error.h:57:5: note: declared here
   57 |     kServiceInstanceAlreadyOffered
      |     ^~~~~~~~~~~~~~~~~~~~~~~~~~~~~~
[1,167 / 1,272] Compiling score/mw/com/impl/plumbing/lola_proxy_element_building_blocks.cpp; 0s linux-sandbox ... (2 actions, 1 running)
INFO: From Compiling score/mw/com/impl/plumbing/lola_proxy_element_building_blocks.cpp:
In file included from ./score/mw/com/impl/instance_identifier.h:16,
                 from ./score/mw/com/impl/handle_type.h:18,
                 from ./score/mw/com/impl/plumbing/lola_proxy_element_building_blocks.h:18,
                 from score/mw/com/impl/plumbing/lola_proxy_element_building_blocks.cpp:13:
./score/mw/com/impl/com_error.h: In member function 'virtual std::string_view score::mw::com::impl::ComErrorDomain::MessageFor(const score::result::ErrorCode&) const':
./score/mw/com/impl/com_error.h:186:65: warning: 'score::mw::com::impl::ComErrc::kServiceInstanceAlreadyOffered' is deprecated: Value has never been used. Calls to OfferService shall be idempotent. [-Wdeprecated-declarations]
  186 |             case static_cast<score::result::ErrorCode>(ComErrc::kServiceInstanceAlreadyOffered):
      |                                                                 ^~~~~~~~~~~~~~~~~~~~~~~~~~~~~~
./score/mw/com/impl/com_error.h:57:5: note: declared here
   57 |     kServiceInstanceAlreadyOffered
      |     ^~~~~~~~~~~~~~~~~~~~~~~~~~~~~~
INFO: From Compiling score/mw/com/impl/generic_proxy.cpp:
In file included from ./score/mw/com/impl/instance_identifier.h:16,
                 from ./score/mw/com/impl/handle_type.h:18,
                 from ./score/mw/com/impl/proxy_base.h:18,
                 from ./score/mw/com/impl/generic_proxy_event.h:18,
                 from ./score/mw/com/impl/generic_proxy.h:18,
                 from score/mw/com/impl/generic_proxy.cpp:14:
./score/mw/com/impl/com_error.h: In member function 'virtual std::string_view score::mw::com::impl::ComErrorDomain::MessageFor(const score::result::ErrorCode&) const':
./score/mw/com/impl/com_error.h:186:65: warning: 'score::mw::com::impl::ComErrc::kServiceInstanceAlreadyOffered' is deprecated: Value has never been used. Calls to OfferService shall be idempotent. [-Wdeprecated-declarations]
  186 |             case static_cast<score::result::ErrorCode>(ComErrc::kServiceInstanceAlreadyOffered):
      |                                                                 ^~~~~~~~~~~~~~~~~~~~~~~~~~~~~~
./score/mw/com/impl/com_error.h:57:5: note: declared here
   57 |     kServiceInstanceAlreadyOffered
      |     ^~~~~~~~~~~~~~~~~~~~~~~~~~~~~~
[1,173 / 1,272] Compiling score/mw/com/impl/tracing/skeleton_event_tracing.cpp; 0s linux-sandbox ... (2 actions, 1 running)
INFO: From Compiling score/mw/com/impl/tracing/skeleton_event_tracing.cpp:
In file included from ./score/mw/com/impl/instance_identifier.h:16,
                 from ./score/mw/com/impl/tracing/skeleton_event_tracing.h:22,
                 from score/mw/com/impl/tracing/skeleton_event_tracing.cpp:13:
./score/mw/com/impl/com_error.h: In member function 'virtual std::string_view score::mw::com::impl::ComErrorDomain::MessageFor(const score::result::ErrorCode&) const':
./score/mw/com/impl/com_error.h:186:65: warning: 'score::mw::com::impl::ComErrc::kServiceInstanceAlreadyOffered' is deprecated: Value has never been used. Calls to OfferService shall be idempotent. [-Wdeprecated-declarations]
  186 |             case static_cast<score::result::ErrorCode>(ComErrc::kServiceInstanceAlreadyOffered):
      |                                                                 ^~~~~~~~~~~~~~~~~~~~~~~~~~~~~~
./score/mw/com/impl/com_error.h:57:5: note: declared here
   57 |     kServiceInstanceAlreadyOffered
      |     ^~~~~~~~~~~~~~~~~~~~~~~~~~~~~~
INFO: From Compiling score/mw/com/impl/plumbing/i_proxy_field_binding_factory.cpp:
In file included from ./score/mw/com/impl/instance_identifier.h:16,
                 from ./score/mw/com/impl/handle_type.h:18,
                 from ./score/mw/com/impl/plumbing/i_proxy_field_binding_factory.h:16,
                 from score/mw/com/impl/plumbing/i_proxy_field_binding_factory.cpp:13:
./score/mw/com/impl/com_error.h: In member function 'virtual std::string_view score::mw::com::impl::ComErrorDomain::MessageFor(const score::result::ErrorCode&) const':
./score/mw/com/impl/com_error.h:186:65: warning: 'score::mw::com::impl::ComErrc::kServiceInstanceAlreadyOffered' is deprecated: Value has never been used. Calls to OfferService shall be idempotent. [-Wdeprecated-declarations]
  186 |             case static_cast<score::result::ErrorCode>(ComErrc::kServiceInstanceAlreadyOffered):
      |                                                                 ^~~~~~~~~~~~~~~~~~~~~~~~~~~~~~
./score/mw/com/impl/com_error.h:57:5: note: declared here
   57 |     kServiceInstanceAlreadyOffered
      |     ^~~~~~~~~~~~~~~~~~~~~~~~~~~~~~
[1,178 / 1,272] Compiling score/mw/com/impl/bindings/lola/type_erased_sample_ptrs_guard.cpp; 0s linux-sandbox ... (2 actions, 1 running)
INFO: From Compiling score/mw/com/impl/bindings/lola/type_erased_sample_ptrs_guard.cpp:
In file included from ./score/mw/com/impl/configuration/service_instance_deployment.h:17,
                 from ./score/mw/com/impl/configuration/configuration.h:18,
                 from ./score/mw/com/impl/runtime.h:18,
                 from score/mw/com/impl/bindings/lola/type_erased_sample_ptrs_guard.cpp:16:
./score/mw/com/impl/com_error.h: In member function 'virtual std::string_view score::mw::com::impl::ComErrorDomain::MessageFor(const score::result::ErrorCode&) const':
./score/mw/com/impl/com_error.h:186:65: warning: 'score::mw::com::impl::ComErrc::kServiceInstanceAlreadyOffered' is deprecated: Value has never been used. Calls to OfferService shall be idempotent. [-Wdeprecated-declarations]
  186 |             case static_cast<score::result::ErrorCode>(ComErrc::kServiceInstanceAlreadyOffered):
      |                                                                 ^~~~~~~~~~~~~~~~~~~~~~~~~~~~~~
./score/mw/com/impl/com_error.h:57:5: note: declared here
   57 |     kServiceInstanceAlreadyOffered
      |     ^~~~~~~~~~~~~~~~~~~~~~~~~~~~~~
[1,180 / 1,272] Compiling score/mw/com/impl/plumbing/proxy_event_binding_factory.cpp; 1s linux-sandbox ... (2 actions running)
INFO: From Compiling score/mw/com/impl/plumbing/proxy_event_binding_factory.cpp:
In file included from ./score/mw/com/impl/instance_identifier.h:16,
                 from ./score/mw/com/impl/handle_type.h:18,
                 from ./score/mw/com/impl/plumbing/proxy_event_binding_factory.h:17,
                 from score/mw/com/impl/plumbing/proxy_event_binding_factory.cpp:13:
./score/mw/com/impl/com_error.h: In member function 'virtual std::string_view score::mw::com::impl::ComErrorDomain::MessageFor(const score::result::ErrorCode&) const':
./score/mw/com/impl/com_error.h:186:65: warning: 'score::mw::com::impl::ComErrc::kServiceInstanceAlreadyOffered' is deprecated: Value has never been used. Calls to OfferService shall be idempotent. [-Wdeprecated-declarations]
  186 |             case static_cast<score::result::ErrorCode>(ComErrc::kServiceInstanceAlreadyOffered):
      |                                                                 ^~~~~~~~~~~~~~~~~~~~~~~~~~~~~~
./score/mw/com/impl/com_error.h:57:5: note: declared here
   57 |     kServiceInstanceAlreadyOffered
      |     ^~~~~~~~~~~~~~~~~~~~~~~~~~~~~~
INFO: From Compiling score/mw/com/impl/bindings/lola/service_data_storage.cpp:
In file included from ./score/mw/com/impl/instance_identifier.h:16,
                 from ./score/mw/com/impl/handle_type.h:18,
                 from ./score/mw/com/impl/enriched_instance_identifier.h:17,
                 from ./score/mw/com/impl/i_service_discovery_client.h:16,
                 from ./score/mw/com/impl/i_binding_runtime.h:17,
                 from ./score/mw/com/impl/bindings/lola/i_runtime.h:20,
                 from ./score/mw/com/impl/bindings/lola/service_data_storage.h:20,
                 from score/mw/com/impl/bindings/lola/service_data_storage.cpp:13:
./score/mw/com/impl/com_error.h: In member function 'virtual std::string_view score::mw::com::impl::ComErrorDomain::MessageFor(const score::result::ErrorCode&) const':
./score/mw/com/impl/com_error.h:186:65: warning: 'score::mw::com::impl::ComErrc::kServiceInstanceAlreadyOffered' is deprecated: Value has never been used. Calls to OfferService shall be idempotent. [-Wdeprecated-declarations]
  186 |             case static_cast<score::result::ErrorCode>(ComErrc::kServiceInstanceAlreadyOffered):
      |                                                                 ^~~~~~~~~~~~~~~~~~~~~~~~~~~~~~
./score/mw/com/impl/com_error.h:57:5: note: declared here
   57 |     kServiceInstanceAlreadyOffered
      |     ^~~~~~~~~~~~~~~~~~~~~~~~~~~~~~
INFO: From Compiling score/mw/com/impl/plumbing/proxy_event_binding_factory_impl.cpp:
In file included from ./score/mw/com/impl/instance_identifier.h:16,
                 from ./score/mw/com/impl/handle_type.h:18,
                 from ./score/mw/com/impl/enriched_instance_identifier.h:17,
                 from ./score/mw/com/impl/i_service_discovery_client.h:16,
                 from ./score/mw/com/impl/i_binding_runtime.h:17,
                 from ./score/mw/com/impl/bindings/lola/i_runtime.h:20,
                 from ./score/mw/com/impl/bindings/lola/proxy_method.h:17,
                 from ./score/mw/com/impl/bindings/lola/proxy.h:24,
                 from ./score/mw/com/impl/plumbing/proxy_event_binding_factory_impl.h:16,
                 from score/mw/com/impl/plumbing/proxy_event_binding_factory_impl.cpp:13:
./score/mw/com/impl/com_error.h: In member function 'virtual std::string_view score::mw::com::impl::ComErrorDomain::MessageFor(const score::result::ErrorCode&) const':
./score/mw/com/impl/com_error.h:186:65: warning: 'score::mw::com::impl::ComErrc::kServiceInstanceAlreadyOffered' is deprecated: Value has never been used. Calls to OfferService shall be idempotent. [-Wdeprecated-declarations]
  186 |             case static_cast<score::result::ErrorCode>(ComErrc::kServiceInstanceAlreadyOffered):
      |                                                                 ^~~~~~~~~~~~~~~~~~~~~~~~~~~~~~
./score/mw/com/impl/com_error.h:57:5: note: declared here
   57 |     kServiceInstanceAlreadyOffered
      |     ^~~~~~~~~~~~~~~~~~~~~~~~~~~~~~
[1,185 / 1,272] Compiling score/mw/com/impl/bindings/lola/skeleton.cpp; 0s linux-sandbox ... (2 actions, 1 running)
INFO: From Compiling score/mw/com/impl/plumbing/i_proxy_event_binding_factory.cpp:
In file included from ./score/mw/com/impl/instance_identifier.h:16,
                 from ./score/mw/com/impl/handle_type.h:18,
                 from ./score/mw/com/impl/plumbing/i_proxy_event_binding_factory.h:17,
                 from score/mw/com/impl/plumbing/i_proxy_event_binding_factory.cpp:13:
./score/mw/com/impl/com_error.h: In member function 'virtual std::string_view score::mw::com::impl::ComErrorDomain::MessageFor(const score::result::ErrorCode&) const':
./score/mw/com/impl/com_error.h:186:65: warning: 'score::mw::com::impl::ComErrc::kServiceInstanceAlreadyOffered' is deprecated: Value has never been used. Calls to OfferService shall be idempotent. [-Wdeprecated-declarations]
  186 |             case static_cast<score::result::ErrorCode>(ComErrc::kServiceInstanceAlreadyOffered):
      |                                                                 ^~~~~~~~~~~~~~~~~~~~~~~~~~~~~~
./score/mw/com/impl/com_error.h:57:5: note: declared here
   57 |     kServiceInstanceAlreadyOffered
      |     ^~~~~~~~~~~~~~~~~~~~~~~~~~~~~~
[1,187 / 1,272] Compiling score/mw/com/impl/bindings/lola/skeleton.cpp; 1s linux-sandbox ... (2 actions, 1 running)
INFO: From Compiling score/mw/com/impl/bindings/lola/skeleton.cpp:
In file included from ./score/mw/com/impl/instance_identifier.h:16,
                 from ./score/mw/com/impl/handle_type.h:18,
                 from ./score/mw/com/impl/enriched_instance_identifier.h:17,
                 from ./score/mw/com/impl/i_service_discovery_client.h:16,
                 from ./score/mw/com/impl/i_binding_runtime.h:17,
                 from ./score/mw/com/impl/bindings/lola/i_runtime.h:20,
                 from ./score/mw/com/impl/bindings/lola/service_data_storage.h:20,
                 from ./score/mw/com/impl/bindings/lola/skeleton_memory_manager.h:20,
                 from ./score/mw/com/impl/bindings/lola/skeleton.h:32,
                 from score/mw/com/impl/bindings/lola/skeleton.cpp:13:
./score/mw/com/impl/com_error.h: In member function 'virtual std::string_view score::mw::com::impl::ComErrorDomain::MessageFor(const score::result::ErrorCode&) const':
./score/mw/com/impl/com_error.h:186:65: warning: 'score::mw::com::impl::ComErrc::kServiceInstanceAlreadyOffered' is deprecated: Value has never been used. Calls to OfferService shall be idempotent. [-Wdeprecated-declarations]
  186 |             case static_cast<score::result::ErrorCode>(ComErrc::kServiceInstanceAlreadyOffered):
      |                                                                 ^~~~~~~~~~~~~~~~~~~~~~~~~~~~~~
./score/mw/com/impl/com_error.h:57:5: note: declared here
   57 |     kServiceInstanceAlreadyOffered
      |     ^~~~~~~~~~~~~~~~~~~~~~~~~~~~~~
INFO: From Compiling score/mw/com/impl/plumbing/proxy_field_binding_factory.cpp:
In file included from ./score/mw/com/impl/instance_identifier.h:16,
                 from ./score/mw/com/impl/handle_type.h:18,
                 from ./score/mw/com/impl/plumbing/i_proxy_field_binding_factory.h:16,
                 from ./score/mw/com/impl/plumbing/proxy_field_binding_factory.h:16,
                 from score/mw/com/impl/plumbing/proxy_field_binding_factory.cpp:13:
./score/mw/com/impl/com_error.h: In member function 'virtual std::string_view score::mw::com::impl::ComErrorDomain::MessageFor(const score::result::ErrorCode&) const':
./score/mw/com/impl/com_error.h:186:65: warning: 'score::mw::com::impl::ComErrc::kServiceInstanceAlreadyOffered' is deprecated: Value has never been used. Calls to OfferService shall be idempotent. [-Wdeprecated-declarations]
  186 |             case static_cast<score::result::ErrorCode>(ComErrc::kServiceInstanceAlreadyOffered):
      |                                                                 ^~~~~~~~~~~~~~~~~~~~~~~~~~~~~~
./score/mw/com/impl/com_error.h:57:5: note: declared here
   57 |     kServiceInstanceAlreadyOffered
      |     ^~~~~~~~~~~~~~~~~~~~~~~~~~~~~~
[1,190 / 1,272] Compiling score/mw/com/impl/bindings/lola/skeleton_event.cpp; 0s linux-sandbox ... (2 actions, 1 running)
INFO: From Compiling score/mw/com/impl/bindings/lola/skeleton_event.cpp:
In file included from ./score/mw/com/impl/instance_identifier.h:16,
                 from ./score/mw/com/impl/handle_type.h:18,
                 from ./score/mw/com/impl/enriched_instance_identifier.h:17,
                 from ./score/mw/com/impl/i_service_discovery_client.h:16,
                 from ./score/mw/com/impl/i_binding_runtime.h:17,
                 from ./score/mw/com/impl/bindings/lola/i_runtime.h:20,
                 from ./score/mw/com/impl/bindings/lola/service_data_storage.h:20,
                 from ./score/mw/com/impl/bindings/lola/skeleton_memory_manager.h:20,
                 from ./score/mw/com/impl/bindings/lola/skeleton.h:32,
                 from ./score/mw/com/impl/bindings/lola/skeleton_event.h:21,
                 from score/mw/com/impl/bindings/lola/skeleton_event.cpp:13:
./score/mw/com/impl/com_error.h: In member function 'virtual std::string_view score::mw::com::impl::ComErrorDomain::MessageFor(const score::result::ErrorCode&) const':
./score/mw/com/impl/com_error.h:186:65: warning: 'score::mw::com::impl::ComErrc::kServiceInstanceAlreadyOffered' is deprecated: Value has never been used. Calls to OfferService shall be idempotent. [-Wdeprecated-declarations]
  186 |             case static_cast<score::result::ErrorCode>(ComErrc::kServiceInstanceAlreadyOffered):
      |                                                                 ^~~~~~~~~~~~~~~~~~~~~~~~~~~~~~
./score/mw/com/impl/com_error.h:57:5: note: declared here
   57 |     kServiceInstanceAlreadyOffered
      |     ^~~~~~~~~~~~~~~~~~~~~~~~~~~~~~
[1,193 / 1,272] Compiling score/mw/com/impl/plumbing/proxy_field_binding_factory_impl.cpp; 0s linux-sandbox ... (2 actions, 1 running)
INFO: From Compiling score/mw/com/impl/plumbing/proxy_field_binding_factory_impl.cpp:
In file included from ./score/mw/com/impl/instance_identifier.h:16,
                 from ./score/mw/com/impl/handle_type.h:18,
                 from ./score/mw/com/impl/enriched_instance_identifier.h:17,
                 from ./score/mw/com/impl/i_service_discovery_client.h:16,
                 from ./score/mw/com/impl/i_binding_runtime.h:17,
                 from ./score/mw/com/impl/bindings/lola/i_runtime.h:20,
                 from ./score/mw/com/impl/bindings/lola/proxy_method.h:17,
                 from ./score/mw/com/impl/bindings/lola/proxy.h:24,
                 from ./score/mw/com/impl/bindings/lola/proxy_event.h:18,
                 from ./score/mw/com/impl/plumbing/proxy_field_binding_factory_impl.h:17,
                 from score/mw/com/impl/plumbing/proxy_field_binding_factory_impl.cpp:13:
./score/mw/com/impl/com_error.h: In member function 'virtual std::string_view score::mw::com::impl::ComErrorDomain::MessageFor(const score::result::ErrorCode&) const':
./score/mw/com/impl/com_error.h:186:65: warning: 'score::mw::com::impl::ComErrc::kServiceInstanceAlreadyOffered' is deprecated: Value has never been used. Calls to OfferService shall be idempotent. [-Wdeprecated-declarations]
  186 |             case static_cast<score::result::ErrorCode>(ComErrc::kServiceInstanceAlreadyOffered):
      |                                                                 ^~~~~~~~~~~~~~~~~~~~~~~~~~~~~~
./score/mw/com/impl/com_error.h:57:5: note: declared here
   57 |     kServiceInstanceAlreadyOffered
      |     ^~~~~~~~~~~~~~~~~~~~~~~~~~~~~~
[1,195 / 1,272] Compiling score/mw/com/impl/bindings/lola/skeleton_memory_manager.cpp; 1s linux-sandbox ... (2 actions running)
INFO: From Compiling score/mw/com/impl/methods/proxy_method.cpp:
In file included from ./score/mw/com/impl/instance_identifier.h:16,
                 from ./score/mw/com/impl/handle_type.h:18,
                 from ./score/mw/com/impl/enriched_instance_identifier.h:17,
                 from ./score/mw/com/impl/i_service_discovery_client.h:16,
                 from ./score/mw/com/impl/i_binding_runtime.h:17,
                 from ./score/mw/com/impl/bindings/lola/i_runtime.h:20,
                 from ./score/mw/com/impl/bindings/lola/proxy_method.h:17,
                 from ./score/mw/com/impl/bindings/lola/proxy.h:24,
                 from ./score/mw/com/impl/methods/proxy_method.h:16,
                 from score/mw/com/impl/methods/proxy_method.cpp:13:
./score/mw/com/impl/com_error.h: In member function 'virtual std::string_view score::mw::com::impl::ComErrorDomain::MessageFor(const score::result::ErrorCode&) const':
./score/mw/com/impl/com_error.h:186:65: warning: 'score::mw::com::impl::ComErrc::kServiceInstanceAlreadyOffered' is deprecated: Value has never been used. Calls to OfferService shall be idempotent. [-Wdeprecated-declarations]
  186 |             case static_cast<score::result::ErrorCode>(ComErrc::kServiceInstanceAlreadyOffered):
      |                                                                 ^~~~~~~~~~~~~~~~~~~~~~~~~~~~~~
./score/mw/com/impl/com_error.h:57:5: note: declared here
   57 |     kServiceInstanceAlreadyOffered
      |     ^~~~~~~~~~~~~~~~~~~~~~~~~~~~~~
INFO: From Compiling score/mw/com/impl/bindings/lola/skeleton_memory_manager.cpp:
In file included from ./score/mw/com/impl/instance_identifier.h:16,
                 from ./score/mw/com/impl/handle_type.h:18,
                 from ./score/mw/com/impl/enriched_instance_identifier.h:17,
                 from ./score/mw/com/impl/i_service_discovery_client.h:16,
                 from ./score/mw/com/impl/i_binding_runtime.h:17,
                 from ./score/mw/com/impl/bindings/lola/i_runtime.h:20,
                 from ./score/mw/com/impl/bindings/lola/service_data_storage.h:20,
                 from ./score/mw/com/impl/bindings/lola/skeleton_memory_manager.h:20,
                 from score/mw/com/impl/bindings/lola/skeleton_memory_manager.cpp:13:
./score/mw/com/impl/com_error.h: In member function 'virtual std::string_view score::mw::com::impl::ComErrorDomain::MessageFor(const score::result::ErrorCode&) const':
./score/mw/com/impl/com_error.h:186:65: warning: 'score::mw::com::impl::ComErrc::kServiceInstanceAlreadyOffered' is deprecated: Value has never been used. Calls to OfferService shall be idempotent. [-Wdeprecated-declarations]
  186 |             case static_cast<score::result::ErrorCode>(ComErrc::kServiceInstanceAlreadyOffered):
      |                                                                 ^~~~~~~~~~~~~~~~~~~~~~~~~~~~~~
./score/mw/com/impl/com_error.h:57:5: note: declared here
   57 |     kServiceInstanceAlreadyOffered
      |     ^~~~~~~~~~~~~~~~~~~~~~~~~~~~~~
[1,197 / 1,272] Compiling score/mw/com/impl/methods/proxy_method_with_in_args.cpp; 0s linux-sandbox ... (2 actions, 1 running)
INFO: From Compiling score/mw/com/impl/methods/proxy_method_with_in_args.cpp:
In file included from ./score/mw/com/impl/instance_identifier.h:16,
                 from ./score/mw/com/impl/handle_type.h:18,
                 from ./score/mw/com/impl/enriched_instance_identifier.h:17,
                 from ./score/mw/com/impl/i_service_discovery_client.h:16,
                 from ./score/mw/com/impl/i_binding_runtime.h:17,
                 from ./score/mw/com/impl/bindings/lola/i_runtime.h:20,
                 from ./score/mw/com/impl/bindings/lola/proxy_method.h:17,
                 from ./score/mw/com/impl/bindings/lola/proxy.h:24,
                 from ./score/mw/com/impl/methods/proxy_method.h:16,
                 from ./score/mw/com/impl/methods/proxy_method_with_in_args.h:18,
                 from score/mw/com/impl/methods/proxy_method_with_in_args.cpp:13:
./score/mw/com/impl/com_error.h: In member function 'virtual std::string_view score::mw::com::impl::ComErrorDomain::MessageFor(const score::result::ErrorCode&) const':
./score/mw/com/impl/com_error.h:186:65: warning: 'score::mw::com::impl::ComErrc::kServiceInstanceAlreadyOffered' is deprecated: Value has never been used. Calls to OfferService shall be idempotent. [-Wdeprecated-declarations]
  186 |             case static_cast<score::result::ErrorCode>(ComErrc::kServiceInstanceAlreadyOffered):
      |                                                                 ^~~~~~~~~~~~~~~~~~~~~~~~~~~~~~
./score/mw/com/impl/com_error.h:57:5: note: declared here
   57 |     kServiceInstanceAlreadyOffered
      |     ^~~~~~~~~~~~~~~~~~~~~~~~~~~~~~
[1,198 / 1,272] Compiling score/mw/com/impl/bindings/lola/skeleton_method.cpp; 1s linux-sandbox ... (2 actions, 1 running)
INFO: From Compiling score/mw/com/impl/bindings/lola/skeleton_method.cpp:
In file included from ./score/mw/com/impl/instance_identifier.h:16,
                 from ./score/mw/com/impl/handle_type.h:18,
                 from ./score/mw/com/impl/enriched_instance_identifier.h:17,
                 from ./score/mw/com/impl/i_service_discovery_client.h:16,
                 from ./score/mw/com/impl/i_binding_runtime.h:17,
                 from ./score/mw/com/impl/bindings/lola/i_runtime.h:20,
                 from score/mw/com/impl/bindings/lola/skeleton_method.cpp:17:
./score/mw/com/impl/com_error.h: In member function 'virtual std::string_view score::mw::com::impl::ComErrorDomain::MessageFor(const score::result::ErrorCode&) const':
./score/mw/com/impl/com_error.h:186:65: warning: 'score::mw::com::impl::ComErrc::kServiceInstanceAlreadyOffered' is deprecated: Value has never been used. Calls to OfferService shall be idempotent. [-Wdeprecated-declarations]
  186 |             case static_cast<score::result::ErrorCode>(ComErrc::kServiceInstanceAlreadyOffered):
      |                                                                 ^~~~~~~~~~~~~~~~~~~~~~~~~~~~~~
./score/mw/com/impl/com_error.h:57:5: note: declared here
   57 |     kServiceInstanceAlreadyOffered
      |     ^~~~~~~~~~~~~~~~~~~~~~~~~~~~~~
INFO: From Compiling score/mw/com/impl/methods/proxy_method_with_in_args_and_return.cpp:
In file included from ./score/mw/com/impl/instance_identifier.h:16,
                 from ./score/mw/com/impl/handle_type.h:18,
                 from ./score/mw/com/impl/enriched_instance_identifier.h:17,
                 from ./score/mw/com/impl/i_service_discovery_client.h:16,
                 from ./score/mw/com/impl/i_binding_runtime.h:17,
                 from ./score/mw/com/impl/bindings/lola/i_runtime.h:20,
                 from ./score/mw/com/impl/bindings/lola/proxy_method.h:17,
                 from ./score/mw/com/impl/bindings/lola/proxy.h:24,
                 from ./score/mw/com/impl/methods/proxy_method.h:16,
                 from ./score/mw/com/impl/methods/proxy_method_with_in_args_and_return.h:18,
                 from score/mw/com/impl/methods/proxy_method_with_in_args_and_return.cpp:13:
./score/mw/com/impl/com_error.h: In member function 'virtual std::string_view score::mw::com::impl::ComErrorDomain::MessageFor(const score::result::ErrorCode&) const':
./score/mw/com/impl/com_error.h:186:65: warning: 'score::mw::com::impl::ComErrc::kServiceInstanceAlreadyOffered' is deprecated: Value has never been used. Calls to OfferService shall be idempotent. [-Wdeprecated-declarations]
  186 |             case static_cast<score::result::ErrorCode>(ComErrc::kServiceInstanceAlreadyOffered):
      |                                                                 ^~~~~~~~~~~~~~~~~~~~~~~~~~~~~~
./score/mw/com/impl/com_error.h:57:5: note: declared here
   57 |     kServiceInstanceAlreadyOffered
      |     ^~~~~~~~~~~~~~~~~~~~~~~~~~~~~~
[1,201 / 1,272] Compiling score/mw/com/impl/plumbing/skeleton_binding_factory_impl.cpp; 0s linux-sandbox ... (2 actions, 1 running)
INFO: From Compiling score/mw/com/impl/plumbing/skeleton_binding_factory_impl.cpp:
In file included from ./score/mw/com/impl/instance_identifier.h:16,
                 from ./score/mw/com/impl/plumbing/skeleton_binding_factory_impl.h:16,
                 from score/mw/com/impl/plumbing/skeleton_binding_factory_impl.cpp:13:
./score/mw/com/impl/com_error.h: In member function 'virtual std::string_view score::mw::com::impl::ComErrorDomain::MessageFor(const score::result::ErrorCode&) const':
./score/mw/com/impl/com_error.h:186:65: warning: 'score::mw::com::impl::ComErrc::kServiceInstanceAlreadyOffered' is deprecated: Value has never been used. Calls to OfferService shall be idempotent. [-Wdeprecated-declarations]
  186 |             case static_cast<score::result::ErrorCode>(ComErrc::kServiceInstanceAlreadyOffered):
      |                                                                 ^~~~~~~~~~~~~~~~~~~~~~~~~~~~~~
./score/mw/com/impl/com_error.h:57:5: note: declared here
   57 |     kServiceInstanceAlreadyOffered
      |     ^~~~~~~~~~~~~~~~~~~~~~~~~~~~~~
INFO: From Compiling score/mw/com/impl/methods/proxy_method_with_return_type.cpp:
In file included from ./score/mw/com/impl/instance_identifier.h:16,
                 from ./score/mw/com/impl/handle_type.h:18,
                 from ./score/mw/com/impl/enriched_instance_identifier.h:17,
                 from ./score/mw/com/impl/i_service_discovery_client.h:16,
                 from ./score/mw/com/impl/i_binding_runtime.h:17,
                 from ./score/mw/com/impl/bindings/lola/i_runtime.h:20,
                 from ./score/mw/com/impl/bindings/lola/proxy_method.h:17,
                 from ./score/mw/com/impl/bindings/lola/proxy.h:24,
                 from ./score/mw/com/impl/methods/proxy_method.h:16,
                 from ./score/mw/com/impl/methods/proxy_method_with_return_type.h:18,
                 from score/mw/com/impl/methods/proxy_method_with_return_type.cpp:13:
./score/mw/com/impl/com_error.h: In member function 'virtual std::string_view score::mw::com::impl::ComErrorDomain::MessageFor(const score::result::ErrorCode&) const':
./score/mw/com/impl/com_error.h:186:65: warning: 'score::mw::com::impl::ComErrc::kServiceInstanceAlreadyOffered' is deprecated: Value has never been used. Calls to OfferService shall be idempotent. [-Wdeprecated-declarations]
  186 |             case static_cast<score::result::ErrorCode>(ComErrc::kServiceInstanceAlreadyOffered):
      |                                                                 ^~~~~~~~~~~~~~~~~~~~~~~~~~~~~~
./score/mw/com/impl/com_error.h:57:5: note: declared here
   57 |     kServiceInstanceAlreadyOffered
      |     ^~~~~~~~~~~~~~~~~~~~~~~~~~~~~~
[1,204 / 1,272] Compiling score/mw/com/impl/plumbing/proxy_binding_factory_impl.cpp; 0s linux-sandbox ... (2 actions, 1 running)
INFO: From Compiling score/mw/com/impl/plumbing/proxy_binding_factory_impl.cpp:
In file included from ./score/mw/com/impl/instance_identifier.h:16,
                 from ./score/mw/com/impl/handle_type.h:18,
                 from ./score/mw/com/impl/plumbing/i_proxy_binding_factory.h:16,
                 from ./score/mw/com/impl/plumbing/proxy_binding_factory_impl.h:16,
                 from score/mw/com/impl/plumbing/proxy_binding_factory_impl.cpp:13:
./score/mw/com/impl/com_error.h: In member function 'virtual std::string_view score::mw::com::impl::ComErrorDomain::MessageFor(const score::result::ErrorCode&) const':
./score/mw/com/impl/com_error.h:186:65: warning: 'score::mw::com::impl::ComErrc::kServiceInstanceAlreadyOffered' is deprecated: Value has never been used. Calls to OfferService shall be idempotent. [-Wdeprecated-declarations]
  186 |             case static_cast<score::result::ErrorCode>(ComErrc::kServiceInstanceAlreadyOffered):
      |                                                                 ^~~~~~~~~~~~~~~~~~~~~~~~~~~~~~
./score/mw/com/impl/com_error.h:57:5: note: declared here
   57 |     kServiceInstanceAlreadyOffered
      |     ^~~~~~~~~~~~~~~~~~~~~~~~~~~~~~
[1,206 / 1,272] Compiling score/mw/com/impl/methods/proxy_method_without_in_args_or_return.cpp; 1s linux-sandbox ... (2 actions running)
INFO: From Compiling score/mw/com/impl/methods/proxy_method_without_in_args_or_return.cpp:
In file included from ./score/mw/com/impl/instance_identifier.h:16,
                 from ./score/mw/com/impl/handle_type.h:18,
                 from ./score/mw/com/impl/enriched_instance_identifier.h:17,
                 from ./score/mw/com/impl/i_service_discovery_client.h:16,
                 from ./score/mw/com/impl/i_binding_runtime.h:17,
                 from ./score/mw/com/impl/bindings/lola/i_runtime.h:20,
                 from ./score/mw/com/impl/bindings/lola/proxy_method.h:17,
                 from ./score/mw/com/impl/bindings/lola/proxy.h:24,
                 from ./score/mw/com/impl/methods/proxy_method.h:16,
                 from ./score/mw/com/impl/methods/proxy_method_without_in_args_or_return.h:17,
                 from score/mw/com/impl/methods/proxy_method_without_in_args_or_return.cpp:13:
./score/mw/com/impl/com_error.h: In member function 'virtual std::string_view score::mw::com::impl::ComErrorDomain::MessageFor(const score::result::ErrorCode&) const':
./score/mw/com/impl/com_error.h:186:65: warning: 'score::mw::com::impl::ComErrc::kServiceInstanceAlreadyOffered' is deprecated: Value has never been used. Calls to OfferService shall be idempotent. [-Wdeprecated-declarations]
  186 |             case static_cast<score::result::ErrorCode>(ComErrc::kServiceInstanceAlreadyOffered):
      |                                                                 ^~~~~~~~~~~~~~~~~~~~~~~~~~~~~~
./score/mw/com/impl/com_error.h:57:5: note: declared here
   57 |     kServiceInstanceAlreadyOffered
      |     ^~~~~~~~~~~~~~~~~~~~~~~~~~~~~~
INFO: From Compiling score/mw/com/impl/plumbing/binding_runtime_factory.cpp:
In file included from ./score/mw/com/impl/configuration/service_instance_deployment.h:17,
                 from ./score/mw/com/impl/configuration/configuration.h:18,
                 from ./score/mw/com/impl/plumbing/binding_runtime_factory.h:16,
                 from score/mw/com/impl/plumbing/binding_runtime_factory.cpp:13:
./score/mw/com/impl/com_error.h: In member function 'virtual std::string_view score::mw::com::impl::ComErrorDomain::MessageFor(const score::result::ErrorCode&) const':
./score/mw/com/impl/com_error.h:186:65: warning: 'score::mw::com::impl::ComErrc::kServiceInstanceAlreadyOffered' is deprecated: Value has never been used. Calls to OfferService shall be idempotent. [-Wdeprecated-declarations]
  186 |             case static_cast<score::result::ErrorCode>(ComErrc::kServiceInstanceAlreadyOffered):
      |                                                                 ^~~~~~~~~~~~~~~~~~~~~~~~~~~~~~
./score/mw/com/impl/com_error.h:57:5: note: declared here
   57 |     kServiceInstanceAlreadyOffered
      |     ^~~~~~~~~~~~~~~~~~~~~~~~~~~~~~
[1,209 / 1,272] Compiling score/mw/com/impl/plumbing/proxy_method_binding_factory.cpp; 0s linux-sandbox ... (2 actions, 1 running)
INFO: From Compiling score/mw/com/impl/plumbing/proxy_method_binding_factory.cpp:
In file included from ./score/mw/com/impl/instance_identifier.h:16,
                 from ./score/mw/com/impl/handle_type.h:18,
                 from ./score/mw/com/impl/plumbing/i_proxy_method_binding_factory.h:16,
                 from ./score/mw/com/impl/plumbing/proxy_method_binding_factory.h:17,
                 from score/mw/com/impl/plumbing/proxy_method_binding_factory.cpp:13:
./score/mw/com/impl/com_error.h: In member function 'virtual std::string_view score::mw::com::impl::ComErrorDomain::MessageFor(const score::result::ErrorCode&) const':
./score/mw/com/impl/com_error.h:186:65: warning: 'score::mw::com::impl::ComErrc::kServiceInstanceAlreadyOffered' is deprecated: Value has never been used. Calls to OfferService shall be idempotent. [-Wdeprecated-declarations]
  186 |             case static_cast<score::result::ErrorCode>(ComErrc::kServiceInstanceAlreadyOffered):
      |                                                                 ^~~~~~~~~~~~~~~~~~~~~~~~~~~~~~
./score/mw/com/impl/com_error.h:57:5: note: declared here
   57 |     kServiceInstanceAlreadyOffered
      |     ^~~~~~~~~~~~~~~~~~~~~~~~~~~~~~
INFO: From Compiling score/mw/com/impl/skeleton_base.cpp:
In file included from ./score/mw/com/impl/instance_identifier.h:16,
                 from ./score/mw/com/impl/skeleton_base.h:17,
                 from score/mw/com/impl/skeleton_base.cpp:13:
./score/mw/com/impl/com_error.h: In member function 'virtual std::string_view score::mw::com::impl::ComErrorDomain::MessageFor(const score::result::ErrorCode&) const':
./score/mw/com/impl/com_error.h:186:65: warning: 'score::mw::com::impl::ComErrc::kServiceInstanceAlreadyOffered' is deprecated: Value has never been used. Calls to OfferService shall be idempotent. [-Wdeprecated-declarations]
  186 |             case static_cast<score::result::ErrorCode>(ComErrc::kServiceInstanceAlreadyOffered):
      |                                                                 ^~~~~~~~~~~~~~~~~~~~~~~~~~~~~~
./score/mw/com/impl/com_error.h:57:5: note: declared here
   57 |     kServiceInstanceAlreadyOffered
      |     ^~~~~~~~~~~~~~~~~~~~~~~~~~~~~~
[1,213 / 1,272] Compiling score/mw/com/impl/plumbing/proxy_method_binding_factory_impl.cpp; 1s linux-sandbox ... (2 actions, 1 running)
INFO: From Compiling score/mw/com/impl/plumbing/proxy_method_binding_factory_impl.cpp:
In file included from ./score/mw/com/impl/instance_identifier.h:16,
                 from ./score/mw/com/impl/handle_type.h:18,
                 from ./score/mw/com/impl/enriched_instance_identifier.h:17,
                 from ./score/mw/com/impl/i_service_discovery_client.h:16,
                 from ./score/mw/com/impl/i_binding_runtime.h:17,
                 from ./score/mw/com/impl/bindings/lola/i_runtime.h:20,
                 from ./score/mw/com/impl/bindings/lola/proxy_method.h:17,
                 from ./score/mw/com/impl/bindings/lola/proxy.h:24,
                 from ./score/mw/com/impl/plumbing/proxy_method_binding_factory_impl.h:19,
                 from score/mw/com/impl/plumbing/proxy_method_binding_factory_impl.cpp:13:
./score/mw/com/impl/com_error.h: In member function 'virtual std::string_view score::mw::com::impl::ComErrorDomain::MessageFor(const score::result::ErrorCode&) const':
./score/mw/com/impl/com_error.h:186:65: warning: 'score::mw::com::impl::ComErrc::kServiceInstanceAlreadyOffered' is deprecated: Value has never been used. Calls to OfferService shall be idempotent. [-Wdeprecated-declarations]
  186 |             case static_cast<score::result::ErrorCode>(ComErrc::kServiceInstanceAlreadyOffered):
      |                                                                 ^~~~~~~~~~~~~~~~~~~~~~~~~~~~~~
./score/mw/com/impl/com_error.h:57:5: note: declared here
   57 |     kServiceInstanceAlreadyOffered
      |     ^~~~~~~~~~~~~~~~~~~~~~~~~~~~~~
[1,216 / 1,272] Compiling score/mw/com/impl/generic_skeleton_event.cpp; 1s linux-sandbox ... (2 actions running)
INFO: From Compiling score/mw/com/impl/plumbing/i_proxy_method_binding_factory.cpp:
In file included from ./score/mw/com/impl/instance_identifier.h:16,
                 from ./score/mw/com/impl/handle_type.h:18,
                 from ./score/mw/com/impl/plumbing/i_proxy_method_binding_factory.h:16,
                 from score/mw/com/impl/plumbing/i_proxy_method_binding_factory.cpp:13:
./score/mw/com/impl/com_error.h: In member function 'virtual std::string_view score::mw::com::impl::ComErrorDomain::MessageFor(const score::result::ErrorCode&) const':
./score/mw/com/impl/com_error.h:186:65: warning: 'score::mw::com::impl::ComErrc::kServiceInstanceAlreadyOffered' is deprecated: Value has never been used. Calls to OfferService shall be idempotent. [-Wdeprecated-declarations]
  186 |             case static_cast<score::result::ErrorCode>(ComErrc::kServiceInstanceAlreadyOffered):
      |                                                                 ^~~~~~~~~~~~~~~~~~~~~~~~~~~~~~
./score/mw/com/impl/com_error.h:57:5: note: declared here
   57 |     kServiceInstanceAlreadyOffered
      |     ^~~~~~~~~~~~~~~~~~~~~~~~~~~~~~
INFO: From Compiling score/mw/com/impl/generic_skeleton_event.cpp:
In file included from score/mw/com/impl/generic_skeleton_event.cpp:14:
./score/mw/com/impl/com_error.h: In member function 'virtual std::string_view score::mw::com::impl::ComErrorDomain::MessageFor(const score::result::ErrorCode&) const':
./score/mw/com/impl/com_error.h:186:65: warning: 'score::mw::com::impl::ComErrc::kServiceInstanceAlreadyOffered' is deprecated: Value has never been used. Calls to OfferService shall be idempotent. [-Wdeprecated-declarations]
  186 |             case static_cast<score::result::ErrorCode>(ComErrc::kServiceInstanceAlreadyOffered):
      |                                                                 ^~~~~~~~~~~~~~~~~~~~~~~~~~~~~~
./score/mw/com/impl/com_error.h:57:5: note: declared here
   57 |     kServiceInstanceAlreadyOffered
      |     ^~~~~~~~~~~~~~~~~~~~~~~~~~~~~~
[1,220 / 1,272] Compiling score/mw/com/impl/proxy_base.cpp; 0s linux-sandbox ... (2 actions running)
INFO: From Compiling score/mw/com/impl/plumbing/i_skeleton_field_binding_factory.cpp:
In file included from ./score/mw/com/impl/instance_identifier.h:16,
                 from ./score/mw/com/impl/plumbing/i_skeleton_field_binding_factory.h:17,
                 from score/mw/com/impl/plumbing/i_skeleton_field_binding_factory.cpp:13:
./score/mw/com/impl/com_error.h: In member function 'virtual std::string_view score::mw::com::impl::ComErrorDomain::MessageFor(const score::result::ErrorCode&) const':
./score/mw/com/impl/com_error.h:186:65: warning: 'score::mw::com::impl::ComErrc::kServiceInstanceAlreadyOffered' is deprecated: Value has never been used. Calls to OfferService shall be idempotent. [-Wdeprecated-declarations]
  186 |             case static_cast<score::result::ErrorCode>(ComErrc::kServiceInstanceAlreadyOffered):
      |                                                                 ^~~~~~~~~~~~~~~~~~~~~~~~~~~~~~
./score/mw/com/impl/com_error.h:57:5: note: declared here
   57 |     kServiceInstanceAlreadyOffered
      |     ^~~~~~~~~~~~~~~~~~~~~~~~~~~~~~
INFO: From Compiling score/mw/com/impl/proxy_base.cpp:
In file included from ./score/mw/com/impl/instance_identifier.h:16,
                 from ./score/mw/com/impl/handle_type.h:18,
                 from ./score/mw/com/impl/proxy_base.h:18,
                 from score/mw/com/impl/proxy_base.cpp:13:
./score/mw/com/impl/com_error.h: In member function 'virtual std::string_view score::mw::com::impl::ComErrorDomain::MessageFor(const score::result::ErrorCode&) const':
./score/mw/com/impl/com_error.h:186:65: warning: 'score::mw::com::impl::ComErrc::kServiceInstanceAlreadyOffered' is deprecated: Value has never been used. Calls to OfferService shall be idempotent. [-Wdeprecated-declarations]
  186 |             case static_cast<score::result::ErrorCode>(ComErrc::kServiceInstanceAlreadyOffered):
      |                                                                 ^~~~~~~~~~~~~~~~~~~~~~~~~~~~~~
./score/mw/com/impl/com_error.h:57:5: note: declared here
   57 |     kServiceInstanceAlreadyOffered
      |     ^~~~~~~~~~~~~~~~~~~~~~~~~~~~~~
INFO: From Compiling score/mw/com/impl/plumbing/i_skeleton_event_binding_factory.cpp:
In file included from ./score/mw/com/impl/instance_identifier.h:16,
                 from ./score/mw/com/impl/plumbing/i_skeleton_event_binding_factory.h:16,
                 from score/mw/com/impl/plumbing/i_skeleton_event_binding_factory.cpp:13:
./score/mw/com/impl/com_error.h: In member function 'virtual std::string_view score::mw::com::impl::ComErrorDomain::MessageFor(const score::result::ErrorCode&) const':
./score/mw/com/impl/com_error.h:186:65: warning: 'score::mw::com::impl::ComErrc::kServiceInstanceAlreadyOffered' is deprecated: Value has never been used. Calls to OfferService shall be idempotent. [-Wdeprecated-declarations]
  186 |             case static_cast<score::result::ErrorCode>(ComErrc::kServiceInstanceAlreadyOffered):
      |                                                                 ^~~~~~~~~~~~~~~~~~~~~~~~~~~~~~
./score/mw/com/impl/com_error.h:57:5: note: declared here
   57 |     kServiceInstanceAlreadyOffered
      |     ^~~~~~~~~~~~~~~~~~~~~~~~~~~~~~
[1,225 / 1,272] Compiling score/mw/com/impl/plumbing/i_skeleton_method_binding_factory.cpp; 0s linux-sandbox ... (2 actions, 1 running)
INFO: From Compiling score/mw/com/impl/plumbing/i_skeleton_method_binding_factory.cpp:
In file included from ./score/mw/com/impl/instance_identifier.h:16,
                 from ./score/mw/com/impl/handle_type.h:18,
                 from ./score/mw/com/impl/plumbing/i_skeleton_method_binding_factory.h:16,
                 from score/mw/com/impl/plumbing/i_skeleton_method_binding_factory.cpp:13:
./score/mw/com/impl/com_error.h: In member function 'virtual std::string_view score::mw::com::impl::ComErrorDomain::MessageFor(const score::result::ErrorCode&) const':
./score/mw/com/impl/com_error.h:186:65: warning: 'score::mw::com::impl::ComErrc::kServiceInstanceAlreadyOffered' is deprecated: Value has never been used. Calls to OfferService shall be idempotent. [-Wdeprecated-declarations]
  186 |             case static_cast<score::result::ErrorCode>(ComErrc::kServiceInstanceAlreadyOffered):
      |                                                                 ^~~~~~~~~~~~~~~~~~~~~~~~~~~~~~
./score/mw/com/impl/com_error.h:57:5: note: declared here
   57 |     kServiceInstanceAlreadyOffered
      |     ^~~~~~~~~~~~~~~~~~~~~~~~~~~~~~
INFO: From Compiling score/mw/com/impl/plumbing/skeleton_field_binding_factory.cpp:
In file included from ./score/mw/com/impl/instance_identifier.h:16,
                 from ./score/mw/com/impl/handle_type.h:18,
                 from ./score/mw/com/impl/enriched_instance_identifier.h:17,
                 from ./score/mw/com/impl/i_service_discovery_client.h:16,
                 from ./score/mw/com/impl/i_binding_runtime.h:17,
                 from ./score/mw/com/impl/bindings/lola/i_runtime.h:20,
                 from ./score/mw/com/impl/bindings/lola/service_data_storage.h:20,
                 from ./score/mw/com/impl/bindings/lola/skeleton_memory_manager.h:20,
                 from ./score/mw/com/impl/bindings/lola/skeleton.h:32,
                 from ./score/mw/com/impl/bindings/lola/skeleton_event.h:21,
                 from ./score/mw/com/impl/plumbing/skeleton_field_binding_factory.h:17,
                 from score/mw/com/impl/plumbing/skeleton_field_binding_factory.cpp:13:
./score/mw/com/impl/com_error.h: In member function 'virtual std::string_view score::mw::com::impl::ComErrorDomain::MessageFor(const score::result::ErrorCode&) const':
./score/mw/com/impl/com_error.h:186:65: warning: 'score::mw::com::impl::ComErrc::kServiceInstanceAlreadyOffered' is deprecated: Value has never been used. Calls to OfferService shall be idempotent. [-Wdeprecated-declarations]
  186 |             case static_cast<score::result::ErrorCode>(ComErrc::kServiceInstanceAlreadyOffered):
      |                                                                 ^~~~~~~~~~~~~~~~~~~~~~~~~~~~~~
./score/mw/com/impl/com_error.h:57:5: note: declared here
   57 |     kServiceInstanceAlreadyOffered
      |     ^~~~~~~~~~~~~~~~~~~~~~~~~~~~~~
[1,229 / 1,272] Compiling score/mw/com/impl/plumbing/skeleton_service_element_binding_factory_impl.cpp; 1s linux-sandbox ... (2 actions, 1 running)
INFO: From Compiling score/mw/com/impl/plumbing/skeleton_service_element_binding_factory_impl.cpp:
In file included from ./score/mw/com/impl/instance_identifier.h:16,
                 from ./score/mw/com/impl/handle_type.h:18,
                 from ./score/mw/com/impl/enriched_instance_identifier.h:17,
                 from ./score/mw/com/impl/i_service_discovery_client.h:16,
                 from ./score/mw/com/impl/i_binding_runtime.h:17,
                 from ./score/mw/com/impl/bindings/lola/i_runtime.h:20,
                 from ./score/mw/com/impl/bindings/lola/service_data_storage.h:20,
                 from ./score/mw/com/impl/bindings/lola/skeleton_memory_manager.h:20,
                 from ./score/mw/com/impl/bindings/lola/skeleton.h:32,
                 from ./score/mw/com/impl/plumbing/skeleton_service_element_binding_factory_impl.h:17,
                 from score/mw/com/impl/plumbing/skeleton_service_element_binding_factory_impl.cpp:13:
./score/mw/com/impl/com_error.h: In member function 'virtual std::string_view score::mw::com::impl::ComErrorDomain::MessageFor(const score::result::ErrorCode&) const':
./score/mw/com/impl/com_error.h:186:65: warning: 'score::mw::com::impl::ComErrc::kServiceInstanceAlreadyOffered' is deprecated: Value has never been used. Calls to OfferService shall be idempotent. [-Wdeprecated-declarations]
  186 |             case static_cast<score::result::ErrorCode>(ComErrc::kServiceInstanceAlreadyOffered):
      |                                                                 ^~~~~~~~~~~~~~~~~~~~~~~~~~~~~~
./score/mw/com/impl/com_error.h:57:5: note: declared here
   57 |     kServiceInstanceAlreadyOffered
      |     ^~~~~~~~~~~~~~~~~~~~~~~~~~~~~~
[1,232 / 1,272] Compiling score/mw/com/impl/plumbing/skeleton_field_binding_factory_impl.cpp; 1s linux-sandbox ... (2 actions running)
INFO: From Compiling score/mw/com/impl/plumbing/skeleton_field_binding_factory_impl.cpp:
In file included from ./score/mw/com/impl/instance_identifier.h:16,
                 from ./score/mw/com/impl/handle_type.h:18,
                 from ./score/mw/com/impl/enriched_instance_identifier.h:17,
                 from ./score/mw/com/impl/i_service_discovery_client.h:16,
                 from ./score/mw/com/impl/i_binding_runtime.h:17,
                 from ./score/mw/com/impl/bindings/lola/i_runtime.h:20,
                 from ./score/mw/com/impl/bindings/lola/service_data_storage.h:20,
                 from ./score/mw/com/impl/bindings/lola/skeleton_memory_manager.h:20,
                 from ./score/mw/com/impl/bindings/lola/skeleton.h:32,
                 from ./score/mw/com/impl/bindings/lola/skeleton_event.h:21,
                 from ./score/mw/com/impl/plumbing/skeleton_field_binding_factory_impl.h:16,
                 from score/mw/com/impl/plumbing/skeleton_field_binding_factory_impl.cpp:13:
./score/mw/com/impl/com_error.h: In member function 'virtual std::string_view score::mw::com::impl::ComErrorDomain::MessageFor(const score::result::ErrorCode&) const':
./score/mw/com/impl/com_error.h:186:65: warning: 'score::mw::com::impl::ComErrc::kServiceInstanceAlreadyOffered' is deprecated: Value has never been used. Calls to OfferService shall be idempotent. [-Wdeprecated-declarations]
  186 |             case static_cast<score::result::ErrorCode>(ComErrc::kServiceInstanceAlreadyOffered):
      |                                                                 ^~~~~~~~~~~~~~~~~~~~~~~~~~~~~~
./score/mw/com/impl/com_error.h:57:5: note: declared here
   57 |     kServiceInstanceAlreadyOffered
      |     ^~~~~~~~~~~~~~~~~~~~~~~~~~~~~~
INFO: From Compiling score/mw/com/impl/plumbing/skeleton_method_binding_factory_impl.cpp:
In file included from ./score/mw/com/impl/instance_identifier.h:16,
                 from ./score/mw/com/impl/handle_type.h:18,
                 from ./score/mw/com/impl/plumbing/skeleton_method_binding_factory_impl.h:16,
                 from score/mw/com/impl/plumbing/skeleton_method_binding_factory_impl.cpp:13:
./score/mw/com/impl/com_error.h: In member function 'virtual std::string_view score::mw::com::impl::ComErrorDomain::MessageFor(const score::result::ErrorCode&) const':
./score/mw/com/impl/com_error.h:186:65: warning: 'score::mw::com::impl::ComErrc::kServiceInstanceAlreadyOffered' is deprecated: Value has never been used. Calls to OfferService shall be idempotent. [-Wdeprecated-declarations]
  186 |             case static_cast<score::result::ErrorCode>(ComErrc::kServiceInstanceAlreadyOffered):
      |                                                                 ^~~~~~~~~~~~~~~~~~~~~~~~~~~~~~
./score/mw/com/impl/com_error.h:57:5: note: declared here
   57 |     kServiceInstanceAlreadyOffered
      |     ^~~~~~~~~~~~~~~~~~~~~~~~~~~~~~
[1,236 / 1,272] Compiling score/mw/com/impl/generic_skeleton.cpp; 0s linux-sandbox ... (2 actions running)
INFO: From Compiling score/mw/com/impl/methods/skeleton_method.cpp:
In file included from ./score/mw/com/impl/instance_identifier.h:16,
                 from ./score/mw/com/impl/plumbing/skeleton_method_binding_factory.h:16,
                 from ./score/mw/com/impl/methods/skeleton_method.h:21,
                 from score/mw/com/impl/methods/skeleton_method.cpp:13:
./score/mw/com/impl/com_error.h: In member function 'virtual std::string_view score::mw::com::impl::ComErrorDomain::MessageFor(const score::result::ErrorCode&) const':
./score/mw/com/impl/com_error.h:186:65: warning: 'score::mw::com::impl::ComErrc::kServiceInstanceAlreadyOffered' is deprecated: Value has never been used. Calls to OfferService shall be idempotent. [-Wdeprecated-declarations]
  186 |             case static_cast<score::result::ErrorCode>(ComErrc::kServiceInstanceAlreadyOffered):
      |                                                                 ^~~~~~~~~~~~~~~~~~~~~~~~~~~~~~
./score/mw/com/impl/com_error.h:57:5: note: declared here
   57 |     kServiceInstanceAlreadyOffered
      |     ^~~~~~~~~~~~~~~~~~~~~~~~~~~~~~
INFO: From Compiling score/mw/com/impl/generic_skeleton.cpp:
In file included from ./score/mw/com/impl/instance_identifier.h:16,
                 from ./score/mw/com/impl/generic_skeleton.h:18,
                 from score/mw/com/impl/generic_skeleton.cpp:13:
./score/mw/com/impl/com_error.h: In member function 'virtual std::string_view score::mw::com::impl::ComErrorDomain::MessageFor(const score::result::ErrorCode&) const':
./score/mw/com/impl/com_error.h:186:65: warning: 'score::mw::com::impl::ComErrc::kServiceInstanceAlreadyOffered' is deprecated: Value has never been used. Calls to OfferService shall be idempotent. [-Wdeprecated-declarations]
  186 |             case static_cast<score::result::ErrorCode>(ComErrc::kServiceInstanceAlreadyOffered):
      |                                                                 ^~~~~~~~~~~~~~~~~~~~~~~~~~~~~~
./score/mw/com/impl/com_error.h:57:5: note: declared here
   57 |     kServiceInstanceAlreadyOffered
      |     ^~~~~~~~~~~~~~~~~~~~~~~~~~~~~~
INFO: From Compiling score/mw/com/impl/plumbing/skeleton_method_binding_factory.cpp:
In file included from ./score/mw/com/impl/instance_identifier.h:16,
                 from ./score/mw/com/impl/plumbing/skeleton_method_binding_factory.h:16,
                 from score/mw/com/impl/plumbing/skeleton_method_binding_factory.cpp:13:
./score/mw/com/impl/com_error.h: In member function 'virtual std::string_view score::mw::com::impl::ComErrorDomain::MessageFor(const score::result::ErrorCode&) const':
./score/mw/com/impl/com_error.h:186:65: warning: 'score::mw::com::impl::ComErrc::kServiceInstanceAlreadyOffered' is deprecated: Value has never been used. Calls to OfferService shall be idempotent. [-Wdeprecated-declarations]
  186 |             case static_cast<score::result::ErrorCode>(ComErrc::kServiceInstanceAlreadyOffered):
      |                                                                 ^~~~~~~~~~~~~~~~~~~~~~~~~~~~~~
./score/mw/com/impl/com_error.h:57:5: note: declared here
   57 |     kServiceInstanceAlreadyOffered
      |     ^~~~~~~~~~~~~~~~~~~~~~~~~~~~~~
[1,241 / 1,272] Compiling score/mw/com/impl/proxy_field.cpp; 0s linux-sandbox ... (2 actions, 1 running)
INFO: From Compiling score/mw/com/impl/proxy_field.cpp:
In file included from ./score/mw/com/impl/instance_identifier.h:16,
                 from ./score/mw/com/impl/handle_type.h:18,
                 from ./score/mw/com/impl/enriched_instance_identifier.h:17,
                 from ./score/mw/com/impl/i_service_discovery_client.h:16,
                 from ./score/mw/com/impl/i_binding_runtime.h:17,
                 from ./score/mw/com/impl/bindings/lola/i_runtime.h:20,
                 from ./score/mw/com/impl/bindings/lola/proxy_method.h:17,
                 from ./score/mw/com/impl/bindings/lola/proxy.h:24,
                 from ./score/mw/com/impl/methods/proxy_method.h:16,
                 from ./score/mw/com/impl/methods/proxy_method_with_in_args_and_return.h:18,
                 from ./score/mw/com/impl/proxy_field.h:19,
                 from score/mw/com/impl/proxy_field.cpp:13:
./score/mw/com/impl/com_error.h: In member function 'virtual std::string_view score::mw::com::impl::ComErrorDomain::MessageFor(const score::result::ErrorCode&) const':
./score/mw/com/impl/com_error.h:186:65: warning: 'score::mw::com::impl::ComErrc::kServiceInstanceAlreadyOffered' is deprecated: Value has never been used. Calls to OfferService shall be idempotent. [-Wdeprecated-declarations]
  186 |             case static_cast<score::result::ErrorCode>(ComErrc::kServiceInstanceAlreadyOffered):
      |                                                                 ^~~~~~~~~~~~~~~~~~~~~~~~~~~~~~
./score/mw/com/impl/com_error.h:57:5: note: declared here
   57 |     kServiceInstanceAlreadyOffered
      |     ^~~~~~~~~~~~~~~~~~~~~~~~~~~~~~
[1,244 / 1,272] Compiling score/mw/com/impl/plumbing/skeleton_event_binding_factory_impl.cpp; 1s linux-sandbox ... (2 actions running)
INFO: From Compiling score/mw/com/impl/plumbing/skeleton_event_binding_factory_impl.cpp:
In file included from ./score/mw/com/impl/instance_identifier.h:16,
                 from ./score/mw/com/impl/plumbing/skeleton_event_binding_factory_impl.h:16,
                 from score/mw/com/impl/plumbing/skeleton_event_binding_factory_impl.cpp:13:
./score/mw/com/impl/com_error.h: In member function 'virtual std::string_view score::mw::com::impl::ComErrorDomain::MessageFor(const score::result::ErrorCode&) const':
./score/mw/com/impl/com_error.h:186:65: warning: 'score::mw::com::impl::ComErrc::kServiceInstanceAlreadyOffered' is deprecated: Value has never been used. Calls to OfferService shall be idempotent. [-Wdeprecated-declarations]
  186 |             case static_cast<score::result::ErrorCode>(ComErrc::kServiceInstanceAlreadyOffered):
      |                                                                 ^~~~~~~~~~~~~~~~~~~~~~~~~~~~~~
./score/mw/com/impl/com_error.h:57:5: note: declared here
   57 |     kServiceInstanceAlreadyOffered
      |     ^~~~~~~~~~~~~~~~~~~~~~~~~~~~~~
INFO: From Compiling score/mw/com/impl/proxy_event.cpp:
In file included from ./score/mw/com/impl/instance_identifier.h:16,
                 from ./score/mw/com/impl/proxy_event.h:16,
                 from score/mw/com/impl/proxy_event.cpp:13:
./score/mw/com/impl/com_error.h: In member function 'virtual std::string_view score::mw::com::impl::ComErrorDomain::MessageFor(const score::result::ErrorCode&) const':
./score/mw/com/impl/com_error.h:186:65: warning: 'score::mw::com::impl::ComErrc::kServiceInstanceAlreadyOffered' is deprecated: Value has never been used. Calls to OfferService shall be idempotent. [-Wdeprecated-declarations]
  186 |             case static_cast<score::result::ErrorCode>(ComErrc::kServiceInstanceAlreadyOffered):
      |                                                                 ^~~~~~~~~~~~~~~~~~~~~~~~~~~~~~
./score/mw/com/impl/com_error.h:57:5: note: declared here
   57 |     kServiceInstanceAlreadyOffered
      |     ^~~~~~~~~~~~~~~~~~~~~~~~~~~~~~
[1,248 / 1,272] Compiling score/mw/com/impl/plumbing/skeleton_event_binding_factory.cpp; 0s linux-sandbox ... (2 actions running)
INFO: From Compiling score/mw/com/impl/plumbing/skeleton_event_binding_factory.cpp:
In file included from ./score/mw/com/impl/instance_identifier.h:16,
                 from ./score/mw/com/impl/handle_type.h:18,
                 from ./score/mw/com/impl/enriched_instance_identifier.h:17,
                 from ./score/mw/com/impl/i_service_discovery_client.h:16,
                 from ./score/mw/com/impl/i_binding_runtime.h:17,
                 from ./score/mw/com/impl/bindings/lola/i_runtime.h:20,
                 from ./score/mw/com/impl/bindings/lola/service_data_storage.h:20,
                 from ./score/mw/com/impl/bindings/lola/skeleton_memory_manager.h:20,
                 from ./score/mw/com/impl/bindings/lola/skeleton.h:32,
                 from ./score/mw/com/impl/bindings/lola/skeleton_event.h:21,
                 from ./score/mw/com/impl/plumbing/skeleton_event_binding_factory.h:16,
                 from score/mw/com/impl/plumbing/skeleton_event_binding_factory.cpp:13:
./score/mw/com/impl/com_error.h: In member function 'virtual std::string_view score::mw::com::impl::ComErrorDomain::MessageFor(const score::result::ErrorCode&) const':
./score/mw/com/impl/com_error.h:186:65: warning: 'score::mw::com::impl::ComErrc::kServiceInstanceAlreadyOffered' is deprecated: Value has never been used. Calls to OfferService shall be idempotent. [-Wdeprecated-declarations]
  186 |             case static_cast<score::result::ErrorCode>(ComErrc::kServiceInstanceAlreadyOffered):
      |                                                                 ^~~~~~~~~~~~~~~~~~~~~~~~~~~~~~
./score/mw/com/impl/com_error.h:57:5: note: declared here
   57 |     kServiceInstanceAlreadyOffered
      |     ^~~~~~~~~~~~~~~~~~~~~~~~~~~~~~
INFO: From Compiling score/mw/com/impl/generic_proxy_event.cpp:
In file included from ./score/mw/com/impl/instance_identifier.h:16,
                 from ./score/mw/com/impl/handle_type.h:18,
                 from ./score/mw/com/impl/proxy_base.h:18,
                 from ./score/mw/com/impl/generic_proxy_event.h:18,
                 from score/mw/com/impl/generic_proxy_event.cpp:13:
./score/mw/com/impl/com_error.h: In member function 'virtual std::string_view score::mw::com::impl::ComErrorDomain::MessageFor(const score::result::ErrorCode&) const':
./score/mw/com/impl/com_error.h:186:65: warning: 'score::mw::com::impl::ComErrc::kServiceInstanceAlreadyOffered' is deprecated: Value has never been used. Calls to OfferService shall be idempotent. [-Wdeprecated-declarations]
  186 |             case static_cast<score::result::ErrorCode>(ComErrc::kServiceInstanceAlreadyOffered):
      |                                                                 ^~~~~~~~~~~~~~~~~~~~~~~~~~~~~~
./score/mw/com/impl/com_error.h:57:5: note: declared here
   57 |     kServiceInstanceAlreadyOffered
      |     ^~~~~~~~~~~~~~~~~~~~~~~~~~~~~~
[1,251 / 1,272] Compiling score/mw/com/impl/rust/com-api/com-api-ffi-lola/registry_bridge_macro.cpp; 0s linux-sandbox ... (2 actions, 1 running)
INFO: From Compiling score/mw/com/impl/rust/com-api/com-api-ffi-lola/registry_bridge_macro.cpp:
In file included from ./score/mw/com/impl/instance_identifier.h:16,
                 from ./score/mw/com/impl/handle_type.h:18,
                 from ./score/mw/com/impl/proxy_base.h:18,
                 from ./score/mw/com/impl/rust/com-api/com-api-ffi-lola/registry_bridge_macro.h:68,
                 from score/mw/com/impl/rust/com-api/com-api-ffi-lola/registry_bridge_macro.cpp:24:
./score/mw/com/impl/com_error.h: In member function 'virtual std::string_view score::mw::com::impl::ComErrorDomain::MessageFor(const score::result::ErrorCode&) const':
./score/mw/com/impl/com_error.h:186:65: warning: 'score::mw::com::impl::ComErrc::kServiceInstanceAlreadyOffered' is deprecated: Value has never been used. Calls to OfferService shall be idempotent. [-Wdeprecated-declarations]
  186 |             case static_cast<score::result::ErrorCode>(ComErrc::kServiceInstanceAlreadyOffered):
      |                                                                 ^~~~~~~~~~~~~~~~~~~~~~~~~~~~~~
./score/mw/com/impl/com_error.h:57:5: note: declared here
   57 |     kServiceInstanceAlreadyOffered
      |     ^~~~~~~~~~~~~~~~~~~~~~~~~~~~~~
[1,253 / 1,272] Compiling score/mw/com/impl/skeleton_event.cpp; 1s linux-sandbox ... (2 actions, 1 running)
INFO: From Compiling score/mw/com/impl/skeleton_event.cpp:
In file included from ./score/mw/com/impl/instance_identifier.h:16,
                 from ./score/mw/com/impl/skeleton_event.h:16,
                 from score/mw/com/impl/skeleton_event.cpp:13:
./score/mw/com/impl/com_error.h: In member function 'virtual std::string_view score::mw::com::impl::ComErrorDomain::MessageFor(const score::result::ErrorCode&) const':
./score/mw/com/impl/com_error.h:186:65: warning: 'score::mw::com::impl::ComErrc::kServiceInstanceAlreadyOffered' is deprecated: Value has never been used. Calls to OfferService shall be idempotent. [-Wdeprecated-declarations]
  186 |             case static_cast<score::result::ErrorCode>(ComErrc::kServiceInstanceAlreadyOffered):
      |                                                                 ^~~~~~~~~~~~~~~~~~~~~~~~~~~~~~
./score/mw/com/impl/com_error.h:57:5: note: declared here
   57 |     kServiceInstanceAlreadyOffered
      |     ^~~~~~~~~~~~~~~~~~~~~~~~~~~~~~
[1,256 / 1,272] Compiling score/mw/com/runtime.cpp; 1s linux-sandbox ... (2 actions running)
INFO: From Compiling score/mw/com/runtime.cpp:
In file included from ./score/mw/com/impl/instance_identifier.h:16,
                 from ./score/mw/com/impl/handle_type.h:18,
                 from ./score/mw/com/impl/proxy_base.h:18,
                 from ./score/mw/com/impl/generic_proxy_event.h:18,
                 from ./score/mw/com/impl/generic_proxy.h:18,
                 from ./score/mw/com/types.h:24,
                 from ./score/mw/com/mocking/i_runtime.h:17,
                 from ./score/mw/com/runtime.h:24,
                 from score/mw/com/runtime.cpp:13:
./score/mw/com/impl/com_error.h: In member function 'virtual std::string_view score::mw::com::impl::ComErrorDomain::MessageFor(const score::result::ErrorCode&) const':
./score/mw/com/impl/com_error.h:186:65: warning: 'score::mw::com::impl::ComErrc::kServiceInstanceAlreadyOffered' is deprecated: Value has never been used. Calls to OfferService shall be idempotent. [-Wdeprecated-declarations]
  186 |             case static_cast<score::result::ErrorCode>(ComErrc::kServiceInstanceAlreadyOffered):
      |                                                                 ^~~~~~~~~~~~~~~~~~~~~~~~~~~~~~
./score/mw/com/impl/com_error.h:57:5: note: declared here
   57 |     kServiceInstanceAlreadyOffered
      |     ^~~~~~~~~~~~~~~~~~~~~~~~~~~~~~
score/mw/com/runtime.cpp: In function 'void score::mw::com::runtime::InitializeRuntime(int32_t, const char**)':
score/mw/com/runtime.cpp:58:47: warning: 'virtual void score::mw::com::runtime::IRuntime::InitializeRuntime(int32_t, score::cpp::span<const char*>)' is deprecated: Please use InitializeRuntime(cpp::span<safecpp::zstring_view> command_line_arguments) for guaranteed NULL terminated arguments [-Wdeprecated-declarations]
   58 |         runtime_mock_holder->InitializeRuntime(argc, argv_span);
      |         ~~~~~~~~~~~~~~~~~~~~~~~~~~~~~~~~~~~~~~^~~~~~~~~~~~~~~~~
./score/mw/com/mocking/i_runtime.h:38:18: note: declared here
   38 |     virtual void InitializeRuntime(const std::int32_t argc, score::cpp::span<const char*> argv) = 0;
      |                  ^~~~~~~~~~~~~~~~~
score/mw/com/runtime.cpp:62:64: warning: 'score::mw::com::runtime::RuntimeConfiguration::RuntimeConfiguration(int32_t, const char**)' is deprecated: Please use RuntimeConfiguration(cpp::span<safecpp::zstring_view> command_line_arguments) for guaranteed NULL terminated arguments [-Wdeprecated-declarations]
   62 |     const RuntimeConfiguration runtime_configuration{argc, argv};
      |                                                                ^
In file included from ./score/mw/com/mocking/i_runtime.h:16:
./score/mw/com/runtime_configuration.h:56:5: note: declared here
   56 |     RuntimeConfiguration(const std::int32_t argc, const char* argv[]);
      |     ^~~~~~~~~~~~~~~~~~~~
INFO: From Compiling score/mw/com/impl/skeleton_field.cpp:
In file included from ./score/mw/com/impl/instance_identifier.h:16,
                 from ./score/mw/com/impl/plumbing/skeleton_method_binding_factory.h:16,
                 from ./score/mw/com/impl/methods/skeleton_method.h:21,
                 from ./score/mw/com/impl/skeleton_field.h:19,
                 from score/mw/com/impl/skeleton_field.cpp:13:
./score/mw/com/impl/com_error.h: In member function 'virtual std::string_view score::mw::com::impl::ComErrorDomain::MessageFor(const score::result::ErrorCode&) const':
./score/mw/com/impl/com_error.h:186:65: warning: 'score::mw::com::impl::ComErrc::kServiceInstanceAlreadyOffered' is deprecated: Value has never been used. Calls to OfferService shall be idempotent. [-Wdeprecated-declarations]
  186 |             case static_cast<score::result::ErrorCode>(ComErrc::kServiceInstanceAlreadyOffered):
      |                                                                 ^~~~~~~~~~~~~~~~~~~~~~~~~~~~~~
./score/mw/com/impl/com_error.h:57:5: note: declared here
   57 |     kServiceInstanceAlreadyOffered
      |     ^~~~~~~~~~~~~~~~~~~~~~~~~~~~~~
[1,262 / 1,272] Compiling score/mw/com/mocking/i_runtime.cpp; 0s linux-sandbox ... (2 actions running)
INFO: From Compiling score/mw/com/mocking/i_runtime.cpp:
In file included from ./score/mw/com/impl/instance_identifier.h:16,
                 from ./score/mw/com/impl/handle_type.h:18,
                 from ./score/mw/com/impl/proxy_base.h:18,
                 from ./score/mw/com/impl/generic_proxy_event.h:18,
                 from ./score/mw/com/impl/generic_proxy.h:18,
                 from ./score/mw/com/types.h:24,
                 from ./score/mw/com/mocking/i_runtime.h:17,
                 from score/mw/com/mocking/i_runtime.cpp:13:
./score/mw/com/impl/com_error.h: In member function 'virtual std::string_view score::mw::com::impl::ComErrorDomain::MessageFor(const score::result::ErrorCode&) const':
./score/mw/com/impl/com_error.h:186:65: warning: 'score::mw::com::impl::ComErrc::kServiceInstanceAlreadyOffered' is deprecated: Value has never been used. Calls to OfferService shall be idempotent. [-Wdeprecated-declarations]
  186 |             case static_cast<score::result::ErrorCode>(ComErrc::kServiceInstanceAlreadyOffered):
      |                                                                 ^~~~~~~~~~~~~~~~~~~~~~~~~~~~~~
./score/mw/com/impl/com_error.h:57:5: note: declared here
   57 |     kServiceInstanceAlreadyOffered
      |     ^~~~~~~~~~~~~~~~~~~~~~~~~~~~~~
[1,263 / 1,272] Compiling score/mw/com/impl/traits.cpp; 2s linux-sandbox ... (2 actions, 1 running)
INFO: From Compiling score/mw/com/impl/traits.cpp:
In file included from ./score/mw/com/impl/traits.h:16,
                 from score/mw/com/impl/traits.cpp:13:
./score/mw/com/impl/com_error.h: In member function 'virtual std::string_view score::mw::com::impl::ComErrorDomain::MessageFor(const score::result::ErrorCode&) const':
./score/mw/com/impl/com_error.h:186:65: warning: 'score::mw::com::impl::ComErrc::kServiceInstanceAlreadyOffered' is deprecated: Value has never been used. Calls to OfferService shall be idempotent. [-Wdeprecated-declarations]
  186 |             case static_cast<score::result::ErrorCode>(ComErrc::kServiceInstanceAlreadyOffered):
      |                                                                 ^~~~~~~~~~~~~~~~~~~~~~~~~~~~~~
./score/mw/com/impl/com_error.h:57:5: note: declared here
   57 |     kServiceInstanceAlreadyOffered
      |     ^~~~~~~~~~~~~~~~~~~~~~~~~~~~~~
[1,268 / 1,272] Compiling score/mw/com/types.cpp; 1s linux-sandbox
INFO: From Compiling score/mw/com/types.cpp:
In file included from ./score/mw/com/impl/instance_identifier.h:16,
                 from ./score/mw/com/impl/handle_type.h:18,
                 from ./score/mw/com/impl/proxy_base.h:18,
                 from ./score/mw/com/impl/generic_proxy_event.h:18,
                 from ./score/mw/com/impl/generic_proxy.h:18,
                 from ./score/mw/com/types.h:24,
                 from score/mw/com/types.cpp:13:
./score/mw/com/impl/com_error.h: In member function 'virtual std::string_view score::mw::com::impl::ComErrorDomain::MessageFor(const score::result::ErrorCode&) const':
./score/mw/com/impl/com_error.h:186:65: warning: 'score::mw::com::impl::ComErrc::kServiceInstanceAlreadyOffered' is deprecated: Value has never been used. Calls to OfferService shall be idempotent. [-Wdeprecated-declarations]
  186 |             case static_cast<score::result::ErrorCode>(ComErrc::kServiceInstanceAlreadyOffered):
      |                                                                 ^~~~~~~~~~~~~~~~~~~~~~~~~~~~~~
./score/mw/com/impl/com_error.h:57:5: note: declared here
   57 |     kServiceInstanceAlreadyOffered
      |     ^~~~~~~~~~~~~~~~~~~~~~~~~~~~~~
[1,270 / 1,272] Compiling Rust bin score_com_concept-macros-unit-tests_linux (1 file); 1s linux-sandbox ... (2 actions running)
[1,274 / 1,274] 2 / 2 tests; no actions running
INFO: Found 2 test targets...
INFO: Elapsed time: 611.460s, Critical Path: 62.84s
INFO: 1274 processes: 215 internal, 1059 linux-sandbox.
INFO: Build completed successfully, 1274 total actions
INFO: 
//score/mw/com/rust/score_com_concept:score_com_concept-macros-unit-tests PASSED in 0.0s
//score/mw/com/rust/score_com_concept:score_com_concept-test             PASSED in 0.0s

Executed 2 out of 2 tests: 2 tests pass.
There were tests whose specified size is too big. Use the --test_verbose_timeout_warnings command line option to see which ones these are.
INFO: Build Event Protocol files produced successfully.
