$TEST_TMPDIR defined, some defaults will be overridden
OpenJDK 64-Bit Server VM warning: Options -Xverify:none and -noverify were deprecated in JDK 13 and will likely be removed in a future release.
Computing main repo mapping: 
Computing main repo mapping: 
Computing main repo mapping: 
Computing main repo mapping: 
Computing main repo mapping: 
Loading: 
Loading: 5 packages loaded
Analyzing: 2 targets (7 packages loaded, 0 targets configured)
Analyzing: 2 targets (7 packages loaded, 0 targets configured)

Analyzing: 2 targets (95 packages loaded, 22 targets configured)

Analyzing: 2 targets (103 packages loaded, 22 targets configured)

Analyzing: 2 targets (103 packages loaded, 22 targets configured)

Analyzing: 2 targets (162 packages loaded, 3164 targets configured)

Analyzing: 2 targets (162 packages loaded, 3164 targets configured)

Analyzing: 2 targets (162 packages loaded, 3164 targets configured)

Analyzing: 2 targets (385 packages loaded, 14907 targets configured)

WARNING: /media/jefferson/11c42dee-73a3-4c2b-ab42-a0440011d9e0/.s-core-build/runs/score-rust-linux-integration-xfiuopbb/candidate/MODULE.bazel:196:20: The module extension apt defined in @rules_distroless//apt:extensions.bzl reported incorrect imports of repositories via use_repo():

Imported, but reported as indirect dependencies by the extension:
    ubuntu24_04_sysroot_resolve

Fix the use_repo calls by running 'bazel mod tidy'.
DEBUG: Rule 'score_baselibs++_repo_rules+acl-deb' indicated that a canonical reproducible form can be obtained by modifying arguments integrity = "sha256-5AjUxw54AQdOpFkYAgilQtVPVjibpIU3BDTy0A6VCYA=" and dropping ["visibility"]
DEBUG: Repository score_baselibs++_repo_rules+acl-deb instantiated at:
  <builtin>: in <toplevel>
Repository rule deb defined at:
  /media/jefferson/11c42dee-73a3-4c2b-ab42-a0440011d9e0/.s-core-build/runs/score-rust-linux-integration-xfiuopbb/bazel-output/e47b4ceef7854d004f6fef7d10e4acf9/external/download_utils+/download/deb/repository.bzl:78:22: in <toplevel>
Analyzing: 2 targets (464 packages loaded, 17148 targets configured)

Analyzing: 2 targets (479 packages loaded, 17211 targets configured)

Analyzing: 2 targets (489 packages loaded, 17284 targets configured)

Analyzing: 2 targets (501 packages loaded, 17390 targets configured)

Analyzing: 2 targets (509 packages loaded, 17477 targets configured)

Analyzing: 2 targets (511 packages loaded, 17487 targets configured)

Analyzing: 2 targets (511 packages loaded, 17487 targets configured)

Analyzing: 2 targets (511 packages loaded, 17487 targets configured)

Analyzing: 2 targets (511 packages loaded, 17487 targets configured)

Analyzing: 2 targets (511 packages loaded, 17487 targets configured)

Analyzing: 2 targets (511 packages loaded, 17487 targets configured)

Analyzing: 2 targets (511 packages loaded, 17487 targets configured)

Analyzing: 2 targets (511 packages loaded, 17487 targets configured)

Analyzing: 2 targets (511 packages loaded, 17487 targets configured)

Analyzing: 2 targets (511 packages loaded, 17487 targets configured)

Analyzing: 2 targets (511 packages loaded, 17487 targets configured)

Analyzing: 2 targets (511 packages loaded, 17487 targets configured)

Analyzing: 2 targets (526 packages loaded, 17777 targets configured)

Analyzing: 2 targets (526 packages loaded, 17777 targets configured)

Analyzing: 2 targets (552 packages loaded, 18235 targets configured)

Analyzing: 2 targets (559 packages loaded, 18787 targets configured)

INFO: Analyzed 2 targets (560 packages loaded, 18817 targets configured).
[174 / 1,534] [Prepa] Expanding template score/mw/com/test/basic_rust_api/consumer_sync_apis/integration_test/_image_test_com_api_sync_loader/load.sh
INFO: From Compiling score/mw/com/com_error_domain.cpp:
In file included from ./score/mw/com/com_error_domain.h:16,
                 from score/mw/com/com_error_domain.cpp:13:
./score/mw/com/impl/com_error.h: In member function 'virtual std::string_view score::mw::com::impl::ComErrorDomain::MessageFor(const score::result::ErrorCode&) const':
./score/mw/com/impl/com_error.h:186:65: warning: 'score::mw::com::impl::ComErrc::kServiceInstanceAlreadyOffered' is deprecated: Value has never been used. Calls to OfferService shall be idempotent. [-Wdeprecated-declarations]
  186 |             case static_cast<score::result::ErrorCode>(ComErrc::kServiceInstanceAlreadyOffered):
      |                                                                 ^~~~~~~~~~~~~~~~~~~~~~~~~~~~~~
./score/mw/com/impl/com_error.h:57:5: note: declared here
   57 |     kServiceInstanceAlreadyOffered
      |     ^~~~~~~~~~~~~~~~~~~~~~~~~~~~~~
[196 / 1,534] Compiling score/mw/com/impl/bindings/lola/slot_decrementer.cpp; 0s linux-sandbox ... (2 actions, 1 running)
[212 / 1,534] Compiling score/mw/com/impl/plumbing/binding_factory_error.cpp; 0s linux-sandbox ... (2 actions, 1 running)
[220 / 1,534] Compiling score/mw/com/impl/bindings/lola/sample_allocatee_ptr.cpp; 0s linux-sandbox ... (2 actions, 1 running)
[240 / 1,534] Compiling score/mw/com/impl/methods/proxy_method_binding.cpp; 0s linux-sandbox ... (2 actions, 1 running)
[252 / 1,534] Compiling score/mw/com/impl/configuration/service_type_deployment.cpp; 0s linux-sandbox ... (2 actions, 1 running)
[262 / 1,534] Compiling score/mw/com/impl/configuration/service_instance_id.cpp; 0s linux-sandbox ... (2 actions, 1 running)
INFO: From Compiling score/mw/com/impl/instance_specifier.cpp:
In file included from score/mw/com/impl/instance_specifier.cpp:15:
./score/mw/com/impl/com_error.h: In member function 'virtual std::string_view score::mw::com::impl::ComErrorDomain::MessageFor(const score::result::ErrorCode&) const':
./score/mw/com/impl/com_error.h:186:65: warning: 'score::mw::com::impl::ComErrc::kServiceInstanceAlreadyOffered' is deprecated: Value has never been used. Calls to OfferService shall be idempotent. [-Wdeprecated-declarations]
  186 |             case static_cast<score::result::ErrorCode>(ComErrc::kServiceInstanceAlreadyOffered):
      |                                                                 ^~~~~~~~~~~~~~~~~~~~~~~~~~~~~~
./score/mw/com/impl/com_error.h:57:5: note: declared here
   57 |     kServiceInstanceAlreadyOffered
      |     ^~~~~~~~~~~~~~~~~~~~~~~~~~~~~~
[273 / 1,534] Compiling score/memory/shared/flock/flock_mutex_and_lock.cpp; 0s linux-sandbox ... (2 actions running)
[281 / 1,534] Compiling score/concurrency/interruptible_interprocess_condition_variable.cpp; 0s linux-sandbox ... (2 actions running)
[294 / 1,534] Compiling score/concurrency/synchronized_queue.cpp; 0s linux-sandbox ... (2 actions, 1 running)
[302 / 1,534] Compiling score/mw/com/impl/configuration/lola_event_instance_deployment.cpp; 0s linux-sandbox ... (2 actions, 1 running)
INFO: From Compiling score/mw/com/impl/data_type_meta_info.cpp:
In file included from score/mw/com/impl/data_type_meta_info.cpp:15:
./score/mw/com/impl/com_error.h: In member function 'virtual std::string_view score::mw::com::impl::ComErrorDomain::MessageFor(const score::result::ErrorCode&) const':
./score/mw/com/impl/com_error.h:186:65: warning: 'score::mw::com::impl::ComErrc::kServiceInstanceAlreadyOffered' is deprecated: Value has never been used. Calls to OfferService shall be idempotent. [-Wdeprecated-declarations]
  186 |             case static_cast<score::result::ErrorCode>(ComErrc::kServiceInstanceAlreadyOffered):
      |                                                                 ^~~~~~~~~~~~~~~~~~~~~~~~~~~~~~
./score/mw/com/impl/com_error.h:57:5: note: declared here
   57 |     kServiceInstanceAlreadyOffered
      |     ^~~~~~~~~~~~~~~~~~~~~~~~~~~~~~
[319 / 1,534] Compiling score/mw/com/impl/configuration/lola_field_instance_deployment.cpp; 0s linux-sandbox ... (2 actions, 1 running)
[327 / 1,534] Compiling score/mw/com/impl/configuration/lola_service_instance_deployment.cpp; 0s linux-sandbox ... (2 actions, 1 running)
[334 / 1,534] Compiling score/mw/com/impl/configuration/service_instance_deployment.cpp; 0s linux-sandbox ... (2 actions, 1 running)
INFO: From Compiling score/mw/com/impl/configuration/service_instance_deployment.cpp:
In file included from ./score/mw/com/impl/configuration/service_instance_deployment.h:17,
                 from score/mw/com/impl/configuration/service_instance_deployment.cpp:13:
./score/mw/com/impl/com_error.h: In member function 'virtual std::string_view score::mw::com::impl::ComErrorDomain::MessageFor(const score::result::ErrorCode&) const':
./score/mw/com/impl/com_error.h:186:65: warning: 'score::mw::com::impl::ComErrc::kServiceInstanceAlreadyOffered' is deprecated: Value has never been used. Calls to OfferService shall be idempotent. [-Wdeprecated-declarations]
  186 |             case static_cast<score::result::ErrorCode>(ComErrc::kServiceInstanceAlreadyOffered):
      |                                                                 ^~~~~~~~~~~~~~~~~~~~~~~~~~~~~~
./score/mw/com/impl/com_error.h:57:5: note: declared here
   57 |     kServiceInstanceAlreadyOffered
      |     ^~~~~~~~~~~~~~~~~~~~~~~~~~~~~~
[346 / 1,534] Compiling score/concurrency/condition_variable.cpp; 0s linux-sandbox ... (2 actions, 1 running)
[357 / 1,534] Compiling score/mw/com/impl/tracing/configuration/service_element_identifier_view.cpp; 0s linux-sandbox ... (2 actions, 1 running)
[365 / 1,534] Compiling score/memory/shared/shared_memory_factory_impl.cpp; 0s linux-sandbox ... (2 actions, 1 running)
[374 / 1,534] Compiling score/memory/shared/shared_memory_resource.cpp; 0s linux-sandbox ... (2 actions running)
[379 / 1,534] Compiling score/mw/com/impl/skeleton_binding.cpp; 0s linux-sandbox ... (2 actions, 1 running)
[389 / 1,534] Compiling score/mw/com/impl/bindings/lola/rollback_synchronization.cpp; 0s linux-sandbox ... (2 actions, 1 running)
[399 / 1,534] Compiling score/mw/com/impl/plumbing/skeleton_binding_factory.cpp; 0s linux-sandbox ... (2 actions, 1 running)
INFO: From Compiling score/mw/com/impl/plumbing/skeleton_binding_factory.cpp:
In file included from ./score/mw/com/impl/instance_identifier.h:16,
                 from ./score/mw/com/impl/plumbing/skeleton_binding_factory.h:16,
                 from score/mw/com/impl/plumbing/skeleton_binding_factory.cpp:13:
./score/mw/com/impl/com_error.h: In member function 'virtual std::string_view score::mw::com::impl::ComErrorDomain::MessageFor(const score::result::ErrorCode&) const':
./score/mw/com/impl/com_error.h:186:65: warning: 'score::mw::com::impl::ComErrc::kServiceInstanceAlreadyOffered' is deprecated: Value has never been used. Calls to OfferService shall be idempotent. [-Wdeprecated-declarations]
  186 |             case static_cast<score::result::ErrorCode>(ComErrc::kServiceInstanceAlreadyOffered):
      |                                                                 ^~~~~~~~~~~~~~~~~~~~~~~~~~~~~~
./score/mw/com/impl/com_error.h:57:5: note: declared here
   57 |     kServiceInstanceAlreadyOffered
      |     ^~~~~~~~~~~~~~~~~~~~~~~~~~~~~~
INFO: From Compiling score/mw/com/impl/plumbing/i_skeleton_binding_factory.cpp:
In file included from ./score/mw/com/impl/instance_identifier.h:16,
                 from ./score/mw/com/impl/plumbing/i_skeleton_binding_factory.h:16,
                 from score/mw/com/impl/plumbing/i_skeleton_binding_factory.cpp:13:
./score/mw/com/impl/com_error.h: In member function 'virtual std::string_view score::mw::com::impl::ComErrorDomain::MessageFor(const score::result::ErrorCode&) const':
./score/mw/com/impl/com_error.h:186:65: warning: 'score::mw::com::impl::ComErrc::kServiceInstanceAlreadyOffered' is deprecated: Value has never been used. Calls to OfferService shall be idempotent. [-Wdeprecated-declarations]
  186 |             case static_cast<score::result::ErrorCode>(ComErrc::kServiceInstanceAlreadyOffered):
      |                                                                 ^~~~~~~~~~~~~~~~~~~~~~~~~~~~~~
./score/mw/com/impl/com_error.h:57:5: note: declared here
   57 |     kServiceInstanceAlreadyOffered
      |     ^~~~~~~~~~~~~~~~~~~~~~~~~~~~~~
[408 / 1,534] Compiling score/os/utils/acl/access_control_list.cpp; 0s linux-sandbox ... (2 actions, 1 running)
INFO: From Compiling score/mw/com/impl/i_service_discovery_client.cpp:
In file included from ./score/mw/com/impl/instance_identifier.h:16,
                 from ./score/mw/com/impl/handle_type.h:18,
                 from ./score/mw/com/impl/enriched_instance_identifier.h:17,
                 from ./score/mw/com/impl/i_service_discovery_client.h:16,
                 from score/mw/com/impl/i_service_discovery_client.cpp:13:
./score/mw/com/impl/com_error.h: In member function 'virtual std::string_view score::mw::com::impl::ComErrorDomain::MessageFor(const score::result::ErrorCode&) const':
./score/mw/com/impl/com_error.h:186:65: warning: 'score::mw::com::impl::ComErrc::kServiceInstanceAlreadyOffered' is deprecated: Value has never been used. Calls to OfferService shall be idempotent. [-Wdeprecated-declarations]
  186 |             case static_cast<score::result::ErrorCode>(ComErrc::kServiceInstanceAlreadyOffered):
      |                                                                 ^~~~~~~~~~~~~~~~~~~~~~~~~~~~~~
./score/mw/com/impl/com_error.h:57:5: note: declared here
   57 |     kServiceInstanceAlreadyOffered
      |     ^~~~~~~~~~~~~~~~~~~~~~~~~~~~~~
[418 / 1,534] Compiling score/mw/com/impl/i_service_discovery.cpp; 0s linux-sandbox ... (2 actions, 1 running)
INFO: From Compiling score/mw/com/impl/i_service_discovery.cpp:
In file included from ./score/mw/com/impl/instance_identifier.h:16,
                 from ./score/mw/com/impl/handle_type.h:18,
                 from ./score/mw/com/impl/enriched_instance_identifier.h:17,
                 from ./score/mw/com/impl/i_service_discovery.h:16,
                 from score/mw/com/impl/i_service_discovery.cpp:13:
./score/mw/com/impl/com_error.h: In member function 'virtual std::string_view score::mw::com::impl::ComErrorDomain::MessageFor(const score::result::ErrorCode&) const':
./score/mw/com/impl/com_error.h:186:65: warning: 'score::mw::com::impl::ComErrc::kServiceInstanceAlreadyOffered' is deprecated: Value has never been used. Calls to OfferService shall be idempotent. [-Wdeprecated-declarations]
  186 |             case static_cast<score::result::ErrorCode>(ComErrc::kServiceInstanceAlreadyOffered):
      |                                                                 ^~~~~~~~~~~~~~~~~~~~~~~~~~~~~~
./score/mw/com/impl/com_error.h:57:5: note: declared here
   57 |     kServiceInstanceAlreadyOffered
      |     ^~~~~~~~~~~~~~~~~~~~~~~~~~~~~~
[433 / 1,534] Compiling score/mw/com/impl/bindings/lola/service_discovery/known_instances_container.cpp; 0s linux-sandbox ... (2 actions, 1 running)
INFO: From Compiling score/mw/com/impl/bindings/lola/service_discovery/known_instances_container.cpp:
In file included from ./score/mw/com/impl/instance_identifier.h:16,
                 from ./score/mw/com/impl/handle_type.h:18,
                 from ./score/mw/com/impl/enriched_instance_identifier.h:17,
                 from ./score/mw/com/impl/bindings/lola/service_discovery/known_instances_container.h:16,
                 from score/mw/com/impl/bindings/lola/service_discovery/known_instances_container.cpp:13:
./score/mw/com/impl/com_error.h: In member function 'virtual std::string_view score::mw::com::impl::ComErrorDomain::MessageFor(const score::result::ErrorCode&) const':
./score/mw/com/impl/com_error.h:186:65: warning: 'score::mw::com::impl::ComErrc::kServiceInstanceAlreadyOffered' is deprecated: Value has never been used. Calls to OfferService shall be idempotent. [-Wdeprecated-declarations]
  186 |             case static_cast<score::result::ErrorCode>(ComErrc::kServiceInstanceAlreadyOffered):
      |                                                                 ^~~~~~~~~~~~~~~~~~~~~~~~~~~~~~
./score/mw/com/impl/com_error.h:57:5: note: declared here
   57 |     kServiceInstanceAlreadyOffered
      |     ^~~~~~~~~~~~~~~~~~~~~~~~~~~~~~
INFO: From Compiling score/mw/com/impl/bindings/lola/service_discovery/lola_service_instance_identifier.cpp:
In file included from ./score/mw/com/impl/instance_identifier.h:16,
                 from ./score/mw/com/impl/handle_type.h:18,
                 from ./score/mw/com/impl/enriched_instance_identifier.h:17,
                 from ./score/mw/com/impl/bindings/lola/service_discovery/lola_service_instance_identifier.h:18,
                 from score/mw/com/impl/bindings/lola/service_discovery/lola_service_instance_identifier.cpp:13:
./score/mw/com/impl/com_error.h: In member function 'virtual std::string_view score::mw::com::impl::ComErrorDomain::MessageFor(const score::result::ErrorCode&) const':
./score/mw/com/impl/com_error.h:186:65: warning: 'score::mw::com::impl::ComErrc::kServiceInstanceAlreadyOffered' is deprecated: Value has never been used. Calls to OfferService shall be idempotent. [-Wdeprecated-declarations]
  186 |             case static_cast<score::result::ErrorCode>(ComErrc::kServiceInstanceAlreadyOffered):
      |                                                                 ^~~~~~~~~~~~~~~~~~~~~~~~~~~~~~
./score/mw/com/impl/com_error.h:57:5: note: declared here
   57 |     kServiceInstanceAlreadyOffered
      |     ^~~~~~~~~~~~~~~~~~~~~~~~~~~~~~
[444 / 1,534] Compiling score/mw/com/impl/configuration/lola_service_instance_id.cpp; 0s linux-sandbox ... (2 actions, 1 running)
INFO: From Compiling score/mw/com/impl/enriched_instance_identifier.cpp:
In file included from ./score/mw/com/impl/instance_identifier.h:16,
                 from ./score/mw/com/impl/handle_type.h:18,
                 from ./score/mw/com/impl/enriched_instance_identifier.h:17,
                 from score/mw/com/impl/enriched_instance_identifier.cpp:13:
./score/mw/com/impl/com_error.h: In member function 'virtual std::string_view score::mw::com::impl::ComErrorDomain::MessageFor(const score::result::ErrorCode&) const':
./score/mw/com/impl/com_error.h:186:65: warning: 'score::mw::com::impl::ComErrc::kServiceInstanceAlreadyOffered' is deprecated: Value has never been used. Calls to OfferService shall be idempotent. [-Wdeprecated-declarations]
  186 |             case static_cast<score::result::ErrorCode>(ComErrc::kServiceInstanceAlreadyOffered):
      |                                                                 ^~~~~~~~~~~~~~~~~~~~~~~~~~~~~~
./score/mw/com/impl/com_error.h:57:5: note: declared here
   57 |     kServiceInstanceAlreadyOffered
      |     ^~~~~~~~~~~~~~~~~~~~~~~~~~~~~~
[455 / 1,534] Compiling score/mw/com/impl/handle_type.cpp; 0s linux-sandbox ... (2 actions running)
INFO: From Compiling score/mw/com/impl/handle_type.cpp:
In file included from ./score/mw/com/impl/instance_identifier.h:16,
                 from ./score/mw/com/impl/handle_type.h:18,
                 from score/mw/com/impl/handle_type.cpp:13:
./score/mw/com/impl/com_error.h: In member function 'virtual std::string_view score::mw::com::impl::ComErrorDomain::MessageFor(const score::result::ErrorCode&) const':
./score/mw/com/impl/com_error.h:186:65: warning: 'score::mw::com::impl::ComErrc::kServiceInstanceAlreadyOffered' is deprecated: Value has never been used. Calls to OfferService shall be idempotent. [-Wdeprecated-declarations]
  186 |             case static_cast<score::result::ErrorCode>(ComErrc::kServiceInstanceAlreadyOffered):
      |                                                                 ^~~~~~~~~~~~~~~~~~~~~~~~~~~~~~
./score/mw/com/impl/com_error.h:57:5: note: declared here
   57 |     kServiceInstanceAlreadyOffered
      |     ^~~~~~~~~~~~~~~~~~~~~~~~~~~~~~
[460 / 1,534] Compiling score/mw/com/impl/instance_identifier.cpp; 0s linux-sandbox ... (2 actions, 1 running)
INFO: From Compiling score/mw/com/impl/instance_identifier.cpp:
In file included from ./score/mw/com/impl/instance_identifier.h:16,
                 from score/mw/com/impl/instance_identifier.cpp:13:
./score/mw/com/impl/com_error.h: In member function 'virtual std::string_view score::mw::com::impl::ComErrorDomain::MessageFor(const score::result::ErrorCode&) const':
./score/mw/com/impl/com_error.h:186:65: warning: 'score::mw::com::impl::ComErrc::kServiceInstanceAlreadyOffered' is deprecated: Value has never been used. Calls to OfferService shall be idempotent. [-Wdeprecated-declarations]
  186 |             case static_cast<score::result::ErrorCode>(ComErrc::kServiceInstanceAlreadyOffered):
      |                                                                 ^~~~~~~~~~~~~~~~~~~~~~~~~~~~~~
./score/mw/com/impl/com_error.h:57:5: note: declared here
   57 |     kServiceInstanceAlreadyOffered
      |     ^~~~~~~~~~~~~~~~~~~~~~~~~~~~~~
[468 / 1,534] Compiling score/mw/com/impl/configuration/configuration.cpp; 0s linux-sandbox ... (2 actions, 1 running)
INFO: From Compiling score/mw/com/impl/configuration/configuration.cpp:
In file included from ./score/mw/com/impl/configuration/service_instance_deployment.h:17,
                 from ./score/mw/com/impl/configuration/configuration.h:18,
                 from score/mw/com/impl/configuration/configuration.cpp:13:
./score/mw/com/impl/com_error.h: In member function 'virtual std::string_view score::mw::com::impl::ComErrorDomain::MessageFor(const score::result::ErrorCode&) const':
./score/mw/com/impl/com_error.h:186:65: warning: 'score::mw::com::impl::ComErrc::kServiceInstanceAlreadyOffered' is deprecated: Value has never been used. Calls to OfferService shall be idempotent. [-Wdeprecated-declarations]
  186 |             case static_cast<score::result::ErrorCode>(ComErrc::kServiceInstanceAlreadyOffered):
      |                                                                 ^~~~~~~~~~~~~~~~~~~~~~~~~~~~~~
./score/mw/com/impl/com_error.h:57:5: note: declared here
   57 |     kServiceInstanceAlreadyOffered
      |     ^~~~~~~~~~~~~~~~~~~~~~~~~~~~~~
INFO: From Compiling score/mw/com/impl/bindings/lola/transaction_log_local_view.cpp:
In file included from score/mw/com/impl/bindings/lola/transaction_log_local_view.cpp:19:
./score/mw/com/impl/com_error.h: In member function 'virtual std::string_view score::mw::com::impl::ComErrorDomain::MessageFor(const score::result::ErrorCode&) const':
./score/mw/com/impl/com_error.h:186:65: warning: 'score::mw::com::impl::ComErrc::kServiceInstanceAlreadyOffered' is deprecated: Value has never been used. Calls to OfferService shall be idempotent. [-Wdeprecated-declarations]
  186 |             case static_cast<score::result::ErrorCode>(ComErrc::kServiceInstanceAlreadyOffered):
      |                                                                 ^~~~~~~~~~~~~~~~~~~~~~~~~~~~~~
./score/mw/com/impl/com_error.h:57:5: note: declared here
   57 |     kServiceInstanceAlreadyOffered
      |     ^~~~~~~~~~~~~~~~~~~~~~~~~~~~~~
[473 / 1,534] Compiling score/mw/com/impl/configuration/config_validate.cpp; 0s linux-sandbox ... (2 actions running)
INFO: From Compiling score/mw/com/impl/configuration/config_validate.cpp:
In file included from ./score/mw/com/impl/configuration/service_instance_deployment.h:17,
                 from ./score/mw/com/impl/configuration/configuration.h:18,
                 from ./score/mw/com/impl/configuration/config_validate.h:17,
                 from score/mw/com/impl/configuration/config_validate.cpp:13:
./score/mw/com/impl/com_error.h: In member function 'virtual std::string_view score::mw::com::impl::ComErrorDomain::MessageFor(const score::result::ErrorCode&) const':
./score/mw/com/impl/com_error.h:186:65: warning: 'score::mw::com::impl::ComErrc::kServiceInstanceAlreadyOffered' is deprecated: Value has never been used. Calls to OfferService shall be idempotent. [-Wdeprecated-declarations]
  186 |             case static_cast<score::result::ErrorCode>(ComErrc::kServiceInstanceAlreadyOffered):
      |                                                                 ^~~~~~~~~~~~~~~~~~~~~~~~~~~~~~
./score/mw/com/impl/com_error.h:57:5: note: declared here
   57 |     kServiceInstanceAlreadyOffered
      |     ^~~~~~~~~~~~~~~~~~~~~~~~~~~~~~
[481 / 1,534] Compiling score/mw/com/impl/configuration/i_configuration_parsing_strategy.cpp; 0s linux-sandbox ... (2 actions, 1 running)
INFO: From Compiling score/mw/com/impl/configuration/i_configuration_parsing_strategy.cpp:
In file included from ./score/mw/com/impl/configuration/service_instance_deployment.h:17,
                 from ./score/mw/com/impl/configuration/configuration.h:18,
                 from ./score/mw/com/impl/configuration/i_configuration_parsing_strategy.h:16,
                 from score/mw/com/impl/configuration/i_configuration_parsing_strategy.cpp:13:
./score/mw/com/impl/com_error.h: In member function 'virtual std::string_view score::mw::com::impl::ComErrorDomain::MessageFor(const score::result::ErrorCode&) const':
./score/mw/com/impl/com_error.h:186:65: warning: 'score::mw::com::impl::ComErrc::kServiceInstanceAlreadyOffered' is deprecated: Value has never been used. Calls to OfferService shall be idempotent. [-Wdeprecated-declarations]
  186 |             case static_cast<score::result::ErrorCode>(ComErrc::kServiceInstanceAlreadyOffered):
      |                                                                 ^~~~~~~~~~~~~~~~~~~~~~~~~~~~~~
./score/mw/com/impl/com_error.h:57:5: note: declared here
   57 |     kServiceInstanceAlreadyOffered
      |     ^~~~~~~~~~~~~~~~~~~~~~~~~~~~~~
[486 / 1,534] Compiling score/mw/com/impl/configuration/configuration_json_parsing_strategy.cpp; 0s linux-sandbox ... (2 actions, 1 running)
INFO: From Compiling score/mw/com/impl/configuration/configuration_json_parsing_strategy.cpp:
In file included from ./score/mw/com/impl/configuration/service_instance_deployment.h:17,
                 from ./score/mw/com/impl/configuration/configuration.h:18,
                 from ./score/mw/com/impl/configuration/i_configuration_parsing_strategy.h:16,
                 from ./score/mw/com/impl/configuration/configuration_json_parsing_strategy.h:16,
                 from score/mw/com/impl/configuration/configuration_json_parsing_strategy.cpp:13:
./score/mw/com/impl/com_error.h: In member function 'virtual std::string_view score::mw::com::impl::ComErrorDomain::MessageFor(const score::result::ErrorCode&) const':
./score/mw/com/impl/com_error.h:186:65: warning: 'score::mw::com::impl::ComErrc::kServiceInstanceAlreadyOffered' is deprecated: Value has never been used. Calls to OfferService shall be idempotent. [-Wdeprecated-declarations]
  186 |             case static_cast<score::result::ErrorCode>(ComErrc::kServiceInstanceAlreadyOffered):
      |                                                                 ^~~~~~~~~~~~~~~~~~~~~~~~~~~~~~
./score/mw/com/impl/com_error.h:57:5: note: declared here
   57 |     kServiceInstanceAlreadyOffered
      |     ^~~~~~~~~~~~~~~~~~~~~~~~~~~~~~
[490 / 1,534] Compiling score/memory/shared/memory_resource_registry.cpp; 0s linux-sandbox ... (2 actions, 1 running)
INFO: From Compiling score/mw/com/impl/configuration/config_parser.cpp:
In file included from ./score/mw/com/impl/configuration/service_instance_deployment.h:17,
                 from ./score/mw/com/impl/configuration/configuration.h:18,
                 from ./score/mw/com/impl/configuration/config_parser.h:17,
                 from score/mw/com/impl/configuration/config_parser.cpp:13:
./score/mw/com/impl/com_error.h: In member function 'virtual std::string_view score::mw::com::impl::ComErrorDomain::MessageFor(const score::result::ErrorCode&) const':
./score/mw/com/impl/com_error.h:186:65: warning: 'score::mw::com::impl::ComErrc::kServiceInstanceAlreadyOffered' is deprecated: Value has never been used. Calls to OfferService shall be idempotent. [-Wdeprecated-declarations]
  186 |             case static_cast<score::result::ErrorCode>(ComErrc::kServiceInstanceAlreadyOffered):
      |                                                                 ^~~~~~~~~~~~~~~~~~~~~~~~~~~~~~
./score/mw/com/impl/com_error.h:57:5: note: declared here
   57 |     kServiceInstanceAlreadyOffered
      |     ^~~~~~~~~~~~~~~~~~~~~~~~~~~~~~
[498 / 1,534] Compiling score/mw/com/impl/bindings/lola/event_subscription_control.cpp; 0s linux-sandbox ... (2 actions, 1 running)
[512 / 1,534] Compiling score/mw/com/impl/bindings/lola/event_data_storage.cpp; 0s linux-sandbox ... (2 actions, 1 running)
INFO: From Compiling score/mw/com/impl/com_error.cpp:
In file included from score/mw/com/impl/com_error.cpp:13:
./score/mw/com/impl/com_error.h: In member function 'virtual std::string_view score::mw::com::impl::ComErrorDomain::MessageFor(const score::result::ErrorCode&) const':
./score/mw/com/impl/com_error.h:186:65: warning: 'score::mw::com::impl::ComErrc::kServiceInstanceAlreadyOffered' is deprecated: Value has never been used. Calls to OfferService shall be idempotent. [-Wdeprecated-declarations]
  186 |             case static_cast<score::result::ErrorCode>(ComErrc::kServiceInstanceAlreadyOffered):
      |                                                                 ^~~~~~~~~~~~~~~~~~~~~~~~~~~~~~
./score/mw/com/impl/com_error.h:57:5: note: declared here
   57 |     kServiceInstanceAlreadyOffered
      |     ^~~~~~~~~~~~~~~~~~~~~~~~~~~~~~
[529 / 1,534] Compiling score/mw/com/impl/bindings/lola/transaction_log_registration_guard.cpp; 0s linux-sandbox ... (2 actions, 1 running)
INFO: From Compiling score/mw/com/impl/bindings/lola/transaction_log_set.cpp:
In file included from score/mw/com/impl/bindings/lola/transaction_log_set.cpp:17:
./score/mw/com/impl/com_error.h: In member function 'virtual std::string_view score::mw::com::impl::ComErrorDomain::MessageFor(const score::result::ErrorCode&) const':
./score/mw/com/impl/com_error.h:186:65: warning: 'score::mw::com::impl::ComErrc::kServiceInstanceAlreadyOffered' is deprecated: Value has never been used. Calls to OfferService shall be idempotent. [-Wdeprecated-declarations]
  186 |             case static_cast<score::result::ErrorCode>(ComErrc::kServiceInstanceAlreadyOffered):
      |                                                                 ^~~~~~~~~~~~~~~~~~~~~~~~~~~~~~
./score/mw/com/impl/com_error.h:57:5: note: declared here
   57 |     kServiceInstanceAlreadyOffered
      |     ^~~~~~~~~~~~~~~~~~~~~~~~~~~~~~
[533 / 1,534] Compiling score/mw/log/logging.cpp; 0s linux-sandbox ... (2 actions, 1 running)
[540 / 1,534] Compiling score/mw/com/impl/sample_reference_tracker.cpp; 0s linux-sandbox ... (2 actions, 1 running)
[551 / 1,534] Compiling score/mw/com/impl/mocking/i_skeleton_event.cpp; 0s linux-sandbox ... (2 actions, 1 running)
[558 / 1,534] Compiling score/mw/log/detail/empty_recorder.cpp; 0s linux-sandbox ... (2 actions running)
[565 / 1,534] Compiling score/mw/com/impl/plumbing/sample_allocatee_ptr.cpp; 0s linux-sandbox ... (2 actions, 1 running)
[576 / 1,534] Compiling score/mw/log/configuration/target_config_reader.cpp; 1s linux-sandbox ... (2 actions, 1 running)
[587 / 1,534] Compiling score/mw/com/impl/generic_skeleton_event_binding.cpp; 0s linux-sandbox ... (2 actions, 1 running)
[593 / 1,534] Compiling score/json/internal/parser/nlohmann/nlohmann_parser.cpp; 1s linux-sandbox ... (2 actions, 1 running)
[602 / 1,534] Compiling score/json/internal/parser/nlohmann/json_builder.cpp; 0s linux-sandbox ... (2 actions running)
INFO: From Compiling score/mw/com/impl/tracing/configuration/tracing_filter_config_parser.cpp:
In file included from ./score/mw/com/impl/configuration/service_instance_deployment.h:17,
                 from ./score/mw/com/impl/configuration/configuration.h:18,
                 from ./score/mw/com/impl/tracing/configuration/tracing_filter_config_parser.h:17,
                 from score/mw/com/impl/tracing/configuration/tracing_filter_config_parser.cpp:13:
./score/mw/com/impl/com_error.h: In member function 'virtual std::string_view score::mw::com::impl::ComErrorDomain::MessageFor(const score::result::ErrorCode&) const':
./score/mw/com/impl/com_error.h:186:65: warning: 'score::mw::com::impl::ComErrc::kServiceInstanceAlreadyOffered' is deprecated: Value has never been used. Calls to OfferService shall be idempotent. [-Wdeprecated-declarations]
  186 |             case static_cast<score::result::ErrorCode>(ComErrc::kServiceInstanceAlreadyOffered):
      |                                                                 ^~~~~~~~~~~~~~~~~~~~~~~~~~~~~~
./score/mw/com/impl/com_error.h:57:5: note: declared here
   57 |     kServiceInstanceAlreadyOffered
      |     ^~~~~~~~~~~~~~~~~~~~~~~~~~~~~~
[606 / 1,534] Compiling score/mw/com/impl/tracing/configuration/tracing_filter_config.cpp; 0s linux-sandbox ... (2 actions running)
INFO: From Compiling score/mw/com/impl/tracing/configuration/tracing_filter_config.cpp:
In file included from ./score/mw/com/impl/configuration/service_instance_deployment.h:17,
                 from ./score/mw/com/impl/configuration/configuration.h:18,
                 from ./score/mw/com/impl/tracing/configuration/tracing_filter_config.h:16,
                 from score/mw/com/impl/tracing/configuration/tracing_filter_config.cpp:13:
./score/mw/com/impl/com_error.h: In member function 'virtual std::string_view score::mw::com::impl::ComErrorDomain::MessageFor(const score::result::ErrorCode&) const':
./score/mw/com/impl/com_error.h:186:65: warning: 'score::mw::com::impl::ComErrc::kServiceInstanceAlreadyOffered' is deprecated: Value has never been used. Calls to OfferService shall be idempotent. [-Wdeprecated-declarations]
  186 |             case static_cast<score::result::ErrorCode>(ComErrc::kServiceInstanceAlreadyOffered):
      |                                                                 ^~~~~~~~~~~~~~~~~~~~~~~~~~~~~~
./score/mw/com/impl/com_error.h:57:5: note: declared here
   57 |     kServiceInstanceAlreadyOffered
      |     ^~~~~~~~~~~~~~~~~~~~~~~~~~~~~~
[613 / 1,534] Compiling score/mw/com/impl/tracing/configuration/i_tracing_filter_config.cpp; 0s linux-sandbox ... (2 actions, 1 running)
INFO: From Compiling score/mw/com/impl/tracing/configuration/i_tracing_filter_config.cpp:
In file included from ./score/mw/com/impl/configuration/service_instance_deployment.h:17,
                 from ./score/mw/com/impl/configuration/configuration.h:18,
                 from ./score/mw/com/impl/tracing/configuration/i_tracing_filter_config.h:16,
                 from score/mw/com/impl/tracing/configuration/i_tracing_filter_config.cpp:13:
./score/mw/com/impl/com_error.h: In member function 'virtual std::string_view score::mw::com::impl::ComErrorDomain::MessageFor(const score::result::ErrorCode&) const':
./score/mw/com/impl/com_error.h:186:65: warning: 'score::mw::com::impl::ComErrc::kServiceInstanceAlreadyOffered' is deprecated: Value has never been used. Calls to OfferService shall be idempotent. [-Wdeprecated-declarations]
  186 |             case static_cast<score::result::ErrorCode>(ComErrc::kServiceInstanceAlreadyOffered):
      |                                                                 ^~~~~~~~~~~~~~~~~~~~~~~~~~~~~~
./score/mw/com/impl/com_error.h:57:5: note: declared here
   57 |     kServiceInstanceAlreadyOffered
      |     ^~~~~~~~~~~~~~~~~~~~~~~~~~~~~~
[627 / 1,534] Compiling score/filesystem/filestream/file_factory.cpp; 0s linux-sandbox ... (2 actions, 1 running)
[636 / 1,534] Compiling score/language/safecpp/scoped_function/details/invoker.cpp; 0s linux-sandbox ... (2 actions, 1 running)
[654 / 1,534] Compiling score/filesystem/file_status.cpp; 0s linux-sandbox ... (2 actions, 1 running)
[672 / 1,534] Compiling score/json/internal/writer/json_serialize/json_serialize_backend.cpp; 0s linux-sandbox ... (2 actions, 1 running)
[680 / 1,534] Compiling score/language/safecpp/safe_math/safe_math.cpp; 0s linux-sandbox ... (2 actions, 1 running)
[696 / 1,534] Compiling score/language/safecpp/safe_math/details/multiplication/multiplication.cpp; 0s linux-sandbox ... (2 actions, 1 running)
[705 / 1,534] Compiling score/language/safecpp/safe_math/details/absolute/absolute.cpp; 0s linux-sandbox ... (2 actions running)
[714 / 1,534] Compiling score/concurrency/executor.cpp; 0s linux-sandbox ... (2 actions, 1 running)
[725 / 1,534] Compiling score/concurrency/task_result.cpp; 0s linux-sandbox ... (2 actions, 1 running)
[733 / 1,534] Compiling score/json/internal/model/number.cpp; 0s linux-sandbox ... (2 actions, 1 running)
[740 / 1,534] Compiling score/os/stdlib.cpp; 0s linux-sandbox ... (2 actions, 1 running)
[746 / 1,534] Compiling score/concurrency/future/interruptible_future.cpp; 0s linux-sandbox ... (2 actions, 1 running)
[755 / 1,534] Compiling score/os/libgen_impl.cpp; 0s linux-sandbox ... (2 actions, 1 running)
[764 / 1,534] Compiling score/language/safecpp/scoped_function/move_only_scoped_function.cpp; 0s linux-sandbox ... (2 actions, 1 running)
[772 / 1,534] Compiling score/mw/log/detail/text_recorder/console_recorder_factory.cpp; 0s linux-sandbox ... (2 actions, 1 running)
[779 / 1,534] Compiling score/mw/log/detail/text_recorder/text_recorder.cpp; 0s linux-sandbox ... (2 actions, 1 running)
[785 / 1,534] Compiling score/mw/log/detail/text_recorder/slot_drainer.cpp; 0s linux-sandbox ... (2 actions, 1 running)
[791 / 1,534] Compiling score/mw/com/impl/bindings/lola/tracing/tracing_runtime.cpp; 1s linux-sandbox ... (2 actions, 1 running)
INFO: From Compiling score/mw/com/impl/bindings/lola/tracing/tracing_runtime.cpp:
In file included from ./score/mw/com/impl/configuration/service_instance_deployment.h:17,
                 from ./score/mw/com/impl/configuration/configuration.h:18,
                 from ./score/mw/com/impl/bindings/lola/tracing/tracing_runtime.h:16,
                 from score/mw/com/impl/bindings/lola/tracing/tracing_runtime.cpp:13:
./score/mw/com/impl/com_error.h: In member function 'virtual std::string_view score::mw::com::impl::ComErrorDomain::MessageFor(const score::result::ErrorCode&) const':
./score/mw/com/impl/com_error.h:186:65: warning: 'score::mw::com::impl::ComErrc::kServiceInstanceAlreadyOffered' is deprecated: Value has never been used. Calls to OfferService shall be idempotent. [-Wdeprecated-declarations]
  186 |             case static_cast<score::result::ErrorCode>(ComErrc::kServiceInstanceAlreadyOffered):
      |                                                                 ^~~~~~~~~~~~~~~~~~~~~~~~~~~~~~
./score/mw/com/impl/com_error.h:57:5: note: declared here
   57 |     kServiceInstanceAlreadyOffered
      |     ^~~~~~~~~~~~~~~~~~~~~~~~~~~~~~
[808 / 1,534] Compiling score/mw/com/impl/generic_proxy_event_binding.cpp; 0s linux-sandbox ... (2 actions running)
INFO: From Compiling score/mw/com/impl/plumbing/i_proxy_binding_factory.cpp:
In file included from ./score/mw/com/impl/instance_identifier.h:16,
                 from ./score/mw/com/impl/handle_type.h:18,
                 from ./score/mw/com/impl/plumbing/i_proxy_binding_factory.h:16,
                 from score/mw/com/impl/plumbing/i_proxy_binding_factory.cpp:13:
./score/mw/com/impl/com_error.h: In member function 'virtual std::string_view score::mw::com::impl::ComErrorDomain::MessageFor(const score::result::ErrorCode&) const':
./score/mw/com/impl/com_error.h:186:65: warning: 'score::mw::com::impl::ComErrc::kServiceInstanceAlreadyOffered' is deprecated: Value has never been used. Calls to OfferService shall be idempotent. [-Wdeprecated-declarations]
  186 |             case static_cast<score::result::ErrorCode>(ComErrc::kServiceInstanceAlreadyOffered):
      |                                                                 ^~~~~~~~~~~~~~~~~~~~~~~~~~~~~~
./score/mw/com/impl/com_error.h:57:5: note: declared here
   57 |     kServiceInstanceAlreadyOffered
      |     ^~~~~~~~~~~~~~~~~~~~~~~~~~~~~~
[819 / 1,534] Compiling score/mw/com/impl/proxy_binding.cpp; 0s linux-sandbox ... (2 actions, 1 running)
[828 / 1,534] Compiling score/mw/com/impl/service_discovery.cpp; 0s linux-sandbox ... (2 actions, 1 running)
INFO: From Compiling score/mw/com/impl/service_discovery.cpp:
In file included from ./score/mw/com/impl/instance_identifier.h:16,
                 from ./score/mw/com/impl/handle_type.h:18,
                 from ./score/mw/com/impl/enriched_instance_identifier.h:17,
                 from ./score/mw/com/impl/service_discovery.h:16,
                 from score/mw/com/impl/service_discovery.cpp:13:
./score/mw/com/impl/com_error.h: In member function 'virtual std::string_view score::mw::com::impl::ComErrorDomain::MessageFor(const score::result::ErrorCode&) const':
./score/mw/com/impl/com_error.h:186:65: warning: 'score::mw::com::impl::ComErrc::kServiceInstanceAlreadyOffered' is deprecated: Value has never been used. Calls to OfferService shall be idempotent. [-Wdeprecated-declarations]
  186 |             case static_cast<score::result::ErrorCode>(ComErrc::kServiceInstanceAlreadyOffered):
      |                                                                 ^~~~~~~~~~~~~~~~~~~~~~~~~~~~~~
./score/mw/com/impl/com_error.h:57:5: note: declared here
   57 |     kServiceInstanceAlreadyOffered
      |     ^~~~~~~~~~~~~~~~~~~~~~~~~~~~~~
[836 / 1,534] Compiling score/mw/log/configuration/configuration.cpp; 0s linux-sandbox ... (2 actions, 1 running)
INFO: From Compiling score/mw/com/impl/i_binding_runtime.cpp:
In file included from ./score/mw/com/impl/instance_identifier.h:16,
                 from ./score/mw/com/impl/handle_type.h:18,
                 from ./score/mw/com/impl/enriched_instance_identifier.h:17,
                 from ./score/mw/com/impl/i_service_discovery_client.h:16,
                 from ./score/mw/com/impl/i_binding_runtime.h:17,
                 from score/mw/com/impl/i_binding_runtime.cpp:13:
./score/mw/com/impl/com_error.h: In member function 'virtual std::string_view score::mw::com::impl::ComErrorDomain::MessageFor(const score::result::ErrorCode&) const':
./score/mw/com/impl/com_error.h:186:65: warning: 'score::mw::com::impl::ComErrc::kServiceInstanceAlreadyOffered' is deprecated: Value has never been used. Calls to OfferService shall be idempotent. [-Wdeprecated-declarations]
  186 |             case static_cast<score::result::ErrorCode>(ComErrc::kServiceInstanceAlreadyOffered):
      |                                                                 ^~~~~~~~~~~~~~~~~~~~~~~~~~~~~~
./score/mw/com/impl/com_error.h:57:5: note: declared here
   57 |     kServiceInstanceAlreadyOffered
      |     ^~~~~~~~~~~~~~~~~~~~~~~~~~~~~~
[847 / 1,534] Compiling score/mw/com/impl/i_runtime.cpp; 0s linux-sandbox ... (2 actions, 1 running)
INFO: From Compiling score/mw/com/impl/i_runtime.cpp:
In file included from ./score/mw/com/impl/instance_identifier.h:16,
                 from ./score/mw/com/impl/handle_type.h:18,
                 from ./score/mw/com/impl/enriched_instance_identifier.h:17,
                 from ./score/mw/com/impl/i_service_discovery_client.h:16,
                 from ./score/mw/com/impl/i_binding_runtime.h:17,
                 from ./score/mw/com/impl/i_runtime.h:16,
                 from score/mw/com/impl/i_runtime.cpp:13:
./score/mw/com/impl/com_error.h: In member function 'virtual std::string_view score::mw::com::impl::ComErrorDomain::MessageFor(const score::result::ErrorCode&) const':
./score/mw/com/impl/com_error.h:186:65: warning: 'score::mw::com::impl::ComErrc::kServiceInstanceAlreadyOffered' is deprecated: Value has never been used. Calls to OfferService shall be idempotent. [-Wdeprecated-declarations]
  186 |             case static_cast<score::result::ErrorCode>(ComErrc::kServiceInstanceAlreadyOffered):
      |                                                                 ^~~~~~~~~~~~~~~~~~~~~~~~~~~~~~
./score/mw/com/impl/com_error.h:57:5: note: declared here
   57 |     kServiceInstanceAlreadyOffered
      |     ^~~~~~~~~~~~~~~~~~~~~~~~~~~~~~
[853 / 1,534] Compiling score/mw/com/impl/tracing/i_tracing_runtime.cpp; 0s linux-sandbox ... (2 actions, 1 running)
[873 / 1,534] Compiling score/mw/com/impl/bindings/mock_binding/sample_ptr.cpp; 0s linux-sandbox ... (2 actions running)
[883 / 1,534] Compiling score/mw/com/impl/tracing/tracing_runtime.cpp; 1s linux-sandbox ... (2 actions, 1 running)
[893 / 1,534] Compiling score/language/futurecpp/src/string.cpp; 0s linux-sandbox ... (2 actions, 1 running)
[910 / 1,534] Compiling score/os/utils/abortable_blocking_reader.cpp; 0s linux-sandbox ... (2 actions, 1 running)
[919 / 1,534] Compiling awkgram.c [for tool]; 0s linux-sandbox ... (2 actions, 1 running)
[927 / 1,534] Compiling builtin.c [for tool]; 0s linux-sandbox ... (2 actions, 1 running)
[934 / 1,534] Compiling cint_array.c [for tool]; 0s linux-sandbox ... (2 actions, 1 running)
[942 / 1,534] Compiling debug.c [for tool]; 0s linux-sandbox ... (2 actions, 1 running)
[944 / 1,534] Compiling score/mw/com/impl/bindings/lola/service_discovery/flag_file_crawler.cpp; 1s linux-sandbox ... (2 actions running)
INFO: From Compiling score/mw/com/impl/bindings/lola/service_discovery/flag_file_crawler.cpp:
In file included from ./score/mw/com/impl/instance_identifier.h:16,
                 from ./score/mw/com/impl/handle_type.h:18,
                 from ./score/mw/com/impl/enriched_instance_identifier.h:17,
                 from ./score/mw/com/impl/bindings/lola/service_discovery/known_instances_container.h:16,
                 from ./score/mw/com/impl/bindings/lola/service_discovery/flag_file_crawler.h:16,
                 from score/mw/com/impl/bindings/lola/service_discovery/flag_file_crawler.cpp:13:
./score/mw/com/impl/com_error.h: In member function 'virtual std::string_view score::mw::com::impl::ComErrorDomain::MessageFor(const score::result::ErrorCode&) const':
./score/mw/com/impl/com_error.h:186:65: warning: 'score::mw::com::impl::ComErrc::kServiceInstanceAlreadyOffered' is deprecated: Value has never been used. Calls to OfferService shall be idempotent. [-Wdeprecated-declarations]
  186 |             case static_cast<score::result::ErrorCode>(ComErrc::kServiceInstanceAlreadyOffered):
      |                                                                 ^~~~~~~~~~~~~~~~~~~~~~~~~~~~~~
./score/mw/com/impl/com_error.h:57:5: note: declared here
   57 |     kServiceInstanceAlreadyOffered
      |     ^~~~~~~~~~~~~~~~~~~~~~~~~~~~~~
[949 / 1,534] Compiling score/mw/com/impl/bindings/lola/service_discovery/flag_file.cpp; 0s linux-sandbox ... (2 actions, 1 running)
INFO: From Compiling score/mw/com/impl/bindings/lola/service_discovery/flag_file.cpp:
In file included from ./score/mw/com/impl/instance_identifier.h:16,
                 from ./score/mw/com/impl/handle_type.h:18,
                 from ./score/mw/com/impl/enriched_instance_identifier.h:17,
                 from ./score/mw/com/impl/bindings/lola/service_discovery/flag_file.h:16,
                 from score/mw/com/impl/bindings/lola/service_discovery/flag_file.cpp:13:
./score/mw/com/impl/com_error.h: In member function 'virtual std::string_view score::mw::com::impl::ComErrorDomain::MessageFor(const score::result::ErrorCode&) const':
./score/mw/com/impl/com_error.h:186:65: warning: 'score::mw::com::impl::ComErrc::kServiceInstanceAlreadyOffered' is deprecated: Value has never been used. Calls to OfferService shall be idempotent. [-Wdeprecated-declarations]
  186 |             case static_cast<score::result::ErrorCode>(ComErrc::kServiceInstanceAlreadyOffered):
      |                                                                 ^~~~~~~~~~~~~~~~~~~~~~~~~~~~~~
./score/mw/com/impl/com_error.h:57:5: note: declared here
   57 |     kServiceInstanceAlreadyOffered
      |     ^~~~~~~~~~~~~~~~~~~~~~~~~~~~~~
[957 / 1,534] Compiling io.c [for tool]; 0s linux-sandbox ... (2 actions, 1 running)
[965 / 1,534] Compiling printf.c [for tool]; 0s linux-sandbox ... (2 actions, 1 running)
[971 / 1,534] Compiling score/filesystem/i_standard_filesystem.cpp; 0s linux-sandbox ... (2 actions, 1 running)
[977 / 1,534] Compiling support/dfa.c [for tool]; 0s linux-sandbox ... (2 actions, 1 running)
[990 / 1,534] Compiling support/regex.c [for tool]; 0s linux-sandbox ... (2 actions, 1 running)
[991 / 1,534] Compiling support/regex.c [for tool]; 1s linux-sandbox ... (2 actions running)
INFO: From Compiling score/mw/com/impl/bindings/lola/service_discovery/client/service_discovery_client.cpp:
In file included from ./score/mw/com/impl/instance_identifier.h:16,
                 from ./score/mw/com/impl/handle_type.h:18,
                 from ./score/mw/com/impl/enriched_instance_identifier.h:17,
                 from ./score/mw/com/impl/i_service_discovery_client.h:16,
                 from ./score/mw/com/impl/bindings/lola/service_discovery/client/service_discovery_client.h:16,
                 from score/mw/com/impl/bindings/lola/service_discovery/client/service_discovery_client.cpp:13:
./score/mw/com/impl/com_error.h: In member function 'virtual std::string_view score::mw::com::impl::ComErrorDomain::MessageFor(const score::result::ErrorCode&) const':
./score/mw/com/impl/com_error.h:186:65: warning: 'score::mw::com::impl::ComErrc::kServiceInstanceAlreadyOffered' is deprecated: Value has never been used. Calls to OfferService shall be idempotent. [-Wdeprecated-declarations]
  186 |             case static_cast<score::result::ErrorCode>(ComErrc::kServiceInstanceAlreadyOffered):
      |                                                                 ^~~~~~~~~~~~~~~~~~~~~~~~~~~~~~
./score/mw/com/impl/com_error.h:57:5: note: declared here
   57 |     kServiceInstanceAlreadyOffered
      |     ^~~~~~~~~~~~~~~~~~~~~~~~~~~~~~
[996 / 1,534] Compiling Rust (without process_wrapper) bin process_wrapper (6 files) [for tool]; 0s linux-sandbox ... (2 actions, 1 running)
[1,005 / 1,534] Compiling score/message_passing/client_connection.cpp; 0s linux-sandbox ... (2 actions, 1 running)
[1,010 / 1,534] Compiling Rust bin runner (1 file) [for tool]; 0s linux-sandbox ... (2 actions, 1 running)
[1,024 / 1,534] Compiling score/message_passing/message_passing.cpp; 0s linux-sandbox ... (2 actions, 1 running)
[1,051 / 1,534] Compiling score/message_passing/unix_domain/unix_domain_engine.cpp; 0s linux-sandbox ... (2 actions, 1 running)
[1,076 / 1,534] Compiling score/message_passing/unix_domain/unix_domain_server.cpp; 0s linux-sandbox ... (2 actions, 1 running)
[1,108 / 1,534] Compiling score/mw/com/impl/error_serializer.cpp; 0s linux-sandbox ... (2 actions running)
INFO: From Compiling score/mw/com/impl/error_serializer.cpp:
In file included from score/mw/com/impl/error_serializer.cpp:16:
./score/mw/com/impl/com_error.h: In member function 'virtual std::string_view score::mw::com::impl::ComErrorDomain::MessageFor(const score::result::ErrorCode&) const':
./score/mw/com/impl/com_error.h:186:65: warning: 'score::mw::com::impl::ComErrc::kServiceInstanceAlreadyOffered' is deprecated: Value has never been used. Calls to OfferService shall be idempotent. [-Wdeprecated-declarations]
  186 |             case static_cast<score::result::ErrorCode>(ComErrc::kServiceInstanceAlreadyOffered):
      |                                                                 ^~~~~~~~~~~~~~~~~~~~~~~~~~~~~~
./score/mw/com/impl/com_error.h:57:5: note: declared here
   57 |     kServiceInstanceAlreadyOffered
      |     ^~~~~~~~~~~~~~~~~~~~~~~~~~~~~~
[1,129 / 1,534] Compiling score/mw/com/impl/bindings/lola/methods/method_resource_map.cpp; 0s linux-sandbox ... (2 actions running)
[1,145 / 1,534] Compiling score/mw/com/impl/bindings/lola/type_erased_sample_ptrs_guard.cpp; 0s linux-sandbox ... (2 actions, 1 running)
INFO: From Compiling score/mw/com/impl/bindings/lola/type_erased_sample_ptrs_guard.cpp:
In file included from ./score/mw/com/impl/configuration/service_instance_deployment.h:17,
                 from ./score/mw/com/impl/configuration/configuration.h:18,
                 from ./score/mw/com/impl/runtime.h:18,
                 from score/mw/com/impl/bindings/lola/type_erased_sample_ptrs_guard.cpp:16:
./score/mw/com/impl/com_error.h: In member function 'virtual std::string_view score::mw::com::impl::ComErrorDomain::MessageFor(const score::result::ErrorCode&) const':
./score/mw/com/impl/com_error.h:186:65: warning: 'score::mw::com::impl::ComErrc::kServiceInstanceAlreadyOffered' is deprecated: Value has never been used. Calls to OfferService shall be idempotent. [-Wdeprecated-declarations]
  186 |             case static_cast<score::result::ErrorCode>(ComErrc::kServiceInstanceAlreadyOffered):
      |                                                                 ^~~~~~~~~~~~~~~~~~~~~~~~~~~~~~
./score/mw/com/impl/com_error.h:57:5: note: declared here
   57 |     kServiceInstanceAlreadyOffered
      |     ^~~~~~~~~~~~~~~~~~~~~~~~~~~~~~
[1,150 / 1,534] Compiling score/concurrency/timed_executor/concurrent_timed_executor.cpp; 0s linux-sandbox ... (2 actions, 1 running)
INFO: From Compiling score/mw/com/impl/tracing/skeleton_tracing.cpp:
In file included from ./score/mw/com/impl/instance_identifier.h:16,
                 from ./score/mw/com/impl/tracing/skeleton_tracing.h:21,
                 from score/mw/com/impl/tracing/skeleton_tracing.cpp:17:
./score/mw/com/impl/com_error.h: In member function 'virtual std::string_view score::mw::com::impl::ComErrorDomain::MessageFor(const score::result::ErrorCode&) const':
./score/mw/com/impl/com_error.h:186:65: warning: 'score::mw::com::impl::ComErrc::kServiceInstanceAlreadyOffered' is deprecated: Value has never been used. Calls to OfferService shall be idempotent. [-Wdeprecated-declarations]
  186 |             case static_cast<score::result::ErrorCode>(ComErrc::kServiceInstanceAlreadyOffered):
      |                                                                 ^~~~~~~~~~~~~~~~~~~~~~~~~~~~~~
./score/mw/com/impl/com_error.h:57:5: note: declared here
   57 |     kServiceInstanceAlreadyOffered
      |     ^~~~~~~~~~~~~~~~~~~~~~~~~~~~~~
[1,156 / 1,534] Compiling score/concurrency/timed_executor/periodic_task.cpp; 0s linux-sandbox ... (2 actions, 1 running)
INFO: From Compiling score/mw/com/impl/skeleton_field_base.cpp:
In file included from ./score/mw/com/impl/skeleton_field_base.h:16,
                 from score/mw/com/impl/skeleton_field_base.cpp:13:
./score/mw/com/impl/com_error.h: In member function 'virtual std::string_view score::mw::com::impl::ComErrorDomain::MessageFor(const score::result::ErrorCode&) const':
./score/mw/com/impl/com_error.h:186:65: warning: 'score::mw::com::impl::ComErrc::kServiceInstanceAlreadyOffered' is deprecated: Value has never been used. Calls to OfferService shall be idempotent. [-Wdeprecated-declarations]
  186 |             case static_cast<score::result::ErrorCode>(ComErrc::kServiceInstanceAlreadyOffered):
      |                                                                 ^~~~~~~~~~~~~~~~~~~~~~~~~~~~~~
./score/mw/com/impl/com_error.h:57:5: note: declared here
   57 |     kServiceInstanceAlreadyOffered
      |     ^~~~~~~~~~~~~~~~~~~~~~~~~~~~~~
[1,170 / 1,534] Compiling score/mw/com/impl/bindings/lola/transaction_log_rollback_executor.cpp; 0s linux-sandbox ... (2 actions, 1 running)
INFO: From Compiling score/mw/com/impl/bindings/lola/transaction_log_rollback_executor.cpp:
In file included from ./score/mw/com/impl/instance_identifier.h:16,
                 from ./score/mw/com/impl/handle_type.h:18,
                 from ./score/mw/com/impl/enriched_instance_identifier.h:17,
                 from ./score/mw/com/impl/i_service_discovery_client.h:16,
                 from ./score/mw/com/impl/i_binding_runtime.h:17,
                 from ./score/mw/com/impl/bindings/lola/i_runtime.h:20,
                 from ./score/mw/com/impl/bindings/lola/transaction_log_rollback_executor.h:16,
                 from score/mw/com/impl/bindings/lola/transaction_log_rollback_executor.cpp:13:
./score/mw/com/impl/com_error.h: In member function 'virtual std::string_view score::mw::com::impl::ComErrorDomain::MessageFor(const score::result::ErrorCode&) const':
./score/mw/com/impl/com_error.h:186:65: warning: 'score::mw::com::impl::ComErrc::kServiceInstanceAlreadyOffered' is deprecated: Value has never been used. Calls to OfferService shall be idempotent. [-Wdeprecated-declarations]
  186 |             case static_cast<score::result::ErrorCode>(ComErrc::kServiceInstanceAlreadyOffered):
      |                                                                 ^~~~~~~~~~~~~~~~~~~~~~~~~~~~~~
./score/mw/com/impl/com_error.h:57:5: note: declared here
   57 |     kServiceInstanceAlreadyOffered
      |     ^~~~~~~~~~~~~~~~~~~~~~~~~~~~~~
[1,173 / 1,534] Compiling score/mw/com/impl/tracing/skeleton_event_tracing.cpp; 1s linux-sandbox ... (2 actions running)
INFO: From Compiling score/mw/com/impl/tracing/skeleton_event_tracing.cpp:
In file included from ./score/mw/com/impl/instance_identifier.h:16,
                 from ./score/mw/com/impl/tracing/skeleton_event_tracing.h:22,
                 from score/mw/com/impl/tracing/skeleton_event_tracing.cpp:13:
./score/mw/com/impl/com_error.h: In member function 'virtual std::string_view score::mw::com::impl::ComErrorDomain::MessageFor(const score::result::ErrorCode&) const':
./score/mw/com/impl/com_error.h:186:65: warning: 'score::mw::com::impl::ComErrc::kServiceInstanceAlreadyOffered' is deprecated: Value has never been used. Calls to OfferService shall be idempotent. [-Wdeprecated-declarations]
  186 |             case static_cast<score::result::ErrorCode>(ComErrc::kServiceInstanceAlreadyOffered):
      |                                                                 ^~~~~~~~~~~~~~~~~~~~~~~~~~~~~~
./score/mw/com/impl/com_error.h:57:5: note: declared here
   57 |     kServiceInstanceAlreadyOffered
      |     ^~~~~~~~~~~~~~~~~~~~~~~~~~~~~~
INFO: From Compiling score/mw/com/impl/bindings/lola/skeleton.cpp:
In file included from ./score/mw/com/impl/instance_identifier.h:16,
                 from ./score/mw/com/impl/handle_type.h:18,
                 from ./score/mw/com/impl/enriched_instance_identifier.h:17,
                 from ./score/mw/com/impl/i_service_discovery_client.h:16,
                 from ./score/mw/com/impl/i_binding_runtime.h:17,
                 from ./score/mw/com/impl/bindings/lola/i_runtime.h:20,
                 from ./score/mw/com/impl/bindings/lola/service_data_storage.h:20,
                 from ./score/mw/com/impl/bindings/lola/skeleton_memory_manager.h:20,
                 from ./score/mw/com/impl/bindings/lola/skeleton.h:32,
                 from score/mw/com/impl/bindings/lola/skeleton.cpp:13:
./score/mw/com/impl/com_error.h: In member function 'virtual std::string_view score::mw::com::impl::ComErrorDomain::MessageFor(const score::result::ErrorCode&) const':
./score/mw/com/impl/com_error.h:186:65: warning: 'score::mw::com::impl::ComErrc::kServiceInstanceAlreadyOffered' is deprecated: Value has never been used. Calls to OfferService shall be idempotent. [-Wdeprecated-declarations]
  186 |             case static_cast<score::result::ErrorCode>(ComErrc::kServiceInstanceAlreadyOffered):
      |                                                                 ^~~~~~~~~~~~~~~~~~~~~~~~~~~~~~
./score/mw/com/impl/com_error.h:57:5: note: declared here
   57 |     kServiceInstanceAlreadyOffered
      |     ^~~~~~~~~~~~~~~~~~~~~~~~~~~~~~
[1,176 / 1,534] Compiling score/mw/com/impl/tracing/common_event_tracing.cpp; 1s linux-sandbox ... (2 actions, 1 running)
INFO: From Compiling score/mw/com/impl/tracing/common_event_tracing.cpp:
In file included from ./score/mw/com/impl/instance_identifier.h:16,
                 from ./score/mw/com/impl/tracing/common_event_tracing.h:16,
                 from score/mw/com/impl/tracing/common_event_tracing.cpp:13:
./score/mw/com/impl/com_error.h: In member function 'virtual std::string_view score::mw::com::impl::ComErrorDomain::MessageFor(const score::result::ErrorCode&) const':
./score/mw/com/impl/com_error.h:186:65: warning: 'score::mw::com::impl::ComErrc::kServiceInstanceAlreadyOffered' is deprecated: Value has never been used. Calls to OfferService shall be idempotent. [-Wdeprecated-declarations]
  186 |             case static_cast<score::result::ErrorCode>(ComErrc::kServiceInstanceAlreadyOffered):
      |                                                                 ^~~~~~~~~~~~~~~~~~~~~~~~~~~~~~
./score/mw/com/impl/com_error.h:57:5: note: declared here
   57 |     kServiceInstanceAlreadyOffered
      |     ^~~~~~~~~~~~~~~~~~~~~~~~~~~~~~
[1,178 / 1,534] Compiling score/mw/com/impl/bindings/lola/skeleton_event.cpp; 1s linux-sandbox ... (2 actions running)
INFO: From Compiling score/mw/com/impl/bindings/lola/skeleton_event.cpp:
In file included from ./score/mw/com/impl/instance_identifier.h:16,
                 from ./score/mw/com/impl/handle_type.h:18,
                 from ./score/mw/com/impl/enriched_instance_identifier.h:17,
                 from ./score/mw/com/impl/i_service_discovery_client.h:16,
                 from ./score/mw/com/impl/i_binding_runtime.h:17,
                 from ./score/mw/com/impl/bindings/lola/i_runtime.h:20,
                 from ./score/mw/com/impl/bindings/lola/service_data_storage.h:20,
                 from ./score/mw/com/impl/bindings/lola/skeleton_memory_manager.h:20,
                 from ./score/mw/com/impl/bindings/lola/skeleton.h:32,
                 from ./score/mw/com/impl/bindings/lola/skeleton_event.h:21,
                 from score/mw/com/impl/bindings/lola/skeleton_event.cpp:13:
./score/mw/com/impl/com_error.h: In member function 'virtual std::string_view score::mw::com::impl::ComErrorDomain::MessageFor(const score::result::ErrorCode&) const':
./score/mw/com/impl/com_error.h:186:65: warning: 'score::mw::com::impl::ComErrc::kServiceInstanceAlreadyOffered' is deprecated: Value has never been used. Calls to OfferService shall be idempotent. [-Wdeprecated-declarations]
  186 |             case static_cast<score::result::ErrorCode>(ComErrc::kServiceInstanceAlreadyOffered):
      |                                                                 ^~~~~~~~~~~~~~~~~~~~~~~~~~~~~~
./score/mw/com/impl/com_error.h:57:5: note: declared here
   57 |     kServiceInstanceAlreadyOffered
      |     ^~~~~~~~~~~~~~~~~~~~~~~~~~~~~~
INFO: From Compiling score/mw/com/impl/runtime.cpp:
In file included from ./score/mw/com/impl/configuration/service_instance_deployment.h:17,
                 from ./score/mw/com/impl/configuration/configuration.h:18,
                 from ./score/mw/com/impl/runtime.h:18,
                 from score/mw/com/impl/runtime.cpp:13:
./score/mw/com/impl/com_error.h: In member function 'virtual std::string_view score::mw::com::impl::ComErrorDomain::MessageFor(const score::result::ErrorCode&) const':
./score/mw/com/impl/com_error.h:186:65: warning: 'score::mw::com::impl::ComErrc::kServiceInstanceAlreadyOffered' is deprecated: Value has never been used. Calls to OfferService shall be idempotent. [-Wdeprecated-declarations]
  186 |             case static_cast<score::result::ErrorCode>(ComErrc::kServiceInstanceAlreadyOffered):
      |                                                                 ^~~~~~~~~~~~~~~~~~~~~~~~~~~~~~
./score/mw/com/impl/com_error.h:57:5: note: declared here
   57 |     kServiceInstanceAlreadyOffered
      |     ^~~~~~~~~~~~~~~~~~~~~~~~~~~~~~
INFO: From Compiling score/mw/com/impl/plumbing/binding_runtime_factory.cpp:
In file included from ./score/mw/com/impl/configuration/service_instance_deployment.h:17,
                 from ./score/mw/com/impl/configuration/configuration.h:18,
                 from ./score/mw/com/impl/plumbing/binding_runtime_factory.h:16,
                 from score/mw/com/impl/plumbing/binding_runtime_factory.cpp:13:
./score/mw/com/impl/com_error.h: In member function 'virtual std::string_view score::mw::com::impl::ComErrorDomain::MessageFor(const score::result::ErrorCode&) const':
./score/mw/com/impl/com_error.h:186:65: warning: 'score::mw::com::impl::ComErrc::kServiceInstanceAlreadyOffered' is deprecated: Value has never been used. Calls to OfferService shall be idempotent. [-Wdeprecated-declarations]
  186 |             case static_cast<score::result::ErrorCode>(ComErrc::kServiceInstanceAlreadyOffered):
      |                                                                 ^~~~~~~~~~~~~~~~~~~~~~~~~~~~~~
./score/mw/com/impl/com_error.h:57:5: note: declared here
   57 |     kServiceInstanceAlreadyOffered
      |     ^~~~~~~~~~~~~~~~~~~~~~~~~~~~~~
[1,186 / 1,534] Compiling score/mw/com/impl/bindings/lola/skeleton_memory_manager.cpp; 1s linux-sandbox ... (2 actions, 1 running)
INFO: From Compiling score/mw/com/impl/bindings/lola/skeleton_memory_manager.cpp:
In file included from ./score/mw/com/impl/instance_identifier.h:16,
                 from ./score/mw/com/impl/handle_type.h:18,
                 from ./score/mw/com/impl/enriched_instance_identifier.h:17,
                 from ./score/mw/com/impl/i_service_discovery_client.h:16,
                 from ./score/mw/com/impl/i_binding_runtime.h:17,
                 from ./score/mw/com/impl/bindings/lola/i_runtime.h:20,
                 from ./score/mw/com/impl/bindings/lola/service_data_storage.h:20,
                 from ./score/mw/com/impl/bindings/lola/skeleton_memory_manager.h:20,
                 from score/mw/com/impl/bindings/lola/skeleton_memory_manager.cpp:13:
./score/mw/com/impl/com_error.h: In member function 'virtual std::string_view score::mw::com::impl::ComErrorDomain::MessageFor(const score::result::ErrorCode&) const':
./score/mw/com/impl/com_error.h:186:65: warning: 'score::mw::com::impl::ComErrc::kServiceInstanceAlreadyOffered' is deprecated: Value has never been used. Calls to OfferService shall be idempotent. [-Wdeprecated-declarations]
  186 |             case static_cast<score::result::ErrorCode>(ComErrc::kServiceInstanceAlreadyOffered):
      |                                                                 ^~~~~~~~~~~~~~~~~~~~~~~~~~~~~~
./score/mw/com/impl/com_error.h:57:5: note: declared here
   57 |     kServiceInstanceAlreadyOffered
      |     ^~~~~~~~~~~~~~~~~~~~~~~~~~~~~~
[1,191 / 1,534] Compiling score/mw/com/impl/bindings/lola/runtime.cpp; 1s linux-sandbox ... (2 actions running)
INFO: From Compiling score/mw/com/impl/bindings/lola/runtime.cpp:
In file included from ./score/mw/com/impl/instance_identifier.h:16,
                 from ./score/mw/com/impl/handle_type.h:18,
                 from ./score/mw/com/impl/enriched_instance_identifier.h:17,
                 from ./score/mw/com/impl/i_service_discovery_client.h:16,
                 from ./score/mw/com/impl/i_binding_runtime.h:17,
                 from ./score/mw/com/impl/bindings/lola/i_runtime.h:20,
                 from ./score/mw/com/impl/bindings/lola/runtime.h:16,
                 from score/mw/com/impl/bindings/lola/runtime.cpp:13:
./score/mw/com/impl/com_error.h: In member function 'virtual std::string_view score::mw::com::impl::ComErrorDomain::MessageFor(const score::result::ErrorCode&) const':
./score/mw/com/impl/com_error.h:186:65: warning: 'score::mw::com::impl::ComErrc::kServiceInstanceAlreadyOffered' is deprecated: Value has never been used. Calls to OfferService shall be idempotent. [-Wdeprecated-declarations]
  186 |             case static_cast<score::result::ErrorCode>(ComErrc::kServiceInstanceAlreadyOffered):
      |                                                                 ^~~~~~~~~~~~~~~~~~~~~~~~~~~~~~
./score/mw/com/impl/com_error.h:57:5: note: declared here
   57 |     kServiceInstanceAlreadyOffered
      |     ^~~~~~~~~~~~~~~~~~~~~~~~~~~~~~
INFO: From Compiling score/mw/com/impl/bindings/lola/service_data_storage.cpp:
In file included from ./score/mw/com/impl/instance_identifier.h:16,
                 from ./score/mw/com/impl/handle_type.h:18,
                 from ./score/mw/com/impl/enriched_instance_identifier.h:17,
                 from ./score/mw/com/impl/i_service_discovery_client.h:16,
                 from ./score/mw/com/impl/i_binding_runtime.h:17,
                 from ./score/mw/com/impl/bindings/lola/i_runtime.h:20,
                 from ./score/mw/com/impl/bindings/lola/service_data_storage.h:20,
                 from score/mw/com/impl/bindings/lola/service_data_storage.cpp:13:
./score/mw/com/impl/com_error.h: In member function 'virtual std::string_view score::mw::com::impl::ComErrorDomain::MessageFor(const score::result::ErrorCode&) const':
./score/mw/com/impl/com_error.h:186:65: warning: 'score::mw::com::impl::ComErrc::kServiceInstanceAlreadyOffered' is deprecated: Value has never been used. Calls to OfferService shall be idempotent. [-Wdeprecated-declarations]
  186 |             case static_cast<score::result::ErrorCode>(ComErrc::kServiceInstanceAlreadyOffered):
      |                                                                 ^~~~~~~~~~~~~~~~~~~~~~~~~~~~~~
./score/mw/com/impl/com_error.h:57:5: note: declared here
   57 |     kServiceInstanceAlreadyOffered
      |     ^~~~~~~~~~~~~~~~~~~~~~~~~~~~~~
[1,199 / 1,534] Compiling score/mw/com/impl/bindings/lola/i_runtime.cpp; 0s linux-sandbox ... (2 actions, 1 running)
INFO: From Compiling score/mw/com/impl/bindings/lola/i_runtime.cpp:
In file included from ./score/mw/com/impl/instance_identifier.h:16,
                 from ./score/mw/com/impl/handle_type.h:18,
                 from ./score/mw/com/impl/enriched_instance_identifier.h:17,
                 from ./score/mw/com/impl/i_service_discovery_client.h:16,
                 from ./score/mw/com/impl/i_binding_runtime.h:17,
                 from ./score/mw/com/impl/bindings/lola/i_runtime.h:20,
                 from score/mw/com/impl/bindings/lola/i_runtime.cpp:13:
./score/mw/com/impl/com_error.h: In member function 'virtual std::string_view score::mw::com::impl::ComErrorDomain::MessageFor(const score::result::ErrorCode&) const':
./score/mw/com/impl/com_error.h:186:65: warning: 'score::mw::com::impl::ComErrc::kServiceInstanceAlreadyOffered' is deprecated: Value has never been used. Calls to OfferService shall be idempotent. [-Wdeprecated-declarations]
  186 |             case static_cast<score::result::ErrorCode>(ComErrc::kServiceInstanceAlreadyOffered):
      |                                                                 ^~~~~~~~~~~~~~~~~~~~~~~~~~~~~~
./score/mw/com/impl/com_error.h:57:5: note: declared here
   57 |     kServiceInstanceAlreadyOffered
      |     ^~~~~~~~~~~~~~~~~~~~~~~~~~~~~~
[1,210 / 1,534] Compiling score/mw/com/impl/bindings/lola/skeleton_method.cpp; 0s linux-sandbox ... (2 actions, 1 running)
INFO: From Compiling score/mw/com/impl/bindings/lola/skeleton_method.cpp:
In file included from ./score/mw/com/impl/instance_identifier.h:16,
                 from ./score/mw/com/impl/handle_type.h:18,
                 from ./score/mw/com/impl/enriched_instance_identifier.h:17,
                 from ./score/mw/com/impl/i_service_discovery_client.h:16,
                 from ./score/mw/com/impl/i_binding_runtime.h:17,
                 from ./score/mw/com/impl/bindings/lola/i_runtime.h:20,
                 from score/mw/com/impl/bindings/lola/skeleton_method.cpp:17:
./score/mw/com/impl/com_error.h: In member function 'virtual std::string_view score::mw::com::impl::ComErrorDomain::MessageFor(const score::result::ErrorCode&) const':
./score/mw/com/impl/com_error.h:186:65: warning: 'score::mw::com::impl::ComErrc::kServiceInstanceAlreadyOffered' is deprecated: Value has never been used. Calls to OfferService shall be idempotent. [-Wdeprecated-declarations]
  186 |             case static_cast<score::result::ErrorCode>(ComErrc::kServiceInstanceAlreadyOffered):
      |                                                                 ^~~~~~~~~~~~~~~~~~~~~~~~~~~~~~
./score/mw/com/impl/com_error.h:57:5: note: declared here
   57 |     kServiceInstanceAlreadyOffered
      |     ^~~~~~~~~~~~~~~~~~~~~~~~~~~~~~
[1,214 / 1,534] Compiling score/mw/com/impl/bindings/lola/messaging/i_message_passing_service_instance_factory.cpp; 0s linux-sandbox ... (2 actions, 1 running)
[1,222 / 1,534] Compiling score/mw/com/impl/bindings/lola/messaging/message_passing_service_instance.cpp; 0s linux-sandbox ... (2 actions, 1 running)
[1,223 / 1,534] Compiling score/mw/com/impl/bindings/lola/messaging/message_passing_service_instance.cpp; 1s linux-sandbox ... (2 actions running)
INFO: From Compiling score/mw/com/impl/bindings/lola/subscription_helpers.cpp:
In file included from ./score/mw/com/impl/instance_identifier.h:16,
                 from ./score/mw/com/impl/handle_type.h:18,
                 from ./score/mw/com/impl/enriched_instance_identifier.h:17,
                 from ./score/mw/com/impl/i_service_discovery_client.h:16,
                 from ./score/mw/com/impl/i_binding_runtime.h:17,
                 from ./score/mw/com/impl/bindings/lola/i_runtime.h:20,
                 from score/mw/com/impl/bindings/lola/subscription_helpers.cpp:15:
./score/mw/com/impl/com_error.h: In member function 'virtual std::string_view score::mw::com::impl::ComErrorDomain::MessageFor(const score::result::ErrorCode&) const':
./score/mw/com/impl/com_error.h:186:65: warning: 'score::mw::com::impl::ComErrc::kServiceInstanceAlreadyOffered' is deprecated: Value has never been used. Calls to OfferService shall be idempotent. [-Wdeprecated-declarations]
  186 |             case static_cast<score::result::ErrorCode>(ComErrc::kServiceInstanceAlreadyOffered):
      |                                                                 ^~~~~~~~~~~~~~~~~~~~~~~~~~~~~~
./score/mw/com/impl/com_error.h:57:5: note: declared here
   57 |     kServiceInstanceAlreadyOffered
      |     ^~~~~~~~~~~~~~~~~~~~~~~~~~~~~~
INFO: From Compiling score/mw/com/impl/bindings/lola/messaging/message_passing_service_instance.cpp:
In file included from score/mw/com/impl/bindings/lola/messaging/message_passing_service_instance.cpp:21:
./score/mw/com/impl/com_error.h: In member function 'virtual std::string_view score::mw::com::impl::ComErrorDomain::MessageFor(const score::result::ErrorCode&) const':
./score/mw/com/impl/com_error.h:186:65: warning: 'score::mw::com::impl::ComErrc::kServiceInstanceAlreadyOffered' is deprecated: Value has never been used. Calls to OfferService shall be idempotent. [-Wdeprecated-declarations]
  186 |             case static_cast<score::result::ErrorCode>(ComErrc::kServiceInstanceAlreadyOffered):
      |                                                                 ^~~~~~~~~~~~~~~~~~~~~~~~~~~~~~
./score/mw/com/impl/com_error.h:57:5: note: declared here
   57 |     kServiceInstanceAlreadyOffered
      |     ^~~~~~~~~~~~~~~~~~~~~~~~~~~~~~
INFO: From Compiling score/mw/com/impl/bindings/lola/subscription_not_subscribed_states.cpp:
In file included from score/mw/com/impl/bindings/lola/subscription_not_subscribed_states.cpp:20:
./score/mw/com/impl/com_error.h: In member function 'virtual std::string_view score::mw::com::impl::ComErrorDomain::MessageFor(const score::result::ErrorCode&) const':
./score/mw/com/impl/com_error.h:186:65: warning: 'score::mw::com::impl::ComErrc::kServiceInstanceAlreadyOffered' is deprecated: Value has never been used. Calls to OfferService shall be idempotent. [-Wdeprecated-declarations]
  186 |             case static_cast<score::result::ErrorCode>(ComErrc::kServiceInstanceAlreadyOffered):
      |                                                                 ^~~~~~~~~~~~~~~~~~~~~~~~~~~~~~
./score/mw/com/impl/com_error.h:57:5: note: declared here
   57 |     kServiceInstanceAlreadyOffered
      |     ^~~~~~~~~~~~~~~~~~~~~~~~~~~~~~
[1,230 / 1,534] Compiling score/mw/com/impl/bindings/lola/subscription_state_machine.cpp; 0s linux-sandbox ... (2 actions, 1 running)
INFO: From Compiling score/mw/com/impl/bindings/lola/subscription_subscribed_states.cpp:
In file included from score/mw/com/impl/bindings/lola/subscription_subscribed_states.cpp:18:
./score/mw/com/impl/com_error.h: In member function 'virtual std::string_view score::mw::com::impl::ComErrorDomain::MessageFor(const score::result::ErrorCode&) const':
./score/mw/com/impl/com_error.h:186:65: warning: 'score::mw::com::impl::ComErrc::kServiceInstanceAlreadyOffered' is deprecated: Value has never been used. Calls to OfferService shall be idempotent. [-Wdeprecated-declarations]
  186 |             case static_cast<score::result::ErrorCode>(ComErrc::kServiceInstanceAlreadyOffered):
      |                                                                 ^~~~~~~~~~~~~~~~~~~~~~~~~~~~~~
./score/mw/com/impl/com_error.h:57:5: note: declared here
   57 |     kServiceInstanceAlreadyOffered
      |     ^~~~~~~~~~~~~~~~~~~~~~~~~~~~~~
[1,234 / 1,534] Compiling score/mw/com/impl/bindings/lola/messaging/method_subscription_registration_guard.cpp; 0s linux-sandbox ... (2 actions, 1 running)
INFO: From Compiling score/mw/com/impl/bindings/lola/subscription_subscription_pending_states.cpp:
In file included from score/mw/com/impl/bindings/lola/subscription_subscription_pending_states.cpp:17:
./score/mw/com/impl/com_error.h: In member function 'virtual std::string_view score::mw::com::impl::ComErrorDomain::MessageFor(const score::result::ErrorCode&) const':
./score/mw/com/impl/com_error.h:186:65: warning: 'score::mw::com::impl::ComErrc::kServiceInstanceAlreadyOffered' is deprecated: Value has never been used. Calls to OfferService shall be idempotent. [-Wdeprecated-declarations]
  186 |             case static_cast<score::result::ErrorCode>(ComErrc::kServiceInstanceAlreadyOffered):
      |                                                                 ^~~~~~~~~~~~~~~~~~~~~~~~~~~~~~
./score/mw/com/impl/com_error.h:57:5: note: declared here
   57 |     kServiceInstanceAlreadyOffered
      |     ^~~~~~~~~~~~~~~~~~~~~~~~~~~~~~
[1,238 / 1,534] Compiling score/mw/com/impl/bindings/lola/subscription_state_base.cpp; 0s linux-sandbox ... (2 actions running)
INFO: From Compiling score/mw/com/impl/plumbing/lola_proxy_element_building_blocks.cpp:
In file included from ./score/mw/com/impl/instance_identifier.h:16,
                 from ./score/mw/com/impl/handle_type.h:18,
                 from ./score/mw/com/impl/plumbing/lola_proxy_element_building_blocks.h:18,
                 from score/mw/com/impl/plumbing/lola_proxy_element_building_blocks.cpp:13:
./score/mw/com/impl/com_error.h: In member function 'virtual std::string_view score::mw::com::impl::ComErrorDomain::MessageFor(const score::result::ErrorCode&) const':
./score/mw/com/impl/com_error.h:186:65: warning: 'score::mw::com::impl::ComErrc::kServiceInstanceAlreadyOffered' is deprecated: Value has never been used. Calls to OfferService shall be idempotent. [-Wdeprecated-declarations]
  186 |             case static_cast<score::result::ErrorCode>(ComErrc::kServiceInstanceAlreadyOffered):
      |                                                                 ^~~~~~~~~~~~~~~~~~~~~~~~~~~~~~
./score/mw/com/impl/com_error.h:57:5: note: declared here
   57 |     kServiceInstanceAlreadyOffered
      |     ^~~~~~~~~~~~~~~~~~~~~~~~~~~~~~
[1,245 / 1,534] Compiling score/mw/com/impl/plumbing/proxy_binding_factory.cpp; 0s linux-sandbox ... (2 actions, 1 running)
INFO: From Compiling score/mw/com/impl/plumbing/proxy_binding_factory.cpp:
In file included from ./score/mw/com/impl/instance_identifier.h:16,
                 from ./score/mw/com/impl/handle_type.h:18,
                 from ./score/mw/com/impl/plumbing/proxy_binding_factory.h:16,
                 from score/mw/com/impl/plumbing/proxy_binding_factory.cpp:13:
./score/mw/com/impl/com_error.h: In member function 'virtual std::string_view score::mw::com::impl::ComErrorDomain::MessageFor(const score::result::ErrorCode&) const':
./score/mw/com/impl/com_error.h:186:65: warning: 'score::mw::com::impl::ComErrc::kServiceInstanceAlreadyOffered' is deprecated: Value has never been used. Calls to OfferService shall be idempotent. [-Wdeprecated-declarations]
  186 |             case static_cast<score::result::ErrorCode>(ComErrc::kServiceInstanceAlreadyOffered):
      |                                                                 ^~~~~~~~~~~~~~~~~~~~~~~~~~~~~~
./score/mw/com/impl/com_error.h:57:5: note: declared here
   57 |     kServiceInstanceAlreadyOffered
      |     ^~~~~~~~~~~~~~~~~~~~~~~~~~~~~~
INFO: From Compiling score/mw/com/impl/plumbing/i_proxy_field_binding_factory.cpp:
In file included from ./score/mw/com/impl/instance_identifier.h:16,
                 from ./score/mw/com/impl/handle_type.h:18,
                 from ./score/mw/com/impl/plumbing/i_proxy_field_binding_factory.h:16,
                 from score/mw/com/impl/plumbing/i_proxy_field_binding_factory.cpp:13:
./score/mw/com/impl/com_error.h: In member function 'virtual std::string_view score::mw::com::impl::ComErrorDomain::MessageFor(const score::result::ErrorCode&) const':
./score/mw/com/impl/com_error.h:186:65: warning: 'score::mw::com::impl::ComErrc::kServiceInstanceAlreadyOffered' is deprecated: Value has never been used. Calls to OfferService shall be idempotent. [-Wdeprecated-declarations]
  186 |             case static_cast<score::result::ErrorCode>(ComErrc::kServiceInstanceAlreadyOffered):
      |                                                                 ^~~~~~~~~~~~~~~~~~~~~~~~~~~~~~
./score/mw/com/impl/com_error.h:57:5: note: declared here
   57 |     kServiceInstanceAlreadyOffered
      |     ^~~~~~~~~~~~~~~~~~~~~~~~~~~~~~
[1,250 / 1,534] Compiling score/mw/com/impl/generic_skeleton_event.cpp; 0s linux-sandbox ... (2 actions, 1 running)
INFO: From Compiling score/mw/com/impl/generic_skeleton_event.cpp:
In file included from score/mw/com/impl/generic_skeleton_event.cpp:14:
./score/mw/com/impl/com_error.h: In member function 'virtual std::string_view score::mw::com::impl::ComErrorDomain::MessageFor(const score::result::ErrorCode&) const':
./score/mw/com/impl/com_error.h:186:65: warning: 'score::mw::com::impl::ComErrc::kServiceInstanceAlreadyOffered' is deprecated: Value has never been used. Calls to OfferService shall be idempotent. [-Wdeprecated-declarations]
  186 |             case static_cast<score::result::ErrorCode>(ComErrc::kServiceInstanceAlreadyOffered):
      |                                                                 ^~~~~~~~~~~~~~~~~~~~~~~~~~~~~~
./score/mw/com/impl/com_error.h:57:5: note: declared here
   57 |     kServiceInstanceAlreadyOffered
      |     ^~~~~~~~~~~~~~~~~~~~~~~~~~~~~~
INFO: From Compiling score/mw/com/impl/plumbing/proxy_method_binding_factory.cpp:
In file included from ./score/mw/com/impl/instance_identifier.h:16,
                 from ./score/mw/com/impl/handle_type.h:18,
                 from ./score/mw/com/impl/plumbing/i_proxy_method_binding_factory.h:16,
                 from ./score/mw/com/impl/plumbing/proxy_method_binding_factory.h:17,
                 from score/mw/com/impl/plumbing/proxy_method_binding_factory.cpp:13:
./score/mw/com/impl/com_error.h: In member function 'virtual std::string_view score::mw::com::impl::ComErrorDomain::MessageFor(const score::result::ErrorCode&) const':
./score/mw/com/impl/com_error.h:186:65: warning: 'score::mw::com::impl::ComErrc::kServiceInstanceAlreadyOffered' is deprecated: Value has never been used. Calls to OfferService shall be idempotent. [-Wdeprecated-declarations]
  186 |             case static_cast<score::result::ErrorCode>(ComErrc::kServiceInstanceAlreadyOffered):
      |                                                                 ^~~~~~~~~~~~~~~~~~~~~~~~~~~~~~
./score/mw/com/impl/com_error.h:57:5: note: declared here
   57 |     kServiceInstanceAlreadyOffered
      |     ^~~~~~~~~~~~~~~~~~~~~~~~~~~~~~
[1,253 / 1,534] Compiling score/mw/com/impl/plumbing/i_skeleton_field_binding_factory.cpp; 0s linux-sandbox ... (2 actions, 1 running)
INFO: From Compiling score/mw/com/impl/plumbing/i_skeleton_field_binding_factory.cpp:
In file included from ./score/mw/com/impl/instance_identifier.h:16,
                 from ./score/mw/com/impl/plumbing/i_skeleton_field_binding_factory.h:17,
                 from score/mw/com/impl/plumbing/i_skeleton_field_binding_factory.cpp:13:
./score/mw/com/impl/com_error.h: In member function 'virtual std::string_view score::mw::com::impl::ComErrorDomain::MessageFor(const score::result::ErrorCode&) const':
./score/mw/com/impl/com_error.h:186:65: warning: 'score::mw::com::impl::ComErrc::kServiceInstanceAlreadyOffered' is deprecated: Value has never been used. Calls to OfferService shall be idempotent. [-Wdeprecated-declarations]
  186 |             case static_cast<score::result::ErrorCode>(ComErrc::kServiceInstanceAlreadyOffered):
      |                                                                 ^~~~~~~~~~~~~~~~~~~~~~~~~~~~~~
./score/mw/com/impl/com_error.h:57:5: note: declared here
   57 |     kServiceInstanceAlreadyOffered
      |     ^~~~~~~~~~~~~~~~~~~~~~~~~~~~~~
INFO: From Compiling score/mw/com/impl/plumbing/i_skeleton_event_binding_factory.cpp:
In file included from ./score/mw/com/impl/instance_identifier.h:16,
                 from ./score/mw/com/impl/plumbing/i_skeleton_event_binding_factory.h:16,
                 from score/mw/com/impl/plumbing/i_skeleton_event_binding_factory.cpp:13:
./score/mw/com/impl/com_error.h: In member function 'virtual std::string_view score::mw::com::impl::ComErrorDomain::MessageFor(const score::result::ErrorCode&) const':
./score/mw/com/impl/com_error.h:186:65: warning: 'score::mw::com::impl::ComErrc::kServiceInstanceAlreadyOffered' is deprecated: Value has never been used. Calls to OfferService shall be idempotent. [-Wdeprecated-declarations]
  186 |             case static_cast<score::result::ErrorCode>(ComErrc::kServiceInstanceAlreadyOffered):
      |                                                                 ^~~~~~~~~~~~~~~~~~~~~~~~~~~~~~
./score/mw/com/impl/com_error.h:57:5: note: declared here
   57 |     kServiceInstanceAlreadyOffered
      |     ^~~~~~~~~~~~~~~~~~~~~~~~~~~~~~
[1,257 / 1,534] Compiling score/mw/com/impl/plumbing/proxy_method_binding_factory_impl.cpp; 0s linux-sandbox ... (2 actions, 1 running)
INFO: From Compiling score/mw/com/impl/plumbing/proxy_method_binding_factory_impl.cpp:
In file included from ./score/mw/com/impl/instance_identifier.h:16,
                 from ./score/mw/com/impl/handle_type.h:18,
                 from ./score/mw/com/impl/enriched_instance_identifier.h:17,
                 from ./score/mw/com/impl/i_service_discovery_client.h:16,
                 from ./score/mw/com/impl/i_binding_runtime.h:17,
                 from ./score/mw/com/impl/bindings/lola/i_runtime.h:20,
                 from ./score/mw/com/impl/bindings/lola/proxy_method.h:17,
                 from ./score/mw/com/impl/bindings/lola/proxy.h:24,
                 from ./score/mw/com/impl/plumbing/proxy_method_binding_factory_impl.h:19,
                 from score/mw/com/impl/plumbing/proxy_method_binding_factory_impl.cpp:13:
./score/mw/com/impl/com_error.h: In member function 'virtual std::string_view score::mw::com::impl::ComErrorDomain::MessageFor(const score::result::ErrorCode&) const':
./score/mw/com/impl/com_error.h:186:65: warning: 'score::mw::com::impl::ComErrc::kServiceInstanceAlreadyOffered' is deprecated: Value has never been used. Calls to OfferService shall be idempotent. [-Wdeprecated-declarations]
  186 |             case static_cast<score::result::ErrorCode>(ComErrc::kServiceInstanceAlreadyOffered):
      |                                                                 ^~~~~~~~~~~~~~~~~~~~~~~~~~~~~~
./score/mw/com/impl/com_error.h:57:5: note: declared here
   57 |     kServiceInstanceAlreadyOffered
      |     ^~~~~~~~~~~~~~~~~~~~~~~~~~~~~~
INFO: From Compiling score/mw/com/impl/plumbing/i_proxy_method_binding_factory.cpp:
In file included from ./score/mw/com/impl/instance_identifier.h:16,
                 from ./score/mw/com/impl/handle_type.h:18,
                 from ./score/mw/com/impl/plumbing/i_proxy_method_binding_factory.h:16,
                 from score/mw/com/impl/plumbing/i_proxy_method_binding_factory.cpp:13:
./score/mw/com/impl/com_error.h: In member function 'virtual std::string_view score::mw::com::impl::ComErrorDomain::MessageFor(const score::result::ErrorCode&) const':
./score/mw/com/impl/com_error.h:186:65: warning: 'score::mw::com::impl::ComErrc::kServiceInstanceAlreadyOffered' is deprecated: Value has never been used. Calls to OfferService shall be idempotent. [-Wdeprecated-declarations]
  186 |             case static_cast<score::result::ErrorCode>(ComErrc::kServiceInstanceAlreadyOffered):
      |                                                                 ^~~~~~~~~~~~~~~~~~~~~~~~~~~~~~
./score/mw/com/impl/com_error.h:57:5: note: declared here
   57 |     kServiceInstanceAlreadyOffered
      |     ^~~~~~~~~~~~~~~~~~~~~~~~~~~~~~
[1,261 / 1,534] Compiling score/mw/com/impl/plumbing/skeleton_field_binding_factory.cpp; 1s linux-sandbox ... (2 actions, 1 running)
INFO: From Compiling score/mw/com/impl/plumbing/skeleton_field_binding_factory.cpp:
In file included from ./score/mw/com/impl/instance_identifier.h:16,
                 from ./score/mw/com/impl/handle_type.h:18,
                 from ./score/mw/com/impl/enriched_instance_identifier.h:17,
                 from ./score/mw/com/impl/i_service_discovery_client.h:16,
                 from ./score/mw/com/impl/i_binding_runtime.h:17,
                 from ./score/mw/com/impl/bindings/lola/i_runtime.h:20,
                 from ./score/mw/com/impl/bindings/lola/service_data_storage.h:20,
                 from ./score/mw/com/impl/bindings/lola/skeleton_memory_manager.h:20,
                 from ./score/mw/com/impl/bindings/lola/skeleton.h:32,
                 from ./score/mw/com/impl/bindings/lola/skeleton_event.h:21,
                 from ./score/mw/com/impl/plumbing/skeleton_field_binding_factory.h:17,
                 from score/mw/com/impl/plumbing/skeleton_field_binding_factory.cpp:13:
./score/mw/com/impl/com_error.h: In member function 'virtual std::string_view score::mw::com::impl::ComErrorDomain::MessageFor(const score::result::ErrorCode&) const':
./score/mw/com/impl/com_error.h:186:65: warning: 'score::mw::com::impl::ComErrc::kServiceInstanceAlreadyOffered' is deprecated: Value has never been used. Calls to OfferService shall be idempotent. [-Wdeprecated-declarations]
  186 |             case static_cast<score::result::ErrorCode>(ComErrc::kServiceInstanceAlreadyOffered):
      |                                                                 ^~~~~~~~~~~~~~~~~~~~~~~~~~~~~~
./score/mw/com/impl/com_error.h:57:5: note: declared here
   57 |     kServiceInstanceAlreadyOffered
      |     ^~~~~~~~~~~~~~~~~~~~~~~~~~~~~~
[1,264 / 1,534] Compiling score/mw/com/impl/plumbing/binding_runtime_factory.cpp; 1s linux-sandbox ... (2 actions running)
INFO: From Compiling score/mw/com/impl/plumbing/binding_runtime_factory.cpp:
In file included from ./score/mw/com/impl/configuration/service_instance_deployment.h:17,
                 from ./score/mw/com/impl/configuration/configuration.h:18,
                 from ./score/mw/com/impl/plumbing/binding_runtime_factory.h:16,
                 from score/mw/com/impl/plumbing/binding_runtime_factory.cpp:13:
./score/mw/com/impl/com_error.h: In member function 'virtual std::string_view score::mw::com::impl::ComErrorDomain::MessageFor(const score::result::ErrorCode&) const':
./score/mw/com/impl/com_error.h:186:65: warning: 'score::mw::com::impl::ComErrc::kServiceInstanceAlreadyOffered' is deprecated: Value has never been used. Calls to OfferService shall be idempotent. [-Wdeprecated-declarations]
  186 |             case static_cast<score::result::ErrorCode>(ComErrc::kServiceInstanceAlreadyOffered):
      |                                                                 ^~~~~~~~~~~~~~~~~~~~~~~~~~~~~~
./score/mw/com/impl/com_error.h:57:5: note: declared here
   57 |     kServiceInstanceAlreadyOffered
      |     ^~~~~~~~~~~~~~~~~~~~~~~~~~~~~~
INFO: From Compiling score/mw/com/impl/plumbing/skeleton_field_binding_factory_impl.cpp:
In file included from ./score/mw/com/impl/instance_identifier.h:16,
                 from ./score/mw/com/impl/handle_type.h:18,
                 from ./score/mw/com/impl/enriched_instance_identifier.h:17,
                 from ./score/mw/com/impl/i_service_discovery_client.h:16,
                 from ./score/mw/com/impl/i_binding_runtime.h:17,
                 from ./score/mw/com/impl/bindings/lola/i_runtime.h:20,
                 from ./score/mw/com/impl/bindings/lola/service_data_storage.h:20,
                 from ./score/mw/com/impl/bindings/lola/skeleton_memory_manager.h:20,
                 from ./score/mw/com/impl/bindings/lola/skeleton.h:32,
                 from ./score/mw/com/impl/bindings/lola/skeleton_event.h:21,
                 from ./score/mw/com/impl/plumbing/skeleton_field_binding_factory_impl.h:16,
                 from score/mw/com/impl/plumbing/skeleton_field_binding_factory_impl.cpp:13:
./score/mw/com/impl/com_error.h: In member function 'virtual std::string_view score::mw::com::impl::ComErrorDomain::MessageFor(const score::result::ErrorCode&) const':
./score/mw/com/impl/com_error.h:186:65: warning: 'score::mw::com::impl::ComErrc::kServiceInstanceAlreadyOffered' is deprecated: Value has never been used. Calls to OfferService shall be idempotent. [-Wdeprecated-declarations]
  186 |             case static_cast<score::result::ErrorCode>(ComErrc::kServiceInstanceAlreadyOffered):
      |                                                                 ^~~~~~~~~~~~~~~~~~~~~~~~~~~~~~
./score/mw/com/impl/com_error.h:57:5: note: declared here
   57 |     kServiceInstanceAlreadyOffered
      |     ^~~~~~~~~~~~~~~~~~~~~~~~~~~~~~
INFO: From Compiling score/mw/com/impl/plumbing/proxy_binding_factory_impl.cpp:
In file included from ./score/mw/com/impl/instance_identifier.h:16,
                 from ./score/mw/com/impl/handle_type.h:18,
                 from ./score/mw/com/impl/plumbing/i_proxy_binding_factory.h:16,
                 from ./score/mw/com/impl/plumbing/proxy_binding_factory_impl.h:16,
                 from score/mw/com/impl/plumbing/proxy_binding_factory_impl.cpp:13:
./score/mw/com/impl/com_error.h: In member function 'virtual std::string_view score::mw::com::impl::ComErrorDomain::MessageFor(const score::result::ErrorCode&) const':
./score/mw/com/impl/com_error.h:186:65: warning: 'score::mw::com::impl::ComErrc::kServiceInstanceAlreadyOffered' is deprecated: Value has never been used. Calls to OfferService shall be idempotent. [-Wdeprecated-declarations]
  186 |             case static_cast<score::result::ErrorCode>(ComErrc::kServiceInstanceAlreadyOffered):
      |                                                                 ^~~~~~~~~~~~~~~~~~~~~~~~~~~~~~
./score/mw/com/impl/com_error.h:57:5: note: declared here
   57 |     kServiceInstanceAlreadyOffered
      |     ^~~~~~~~~~~~~~~~~~~~~~~~~~~~~~
[1,269 / 1,534] Compiling score/mw/com/impl/generic_skeleton.cpp; 1s linux-sandbox ... (2 actions, 1 running)
INFO: From Compiling score/mw/com/impl/generic_skeleton.cpp:
In file included from ./score/mw/com/impl/instance_identifier.h:16,
                 from ./score/mw/com/impl/generic_skeleton.h:18,
                 from score/mw/com/impl/generic_skeleton.cpp:13:
./score/mw/com/impl/com_error.h: In member function 'virtual std::string_view score::mw::com::impl::ComErrorDomain::MessageFor(const score::result::ErrorCode&) const':
./score/mw/com/impl/com_error.h:186:65: warning: 'score::mw::com::impl::ComErrc::kServiceInstanceAlreadyOffered' is deprecated: Value has never been used. Calls to OfferService shall be idempotent. [-Wdeprecated-declarations]
  186 |             case static_cast<score::result::ErrorCode>(ComErrc::kServiceInstanceAlreadyOffered):
      |                                                                 ^~~~~~~~~~~~~~~~~~~~~~~~~~~~~~
./score/mw/com/impl/com_error.h:57:5: note: declared here
   57 |     kServiceInstanceAlreadyOffered
      |     ^~~~~~~~~~~~~~~~~~~~~~~~~~~~~~
[1,272 / 1,534] Compiling score/mw/com/impl/plumbing/skeleton_binding_factory_impl.cpp; 1s linux-sandbox ... (2 actions running)
INFO: From Compiling score/mw/com/impl/plumbing/skeleton_binding_factory_impl.cpp:
In file included from ./score/mw/com/impl/instance_identifier.h:16,
                 from ./score/mw/com/impl/plumbing/skeleton_binding_factory_impl.h:16,
                 from score/mw/com/impl/plumbing/skeleton_binding_factory_impl.cpp:13:
./score/mw/com/impl/com_error.h: In member function 'virtual std::string_view score::mw::com::impl::ComErrorDomain::MessageFor(const score::result::ErrorCode&) const':
./score/mw/com/impl/com_error.h:186:65: warning: 'score::mw::com::impl::ComErrc::kServiceInstanceAlreadyOffered' is deprecated: Value has never been used. Calls to OfferService shall be idempotent. [-Wdeprecated-declarations]
  186 |             case static_cast<score::result::ErrorCode>(ComErrc::kServiceInstanceAlreadyOffered):
      |                                                                 ^~~~~~~~~~~~~~~~~~~~~~~~~~~~~~
./score/mw/com/impl/com_error.h:57:5: note: declared here
   57 |     kServiceInstanceAlreadyOffered
      |     ^~~~~~~~~~~~~~~~~~~~~~~~~~~~~~
INFO: From Compiling score/mw/com/impl/plumbing/skeleton_event_binding_factory_impl.cpp:
In file included from ./score/mw/com/impl/instance_identifier.h:16,
                 from ./score/mw/com/impl/plumbing/skeleton_event_binding_factory_impl.h:16,
                 from score/mw/com/impl/plumbing/skeleton_event_binding_factory_impl.cpp:13:
./score/mw/com/impl/com_error.h: In member function 'virtual std::string_view score::mw::com::impl::ComErrorDomain::MessageFor(const score::result::ErrorCode&) const':
./score/mw/com/impl/com_error.h:186:65: warning: 'score::mw::com::impl::ComErrc::kServiceInstanceAlreadyOffered' is deprecated: Value has never been used. Calls to OfferService shall be idempotent. [-Wdeprecated-declarations]
  186 |             case static_cast<score::result::ErrorCode>(ComErrc::kServiceInstanceAlreadyOffered):
      |                                                                 ^~~~~~~~~~~~~~~~~~~~~~~~~~~~~~
./score/mw/com/impl/com_error.h:57:5: note: declared here
   57 |     kServiceInstanceAlreadyOffered
      |     ^~~~~~~~~~~~~~~~~~~~~~~~~~~~~~
[1,276 / 1,534] Compiling score/mw/com/impl/bindings/lola/proxy.cpp; 1s linux-sandbox ... (2 actions running)
INFO: From Compiling score/mw/com/impl/plumbing/skeleton_service_element_binding_factory_impl.cpp:
In file included from ./score/mw/com/impl/instance_identifier.h:16,
                 from ./score/mw/com/impl/handle_type.h:18,
                 from ./score/mw/com/impl/enriched_instance_identifier.h:17,
                 from ./score/mw/com/impl/i_service_discovery_client.h:16,
                 from ./score/mw/com/impl/i_binding_runtime.h:17,
                 from ./score/mw/com/impl/bindings/lola/i_runtime.h:20,
                 from ./score/mw/com/impl/bindings/lola/service_data_storage.h:20,
                 from ./score/mw/com/impl/bindings/lola/skeleton_memory_manager.h:20,
                 from ./score/mw/com/impl/bindings/lola/skeleton.h:32,
                 from ./score/mw/com/impl/plumbing/skeleton_service_element_binding_factory_impl.h:17,
                 from score/mw/com/impl/plumbing/skeleton_service_element_binding_factory_impl.cpp:13:
./score/mw/com/impl/com_error.h: In member function 'virtual std::string_view score::mw::com::impl::ComErrorDomain::MessageFor(const score::result::ErrorCode&) const':
./score/mw/com/impl/com_error.h:186:65: warning: 'score::mw::com::impl::ComErrc::kServiceInstanceAlreadyOffered' is deprecated: Value has never been used. Calls to OfferService shall be idempotent. [-Wdeprecated-declarations]
  186 |             case static_cast<score::result::ErrorCode>(ComErrc::kServiceInstanceAlreadyOffered):
      |                                                                 ^~~~~~~~~~~~~~~~~~~~~~~~~~~~~~
./score/mw/com/impl/com_error.h:57:5: note: declared here
   57 |     kServiceInstanceAlreadyOffered
      |     ^~~~~~~~~~~~~~~~~~~~~~~~~~~~~~
INFO: From Compiling score/mw/com/impl/bindings/lola/proxy.cpp:
In file included from ./score/mw/com/impl/instance_identifier.h:16,
                 from ./score/mw/com/impl/handle_type.h:18,
                 from ./score/mw/com/impl/enriched_instance_identifier.h:17,
                 from ./score/mw/com/impl/i_service_discovery_client.h:16,
                 from ./score/mw/com/impl/i_binding_runtime.h:17,
                 from ./score/mw/com/impl/bindings/lola/i_runtime.h:20,
                 from ./score/mw/com/impl/bindings/lola/proxy_method.h:17,
                 from ./score/mw/com/impl/bindings/lola/proxy.h:24,
                 from score/mw/com/impl/bindings/lola/proxy.cpp:13:
./score/mw/com/impl/com_error.h: In member function 'virtual std::string_view score::mw::com::impl::ComErrorDomain::MessageFor(const score::result::ErrorCode&) const':
./score/mw/com/impl/com_error.h:186:65: warning: 'score::mw::com::impl::ComErrc::kServiceInstanceAlreadyOffered' is deprecated: Value has never been used. Calls to OfferService shall be idempotent. [-Wdeprecated-declarations]
  186 |             case static_cast<score::result::ErrorCode>(ComErrc::kServiceInstanceAlreadyOffered):
      |                                                                 ^~~~~~~~~~~~~~~~~~~~~~~~~~~~~~
./score/mw/com/impl/com_error.h:57:5: note: declared here
   57 |     kServiceInstanceAlreadyOffered
      |     ^~~~~~~~~~~~~~~~~~~~~~~~~~~~~~
INFO: From Compiling score/mw/com/impl/bindings/lola/proxy_event.cpp:
In file included from ./score/mw/com/impl/instance_identifier.h:16,
                 from ./score/mw/com/impl/handle_type.h:18,
                 from ./score/mw/com/impl/enriched_instance_identifier.h:17,
                 from ./score/mw/com/impl/i_service_discovery_client.h:16,
                 from ./score/mw/com/impl/i_binding_runtime.h:17,
                 from ./score/mw/com/impl/bindings/lola/i_runtime.h:20,
                 from ./score/mw/com/impl/bindings/lola/proxy_method.h:17,
                 from ./score/mw/com/impl/bindings/lola/proxy.h:24,
                 from ./score/mw/com/impl/bindings/lola/proxy_event.h:18,
                 from score/mw/com/impl/bindings/lola/proxy_event.cpp:13:
./score/mw/com/impl/com_error.h: In member function 'virtual std::string_view score::mw::com::impl::ComErrorDomain::MessageFor(const score::result::ErrorCode&) const':
./score/mw/com/impl/com_error.h:186:65: warning: 'score::mw::com::impl::ComErrc::kServiceInstanceAlreadyOffered' is deprecated: Value has never been used. Calls to OfferService shall be idempotent. [-Wdeprecated-declarations]
  186 |             case static_cast<score::result::ErrorCode>(ComErrc::kServiceInstanceAlreadyOffered):
      |                                                                 ^~~~~~~~~~~~~~~~~~~~~~~~~~~~~~
./score/mw/com/impl/com_error.h:57:5: note: declared here
   57 |     kServiceInstanceAlreadyOffered
      |     ^~~~~~~~~~~~~~~~~~~~~~~~~~~~~~
[1,282 / 1,534] Compiling score/mw/com/impl/skeleton_base.cpp; 1s linux-sandbox ... (2 actions, 1 running)
INFO: From Compiling score/mw/com/impl/skeleton_base.cpp:
In file included from ./score/mw/com/impl/instance_identifier.h:16,
                 from ./score/mw/com/impl/skeleton_base.h:17,
                 from score/mw/com/impl/skeleton_base.cpp:13:
./score/mw/com/impl/com_error.h: In member function 'virtual std::string_view score::mw::com::impl::ComErrorDomain::MessageFor(const score::result::ErrorCode&) const':
./score/mw/com/impl/com_error.h:186:65: warning: 'score::mw::com::impl::ComErrc::kServiceInstanceAlreadyOffered' is deprecated: Value has never been used. Calls to OfferService shall be idempotent. [-Wdeprecated-declarations]
  186 |             case static_cast<score::result::ErrorCode>(ComErrc::kServiceInstanceAlreadyOffered):
      |                                                                 ^~~~~~~~~~~~~~~~~~~~~~~~~~~~~~
./score/mw/com/impl/com_error.h:57:5: note: declared here
   57 |     kServiceInstanceAlreadyOffered
      |     ^~~~~~~~~~~~~~~~~~~~~~~~~~~~~~
[1,284 / 1,534] Compiling score/mw/com/impl/bindings/lola/proxy_method.cpp; 1s linux-sandbox ... (2 actions running)
INFO: From Compiling score/mw/com/impl/bindings/lola/proxy_method.cpp:
In file included from ./score/mw/com/impl/instance_identifier.h:16,
                 from ./score/mw/com/impl/handle_type.h:18,
                 from ./score/mw/com/impl/enriched_instance_identifier.h:17,
                 from ./score/mw/com/impl/i_service_discovery_client.h:16,
                 from ./score/mw/com/impl/i_binding_runtime.h:17,
                 from ./score/mw/com/impl/bindings/lola/i_runtime.h:20,
                 from ./score/mw/com/impl/bindings/lola/proxy_method.h:17,
                 from score/mw/com/impl/bindings/lola/proxy_method.cpp:13:
./score/mw/com/impl/com_error.h: In member function 'virtual std::string_view score::mw::com::impl::ComErrorDomain::MessageFor(const score::result::ErrorCode&) const':
./score/mw/com/impl/com_error.h:186:65: warning: 'score::mw::com::impl::ComErrc::kServiceInstanceAlreadyOffered' is deprecated: Value has never been used. Calls to OfferService shall be idempotent. [-Wdeprecated-declarations]
  186 |             case static_cast<score::result::ErrorCode>(ComErrc::kServiceInstanceAlreadyOffered):
      |                                                                 ^~~~~~~~~~~~~~~~~~~~~~~~~~~~~~
./score/mw/com/impl/com_error.h:57:5: note: declared here
   57 |     kServiceInstanceAlreadyOffered
      |     ^~~~~~~~~~~~~~~~~~~~~~~~~~~~~~
INFO: From Compiling score/mw/com/impl/methods/skeleton_method.cpp:
In file included from ./score/mw/com/impl/instance_identifier.h:16,
                 from ./score/mw/com/impl/plumbing/skeleton_method_binding_factory.h:16,
                 from ./score/mw/com/impl/methods/skeleton_method.h:21,
                 from score/mw/com/impl/methods/skeleton_method.cpp:13:
./score/mw/com/impl/com_error.h: In member function 'virtual std::string_view score::mw::com::impl::ComErrorDomain::MessageFor(const score::result::ErrorCode&) const':
./score/mw/com/impl/com_error.h:186:65: warning: 'score::mw::com::impl::ComErrc::kServiceInstanceAlreadyOffered' is deprecated: Value has never been used. Calls to OfferService shall be idempotent. [-Wdeprecated-declarations]
  186 |             case static_cast<score::result::ErrorCode>(ComErrc::kServiceInstanceAlreadyOffered):
      |                                                                 ^~~~~~~~~~~~~~~~~~~~~~~~~~~~~~
./score/mw/com/impl/com_error.h:57:5: note: declared here
   57 |     kServiceInstanceAlreadyOffered
      |     ^~~~~~~~~~~~~~~~~~~~~~~~~~~~~~
INFO: From Compiling score/mw/com/impl/plumbing/skeleton_method_binding_factory.cpp:
In file included from ./score/mw/com/impl/instance_identifier.h:16,
                 from ./score/mw/com/impl/plumbing/skeleton_method_binding_factory.h:16,
                 from score/mw/com/impl/plumbing/skeleton_method_binding_factory.cpp:13:
./score/mw/com/impl/com_error.h: In member function 'virtual std::string_view score::mw::com::impl::ComErrorDomain::MessageFor(const score::result::ErrorCode&) const':
./score/mw/com/impl/com_error.h:186:65: warning: 'score::mw::com::impl::ComErrc::kServiceInstanceAlreadyOffered' is deprecated: Value has never been used. Calls to OfferService shall be idempotent. [-Wdeprecated-declarations]
  186 |             case static_cast<score::result::ErrorCode>(ComErrc::kServiceInstanceAlreadyOffered):
      |                                                                 ^~~~~~~~~~~~~~~~~~~~~~~~~~~~~~
./score/mw/com/impl/com_error.h:57:5: note: declared here
   57 |     kServiceInstanceAlreadyOffered
      |     ^~~~~~~~~~~~~~~~~~~~~~~~~~~~~~
[1,291 / 1,534] Compiling score/mw/com/impl/proxy_base.cpp; 0s linux-sandbox ... (2 actions, 1 running)
INFO: From Compiling score/mw/com/impl/proxy_base.cpp:
In file included from ./score/mw/com/impl/instance_identifier.h:16,
                 from ./score/mw/com/impl/handle_type.h:18,
                 from ./score/mw/com/impl/proxy_base.h:18,
                 from score/mw/com/impl/proxy_base.cpp:13:
./score/mw/com/impl/com_error.h: In member function 'virtual std::string_view score::mw::com::impl::ComErrorDomain::MessageFor(const score::result::ErrorCode&) const':
./score/mw/com/impl/com_error.h:186:65: warning: 'score::mw::com::impl::ComErrc::kServiceInstanceAlreadyOffered' is deprecated: Value has never been used. Calls to OfferService shall be idempotent. [-Wdeprecated-declarations]
  186 |             case static_cast<score::result::ErrorCode>(ComErrc::kServiceInstanceAlreadyOffered):
      |                                                                 ^~~~~~~~~~~~~~~~~~~~~~~~~~~~~~
./score/mw/com/impl/com_error.h:57:5: note: declared here
   57 |     kServiceInstanceAlreadyOffered
      |     ^~~~~~~~~~~~~~~~~~~~~~~~~~~~~~
[1,293 / 1,534] Compiling score/mw/com/impl/plumbing/skeleton_method_binding_factory_impl.cpp; 1s linux-sandbox ... (2 actions, 1 running)
INFO: From Compiling score/mw/com/impl/plumbing/skeleton_method_binding_factory_impl.cpp:
In file included from ./score/mw/com/impl/instance_identifier.h:16,
                 from ./score/mw/com/impl/handle_type.h:18,
                 from ./score/mw/com/impl/plumbing/skeleton_method_binding_factory_impl.h:16,
                 from score/mw/com/impl/plumbing/skeleton_method_binding_factory_impl.cpp:13:
./score/mw/com/impl/com_error.h: In member function 'virtual std::string_view score::mw::com::impl::ComErrorDomain::MessageFor(const score::result::ErrorCode&) const':
./score/mw/com/impl/com_error.h:186:65: warning: 'score::mw::com::impl::ComErrc::kServiceInstanceAlreadyOffered' is deprecated: Value has never been used. Calls to OfferService shall be idempotent. [-Wdeprecated-declarations]
  186 |             case static_cast<score::result::ErrorCode>(ComErrc::kServiceInstanceAlreadyOffered):
      |                                                                 ^~~~~~~~~~~~~~~~~~~~~~~~~~~~~~
./score/mw/com/impl/com_error.h:57:5: note: declared here
   57 |     kServiceInstanceAlreadyOffered
      |     ^~~~~~~~~~~~~~~~~~~~~~~~~~~~~~
INFO: From Compiling score/mw/com/impl/plumbing/i_skeleton_method_binding_factory.cpp:
In file included from ./score/mw/com/impl/instance_identifier.h:16,
                 from ./score/mw/com/impl/handle_type.h:18,
                 from ./score/mw/com/impl/plumbing/i_skeleton_method_binding_factory.h:16,
                 from score/mw/com/impl/plumbing/i_skeleton_method_binding_factory.cpp:13:
./score/mw/com/impl/com_error.h: In member function 'virtual std::string_view score::mw::com::impl::ComErrorDomain::MessageFor(const score::result::ErrorCode&) const':
./score/mw/com/impl/com_error.h:186:65: warning: 'score::mw::com::impl::ComErrc::kServiceInstanceAlreadyOffered' is deprecated: Value has never been used. Calls to OfferService shall be idempotent. [-Wdeprecated-declarations]
  186 |             case static_cast<score::result::ErrorCode>(ComErrc::kServiceInstanceAlreadyOffered):
      |                                                                 ^~~~~~~~~~~~~~~~~~~~~~~~~~~~~~
./score/mw/com/impl/com_error.h:57:5: note: declared here
   57 |     kServiceInstanceAlreadyOffered
      |     ^~~~~~~~~~~~~~~~~~~~~~~~~~~~~~
[1,299 / 1,534] Compiling score/mw/com/impl/generic_proxy.cpp; 0s linux-sandbox ... (2 actions, 1 running)
INFO: From Compiling score/mw/com/impl/generic_proxy.cpp:
In file included from ./score/mw/com/impl/instance_identifier.h:16,
                 from ./score/mw/com/impl/handle_type.h:18,
                 from ./score/mw/com/impl/proxy_base.h:18,
                 from ./score/mw/com/impl/generic_proxy_event.h:18,
                 from ./score/mw/com/impl/generic_proxy.h:18,
                 from score/mw/com/impl/generic_proxy.cpp:14:
./score/mw/com/impl/com_error.h: In member function 'virtual std::string_view score::mw::com::impl::ComErrorDomain::MessageFor(const score::result::ErrorCode&) const':
./score/mw/com/impl/com_error.h:186:65: warning: 'score::mw::com::impl::ComErrc::kServiceInstanceAlreadyOffered' is deprecated: Value has never been used. Calls to OfferService shall be idempotent. [-Wdeprecated-declarations]
  186 |             case static_cast<score::result::ErrorCode>(ComErrc::kServiceInstanceAlreadyOffered):
      |                                                                 ^~~~~~~~~~~~~~~~~~~~~~~~~~~~~~
./score/mw/com/impl/com_error.h:57:5: note: declared here
   57 |     kServiceInstanceAlreadyOffered
      |     ^~~~~~~~~~~~~~~~~~~~~~~~~~~~~~
INFO: From Compiling score/mw/com/impl/methods/proxy_method.cpp:
In file included from ./score/mw/com/impl/instance_identifier.h:16,
                 from ./score/mw/com/impl/handle_type.h:18,
                 from ./score/mw/com/impl/enriched_instance_identifier.h:17,
                 from ./score/mw/com/impl/i_service_discovery_client.h:16,
                 from ./score/mw/com/impl/i_binding_runtime.h:17,
                 from ./score/mw/com/impl/bindings/lola/i_runtime.h:20,
                 from ./score/mw/com/impl/bindings/lola/proxy_method.h:17,
                 from ./score/mw/com/impl/bindings/lola/proxy.h:24,
                 from ./score/mw/com/impl/methods/proxy_method.h:16,
                 from score/mw/com/impl/methods/proxy_method.cpp:13:
./score/mw/com/impl/com_error.h: In member function 'virtual std::string_view score::mw::com::impl::ComErrorDomain::MessageFor(const score::result::ErrorCode&) const':
./score/mw/com/impl/com_error.h:186:65: warning: 'score::mw::com::impl::ComErrc::kServiceInstanceAlreadyOffered' is deprecated: Value has never been used. Calls to OfferService shall be idempotent. [-Wdeprecated-declarations]
  186 |             case static_cast<score::result::ErrorCode>(ComErrc::kServiceInstanceAlreadyOffered):
      |                                                                 ^~~~~~~~~~~~~~~~~~~~~~~~~~~~~~
./score/mw/com/impl/com_error.h:57:5: note: declared here
   57 |     kServiceInstanceAlreadyOffered
      |     ^~~~~~~~~~~~~~~~~~~~~~~~~~~~~~
[1,303 / 1,534] Compiling score/mw/com/impl/proxy_event_base.cpp; 0s linux-sandbox ... (2 actions, 1 running)
INFO: From Compiling score/mw/com/impl/proxy_event_base.cpp:
In file included from score/mw/com/impl/proxy_event_base.cpp:16:
./score/mw/com/impl/com_error.h: In member function 'virtual std::string_view score::mw::com::impl::ComErrorDomain::MessageFor(const score::result::ErrorCode&) const':
./score/mw/com/impl/com_error.h:186:65: warning: 'score::mw::com::impl::ComErrc::kServiceInstanceAlreadyOffered' is deprecated: Value has never been used. Calls to OfferService shall be idempotent. [-Wdeprecated-declarations]
  186 |             case static_cast<score::result::ErrorCode>(ComErrc::kServiceInstanceAlreadyOffered):
      |                                                                 ^~~~~~~~~~~~~~~~~~~~~~~~~~~~~~
./score/mw/com/impl/com_error.h:57:5: note: declared here
   57 |     kServiceInstanceAlreadyOffered
      |     ^~~~~~~~~~~~~~~~~~~~~~~~~~~~~~
[1,305 / 1,534] Compiling score/mw/com/impl/methods/proxy_method_with_in_args.cpp; 1s linux-sandbox ... (2 actions running)
INFO: From Compiling score/mw/com/impl/methods/proxy_method_with_in_args.cpp:
In file included from ./score/mw/com/impl/instance_identifier.h:16,
                 from ./score/mw/com/impl/handle_type.h:18,
                 from ./score/mw/com/impl/enriched_instance_identifier.h:17,
                 from ./score/mw/com/impl/i_service_discovery_client.h:16,
                 from ./score/mw/com/impl/i_binding_runtime.h:17,
                 from ./score/mw/com/impl/bindings/lola/i_runtime.h:20,
                 from ./score/mw/com/impl/bindings/lola/proxy_method.h:17,
                 from ./score/mw/com/impl/bindings/lola/proxy.h:24,
                 from ./score/mw/com/impl/methods/proxy_method.h:16,
                 from ./score/mw/com/impl/methods/proxy_method_with_in_args.h:18,
                 from score/mw/com/impl/methods/proxy_method_with_in_args.cpp:13:
./score/mw/com/impl/com_error.h: In member function 'virtual std::string_view score::mw::com::impl::ComErrorDomain::MessageFor(const score::result::ErrorCode&) const':
./score/mw/com/impl/com_error.h:186:65: warning: 'score::mw::com::impl::ComErrc::kServiceInstanceAlreadyOffered' is deprecated: Value has never been used. Calls to OfferService shall be idempotent. [-Wdeprecated-declarations]
  186 |             case static_cast<score::result::ErrorCode>(ComErrc::kServiceInstanceAlreadyOffered):
      |                                                                 ^~~~~~~~~~~~~~~~~~~~~~~~~~~~~~
./score/mw/com/impl/com_error.h:57:5: note: declared here
   57 |     kServiceInstanceAlreadyOffered
      |     ^~~~~~~~~~~~~~~~~~~~~~~~~~~~~~
INFO: From Compiling score/mw/com/impl/tracing/proxy_event_tracing.cpp:
In file included from ./score/mw/com/impl/instance_identifier.h:16,
                 from ./score/mw/com/impl/tracing/proxy_event_tracing.h:23,
                 from score/mw/com/impl/tracing/proxy_event_tracing.cpp:17:
./score/mw/com/impl/com_error.h: In member function 'virtual std::string_view score::mw::com::impl::ComErrorDomain::MessageFor(const score::result::ErrorCode&) const':
./score/mw/com/impl/com_error.h:186:65: warning: 'score::mw::com::impl::ComErrc::kServiceInstanceAlreadyOffered' is deprecated: Value has never been used. Calls to OfferService shall be idempotent. [-Wdeprecated-declarations]
  186 |             case static_cast<score::result::ErrorCode>(ComErrc::kServiceInstanceAlreadyOffered):
      |                                                                 ^~~~~~~~~~~~~~~~~~~~~~~~~~~~~~
./score/mw/com/impl/com_error.h:57:5: note: declared here
   57 |     kServiceInstanceAlreadyOffered
      |     ^~~~~~~~~~~~~~~~~~~~~~~~~~~~~~
[1,309 / 1,534] Compiling score/mw/com/impl/methods/proxy_method_with_in_args_and_return.cpp; 1s linux-sandbox ... (2 actions, 1 running)
INFO: From Compiling score/mw/com/impl/methods/proxy_method_with_in_args_and_return.cpp:
In file included from ./score/mw/com/impl/instance_identifier.h:16,
                 from ./score/mw/com/impl/handle_type.h:18,
                 from ./score/mw/com/impl/enriched_instance_identifier.h:17,
                 from ./score/mw/com/impl/i_service_discovery_client.h:16,
                 from ./score/mw/com/impl/i_binding_runtime.h:17,
                 from ./score/mw/com/impl/bindings/lola/i_runtime.h:20,
                 from ./score/mw/com/impl/bindings/lola/proxy_method.h:17,
                 from ./score/mw/com/impl/bindings/lola/proxy.h:24,
                 from ./score/mw/com/impl/methods/proxy_method.h:16,
                 from ./score/mw/com/impl/methods/proxy_method_with_in_args_and_return.h:18,
                 from score/mw/com/impl/methods/proxy_method_with_in_args_and_return.cpp:13:
./score/mw/com/impl/com_error.h: In member function 'virtual std::string_view score::mw::com::impl::ComErrorDomain::MessageFor(const score::result::ErrorCode&) const':
./score/mw/com/impl/com_error.h:186:65: warning: 'score::mw::com::impl::ComErrc::kServiceInstanceAlreadyOffered' is deprecated: Value has never been used. Calls to OfferService shall be idempotent. [-Wdeprecated-declarations]
  186 |             case static_cast<score::result::ErrorCode>(ComErrc::kServiceInstanceAlreadyOffered):
      |                                                                 ^~~~~~~~~~~~~~~~~~~~~~~~~~~~~~
./score/mw/com/impl/com_error.h:57:5: note: declared here
   57 |     kServiceInstanceAlreadyOffered
      |     ^~~~~~~~~~~~~~~~~~~~~~~~~~~~~~
INFO: From Compiling score/mw/com/impl/plumbing/skeleton_event_binding_factory.cpp:
In file included from ./score/mw/com/impl/instance_identifier.h:16,
                 from ./score/mw/com/impl/handle_type.h:18,
                 from ./score/mw/com/impl/enriched_instance_identifier.h:17,
                 from ./score/mw/com/impl/i_service_discovery_client.h:16,
                 from ./score/mw/com/impl/i_binding_runtime.h:17,
                 from ./score/mw/com/impl/bindings/lola/i_runtime.h:20,
                 from ./score/mw/com/impl/bindings/lola/service_data_storage.h:20,
                 from ./score/mw/com/impl/bindings/lola/skeleton_memory_manager.h:20,
                 from ./score/mw/com/impl/bindings/lola/skeleton.h:32,
                 from ./score/mw/com/impl/bindings/lola/skeleton_event.h:21,
                 from ./score/mw/com/impl/plumbing/skeleton_event_binding_factory.h:16,
                 from score/mw/com/impl/plumbing/skeleton_event_binding_factory.cpp:13:
./score/mw/com/impl/com_error.h: In member function 'virtual std::string_view score::mw::com::impl::ComErrorDomain::MessageFor(const score::result::ErrorCode&) const':
./score/mw/com/impl/com_error.h:186:65: warning: 'score::mw::com::impl::ComErrc::kServiceInstanceAlreadyOffered' is deprecated: Value has never been used. Calls to OfferService shall be idempotent. [-Wdeprecated-declarations]
  186 |             case static_cast<score::result::ErrorCode>(ComErrc::kServiceInstanceAlreadyOffered):
      |                                                                 ^~~~~~~~~~~~~~~~~~~~~~~~~~~~~~
./score/mw/com/impl/com_error.h:57:5: note: declared here
   57 |     kServiceInstanceAlreadyOffered
      |     ^~~~~~~~~~~~~~~~~~~~~~~~~~~~~~
[1,312 / 1,534] Compiling score/mw/com/impl/methods/proxy_method_with_return_type.cpp; 1s linux-sandbox ... (2 actions, 1 running)
INFO: From Compiling score/mw/com/impl/methods/proxy_method_with_return_type.cpp:
In file included from ./score/mw/com/impl/instance_identifier.h:16,
                 from ./score/mw/com/impl/handle_type.h:18,
                 from ./score/mw/com/impl/enriched_instance_identifier.h:17,
                 from ./score/mw/com/impl/i_service_discovery_client.h:16,
                 from ./score/mw/com/impl/i_binding_runtime.h:17,
                 from ./score/mw/com/impl/bindings/lola/i_runtime.h:20,
                 from ./score/mw/com/impl/bindings/lola/proxy_method.h:17,
                 from ./score/mw/com/impl/bindings/lola/proxy.h:24,
                 from ./score/mw/com/impl/methods/proxy_method.h:16,
                 from ./score/mw/com/impl/methods/proxy_method_with_return_type.h:18,
                 from score/mw/com/impl/methods/proxy_method_with_return_type.cpp:13:
./score/mw/com/impl/com_error.h: In member function 'virtual std::string_view score::mw::com::impl::ComErrorDomain::MessageFor(const score::result::ErrorCode&) const':
./score/mw/com/impl/com_error.h:186:65: warning: 'score::mw::com::impl::ComErrc::kServiceInstanceAlreadyOffered' is deprecated: Value has never been used. Calls to OfferService shall be idempotent. [-Wdeprecated-declarations]
  186 |             case static_cast<score::result::ErrorCode>(ComErrc::kServiceInstanceAlreadyOffered):
      |                                                                 ^~~~~~~~~~~~~~~~~~~~~~~~~~~~~~
./score/mw/com/impl/com_error.h:57:5: note: declared here
   57 |     kServiceInstanceAlreadyOffered
      |     ^~~~~~~~~~~~~~~~~~~~~~~~~~~~~~
INFO: From Compiling score/mw/com/impl/plumbing/i_proxy_event_binding_factory.cpp:
In file included from ./score/mw/com/impl/instance_identifier.h:16,
                 from ./score/mw/com/impl/handle_type.h:18,
                 from ./score/mw/com/impl/plumbing/i_proxy_event_binding_factory.h:17,
                 from score/mw/com/impl/plumbing/i_proxy_event_binding_factory.cpp:13:
./score/mw/com/impl/com_error.h: In member function 'virtual std::string_view score::mw::com::impl::ComErrorDomain::MessageFor(const score::result::ErrorCode&) const':
./score/mw/com/impl/com_error.h:186:65: warning: 'score::mw::com::impl::ComErrc::kServiceInstanceAlreadyOffered' is deprecated: Value has never been used. Calls to OfferService shall be idempotent. [-Wdeprecated-declarations]
  186 |             case static_cast<score::result::ErrorCode>(ComErrc::kServiceInstanceAlreadyOffered):
      |                                                                 ^~~~~~~~~~~~~~~~~~~~~~~~~~~~~~
./score/mw/com/impl/com_error.h:57:5: note: declared here
   57 |     kServiceInstanceAlreadyOffered
      |     ^~~~~~~~~~~~~~~~~~~~~~~~~~~~~~
[1,316 / 1,534] Compiling score/mw/com/impl/methods/proxy_method_without_in_args_or_return.cpp; 1s linux-sandbox ... (2 actions running)
INFO: From Compiling score/mw/com/impl/methods/proxy_method_without_in_args_or_return.cpp:
In file included from ./score/mw/com/impl/instance_identifier.h:16,
                 from ./score/mw/com/impl/handle_type.h:18,
                 from ./score/mw/com/impl/enriched_instance_identifier.h:17,
                 from ./score/mw/com/impl/i_service_discovery_client.h:16,
                 from ./score/mw/com/impl/i_binding_runtime.h:17,
                 from ./score/mw/com/impl/bindings/lola/i_runtime.h:20,
                 from ./score/mw/com/impl/bindings/lola/proxy_method.h:17,
                 from ./score/mw/com/impl/bindings/lola/proxy.h:24,
                 from ./score/mw/com/impl/methods/proxy_method.h:16,
                 from ./score/mw/com/impl/methods/proxy_method_without_in_args_or_return.h:17,
                 from score/mw/com/impl/methods/proxy_method_without_in_args_or_return.cpp:13:
./score/mw/com/impl/com_error.h: In member function 'virtual std::string_view score::mw::com::impl::ComErrorDomain::MessageFor(const score::result::ErrorCode&) const':
./score/mw/com/impl/com_error.h:186:65: warning: 'score::mw::com::impl::ComErrc::kServiceInstanceAlreadyOffered' is deprecated: Value has never been used. Calls to OfferService shall be idempotent. [-Wdeprecated-declarations]
  186 |             case static_cast<score::result::ErrorCode>(ComErrc::kServiceInstanceAlreadyOffered):
      |                                                                 ^~~~~~~~~~~~~~~~~~~~~~~~~~~~~~
./score/mw/com/impl/com_error.h:57:5: note: declared here
   57 |     kServiceInstanceAlreadyOffered
      |     ^~~~~~~~~~~~~~~~~~~~~~~~~~~~~~
INFO: From Compiling score/mw/com/impl/plumbing/proxy_event_binding_factory_impl.cpp:
In file included from ./score/mw/com/impl/instance_identifier.h:16,
                 from ./score/mw/com/impl/handle_type.h:18,
                 from ./score/mw/com/impl/enriched_instance_identifier.h:17,
                 from ./score/mw/com/impl/i_service_discovery_client.h:16,
                 from ./score/mw/com/impl/i_binding_runtime.h:17,
                 from ./score/mw/com/impl/bindings/lola/i_runtime.h:20,
                 from ./score/mw/com/impl/bindings/lola/proxy_method.h:17,
                 from ./score/mw/com/impl/bindings/lola/proxy.h:24,
                 from ./score/mw/com/impl/plumbing/proxy_event_binding_factory_impl.h:16,
                 from score/mw/com/impl/plumbing/proxy_event_binding_factory_impl.cpp:13:
./score/mw/com/impl/com_error.h: In member function 'virtual std::string_view score::mw::com::impl::ComErrorDomain::MessageFor(const score::result::ErrorCode&) const':
./score/mw/com/impl/com_error.h:186:65: warning: 'score::mw::com::impl::ComErrc::kServiceInstanceAlreadyOffered' is deprecated: Value has never been used. Calls to OfferService shall be idempotent. [-Wdeprecated-declarations]
  186 |             case static_cast<score::result::ErrorCode>(ComErrc::kServiceInstanceAlreadyOffered):
      |                                                                 ^~~~~~~~~~~~~~~~~~~~~~~~~~~~~~
./score/mw/com/impl/com_error.h:57:5: note: declared here
   57 |     kServiceInstanceAlreadyOffered
      |     ^~~~~~~~~~~~~~~~~~~~~~~~~~~~~~
[1,321 / 1,534] Compiling score/mw/com/impl/proxy_event.cpp; 0s linux-sandbox ... (2 actions, 1 running)
INFO: From Compiling score/mw/com/impl/proxy_event.cpp:
In file included from ./score/mw/com/impl/instance_identifier.h:16,
                 from ./score/mw/com/impl/proxy_event.h:16,
                 from score/mw/com/impl/proxy_event.cpp:13:
./score/mw/com/impl/com_error.h: In member function 'virtual std::string_view score::mw::com::impl::ComErrorDomain::MessageFor(const score::result::ErrorCode&) const':
./score/mw/com/impl/com_error.h:186:65: warning: 'score::mw::com::impl::ComErrc::kServiceInstanceAlreadyOffered' is deprecated: Value has never been used. Calls to OfferService shall be idempotent. [-Wdeprecated-declarations]
  186 |             case static_cast<score::result::ErrorCode>(ComErrc::kServiceInstanceAlreadyOffered):
      |                                                                 ^~~~~~~~~~~~~~~~~~~~~~~~~~~~~~
./score/mw/com/impl/com_error.h:57:5: note: declared here
   57 |     kServiceInstanceAlreadyOffered
      |     ^~~~~~~~~~~~~~~~~~~~~~~~~~~~~~
[1,325 / 1,534] Compiling score/mw/com/impl/generic_proxy_event.cpp; 0s linux-sandbox ... (2 actions, 1 running)
INFO: From Compiling score/mw/com/impl/generic_proxy_event.cpp:
In file included from ./score/mw/com/impl/instance_identifier.h:16,
                 from ./score/mw/com/impl/handle_type.h:18,
                 from ./score/mw/com/impl/proxy_base.h:18,
                 from ./score/mw/com/impl/generic_proxy_event.h:18,
                 from score/mw/com/impl/generic_proxy_event.cpp:13:
./score/mw/com/impl/com_error.h: In member function 'virtual std::string_view score::mw::com::impl::ComErrorDomain::MessageFor(const score::result::ErrorCode&) const':
./score/mw/com/impl/com_error.h:186:65: warning: 'score::mw::com::impl::ComErrc::kServiceInstanceAlreadyOffered' is deprecated: Value has never been used. Calls to OfferService shall be idempotent. [-Wdeprecated-declarations]
  186 |             case static_cast<score::result::ErrorCode>(ComErrc::kServiceInstanceAlreadyOffered):
      |                                                                 ^~~~~~~~~~~~~~~~~~~~~~~~~~~~~~
./score/mw/com/impl/com_error.h:57:5: note: declared here
   57 |     kServiceInstanceAlreadyOffered
      |     ^~~~~~~~~~~~~~~~~~~~~~~~~~~~~~
[1,329 / 1,534] Compiling score/mw/com/impl/skeleton_event.cpp; 0s linux-sandbox ... (2 actions, 1 running)
INFO: From Compiling score/mw/com/impl/skeleton_event.cpp:
In file included from ./score/mw/com/impl/instance_identifier.h:16,
                 from ./score/mw/com/impl/skeleton_event.h:16,
                 from score/mw/com/impl/skeleton_event.cpp:13:
./score/mw/com/impl/com_error.h: In member function 'virtual std::string_view score::mw::com::impl::ComErrorDomain::MessageFor(const score::result::ErrorCode&) const':
./score/mw/com/impl/com_error.h:186:65: warning: 'score::mw::com::impl::ComErrc::kServiceInstanceAlreadyOffered' is deprecated: Value has never been used. Calls to OfferService shall be idempotent. [-Wdeprecated-declarations]
  186 |             case static_cast<score::result::ErrorCode>(ComErrc::kServiceInstanceAlreadyOffered):
      |                                                                 ^~~~~~~~~~~~~~~~~~~~~~~~~~~~~~
./score/mw/com/impl/com_error.h:57:5: note: declared here
   57 |     kServiceInstanceAlreadyOffered
      |     ^~~~~~~~~~~~~~~~~~~~~~~~~~~~~~
[1,331 / 1,534] Compiling Rust rlib proc_macro2 v1.0.93 (17 files) [for tool]; 0s linux-sandbox ... (2 actions, 1 running)
[1,334 / 1,534] Compiling score/mw/com/impl/proxy_field.cpp; 1s linux-sandbox ... (2 actions running)
INFO: From Compiling score/mw/com/impl/proxy_field.cpp:
In file included from ./score/mw/com/impl/instance_identifier.h:16,
                 from ./score/mw/com/impl/handle_type.h:18,
                 from ./score/mw/com/impl/enriched_instance_identifier.h:17,
                 from ./score/mw/com/impl/i_service_discovery_client.h:16,
                 from ./score/mw/com/impl/i_binding_runtime.h:17,
                 from ./score/mw/com/impl/bindings/lola/i_runtime.h:20,
                 from ./score/mw/com/impl/bindings/lola/proxy_method.h:17,
                 from ./score/mw/com/impl/bindings/lola/proxy.h:24,
                 from ./score/mw/com/impl/methods/proxy_method.h:16,
                 from ./score/mw/com/impl/methods/proxy_method_with_in_args_and_return.h:18,
                 from ./score/mw/com/impl/proxy_field.h:19,
                 from score/mw/com/impl/proxy_field.cpp:13:
./score/mw/com/impl/com_error.h: In member function 'virtual std::string_view score::mw::com::impl::ComErrorDomain::MessageFor(const score::result::ErrorCode&) const':
./score/mw/com/impl/com_error.h:186:65: warning: 'score::mw::com::impl::ComErrc::kServiceInstanceAlreadyOffered' is deprecated: Value has never been used. Calls to OfferService shall be idempotent. [-Wdeprecated-declarations]
  186 |             case static_cast<score::result::ErrorCode>(ComErrc::kServiceInstanceAlreadyOffered):
      |                                                                 ^~~~~~~~~~~~~~~~~~~~~~~~~~~~~~
./score/mw/com/impl/com_error.h:57:5: note: declared here
   57 |     kServiceInstanceAlreadyOffered
      |     ^~~~~~~~~~~~~~~~~~~~~~~~~~~~~~
INFO: From Compiling score/mw/com/test/common_test_resources/big_datatype.cpp:
In file included from ./score/mw/com/impl/instance_identifier.h:16,
                 from ./score/mw/com/impl/handle_type.h:18,
                 from ./score/mw/com/impl/proxy_base.h:18,
                 from ./score/mw/com/impl/generic_proxy_event.h:18,
                 from ./score/mw/com/impl/generic_proxy.h:18,
                 from ./score/mw/com/types.h:24,
                 from ./score/mw/com/test/common_test_resources/big_datatype.h:20,
                 from score/mw/com/test/common_test_resources/big_datatype.cpp:14:
./score/mw/com/impl/com_error.h: In member function 'virtual std::string_view score::mw::com::impl::ComErrorDomain::MessageFor(const score::result::ErrorCode&) const':
./score/mw/com/impl/com_error.h:186:65: warning: 'score::mw::com::impl::ComErrc::kServiceInstanceAlreadyOffered' is deprecated: Value has never been used. Calls to OfferService shall be idempotent. [-Wdeprecated-declarations]
  186 |             case static_cast<score::result::ErrorCode>(ComErrc::kServiceInstanceAlreadyOffered):
      |                                                                 ^~~~~~~~~~~~~~~~~~~~~~~~~~~~~~
./score/mw/com/impl/com_error.h:57:5: note: declared here
   57 |     kServiceInstanceAlreadyOffered
      |     ^~~~~~~~~~~~~~~~~~~~~~~~~~~~~~
[1,337 / 1,534] Compiling Rust rlib syn v2.0.98 (96 files) [for tool]; 2s linux-sandbox ... (2 actions, 1 running)
[1,339 / 1,534] Compiling score/mw/com/test/basic_rust_api/bigdata_com_api_gen.cpp; 1s linux-sandbox ... (2 actions running)
[1,340 / 1,534] Compiling score/mw/com/test/basic_rust_api/bigdata_com_api_gen.cpp; 2s linux-sandbox ... (2 actions running)
[1,342 / 1,534] Compiling score/mw/com/test/basic_rust_api/bigdata_com_api_gen.cpp; 3s linux-sandbox ... (2 actions, 1 running)
INFO: From Compiling score/mw/com/test/basic_rust_api/bigdata_com_api_gen.cpp:
In file included from ./score/mw/com/impl/instance_identifier.h:16,
                 from ./score/mw/com/impl/handle_type.h:18,
                 from ./score/mw/com/impl/proxy_base.h:18,
                 from ./score/mw/com/impl/generic_proxy_event.h:18,
                 from ./score/mw/com/impl/generic_proxy.h:18,
                 from ./score/mw/com/types.h:24,
                 from ./score/mw/com/test/common_test_resources/big_datatype.h:20,
                 from ./score/mw/com/test/basic_rust_api/bigdata_com_api_gen.h:19,
                 from score/mw/com/test/basic_rust_api/bigdata_com_api_gen.cpp:14:
./score/mw/com/impl/com_error.h: In member function 'virtual std::string_view score::mw::com::impl::ComErrorDomain::MessageFor(const score::result::ErrorCode&) const':
./score/mw/com/impl/com_error.h:186:65: warning: 'score::mw::com::impl::ComErrc::kServiceInstanceAlreadyOffered' is deprecated: Value has never been used. Calls to OfferService shall be idempotent. [-Wdeprecated-declarations]
  186 |             case static_cast<score::result::ErrorCode>(ComErrc::kServiceInstanceAlreadyOffered):
      |                                                                 ^~~~~~~~~~~~~~~~~~~~~~~~~~~~~~
./score/mw/com/impl/com_error.h:57:5: note: declared here
   57 |     kServiceInstanceAlreadyOffered
      |     ^~~~~~~~~~~~~~~~~~~~~~~~~~~~~~
[1,345 / 1,534] Compiling score/mw/com/rust/score_com_cpp_bridge/register_interface.cpp; 0s linux-sandbox ... (2 actions, 1 running)
INFO: From Compiling score/mw/com/rust/score_com_cpp_bridge/register_interface.cpp:
In file included from ./score/mw/com/impl/instance_identifier.h:16,
                 from ./score/mw/com/impl/handle_type.h:18,
                 from ./score/mw/com/impl/proxy_base.h:18,
                 from ./score/mw/com/impl/rust/com-api/com-api-ffi-lola/registry_bridge_macro.h:68,
                 from ./score/mw/com/rust/score_com_cpp_bridge/register_interface.h:45,
                 from score/mw/com/rust/score_com_cpp_bridge/register_interface.cpp:14:
./score/mw/com/impl/com_error.h: In member function 'virtual std::string_view score::mw::com::impl::ComErrorDomain::MessageFor(const score::result::ErrorCode&) const':
./score/mw/com/impl/com_error.h:186:65: warning: 'score::mw::com::impl::ComErrc::kServiceInstanceAlreadyOffered' is deprecated: Value has never been used. Calls to OfferService shall be idempotent. [-Wdeprecated-declarations]
  186 |             case static_cast<score::result::ErrorCode>(ComErrc::kServiceInstanceAlreadyOffered):
      |                                                                 ^~~~~~~~~~~~~~~~~~~~~~~~~~~~~~
./score/mw/com/impl/com_error.h:57:5: note: declared here
   57 |     kServiceInstanceAlreadyOffered
      |     ^~~~~~~~~~~~~~~~~~~~~~~~~~~~~~
[1,348 / 1,534] Compiling Rust proc-macro zerovec_derive v0.10.3 (9 files) [for tool]; 0s linux-sandbox ... (2 actions, 1 running)
[1,350 / 1,534] Compiling score/mw/com/impl/rust/com-api/com-api-ffi-lola/registry_bridge_macro.cpp; 1s linux-sandbox ... (2 actions running)
INFO: From Compiling score/mw/com/impl/rust/com-api/com-api-ffi-lola/registry_bridge_macro.cpp:
In file included from ./score/mw/com/impl/instance_identifier.h:16,
                 from ./score/mw/com/impl/handle_type.h:18,
                 from ./score/mw/com/impl/proxy_base.h:18,
                 from ./score/mw/com/impl/rust/com-api/com-api-ffi-lola/registry_bridge_macro.h:68,
                 from score/mw/com/impl/rust/com-api/com-api-ffi-lola/registry_bridge_macro.cpp:24:
./score/mw/com/impl/com_error.h: In member function 'virtual std::string_view score::mw::com::impl::ComErrorDomain::MessageFor(const score::result::ErrorCode&) const':
./score/mw/com/impl/com_error.h:186:65: warning: 'score::mw::com::impl::ComErrc::kServiceInstanceAlreadyOffered' is deprecated: Value has never been used. Calls to OfferService shall be idempotent. [-Wdeprecated-declarations]
  186 |             case static_cast<score::result::ErrorCode>(ComErrc::kServiceInstanceAlreadyOffered):
      |                                                                 ^~~~~~~~~~~~~~~~~~~~~~~~~~~~~~
./score/mw/com/impl/com_error.h:57:5: note: declared here
   57 |     kServiceInstanceAlreadyOffered
      |     ^~~~~~~~~~~~~~~~~~~~~~~~~~~~~~
[1,352 / 1,534] Compiling Rust proc-macro serde_derive v1.0.217 (18 files) [for tool]; 1s linux-sandbox ... (2 actions running)
INFO: From Compiling score/mw/com/runtime.cpp:
In file included from ./score/mw/com/impl/instance_identifier.h:16,
                 from ./score/mw/com/impl/handle_type.h:18,
                 from ./score/mw/com/impl/proxy_base.h:18,
                 from ./score/mw/com/impl/generic_proxy_event.h:18,
                 from ./score/mw/com/impl/generic_proxy.h:18,
                 from ./score/mw/com/types.h:24,
                 from ./score/mw/com/mocking/i_runtime.h:17,
                 from ./score/mw/com/runtime.h:24,
                 from score/mw/com/runtime.cpp:13:
./score/mw/com/impl/com_error.h: In member function 'virtual std::string_view score::mw::com::impl::ComErrorDomain::MessageFor(const score::result::ErrorCode&) const':
./score/mw/com/impl/com_error.h:186:65: warning: 'score::mw::com::impl::ComErrc::kServiceInstanceAlreadyOffered' is deprecated: Value has never been used. Calls to OfferService shall be idempotent. [-Wdeprecated-declarations]
  186 |             case static_cast<score::result::ErrorCode>(ComErrc::kServiceInstanceAlreadyOffered):
      |                                                                 ^~~~~~~~~~~~~~~~~~~~~~~~~~~~~~
./score/mw/com/impl/com_error.h:57:5: note: declared here
   57 |     kServiceInstanceAlreadyOffered
      |     ^~~~~~~~~~~~~~~~~~~~~~~~~~~~~~
score/mw/com/runtime.cpp: In function 'void score::mw::com::runtime::InitializeRuntime(int32_t, const char**)':
score/mw/com/runtime.cpp:58:47: warning: 'virtual void score::mw::com::runtime::IRuntime::InitializeRuntime(int32_t, score::cpp::span<const char*>)' is deprecated: Please use InitializeRuntime(cpp::span<safecpp::zstring_view> command_line_arguments) for guaranteed NULL terminated arguments [-Wdeprecated-declarations]
   58 |         runtime_mock_holder->InitializeRuntime(argc, argv_span);
      |         ~~~~~~~~~~~~~~~~~~~~~~~~~~~~~~~~~~~~~~^~~~~~~~~~~~~~~~~
./score/mw/com/mocking/i_runtime.h:38:18: note: declared here
   38 |     virtual void InitializeRuntime(const std::int32_t argc, score::cpp::span<const char*> argv) = 0;
      |                  ^~~~~~~~~~~~~~~~~
score/mw/com/runtime.cpp:62:64: warning: 'score::mw::com::runtime::RuntimeConfiguration::RuntimeConfiguration(int32_t, const char**)' is deprecated: Please use RuntimeConfiguration(cpp::span<safecpp::zstring_view> command_line_arguments) for guaranteed NULL terminated arguments [-Wdeprecated-declarations]
   62 |     const RuntimeConfiguration runtime_configuration{argc, argv};
      |                                                                ^
In file included from ./score/mw/com/mocking/i_runtime.h:16:
./score/mw/com/runtime_configuration.h:56:5: note: declared here
   56 |     RuntimeConfiguration(const std::int32_t argc, const char* argv[]);
      |     ^~~~~~~~~~~~~~~~~~~~
[1,353 / 1,534] Compiling Rust proc-macro serde_derive v1.0.217 (18 files) [for tool]; 3s linux-sandbox ... (2 actions, 1 running)
[1,358 / 1,534] Compiling score/mw/com/mocking/i_runtime.cpp; 1s linux-sandbox ... (2 actions running)
INFO: From Compiling score/mw/com/mocking/i_runtime.cpp:
In file included from ./score/mw/com/impl/instance_identifier.h:16,
                 from ./score/mw/com/impl/handle_type.h:18,
                 from ./score/mw/com/impl/proxy_base.h:18,
                 from ./score/mw/com/impl/generic_proxy_event.h:18,
                 from ./score/mw/com/impl/generic_proxy.h:18,
                 from ./score/mw/com/types.h:24,
                 from ./score/mw/com/mocking/i_runtime.h:17,
                 from score/mw/com/mocking/i_runtime.cpp:13:
./score/mw/com/impl/com_error.h: In member function 'virtual std::string_view score::mw::com::impl::ComErrorDomain::MessageFor(const score::result::ErrorCode&) const':
./score/mw/com/impl/com_error.h:186:65: warning: 'score::mw::com::impl::ComErrc::kServiceInstanceAlreadyOffered' is deprecated: Value has never been used. Calls to OfferService shall be idempotent. [-Wdeprecated-declarations]
  186 |             case static_cast<score::result::ErrorCode>(ComErrc::kServiceInstanceAlreadyOffered):
      |                                                                 ^~~~~~~~~~~~~~~~~~~~~~~~~~~~~~
./score/mw/com/impl/com_error.h:57:5: note: declared here
   57 |     kServiceInstanceAlreadyOffered
      |     ^~~~~~~~~~~~~~~~~~~~~~~~~~~~~~
[1,366 / 1,534] Compiling score/mw/com/types.cpp; 0s linux-sandbox ... (2 actions, 1 running)
INFO: From Compiling score/mw/com/types.cpp:
In file included from ./score/mw/com/impl/instance_identifier.h:16,
                 from ./score/mw/com/impl/handle_type.h:18,
                 from ./score/mw/com/impl/proxy_base.h:18,
                 from ./score/mw/com/impl/generic_proxy_event.h:18,
                 from ./score/mw/com/impl/generic_proxy.h:18,
                 from ./score/mw/com/types.h:24,
                 from score/mw/com/types.cpp:13:
./score/mw/com/impl/com_error.h: In member function 'virtual std::string_view score::mw::com::impl::ComErrorDomain::MessageFor(const score::result::ErrorCode&) const':
./score/mw/com/impl/com_error.h:186:65: warning: 'score::mw::com::impl::ComErrc::kServiceInstanceAlreadyOffered' is deprecated: Value has never been used. Calls to OfferService shall be idempotent. [-Wdeprecated-declarations]
  186 |             case static_cast<score::result::ErrorCode>(ComErrc::kServiceInstanceAlreadyOffered):
      |                                                                 ^~~~~~~~~~~~~~~~~~~~~~~~~~~~~~
./score/mw/com/impl/com_error.h:57:5: note: declared here
   57 |     kServiceInstanceAlreadyOffered
      |     ^~~~~~~~~~~~~~~~~~~~~~~~~~~~~~
[1,368 / 1,534] Compiling Rust rlib toml_edit v0.22.24 (58 files) [for tool]; 1s linux-sandbox ... (2 actions running)
INFO: From Compiling score/mw/com/impl/traits.cpp:
In file included from ./score/mw/com/impl/traits.h:16,
                 from score/mw/com/impl/traits.cpp:13:
./score/mw/com/impl/com_error.h: In member function 'virtual std::string_view score::mw::com::impl::ComErrorDomain::MessageFor(const score::result::ErrorCode&) const':
./score/mw/com/impl/com_error.h:186:65: warning: 'score::mw::com::impl::ComErrc::kServiceInstanceAlreadyOffered' is deprecated: Value has never been used. Calls to OfferService shall be idempotent. [-Wdeprecated-declarations]
  186 |             case static_cast<score::result::ErrorCode>(ComErrc::kServiceInstanceAlreadyOffered):
      |                                                                 ^~~~~~~~~~~~~~~~~~~~~~~~~~~~~~
./score/mw/com/impl/com_error.h:57:5: note: declared here
   57 |     kServiceInstanceAlreadyOffered
      |     ^~~~~~~~~~~~~~~~~~~~~~~~~~~~~~
[1,372 / 1,534] Compiling score/mw/com/impl/skeleton_field.cpp; 0s linux-sandbox ... (2 actions, 1 running)
INFO: From Compiling score/mw/com/impl/skeleton_field.cpp:
In file included from ./score/mw/com/impl/instance_identifier.h:16,
                 from ./score/mw/com/impl/plumbing/skeleton_method_binding_factory.h:16,
                 from ./score/mw/com/impl/methods/skeleton_method.h:21,
                 from ./score/mw/com/impl/skeleton_field.h:19,
                 from score/mw/com/impl/skeleton_field.cpp:13:
./score/mw/com/impl/com_error.h: In member function 'virtual std::string_view score::mw::com::impl::ComErrorDomain::MessageFor(const score::result::ErrorCode&) const':
./score/mw/com/impl/com_error.h:186:65: warning: 'score::mw::com::impl::ComErrc::kServiceInstanceAlreadyOffered' is deprecated: Value has never been used. Calls to OfferService shall be idempotent. [-Wdeprecated-declarations]
  186 |             case static_cast<score::result::ErrorCode>(ComErrc::kServiceInstanceAlreadyOffered):
      |                                                                 ^~~~~~~~~~~~~~~~~~~~~~~~~~~~~~
./score/mw/com/impl/com_error.h:57:5: note: declared here
   57 |     kServiceInstanceAlreadyOffered
      |     ^~~~~~~~~~~~~~~~~~~~~~~~~~~~~~
[1,380 / 1,534] Compiling score/mw/com/impl/plumbing/proxy_field_binding_factory.cpp; 0s linux-sandbox ... (2 actions, 1 running)
INFO: From Compiling score/mw/com/impl/plumbing/proxy_field_binding_factory.cpp:
In file included from ./score/mw/com/impl/instance_identifier.h:16,
                 from ./score/mw/com/impl/handle_type.h:18,
                 from ./score/mw/com/impl/plumbing/i_proxy_field_binding_factory.h:16,
                 from ./score/mw/com/impl/plumbing/proxy_field_binding_factory.h:16,
                 from score/mw/com/impl/plumbing/proxy_field_binding_factory.cpp:13:
./score/mw/com/impl/com_error.h: In member function 'virtual std::string_view score::mw::com::impl::ComErrorDomain::MessageFor(const score::result::ErrorCode&) const':
./score/mw/com/impl/com_error.h:186:65: warning: 'score::mw::com::impl::ComErrc::kServiceInstanceAlreadyOffered' is deprecated: Value has never been used. Calls to OfferService shall be idempotent. [-Wdeprecated-declarations]
  186 |             case static_cast<score::result::ErrorCode>(ComErrc::kServiceInstanceAlreadyOffered):
      |                                                                 ^~~~~~~~~~~~~~~~~~~~~~~~~~~~~~
./score/mw/com/impl/com_error.h:57:5: note: declared here
   57 |     kServiceInstanceAlreadyOffered
      |     ^~~~~~~~~~~~~~~~~~~~~~~~~~~~~~
[1,388 / 1,534] Compiling score/mw/com/impl/plumbing/proxy_field_binding_factory_impl.cpp; 0s linux-sandbox ... (2 actions running)
[1,391 / 1,534] Compiling score/mw/com/impl/plumbing/proxy_field_binding_factory_impl.cpp; 1s linux-sandbox ... (2 actions running)
INFO: From Compiling score/mw/com/impl/plumbing/proxy_field_binding_factory_impl.cpp:
In file included from ./score/mw/com/impl/instance_identifier.h:16,
                 from ./score/mw/com/impl/handle_type.h:18,
                 from ./score/mw/com/impl/enriched_instance_identifier.h:17,
                 from ./score/mw/com/impl/i_service_discovery_client.h:16,
                 from ./score/mw/com/impl/i_binding_runtime.h:17,
                 from ./score/mw/com/impl/bindings/lola/i_runtime.h:20,
                 from ./score/mw/com/impl/bindings/lola/proxy_method.h:17,
                 from ./score/mw/com/impl/bindings/lola/proxy.h:24,
                 from ./score/mw/com/impl/bindings/lola/proxy_event.h:18,
                 from ./score/mw/com/impl/plumbing/proxy_field_binding_factory_impl.h:17,
                 from score/mw/com/impl/plumbing/proxy_field_binding_factory_impl.cpp:13:
./score/mw/com/impl/com_error.h: In member function 'virtual std::string_view score::mw::com::impl::ComErrorDomain::MessageFor(const score::result::ErrorCode&) const':
./score/mw/com/impl/com_error.h:186:65: warning: 'score::mw::com::impl::ComErrc::kServiceInstanceAlreadyOffered' is deprecated: Value has never been used. Calls to OfferService shall be idempotent. [-Wdeprecated-declarations]
  186 |             case static_cast<score::result::ErrorCode>(ComErrc::kServiceInstanceAlreadyOffered):
      |                                                                 ^~~~~~~~~~~~~~~~~~~~~~~~~~~~~~
./score/mw/com/impl/com_error.h:57:5: note: declared here
   57 |     kServiceInstanceAlreadyOffered
      |     ^~~~~~~~~~~~~~~~~~~~~~~~~~~~~~
INFO: From Compiling score/mw/com/impl/plumbing/proxy_event_binding_factory.cpp:
In file included from ./score/mw/com/impl/instance_identifier.h:16,
                 from ./score/mw/com/impl/handle_type.h:18,
                 from ./score/mw/com/impl/plumbing/proxy_event_binding_factory.h:17,
                 from score/mw/com/impl/plumbing/proxy_event_binding_factory.cpp:13:
./score/mw/com/impl/com_error.h: In member function 'virtual std::string_view score::mw::com::impl::ComErrorDomain::MessageFor(const score::result::ErrorCode&) const':
./score/mw/com/impl/com_error.h:186:65: warning: 'score::mw::com::impl::ComErrc::kServiceInstanceAlreadyOffered' is deprecated: Value has never been used. Calls to OfferService shall be idempotent. [-Wdeprecated-declarations]
  186 |             case static_cast<score::result::ErrorCode>(ComErrc::kServiceInstanceAlreadyOffered):
      |                                                                 ^~~~~~~~~~~~~~~~~~~~~~~~~~~~~~
./score/mw/com/impl/com_error.h:57:5: note: declared here
   57 |     kServiceInstanceAlreadyOffered
      |     ^~~~~~~~~~~~~~~~~~~~~~~~~~~~~~
[1,400 / 1,534] Compiling Rust proc-macro displaydoc v0.2.5 (21 files) [for tool]; 0s linux-sandbox ... (2 actions, 1 running)
[1,410 / 1,534] Compiling Rust proc-macro thiserror_impl v1.0.69 (10 files) [for tool]; 0s linux-sandbox ... (2 actions, 1 running)
[1,414 / 1,534] Compiling Rust rlib erased_serde v0.4.5 (15 files) [for tool]; 0s linux-sandbox ... (2 actions, 1 running)
[1,419 / 1,534] Compiling Rust rlib icu_locid_transform v1.5.0 (15 files) [for tool]; 0s linux-sandbox
[1,420 / 1,534] Compiling Rust rlib icu_properties v1.5.1 (14 files) [for tool]; 0s linux-sandbox
[1,421 / 1,534] [Prepa] Compiling Rust rlib icu_normalizer v1.5.0 (13 files) [for tool]
[1,422 / 1,534] [Prepa] Compiling Rust rlib idna_adapter v1.2.0 (1 file) [for tool]
[1,424 / 1,534] [Prepa] Compiling Rust rlib url v2.5.4 (9 files) [for tool]
[1,425 / 1,534] [Prepa] Compiling Rust rlib cargo_util_schemas v0.3.1 (8 files) [for tool]
[1,425 / 1,534] Compiling Rust rlib cargo_util_schemas v0.3.1 (8 files) [for tool]; 1s linux-sandbox
[1,426 / 1,534] Compiling Rust bin cargo_toml_variable_extractor (1 file) [for tool]; 1s linux-sandbox
[1,427 / 1,534] [Prepa] ExtractCargoTomlEnvVars external/rules_rust++crate+crate_index__libc-0.2.186/cargo_toml_env_vars.env
[1,447 / 1,534] Compiling Rust rlib heck v0.5.0 (9 files) [for tool]; 0s linux-sandbox ... (2 actions, 1 running)
[1,469 / 1,534] Compiling Rust rlib proc_macro2 v1.0.107 (22 files) [for tool]; 0s linux-sandbox ... (2 actions running)
[1,474 / 1,534] Compiling Rust rlib libc v0.2.186 (346 files); 0s linux-sandbox ... (2 actions running)
[1,483 / 1,534] Compiling Rust rlib syn v2.0.119 (97 files) [for tool]; 1s linux-sandbox ... (2 actions, 1 running)
[1,501 / 1,534] Compiling Rust rlib syn v2.0.119 (97 files) [for tool]; 2s linux-sandbox ... (2 actions, 1 running)
[1,502 / 1,534] Compiling Rust rlib syn v2.0.119 (97 files) [for tool]; 4s linux-sandbox ... (2 actions running)
[1,503 / 1,534] Compiling Rust rlib syn v2.0.119 (97 files) [for tool]; 5s linux-sandbox ... (2 actions running)
[1,504 / 1,534] Compiling Rust rlib syn v3.0.6 (96 files) [for tool]; 2s linux-sandbox ... (2 actions running)
[1,509 / 1,534] Compiling Rust rlib syn v3.0.6 (96 files) [for tool]; 4s linux-sandbox ... (2 actions running)
[1,510 / 1,534] Compiling Rust rlib syn v3.0.6 (96 files) [for tool]; 5s linux-sandbox
[1,511 / 1,534] [Prepa] Compiling Rust proc-macro clap_derive v4.6.7 (16 files) [for tool]
[1,511 / 1,534] Compiling Rust proc-macro clap_derive v4.6.7 (16 files) [for tool]; 1s linux-sandbox ... (2 actions running)
[1,512 / 1,534] Compiling Rust proc-macro clap_derive v4.6.7 (16 files) [for tool]; 3s linux-sandbox ... (2 actions, 1 running)
[1,515 / 1,534] Compiling Rust proc-macro futures_macro v0.3.34 (5 files) [for tool]; 1s linux-sandbox
[1,517 / 1,534] [Prepa] Compiling Rust rlib futures_executor v0.3.34 (7 files)
[1,523 / 1,534] Compiling Rust bin bigdata-producer (1 file); 0s linux-sandbox ... (2 actions running)
[1,524 / 1,534] Compiling Rust bin bigdata-consumer (1 file); 1s linux-sandbox ... (2 actions, 1 running)
[1,528 / 1,534] OCI Image //score/mw/com/test/basic_rust_api/consumer_sync_apis/integration_test:_image_test_com_api_sync; 1s linux-sandbox ... (2 actions, 1 running)
[1,532 / 1,535] OCI Image //score/mw/com/test/basic_rust_api/consumer_async_apis/integration_test:_image_test_com_api_async; 1s linux-sandbox ... (2 actions running)
[1,534 / 1,536] Testing //score/mw/com/test/basic_rust_api/consumer_sync_apis/integration_test:test_com_api_sync; 2s linux-sandbox ... (2 actions, 1 running)
[1,534 / 1,536] Testing //score/mw/com/test/basic_rust_api/consumer_sync_apis/integration_test:test_com_api_sync; 11s linux-sandbox ... (2 actions, 1 running)
[1,534 / 1,536] Testing //score/mw/com/test/basic_rust_api/consumer_sync_apis/integration_test:test_com_api_sync; 41s linux-sandbox ... (2 actions, 1 running)
[1,534 / 1,536] Testing //score/mw/com/test/basic_rust_api/consumer_sync_apis/integration_test:test_com_api_sync; 101s linux-sandbox ... (2 actions, 1 running)
[1,534 / 1,536] Testing //score/mw/com/test/basic_rust_api/consumer_sync_apis/integration_test:test_com_api_sync; 159s linux-sandbox ... (2 actions running)
FAIL: //score/mw/com/test/basic_rust_api/consumer_sync_apis/integration_test:test_com_api_sync (Exit 1) (see /media/jefferson/11c42dee-73a3-4c2b-ab42-a0440011d9e0/.s-core-build/runs/score-rust-linux-integration-xfiuopbb/bazel-output/e47b4ceef7854d004f6fef7d10e4acf9/execroot/_main/bazel-out/k8-fastbuild/testlogs/score/mw/com/test/basic_rust_api/consumer_sync_apis/integration_test/test_com_api_sync/test.log)
INFO: From Testing //score/mw/com/test/basic_rust_api/consumer_sync_apis/integration_test:test_com_api_sync:
==================== Test output for //score/mw/com/test/basic_rust_api/consumer_sync_apis/integration_test:test_com_api_sync:
============================= test session starts ==============================
platform linux -- Python 3.12.12, pytest-9.0.3, pluggy-1.6.0
rootdir: /media/jefferson/11c42dee-73a3-4c2b-ab42-a0440011d9e0/.s-core-build/runs/score-rust-linux-integration-xfiuopbb/bazel-output/e47b4ceef7854d004f6fef7d10e4acf9/sandbox/linux-sandbox/1249/execroot/_main/bazel-out/k8-fastbuild/bin/score/mw/com/test/basic_rust_api/consumer_sync_apis/integration_test/test_com_api_sync.runfiles/score_itf+
configfile: pytest.ini
collected 3 items

../score_itf+::test_bigdata_exchange 
-------------------------------- live log setup --------------------------------
[2026-10-06 09:13:43.459] [INFO] [score.itf.plugins.docker] Executing custom image bootstrap command: score/mw/com/test/basic_rust_api/consumer_sync_apis/integration_test/_image_test_com_api_sync_loader.sh
[2026-10-06 09:13:46.638] [INFO] [score.itf.plugins.docker] Bootstrap stdout: Loaded image: test_com_api_sync:latest

[2026-10-06 09:13:46.638] [DEBUG] [docker.utils.config] Trying paths: ['/home/jefferson/.docker/config.json', '/home/jefferson/.dockercfg']
[2026-10-06 09:13:46.638] [DEBUG] [docker.utils.config] No config file found
[2026-10-06 09:13:46.639] [DEBUG] [docker.utils.config] Trying paths: ['/home/jefferson/.docker/config.json', '/home/jefferson/.dockercfg']
[2026-10-06 09:13:46.639] [DEBUG] [docker.utils.config] No config file found
[2026-10-06 09:13:46.661] [DEBUG] [urllib3.connectionpool] http://localhost:None "GET /version HTTP/1.1" 200 1209
[2026-10-06 09:13:46.728] [DEBUG] [urllib3.connectionpool] http://localhost:None "POST /v1.56/networks/create HTTP/1.1" 201 87
[2026-10-06 09:13:46.731] [DEBUG] [urllib3.connectionpool] http://localhost:None "GET /v1.56/networks/fd8c24ec3d0074dad62570db0de9e4d1532c6c71de69be13a81bf1c97f9c0cf7 HTTP/1.1" 200 564
[2026-10-06 09:13:46.780] [DEBUG] [urllib3.connectionpool] http://localhost:None "POST /v1.56/containers/create HTTP/1.1" 201 88
[2026-10-06 09:13:46.783] [DEBUG] [urllib3.connectionpool] http://localhost:None "GET /v1.56/containers/fd192a6327fff599c5f25e95904e503ecbbc253916fe200db3528b693d950295/json HTTP/1.1" 200 None
[2026-10-06 09:14:37.257] [DEBUG] [urllib3.connectionpool] http://localhost:None "POST /v1.56/containers/fd192a6327fff599c5f25e95904e503ecbbc253916fe200db3528b693d950295/start HTTP/1.1" 500 736
[2026-10-06 09:14:37.449] [DEBUG] [urllib3.connectionpool] http://localhost:None "DELETE /v1.56/networks/fd8c24ec3d0074dad62570db0de9e4d1532c6c71de69be13a81bf1c97f9c0cf7 HTTP/1.1" 204 0
ERROR                                                                    [ 33%]
../score_itf+::test_mixed_primitives_exchange 
-------------------------------- live log setup --------------------------------
[2026-10-06 09:14:37.556] [INFO] [score.itf.plugins.docker] Executing custom image bootstrap command: score/mw/com/test/basic_rust_api/consumer_sync_apis/integration_test/_image_test_com_api_sync_loader.sh
[2026-10-06 09:14:38.800] [INFO] [score.itf.plugins.docker] Bootstrap stdout: Loaded image: test_com_api_sync:latest

[2026-10-06 09:14:38.801] [DEBUG] [docker.utils.config] Trying paths: ['/home/jefferson/.docker/config.json', '/home/jefferson/.dockercfg']
[2026-10-06 09:14:38.801] [DEBUG] [docker.utils.config] No config file found
[2026-10-06 09:14:38.801] [DEBUG] [docker.utils.config] Trying paths: ['/home/jefferson/.docker/config.json', '/home/jefferson/.dockercfg']
[2026-10-06 09:14:38.802] [DEBUG] [docker.utils.config] No config file found
[2026-10-06 09:14:38.813] [DEBUG] [urllib3.connectionpool] http://localhost:None "GET /version HTTP/1.1" 200 1209
[2026-10-06 09:14:38.876] [DEBUG] [urllib3.connectionpool] http://localhost:None "POST /v1.56/networks/create HTTP/1.1" 201 87
[2026-10-06 09:14:38.878] [DEBUG] [urllib3.connectionpool] http://localhost:None "GET /v1.56/networks/4e5d72d7e8aac03adc06ff2dfd852649b789f728694e98cb4b3eeacb9b40525e HTTP/1.1" 200 564
[2026-10-06 09:14:38.921] [DEBUG] [urllib3.connectionpool] http://localhost:None "POST /v1.56/containers/create HTTP/1.1" 201 88
[2026-10-06 09:14:38.923] [DEBUG] [urllib3.connectionpool] http://localhost:None "GET /v1.56/containers/a4cba7c80566a4abc50824808270cb744f012f187d592c32983b16c167398509/json HTTP/1.1" 200 None
[2026-10-06 09:15:29.562] [DEBUG] [urllib3.connectionpool] http://localhost:None "POST /v1.56/containers/a4cba7c80566a4abc50824808270cb744f012f187d592c32983b16c167398509/start HTTP/1.1" 500 736
[2026-10-06 09:15:29.771] [DEBUG] [urllib3.connectionpool] http://localhost:None "DELETE /v1.56/networks/4e5d72d7e8aac03adc06ff2dfd852649b789f728694e98cb4b3eeacb9b40525e HTTP/1.1" 204 0
ERROR                                                                    [ 66%]
../score_itf+::test_complex_struct_exchange 
-------------------------------- live log setup --------------------------------
[2026-10-06 09:15:29.811] [INFO] [score.itf.plugins.docker] Executing custom image bootstrap command: score/mw/com/test/basic_rust_api/consumer_sync_apis/integration_test/_image_test_com_api_sync_loader.sh
[2026-10-06 09:15:30.935] [INFO] [score.itf.plugins.docker] Bootstrap stdout: Loaded image: test_com_api_sync:latest

[2026-10-06 09:15:30.936] [DEBUG] [docker.utils.config] Trying paths: ['/home/jefferson/.docker/config.json', '/home/jefferson/.dockercfg']
[2026-10-06 09:15:30.936] [DEBUG] [docker.utils.config] No config file found
[2026-10-06 09:15:30.936] [DEBUG] [docker.utils.config] Trying paths: ['/home/jefferson/.docker/config.json', '/home/jefferson/.dockercfg']
[2026-10-06 09:15:30.937] [DEBUG] [docker.utils.config] No config file found
[2026-10-06 09:15:30.949] [DEBUG] [urllib3.connectionpool] http://localhost:None "GET /version HTTP/1.1" 200 1209
[2026-10-06 09:15:31.010] [DEBUG] [urllib3.connectionpool] http://localhost:None "POST /v1.56/networks/create HTTP/1.1" 201 87
[2026-10-06 09:15:31.012] [DEBUG] [urllib3.connectionpool] http://localhost:None "GET /v1.56/networks/b50e311227f17af7f47ba83cf5126913df63d9c94bdc818064e80513e4b90996 HTTP/1.1" 200 564
[2026-10-06 09:15:31.060] [DEBUG] [urllib3.connectionpool] http://localhost:None "POST /v1.56/containers/create HTTP/1.1" 201 88
[2026-10-06 09:15:31.062] [DEBUG] [urllib3.connectionpool] http://localhost:None "GET /v1.56/containers/ca1b4e79f7650310e60fd97c26ff982e49c103a4f407091fcb0e7c3611d1e49f/json HTTP/1.1" 200 None
[2026-10-06 09:16:21.511] [DEBUG] [urllib3.connectionpool] http://localhost:None "POST /v1.56/containers/ca1b4e79f7650310e60fd97c26ff982e49c103a4f407091fcb0e7c3611d1e49f/start HTTP/1.1" 500 736
[2026-10-06 09:16:21.718] [DEBUG] [urllib3.connectionpool] http://localhost:None "DELETE /v1.56/networks/b50e311227f17af7f47ba83cf5126913df63d9c94bdc818064e80513e4b90996 HTTP/1.1" 204 0
ERROR                                                                    [100%]

==================================== ERRORS ====================================
___________________ ERROR at setup of test_bigdata_exchange ____________________

self = <docker.api.client.APIClient object at 0x76899d4ceab0>
response = <Response [500]>

    def _raise_for_status(self, response):
        """Raises stored :class:`APIError`, if one occurred."""
        try:
>           response.raise_for_status()

../rules_python++pip+itf_pip_312_docker/site-packages/docker/api/client.py:275: 
_ _ _ _ _ _ _ _ _ _ _ _ _ _ _ _ _ _ _ _ _ _ _ _ _ _ _ _ _ _ _ _ _ _ _ _ _ _ _ _ 

self = <Response [500]>

    def raise_for_status(self):
        """Raises :class:`HTTPError`, if one occurred."""
    
        http_error_msg = ""
        if isinstance(self.reason, bytes):
            # We attempt to decode utf-8 first because some servers
            # choose to localize their reason strings. If the string
            # isn't utf-8, we fall back to iso-8859-1 for all other
            # encodings. (See PR #3538)
            try:
                reason = self.reason.decode("utf-8")
            except UnicodeDecodeError:
                reason = self.reason.decode("iso-8859-1")
        else:
            reason = self.reason
    
        if 400 <= self.status_code < 500:
            http_error_msg = (
                f"{self.status_code} Client Error: {reason} for url: {self.url}"
            )
    
        elif 500 <= self.status_code < 600:
            http_error_msg = (
                f"{self.status_code} Server Error: {reason} for url: {self.url}"
            )
    
        if http_error_msg:
>           raise HTTPError(http_error_msg, response=self)
E           requests.exceptions.HTTPError: 500 Server Error: Internal Server Error for url: http+docker://localhost/v1.56/containers/fd192a6327fff599c5f25e95904e503ecbbc253916fe200db3528b693d950295/start

../rules_python++pip+itf_pip_312_requests/site-packages/requests/models.py:1028: HTTPError

The above exception was the direct cause of the following exception:

request = <SubRequest 'target_init' for <Function test_bigdata_exchange>>
_docker_configuration = {'command': 'sleep infinity', 'environment': {}, 'init': True, 'shm_size': '2G', ...}

    @pytest.fixture(scope=determine_target_scope)
    def target_init(request, _docker_configuration):
        print(_docker_configuration)
    
        docker_image_bootstrap = request.config.getoption("docker_image_bootstrap")
        if docker_image_bootstrap:
            logger.info(f"Executing custom image bootstrap command: {docker_image_bootstrap}")
            result = subprocess.run([docker_image_bootstrap], capture_output=True, text=True)
            if result.stdout:
                logger.info(f"Bootstrap stdout: {result.stdout}")
            if result.stderr:
                logger.error(f"Bootstrap stderr: {result.stderr}")
            if result.returncode != 0:
                logger.error(f"Bootstrap failed with exit code {result.returncode}")
                raise subprocess.CalledProcessError(result.returncode, docker_image_bootstrap)
    
        docker_image = request.config.getoption("docker_image")
        client = pypi_docker.from_env(timeout=DOCKER_CLIENT_TIMEOUT)
    
        known_keys = {"command", "init", "environment", "volumes", "shm_size", "detach", "auto_remove"}
        reserved_overrides = {k for k in ("detach", "auto_remove") if k in _docker_configuration}
        if reserved_overrides:
            logger.warning(f"docker_configuration contains reserved keys {reserved_overrides} which will be ignored")
        extra_kwargs = {k: v for k, v in _docker_configuration.items() if k not in known_keys}
    
        # Create a per-container bridge network so that get_ip() / get_gateway()
        # return addresses unique to this container.
        network = client.networks.create(
            f"score_itf_{os.urandom(8).hex()}",
            driver="bridge",
        )
    
        try:
>           container = client.containers.run(
                docker_image,
                _docker_configuration["command"],
                detach=True,
                auto_remove=False,
                init=_docker_configuration["init"],
                environment=_docker_configuration["environment"],
                volumes=_docker_configuration["volumes"],
                shm_size=_docker_configuration["shm_size"],
                network=network.name,
                **extra_kwargs,
            )

../score_itf+/score/itf/plugins/docker.py:371: 
_ _ _ _ _ _ _ _ _ _ _ _ _ _ _ _ _ _ _ _ _ _ _ _ _ _ _ _ _ _ _ _ _ _ _ _ _ _ _ _ 
../rules_python++pip+itf_pip_312_docker/site-packages/docker/models/containers.py:883: in run
    container.start()
../rules_python++pip+itf_pip_312_docker/site-packages/docker/models/containers.py:420: in start
    return self.client.api.start(self.id, **kwargs)
           ^^^^^^^^^^^^^^^^^^^^^^^^^^^^^^^^^^^^^^^^
../rules_python++pip+itf_pip_312_docker/site-packages/docker/utils/decorators.py:19: in wrapped
    return f(self, resource_id, *args, **kwargs)
           ^^^^^^^^^^^^^^^^^^^^^^^^^^^^^^^^^^^^^
../rules_python++pip+itf_pip_312_docker/site-packages/docker/api/container.py:1136: in start
    self._raise_for_status(res)
../rules_python++pip+itf_pip_312_docker/site-packages/docker/api/client.py:277: in _raise_for_status
    raise create_api_error_from_http_exception(e) from e
          ^^^^^^^^^^^^^^^^^^^^^^^^^^^^^^^^^^^^^^^
_ _ _ _ _ _ _ _ _ _ _ _ _ _ _ _ _ _ _ _ _ _ _ _ _ _ _ _ _ _ _ _ _ _ _ _ _ _ _ _ 

e = HTTPError('500 Server Error: Internal Server Error for url: http+docker://localhost/v1.56/containers/fd192a6327fff599c5f25e95904e503ecbbc253916fe200db3528b693d950295/start')

    def create_api_error_from_http_exception(e):
        """
        Create a suitable APIError from requests.exceptions.HTTPError.
        """
        response = e.response
        try:
            explanation = response.json()['message']
        except ValueError:
            explanation = (response.text or '').strip()
        cls = APIError
        if response.status_code == 404:
            explanation_msg = (explanation or '').lower()
            if any(fragment in explanation_msg
                   for fragment in _image_not_found_explanation_fragments):
                cls = ImageNotFound
            else:
                cls = NotFound
>       raise cls(e, response=response, explanation=explanation) from e
E       docker.errors.APIError: 500 Server Error for http+docker://localhost/v1.56/containers/fd192a6327fff599c5f25e95904e503ecbbc253916fe200db3528b693d950295/start: Internal Server Error ("failed to create task for container: failed to create shim task: OCI runtime create failed: runc create failed: unable to start container process: unable to apply cgroup configuration: unable to start unit "docker-fd192a6327fff599c5f25e95904e503ecbbc253916fe200db3528b693d950295.scope" (properties [{Name:Description Value:"libcontainer container fd192a6327fff599c5f25e95904e503ecbbc253916fe200db3528b693d950295"} {Name:Slice Value:"user.slice"} {Name:Delegate Value:true} {Name:PIDs Value:@au [1797949]} {Name:MemoryAccounting Value:true} {Name:CPUAccounting Value:true} {Name:IOAccounting Value:true} {Name:TasksAccounting Value:true} {Name:DefaultDependencies Value:false}]): Interactive authentication required.")

../rules_python++pip+itf_pip_312_docker/site-packages/docker/errors.py:39: APIError
_______________ ERROR at setup of test_mixed_primitives_exchange _______________

self = <docker.api.client.APIClient object at 0x76899d2d1df0>
response = <Response [500]>

    def _raise_for_status(self, response):
        """Raises stored :class:`APIError`, if one occurred."""
        try:
>           response.raise_for_status()

../rules_python++pip+itf_pip_312_docker/site-packages/docker/api/client.py:275: 
_ _ _ _ _ _ _ _ _ _ _ _ _ _ _ _ _ _ _ _ _ _ _ _ _ _ _ _ _ _ _ _ _ _ _ _ _ _ _ _ 

self = <Response [500]>

    def raise_for_status(self):
        """Raises :class:`HTTPError`, if one occurred."""
    
        http_error_msg = ""
        if isinstance(self.reason, bytes):
            # We attempt to decode utf-8 first because some servers
            # choose to localize their reason strings. If the string
            # isn't utf-8, we fall back to iso-8859-1 for all other
            # encodings. (See PR #3538)
            try:
                reason = self.reason.decode("utf-8")
            except UnicodeDecodeError:
                reason = self.reason.decode("iso-8859-1")
        else:
            reason = self.reason
    
        if 400 <= self.status_code < 500:
            http_error_msg = (
                f"{self.status_code} Client Error: {reason} for url: {self.url}"
            )
    
        elif 500 <= self.status_code < 600:
            http_error_msg = (
                f"{self.status_code} Server Error: {reason} for url: {self.url}"
            )
    
        if http_error_msg:
>           raise HTTPError(http_error_msg, response=self)
E           requests.exceptions.HTTPError: 500 Server Error: Internal Server Error for url: http+docker://localhost/v1.56/containers/a4cba7c80566a4abc50824808270cb744f012f187d592c32983b16c167398509/start

../rules_python++pip+itf_pip_312_requests/site-packages/requests/models.py:1028: HTTPError

The above exception was the direct cause of the following exception:

request = <SubRequest 'target_init' for <Function test_mixed_primitives_exchange>>
_docker_configuration = {'command': 'sleep infinity', 'environment': {}, 'init': True, 'shm_size': '2G', ...}

    @pytest.fixture(scope=determine_target_scope)
    def target_init(request, _docker_configuration):
        print(_docker_configuration)
    
        docker_image_bootstrap = request.config.getoption("docker_image_bootstrap")
        if docker_image_bootstrap:
            logger.info(f"Executing custom image bootstrap command: {docker_image_bootstrap}")
            result = subprocess.run([docker_image_bootstrap], capture_output=True, text=True)
            if result.stdout:
                logger.info(f"Bootstrap stdout: {result.stdout}")
            if result.stderr:
                logger.error(f"Bootstrap stderr: {result.stderr}")
            if result.returncode != 0:
                logger.error(f"Bootstrap failed with exit code {result.returncode}")
                raise subprocess.CalledProcessError(result.returncode, docker_image_bootstrap)
    
        docker_image = request.config.getoption("docker_image")
        client = pypi_docker.from_env(timeout=DOCKER_CLIENT_TIMEOUT)
    
        known_keys = {"command", "init", "environment", "volumes", "shm_size", "detach", "auto_remove"}
        reserved_overrides = {k for k in ("detach", "auto_remove") if k in _docker_configuration}
        if reserved_overrides:
            logger.warning(f"docker_configuration contains reserved keys {reserved_overrides} which will be ignored")
        extra_kwargs = {k: v for k, v in _docker_configuration.items() if k not in known_keys}
    
        # Create a per-container bridge network so that get_ip() / get_gateway()
        # return addresses unique to this container.
        network = client.networks.create(
            f"score_itf_{os.urandom(8).hex()}",
            driver="bridge",
        )
    
        try:
>           container = client.containers.run(
                docker_image,
                _docker_configuration["command"],
                detach=True,
                auto_remove=False,
                init=_docker_configuration["init"],
                environment=_docker_configuration["environment"],
                volumes=_docker_configuration["volumes"],
                shm_size=_docker_configuration["shm_size"],
                network=network.name,
                **extra_kwargs,
            )

../score_itf+/score/itf/plugins/docker.py:371: 
_ _ _ _ _ _ _ _ _ _ _ _ _ _ _ _ _ _ _ _ _ _ _ _ _ _ _ _ _ _ _ _ _ _ _ _ _ _ _ _ 
../rules_python++pip+itf_pip_312_docker/site-packages/docker/models/containers.py:883: in run
    container.start()
../rules_python++pip+itf_pip_312_docker/site-packages/docker/models/containers.py:420: in start
    return self.client.api.start(self.id, **kwargs)
           ^^^^^^^^^^^^^^^^^^^^^^^^^^^^^^^^^^^^^^^^
../rules_python++pip+itf_pip_312_docker/site-packages/docker/utils/decorators.py:19: in wrapped
    return f(self, resource_id, *args, **kwargs)
           ^^^^^^^^^^^^^^^^^^^^^^^^^^^^^^^^^^^^^
../rules_python++pip+itf_pip_312_docker/site-packages/docker/api/container.py:1136: in start
    self._raise_for_status(res)
../rules_python++pip+itf_pip_312_docker/site-packages/docker/api/client.py:277: in _raise_for_status
    raise create_api_error_from_http_exception(e) from e
          ^^^^^^^^^^^^^^^^^^^^^^^^^^^^^^^^^^^^^^^
_ _ _ _ _ _ _ _ _ _ _ _ _ _ _ _ _ _ _ _ _ _ _ _ _ _ _ _ _ _ _ _ _ _ _ _ _ _ _ _ 

e = HTTPError('500 Server Error: Internal Server Error for url: http+docker://localhost/v1.56/containers/a4cba7c80566a4abc50824808270cb744f012f187d592c32983b16c167398509/start')

    def create_api_error_from_http_exception(e):
        """
        Create a suitable APIError from requests.exceptions.HTTPError.
        """
        response = e.response
        try:
            explanation = response.json()['message']
        except ValueError:
            explanation = (response.text or '').strip()
        cls = APIError
        if response.status_code == 404:
            explanation_msg = (explanation or '').lower()
            if any(fragment in explanation_msg
                   for fragment in _image_not_found_explanation_fragments):
                cls = ImageNotFound
            else:
                cls = NotFound
>       raise cls(e, response=response, explanation=explanation) from e
E       docker.errors.APIError: 500 Server Error for http+docker://localhost/v1.56/containers/a4cba7c80566a4abc50824808270cb744f012f187d592c32983b16c167398509/start: Internal Server Error ("failed to create task for container: failed to create shim task: OCI runtime create failed: runc create failed: unable to start container process: unable to apply cgroup configuration: unable to start unit "docker-a4cba7c80566a4abc50824808270cb744f012f187d592c32983b16c167398509.scope" (properties [{Name:Description Value:"libcontainer container a4cba7c80566a4abc50824808270cb744f012f187d592c32983b16c167398509"} {Name:Slice Value:"user.slice"} {Name:Delegate Value:true} {Name:PIDs Value:@au [1798835]} {Name:MemoryAccounting Value:true} {Name:CPUAccounting Value:true} {Name:IOAccounting Value:true} {Name:TasksAccounting Value:true} {Name:DefaultDependencies Value:false}]): Interactive authentication required.")

../rules_python++pip+itf_pip_312_docker/site-packages/docker/errors.py:39: APIError
________________ ERROR at setup of test_complex_struct_exchange ________________

self = <docker.api.client.APIClient object at 0x76899d1533b0>
response = <Response [500]>

    def _raise_for_status(self, response):
        """Raises stored :class:`APIError`, if one occurred."""
        try:
>           response.raise_for_status()

../rules_python++pip+itf_pip_312_docker/site-packages/docker/api/client.py:275: 
_ _ _ _ _ _ _ _ _ _ _ _ _ _ _ _ _ _ _ _ _ _ _ _ _ _ _ _ _ _ _ _ _ _ _ _ _ _ _ _ 

self = <Response [500]>

    def raise_for_status(self):
        """Raises :class:`HTTPError`, if one occurred."""
    
        http_error_msg = ""
        if isinstance(self.reason, bytes):
            # We attempt to decode utf-8 first because some servers
            # choose to localize their reason strings. If the string
            # isn't utf-8, we fall back to iso-8859-1 for all other
            # encodings. (See PR #3538)
            try:
                reason = self.reason.decode("utf-8")
            except UnicodeDecodeError:
                reason = self.reason.decode("iso-8859-1")
        else:
            reason = self.reason
    
        if 400 <= self.status_code < 500:
            http_error_msg = (
                f"{self.status_code} Client Error: {reason} for url: {self.url}"
            )
    
        elif 500 <= self.status_code < 600:
            http_error_msg = (
                f"{self.status_code} Server Error: {reason} for url: {self.url}"
            )
    
        if http_error_msg:
>           raise HTTPError(http_error_msg, response=self)
E           requests.exceptions.HTTPError: 500 Server Error: Internal Server Error for url: http+docker://localhost/v1.56/containers/ca1b4e79f7650310e60fd97c26ff982e49c103a4f407091fcb0e7c3611d1e49f/start

../rules_python++pip+itf_pip_312_requests/site-packages/requests/models.py:1028: HTTPError

The above exception was the direct cause of the following exception:

request = <SubRequest 'target_init' for <Function test_complex_struct_exchange>>
_docker_configuration = {'command': 'sleep infinity', 'environment': {}, 'init': True, 'shm_size': '2G', ...}

    @pytest.fixture(scope=determine_target_scope)
    def target_init(request, _docker_configuration):
        print(_docker_configuration)
    
        docker_image_bootstrap = request.config.getoption("docker_image_bootstrap")
        if docker_image_bootstrap:
            logger.info(f"Executing custom image bootstrap command: {docker_image_bootstrap}")
            result = subprocess.run([docker_image_bootstrap], capture_output=True, text=True)
            if result.stdout:
                logger.info(f"Bootstrap stdout: {result.stdout}")
            if result.stderr:
                logger.error(f"Bootstrap stderr: {result.stderr}")
            if result.returncode != 0:
                logger.error(f"Bootstrap failed with exit code {result.returncode}")
                raise subprocess.CalledProcessError(result.returncode, docker_image_bootstrap)
    
        docker_image = request.config.getoption("docker_image")
        client = pypi_docker.from_env(timeout=DOCKER_CLIENT_TIMEOUT)
    
        known_keys = {"command", "init", "environment", "volumes", "shm_size", "detach", "auto_remove"}
        reserved_overrides = {k for k in ("detach", "auto_remove") if k in _docker_configuration}
        if reserved_overrides:
            logger.warning(f"docker_configuration contains reserved keys {reserved_overrides} which will be ignored")
        extra_kwargs = {k: v for k, v in _docker_configuration.items() if k not in known_keys}
    
        # Create a per-container bridge network so that get_ip() / get_gateway()
        # return addresses unique to this container.
        network = client.networks.create(
            f"score_itf_{os.urandom(8).hex()}",
            driver="bridge",
        )
    
        try:
>           container = client.containers.run(
                docker_image,
                _docker_configuration["command"],
                detach=True,
                auto_remove=False,
                init=_docker_configuration["init"],
                environment=_docker_configuration["environment"],
                volumes=_docker_configuration["volumes"],
                shm_size=_docker_configuration["shm_size"],
                network=network.name,
                **extra_kwargs,
            )

../score_itf+/score/itf/plugins/docker.py:371: 
_ _ _ _ _ _ _ _ _ _ _ _ _ _ _ _ _ _ _ _ _ _ _ _ _ _ _ _ _ _ _ _ _ _ _ _ _ _ _ _ 
../rules_python++pip+itf_pip_312_docker/site-packages/docker/models/containers.py:883: in run
    container.start()
../rules_python++pip+itf_pip_312_docker/site-packages/docker/models/containers.py:420: in start
    return self.client.api.start(self.id, **kwargs)
           ^^^^^^^^^^^^^^^^^^^^^^^^^^^^^^^^^^^^^^^^
../rules_python++pip+itf_pip_312_docker/site-packages/docker/utils/decorators.py:19: in wrapped
    return f(self, resource_id, *args, **kwargs)
           ^^^^^^^^^^^^^^^^^^^^^^^^^^^^^^^^^^^^^
../rules_python++pip+itf_pip_312_docker/site-packages/docker/api/container.py:1136: in start
    self._raise_for_status(res)
../rules_python++pip+itf_pip_312_docker/site-packages/docker/api/client.py:277: in _raise_for_status
    raise create_api_error_from_http_exception(e) from e
          ^^^^^^^^^^^^^^^^^^^^^^^^^^^^^^^^^^^^^^^
_ _ _ _ _ _ _ _ _ _ _ _ _ _ _ _ _ _ _ _ _ _ _ _ _ _ _ _ _ _ _ _ _ _ _ _ _ _ _ _ 

e = HTTPError('500 Server Error: Internal Server Error for url: http+docker://localhost/v1.56/containers/ca1b4e79f7650310e60fd97c26ff982e49c103a4f407091fcb0e7c3611d1e49f/start')

    def create_api_error_from_http_exception(e):
        """
        Create a suitable APIError from requests.exceptions.HTTPError.
        """
        response = e.response
        try:
            explanation = response.json()['message']
        except ValueError:
            explanation = (response.text or '').strip()
        cls = APIError
        if response.status_code == 404:
            explanation_msg = (explanation or '').lower()
            if any(fragment in explanation_msg
                   for fragment in _image_not_found_explanation_fragments):
                cls = ImageNotFound
            else:
                cls = NotFound
>       raise cls(e, response=response, explanation=explanation) from e
E       docker.errors.APIError: 500 Server Error for http+docker://localhost/v1.56/containers/ca1b4e79f7650310e60fd97c26ff982e49c103a4f407091fcb0e7c3611d1e49f/start: Internal Server Error ("failed to create task for container: failed to create shim task: OCI runtime create failed: runc create failed: unable to start container process: unable to apply cgroup configuration: unable to start unit "docker-ca1b4e79f7650310e60fd97c26ff982e49c103a4f407091fcb0e7c3611d1e49f.scope" (properties [{Name:Description Value:"libcontainer container ca1b4e79f7650310e60fd97c26ff982e49c103a4f407091fcb0e7c3611d1e49f"} {Name:Slice Value:"user.slice"} {Name:Delegate Value:true} {Name:PIDs Value:@au [1799550]} {Name:MemoryAccounting Value:true} {Name:CPUAccounting Value:true} {Name:IOAccounting Value:true} {Name:TasksAccounting Value:true} {Name:DefaultDependencies Value:false}]): Interactive authentication required.")

../rules_python++pip+itf_pip_312_docker/site-packages/docker/errors.py:39: APIError
- generated xml file: /media/jefferson/11c42dee-73a3-4c2b-ab42-a0440011d9e0/.s-core-build/runs/score-rust-linux-integration-xfiuopbb/bazel-output/e47b4ceef7854d004f6fef7d10e4acf9/sandbox/linux-sandbox/1249/execroot/_main/bazel-out/k8-fastbuild/testlogs/score/mw/com/test/basic_rust_api/consumer_sync_apis/integration_test/test_com_api_sync/test.xml -
=========================== short test summary info ============================
ERROR ../score_itf+::test_bigdata_exchange - docker.errors.APIError: 500 Serv...
ERROR ../score_itf+::test_mixed_primitives_exchange - docker.errors.APIError:...
ERROR ../score_itf+::test_complex_struct_exchange - docker.errors.APIError: 5...
======================== 3 errors in 158.32s (0:02:38) =========================
================================================================================
[1,535 / 1,536] 1 / 2 tests, 1 failed; Testing //score/mw/com/test/basic_rust_api/consumer_async_apis/integration_test:test_com_api_async; 1s linux-sandbox
[1,535 / 1,536] 1 / 2 tests, 1 failed; Testing //score/mw/com/test/basic_rust_api/consumer_async_apis/integration_test:test_com_api_async; 11s linux-sandbox
[1,535 / 1,536] 1 / 2 tests, 1 failed; Testing //score/mw/com/test/basic_rust_api/consumer_async_apis/integration_test:test_com_api_async; 41s linux-sandbox
[1,535 / 1,536] 1 / 2 tests, 1 failed; Testing //score/mw/com/test/basic_rust_api/consumer_async_apis/integration_test:test_com_api_async; 101s linux-sandbox
FAIL: //score/mw/com/test/basic_rust_api/consumer_async_apis/integration_test:test_com_api_async (Exit 1) (see /media/jefferson/11c42dee-73a3-4c2b-ab42-a0440011d9e0/.s-core-build/runs/score-rust-linux-integration-xfiuopbb/bazel-output/e47b4ceef7854d004f6fef7d10e4acf9/execroot/_main/bazel-out/k8-fastbuild/testlogs/score/mw/com/test/basic_rust_api/consumer_async_apis/integration_test/test_com_api_async/test.log)
[1,535 / 1,536] 2 / 2 tests, 2 failed; Testing //score/mw/com/test/basic_rust_api/consumer_async_apis/integration_test:test_com_api_async; 158s linux-sandbox
INFO: From Testing //score/mw/com/test/basic_rust_api/consumer_async_apis/integration_test:test_com_api_async:
==================== Test output for //score/mw/com/test/basic_rust_api/consumer_async_apis/integration_test:test_com_api_async:
============================= test session starts ==============================
platform linux -- Python 3.12.12, pytest-9.0.3, pluggy-1.6.0
rootdir: /media/jefferson/11c42dee-73a3-4c2b-ab42-a0440011d9e0/.s-core-build/runs/score-rust-linux-integration-xfiuopbb/bazel-output/e47b4ceef7854d004f6fef7d10e4acf9/sandbox/linux-sandbox/1251/execroot/_main/bazel-out/k8-fastbuild/bin/score/mw/com/test/basic_rust_api/consumer_async_apis/integration_test/test_com_api_async.runfiles/score_itf+
configfile: pytest.ini
collected 3 items

../score_itf+::test_bigdata_async_with_cancellation 
-------------------------------- live log setup --------------------------------
[2026-10-06 09:16:22.590] [INFO] [score.itf.plugins.docker] Executing custom image bootstrap command: score/mw/com/test/basic_rust_api/consumer_async_apis/integration_test/_image_test_com_api_async_loader.sh
[2026-10-06 09:16:25.322] [INFO] [score.itf.plugins.docker] Bootstrap stdout: Loaded image: test_com_api_async:latest

[2026-10-06 09:16:25.322] [DEBUG] [docker.utils.config] Trying paths: ['/home/jefferson/.docker/config.json', '/home/jefferson/.dockercfg']
[2026-10-06 09:16:25.323] [DEBUG] [docker.utils.config] No config file found
[2026-10-06 09:16:25.323] [DEBUG] [docker.utils.config] Trying paths: ['/home/jefferson/.docker/config.json', '/home/jefferson/.dockercfg']
[2026-10-06 09:16:25.323] [DEBUG] [docker.utils.config] No config file found
[2026-10-06 09:16:25.337] [DEBUG] [urllib3.connectionpool] http://localhost:None "GET /version HTTP/1.1" 200 1209
[2026-10-06 09:16:25.399] [DEBUG] [urllib3.connectionpool] http://localhost:None "POST /v1.56/networks/create HTTP/1.1" 201 87
[2026-10-06 09:16:25.401] [DEBUG] [urllib3.connectionpool] http://localhost:None "GET /v1.56/networks/e0c2041646d763fcb3430ebf16fd822f8b6b1f90c6f5ba54f3c26f76807c01df HTTP/1.1" 200 564
[2026-10-06 09:16:25.451] [DEBUG] [urllib3.connectionpool] http://localhost:None "POST /v1.56/containers/create HTTP/1.1" 201 88
[2026-10-06 09:16:25.453] [DEBUG] [urllib3.connectionpool] http://localhost:None "GET /v1.56/containers/62a6fcca4c3c90665389eef7605c02a01e94420b5a3dcbdb377e3cfea0502161/json HTTP/1.1" 200 None
[2026-10-06 09:17:15.990] [DEBUG] [urllib3.connectionpool] http://localhost:None "POST /v1.56/containers/62a6fcca4c3c90665389eef7605c02a01e94420b5a3dcbdb377e3cfea0502161/start HTTP/1.1" 500 736
[2026-10-06 09:17:16.164] [DEBUG] [urllib3.connectionpool] http://localhost:None "DELETE /v1.56/networks/e0c2041646d763fcb3430ebf16fd822f8b6b1f90c6f5ba54f3c26f76807c01df HTTP/1.1" 204 0
ERROR                                                                    [ 33%]
../score_itf+::test_bigdata_async_without_cancellation 
-------------------------------- live log setup --------------------------------
[2026-10-06 09:17:16.260] [INFO] [score.itf.plugins.docker] Executing custom image bootstrap command: score/mw/com/test/basic_rust_api/consumer_async_apis/integration_test/_image_test_com_api_async_loader.sh
[2026-10-06 09:17:17.490] [INFO] [score.itf.plugins.docker] Bootstrap stdout: Loaded image: test_com_api_async:latest

[2026-10-06 09:17:17.491] [DEBUG] [docker.utils.config] Trying paths: ['/home/jefferson/.docker/config.json', '/home/jefferson/.dockercfg']
[2026-10-06 09:17:17.491] [DEBUG] [docker.utils.config] No config file found
[2026-10-06 09:17:17.492] [DEBUG] [docker.utils.config] Trying paths: ['/home/jefferson/.docker/config.json', '/home/jefferson/.dockercfg']
[2026-10-06 09:17:17.492] [DEBUG] [docker.utils.config] No config file found
[2026-10-06 09:17:17.504] [DEBUG] [urllib3.connectionpool] http://localhost:None "GET /version HTTP/1.1" 200 1209
[2026-10-06 09:17:17.565] [DEBUG] [urllib3.connectionpool] http://localhost:None "POST /v1.56/networks/create HTTP/1.1" 201 87
[2026-10-06 09:17:17.567] [DEBUG] [urllib3.connectionpool] http://localhost:None "GET /v1.56/networks/5d0039480202e1e1ba195859aeb4f22e480fea6dda273e2ee7a320bf296b2a4b HTTP/1.1" 200 564
[2026-10-06 09:17:17.609] [DEBUG] [urllib3.connectionpool] http://localhost:None "POST /v1.56/containers/create HTTP/1.1" 201 88
[2026-10-06 09:17:17.611] [DEBUG] [urllib3.connectionpool] http://localhost:None "GET /v1.56/containers/10c28ba283b202d11a0c754c11ba28f6a51353fc685ce65be1d4f8e377d08462/json HTTP/1.1" 200 None
[2026-10-06 09:18:08.251] [DEBUG] [urllib3.connectionpool] http://localhost:None "POST /v1.56/containers/10c28ba283b202d11a0c754c11ba28f6a51353fc685ce65be1d4f8e377d08462/start HTTP/1.1" 500 736
[2026-10-06 09:18:08.439] [DEBUG] [urllib3.connectionpool] http://localhost:None "DELETE /v1.56/networks/5d0039480202e1e1ba195859aeb4f22e480fea6dda273e2ee7a320bf296b2a4b HTTP/1.1" 204 0
ERROR                                                                    [ 66%]
../score_itf+::test_bigdata_async_stream 
-------------------------------- live log setup --------------------------------
[2026-10-06 09:18:08.476] [INFO] [score.itf.plugins.docker] Executing custom image bootstrap command: score/mw/com/test/basic_rust_api/consumer_async_apis/integration_test/_image_test_com_api_async_loader.sh
[2026-10-06 09:18:09.637] [INFO] [score.itf.plugins.docker] Bootstrap stdout: Loaded image: test_com_api_async:latest

[2026-10-06 09:18:09.638] [DEBUG] [docker.utils.config] Trying paths: ['/home/jefferson/.docker/config.json', '/home/jefferson/.dockercfg']
[2026-10-06 09:18:09.638] [DEBUG] [docker.utils.config] No config file found
[2026-10-06 09:18:09.638] [DEBUG] [docker.utils.config] Trying paths: ['/home/jefferson/.docker/config.json', '/home/jefferson/.dockercfg']
[2026-10-06 09:18:09.638] [DEBUG] [docker.utils.config] No config file found
[2026-10-06 09:18:09.649] [DEBUG] [urllib3.connectionpool] http://localhost:None "GET /version HTTP/1.1" 200 1209
[2026-10-06 09:18:09.709] [DEBUG] [urllib3.connectionpool] http://localhost:None "POST /v1.56/networks/create HTTP/1.1" 201 87
[2026-10-06 09:18:09.711] [DEBUG] [urllib3.connectionpool] http://localhost:None "GET /v1.56/networks/b431bb83e11631d3565e5c2ecce2f6e82a56d2702b325c7b980f2a90388a75f6 HTTP/1.1" 200 564
[2026-10-06 09:18:09.759] [DEBUG] [urllib3.connectionpool] http://localhost:None "POST /v1.56/containers/create HTTP/1.1" 201 88
[2026-10-06 09:18:09.762] [DEBUG] [urllib3.connectionpool] http://localhost:None "GET /v1.56/containers/fbae16ea6cfff04d6cd90b375e3dc0a65bcac27b68154612c6d8ab3b31d94476/json HTTP/1.1" 200 None
[2026-10-06 09:19:00.241] [DEBUG] [urllib3.connectionpool] http://localhost:None "POST /v1.56/containers/fbae16ea6cfff04d6cd90b375e3dc0a65bcac27b68154612c6d8ab3b31d94476/start HTTP/1.1" 500 736
[2026-10-06 09:19:00.430] [DEBUG] [urllib3.connectionpool] http://localhost:None "DELETE /v1.56/networks/b431bb83e11631d3565e5c2ecce2f6e82a56d2702b325c7b980f2a90388a75f6 HTTP/1.1" 204 0
ERROR                                                                    [100%]

==================================== ERRORS ====================================
____________ ERROR at setup of test_bigdata_async_with_cancellation ____________

self = <docker.api.client.APIClient object at 0x710ebafe6f90>
response = <Response [500]>

    def _raise_for_status(self, response):
        """Raises stored :class:`APIError`, if one occurred."""
        try:
>           response.raise_for_status()

../rules_python++pip+itf_pip_312_docker/site-packages/docker/api/client.py:275: 
_ _ _ _ _ _ _ _ _ _ _ _ _ _ _ _ _ _ _ _ _ _ _ _ _ _ _ _ _ _ _ _ _ _ _ _ _ _ _ _ 

self = <Response [500]>

    def raise_for_status(self):
        """Raises :class:`HTTPError`, if one occurred."""
    
        http_error_msg = ""
        if isinstance(self.reason, bytes):
            # We attempt to decode utf-8 first because some servers
            # choose to localize their reason strings. If the string
            # isn't utf-8, we fall back to iso-8859-1 for all other
            # encodings. (See PR #3538)
            try:
                reason = self.reason.decode("utf-8")
            except UnicodeDecodeError:
                reason = self.reason.decode("iso-8859-1")
        else:
            reason = self.reason
    
        if 400 <= self.status_code < 500:
            http_error_msg = (
                f"{self.status_code} Client Error: {reason} for url: {self.url}"
            )
    
        elif 500 <= self.status_code < 600:
            http_error_msg = (
                f"{self.status_code} Server Error: {reason} for url: {self.url}"
            )
    
        if http_error_msg:
>           raise HTTPError(http_error_msg, response=self)
E           requests.exceptions.HTTPError: 500 Server Error: Internal Server Error for url: http+docker://localhost/v1.56/containers/62a6fcca4c3c90665389eef7605c02a01e94420b5a3dcbdb377e3cfea0502161/start

../rules_python++pip+itf_pip_312_requests/site-packages/requests/models.py:1028: HTTPError

The above exception was the direct cause of the following exception:

request = <SubRequest 'target_init' for <Function test_bigdata_async_with_cancellation>>
_docker_configuration = {'command': 'sleep infinity', 'environment': {}, 'init': True, 'shm_size': '2G', ...}

    @pytest.fixture(scope=determine_target_scope)
    def target_init(request, _docker_configuration):
        print(_docker_configuration)
    
        docker_image_bootstrap = request.config.getoption("docker_image_bootstrap")
        if docker_image_bootstrap:
            logger.info(f"Executing custom image bootstrap command: {docker_image_bootstrap}")
            result = subprocess.run([docker_image_bootstrap], capture_output=True, text=True)
            if result.stdout:
                logger.info(f"Bootstrap stdout: {result.stdout}")
            if result.stderr:
                logger.error(f"Bootstrap stderr: {result.stderr}")
            if result.returncode != 0:
                logger.error(f"Bootstrap failed with exit code {result.returncode}")
                raise subprocess.CalledProcessError(result.returncode, docker_image_bootstrap)
    
        docker_image = request.config.getoption("docker_image")
        client = pypi_docker.from_env(timeout=DOCKER_CLIENT_TIMEOUT)
    
        known_keys = {"command", "init", "environment", "volumes", "shm_size", "detach", "auto_remove"}
        reserved_overrides = {k for k in ("detach", "auto_remove") if k in _docker_configuration}
        if reserved_overrides:
            logger.warning(f"docker_configuration contains reserved keys {reserved_overrides} which will be ignored")
        extra_kwargs = {k: v for k, v in _docker_configuration.items() if k not in known_keys}
    
        # Create a per-container bridge network so that get_ip() / get_gateway()
        # return addresses unique to this container.
        network = client.networks.create(
            f"score_itf_{os.urandom(8).hex()}",
            driver="bridge",
        )
    
        try:
>           container = client.containers.run(
                docker_image,
                _docker_configuration["command"],
                detach=True,
                auto_remove=False,
                init=_docker_configuration["init"],
                environment=_docker_configuration["environment"],
                volumes=_docker_configuration["volumes"],
                shm_size=_docker_configuration["shm_size"],
                network=network.name,
                **extra_kwargs,
            )

../score_itf+/score/itf/plugins/docker.py:371: 
_ _ _ _ _ _ _ _ _ _ _ _ _ _ _ _ _ _ _ _ _ _ _ _ _ _ _ _ _ _ _ _ _ _ _ _ _ _ _ _ 
../rules_python++pip+itf_pip_312_docker/site-packages/docker/models/containers.py:883: in run
    container.start()
../rules_python++pip+itf_pip_312_docker/site-packages/docker/models/containers.py:420: in start
    return self.client.api.start(self.id, **kwargs)
           ^^^^^^^^^^^^^^^^^^^^^^^^^^^^^^^^^^^^^^^^
../rules_python++pip+itf_pip_312_docker/site-packages/docker/utils/decorators.py:19: in wrapped
    return f(self, resource_id, *args, **kwargs)
           ^^^^^^^^^^^^^^^^^^^^^^^^^^^^^^^^^^^^^
../rules_python++pip+itf_pip_312_docker/site-packages/docker/api/container.py:1136: in start
    self._raise_for_status(res)
../rules_python++pip+itf_pip_312_docker/site-packages/docker/api/client.py:277: in _raise_for_status
    raise create_api_error_from_http_exception(e) from e
          ^^^^^^^^^^^^^^^^^^^^^^^^^^^^^^^^^^^^^^^
_ _ _ _ _ _ _ _ _ _ _ _ _ _ _ _ _ _ _ _ _ _ _ _ _ _ _ _ _ _ _ _ _ _ _ _ _ _ _ _ 

e = HTTPError('500 Server Error: Internal Server Error for url: http+docker://localhost/v1.56/containers/62a6fcca4c3c90665389eef7605c02a01e94420b5a3dcbdb377e3cfea0502161/start')

    def create_api_error_from_http_exception(e):
        """
        Create a suitable APIError from requests.exceptions.HTTPError.
        """
        response = e.response
        try:
            explanation = response.json()['message']
        except ValueError:
            explanation = (response.text or '').strip()
        cls = APIError
        if response.status_code == 404:
            explanation_msg = (explanation or '').lower()
            if any(fragment in explanation_msg
                   for fragment in _image_not_found_explanation_fragments):
                cls = ImageNotFound
            else:
                cls = NotFound
>       raise cls(e, response=response, explanation=explanation) from e
E       docker.errors.APIError: 500 Server Error for http+docker://localhost/v1.56/containers/62a6fcca4c3c90665389eef7605c02a01e94420b5a3dcbdb377e3cfea0502161/start: Internal Server Error ("failed to create task for container: failed to create shim task: OCI runtime create failed: runc create failed: unable to start container process: unable to apply cgroup configuration: unable to start unit "docker-62a6fcca4c3c90665389eef7605c02a01e94420b5a3dcbdb377e3cfea0502161.scope" (properties [{Name:Description Value:"libcontainer container 62a6fcca4c3c90665389eef7605c02a01e94420b5a3dcbdb377e3cfea0502161"} {Name:Slice Value:"user.slice"} {Name:Delegate Value:true} {Name:PIDs Value:@au [1800524]} {Name:MemoryAccounting Value:true} {Name:CPUAccounting Value:true} {Name:IOAccounting Value:true} {Name:TasksAccounting Value:true} {Name:DefaultDependencies Value:false}]): Interactive authentication required.")

../rules_python++pip+itf_pip_312_docker/site-packages/docker/errors.py:39: APIError
__________ ERROR at setup of test_bigdata_async_without_cancellation ___________

self = <docker.api.client.APIClient object at 0x710ebac71a00>
response = <Response [500]>

    def _raise_for_status(self, response):
        """Raises stored :class:`APIError`, if one occurred."""
        try:
>           response.raise_for_status()

../rules_python++pip+itf_pip_312_docker/site-packages/docker/api/client.py:275: 
_ _ _ _ _ _ _ _ _ _ _ _ _ _ _ _ _ _ _ _ _ _ _ _ _ _ _ _ _ _ _ _ _ _ _ _ _ _ _ _ 

self = <Response [500]>

    def raise_for_status(self):
        """Raises :class:`HTTPError`, if one occurred."""
    
        http_error_msg = ""
        if isinstance(self.reason, bytes):
            # We attempt to decode utf-8 first because some servers
            # choose to localize their reason strings. If the string
            # isn't utf-8, we fall back to iso-8859-1 for all other
            # encodings. (See PR #3538)
            try:
                reason = self.reason.decode("utf-8")
            except UnicodeDecodeError:
                reason = self.reason.decode("iso-8859-1")
        else:
            reason = self.reason
    
        if 400 <= self.status_code < 500:
            http_error_msg = (
                f"{self.status_code} Client Error: {reason} for url: {self.url}"
            )
    
        elif 500 <= self.status_code < 600:
            http_error_msg = (
                f"{self.status_code} Server Error: {reason} for url: {self.url}"
            )
    
        if http_error_msg:
>           raise HTTPError(http_error_msg, response=self)
E           requests.exceptions.HTTPError: 500 Server Error: Internal Server Error for url: http+docker://localhost/v1.56/containers/10c28ba283b202d11a0c754c11ba28f6a51353fc685ce65be1d4f8e377d08462/start

../rules_python++pip+itf_pip_312_requests/site-packages/requests/models.py:1028: HTTPError

The above exception was the direct cause of the following exception:

request = <SubRequest 'target_init' for <Function test_bigdata_async_without_cancellation>>
_docker_configuration = {'command': 'sleep infinity', 'environment': {}, 'init': True, 'shm_size': '2G', ...}

    @pytest.fixture(scope=determine_target_scope)
    def target_init(request, _docker_configuration):
        print(_docker_configuration)
    
        docker_image_bootstrap = request.config.getoption("docker_image_bootstrap")
        if docker_image_bootstrap:
            logger.info(f"Executing custom image bootstrap command: {docker_image_bootstrap}")
            result = subprocess.run([docker_image_bootstrap], capture_output=True, text=True)
            if result.stdout:
                logger.info(f"Bootstrap stdout: {result.stdout}")
            if result.stderr:
                logger.error(f"Bootstrap stderr: {result.stderr}")
            if result.returncode != 0:
                logger.error(f"Bootstrap failed with exit code {result.returncode}")
                raise subprocess.CalledProcessError(result.returncode, docker_image_bootstrap)
    
        docker_image = request.config.getoption("docker_image")
        client = pypi_docker.from_env(timeout=DOCKER_CLIENT_TIMEOUT)
    
        known_keys = {"command", "init", "environment", "volumes", "shm_size", "detach", "auto_remove"}
        reserved_overrides = {k for k in ("detach", "auto_remove") if k in _docker_configuration}
        if reserved_overrides:
            logger.warning(f"docker_configuration contains reserved keys {reserved_overrides} which will be ignored")
        extra_kwargs = {k: v for k, v in _docker_configuration.items() if k not in known_keys}
    
        # Create a per-container bridge network so that get_ip() / get_gateway()
        # return addresses unique to this container.
        network = client.networks.create(
            f"score_itf_{os.urandom(8).hex()}",
            driver="bridge",
        )
    
        try:
>           container = client.containers.run(
                docker_image,
                _docker_configuration["command"],
                detach=True,
                auto_remove=False,
                init=_docker_configuration["init"],
                environment=_docker_configuration["environment"],
                volumes=_docker_configuration["volumes"],
                shm_size=_docker_configuration["shm_size"],
                network=network.name,
                **extra_kwargs,
            )

../score_itf+/score/itf/plugins/docker.py:371: 
_ _ _ _ _ _ _ _ _ _ _ _ _ _ _ _ _ _ _ _ _ _ _ _ _ _ _ _ _ _ _ _ _ _ _ _ _ _ _ _ 
../rules_python++pip+itf_pip_312_docker/site-packages/docker/models/containers.py:883: in run
    container.start()
../rules_python++pip+itf_pip_312_docker/site-packages/docker/models/containers.py:420: in start
    return self.client.api.start(self.id, **kwargs)
           ^^^^^^^^^^^^^^^^^^^^^^^^^^^^^^^^^^^^^^^^
../rules_python++pip+itf_pip_312_docker/site-packages/docker/utils/decorators.py:19: in wrapped
    return f(self, resource_id, *args, **kwargs)
           ^^^^^^^^^^^^^^^^^^^^^^^^^^^^^^^^^^^^^
../rules_python++pip+itf_pip_312_docker/site-packages/docker/api/container.py:1136: in start
    self._raise_for_status(res)
../rules_python++pip+itf_pip_312_docker/site-packages/docker/api/client.py:277: in _raise_for_status
    raise create_api_error_from_http_exception(e) from e
          ^^^^^^^^^^^^^^^^^^^^^^^^^^^^^^^^^^^^^^^
_ _ _ _ _ _ _ _ _ _ _ _ _ _ _ _ _ _ _ _ _ _ _ _ _ _ _ _ _ _ _ _ _ _ _ _ _ _ _ _ 

e = HTTPError('500 Server Error: Internal Server Error for url: http+docker://localhost/v1.56/containers/10c28ba283b202d11a0c754c11ba28f6a51353fc685ce65be1d4f8e377d08462/start')

    def create_api_error_from_http_exception(e):
        """
        Create a suitable APIError from requests.exceptions.HTTPError.
        """
        response = e.response
        try:
            explanation = response.json()['message']
        except ValueError:
            explanation = (response.text or '').strip()
        cls = APIError
        if response.status_code == 404:
            explanation_msg = (explanation or '').lower()
            if any(fragment in explanation_msg
                   for fragment in _image_not_found_explanation_fragments):
                cls = ImageNotFound
            else:
                cls = NotFound
>       raise cls(e, response=response, explanation=explanation) from e
E       docker.errors.APIError: 500 Server Error for http+docker://localhost/v1.56/containers/10c28ba283b202d11a0c754c11ba28f6a51353fc685ce65be1d4f8e377d08462/start: Internal Server Error ("failed to create task for container: failed to create shim task: OCI runtime create failed: runc create failed: unable to start container process: unable to apply cgroup configuration: unable to start unit "docker-10c28ba283b202d11a0c754c11ba28f6a51353fc685ce65be1d4f8e377d08462.scope" (properties [{Name:Description Value:"libcontainer container 10c28ba283b202d11a0c754c11ba28f6a51353fc685ce65be1d4f8e377d08462"} {Name:Slice Value:"user.slice"} {Name:Delegate Value:true} {Name:PIDs Value:@au [1801357]} {Name:MemoryAccounting Value:true} {Name:CPUAccounting Value:true} {Name:IOAccounting Value:true} {Name:TasksAccounting Value:true} {Name:DefaultDependencies Value:false}]): Interactive authentication required.")

../rules_python++pip+itf_pip_312_docker/site-packages/docker/errors.py:39: APIError
_________________ ERROR at setup of test_bigdata_async_stream __________________

self = <docker.api.client.APIClient object at 0x710ebacf7800>
response = <Response [500]>

    def _raise_for_status(self, response):
        """Raises stored :class:`APIError`, if one occurred."""
        try:
>           response.raise_for_status()

../rules_python++pip+itf_pip_312_docker/site-packages/docker/api/client.py:275: 
_ _ _ _ _ _ _ _ _ _ _ _ _ _ _ _ _ _ _ _ _ _ _ _ _ _ _ _ _ _ _ _ _ _ _ _ _ _ _ _ 

self = <Response [500]>

    def raise_for_status(self):
        """Raises :class:`HTTPError`, if one occurred."""
    
        http_error_msg = ""
        if isinstance(self.reason, bytes):
            # We attempt to decode utf-8 first because some servers
            # choose to localize their reason strings. If the string
            # isn't utf-8, we fall back to iso-8859-1 for all other
            # encodings. (See PR #3538)
            try:
                reason = self.reason.decode("utf-8")
            except UnicodeDecodeError:
                reason = self.reason.decode("iso-8859-1")
        else:
            reason = self.reason
    
        if 400 <= self.status_code < 500:
            http_error_msg = (
                f"{self.status_code} Client Error: {reason} for url: {self.url}"
            )
    
        elif 500 <= self.status_code < 600:
            http_error_msg = (
                f"{self.status_code} Server Error: {reason} for url: {self.url}"
            )
    
        if http_error_msg:
>           raise HTTPError(http_error_msg, response=self)
E           requests.exceptions.HTTPError: 500 Server Error: Internal Server Error for url: http+docker://localhost/v1.56/containers/fbae16ea6cfff04d6cd90b375e3dc0a65bcac27b68154612c6d8ab3b31d94476/start

../rules_python++pip+itf_pip_312_requests/site-packages/requests/models.py:1028: HTTPError

The above exception was the direct cause of the following exception:

request = <SubRequest 'target_init' for <Function test_bigdata_async_stream>>
_docker_configuration = {'command': 'sleep infinity', 'environment': {}, 'init': True, 'shm_size': '2G', ...}

    @pytest.fixture(scope=determine_target_scope)
    def target_init(request, _docker_configuration):
        print(_docker_configuration)
    
        docker_image_bootstrap = request.config.getoption("docker_image_bootstrap")
        if docker_image_bootstrap:
            logger.info(f"Executing custom image bootstrap command: {docker_image_bootstrap}")
            result = subprocess.run([docker_image_bootstrap], capture_output=True, text=True)
            if result.stdout:
                logger.info(f"Bootstrap stdout: {result.stdout}")
            if result.stderr:
                logger.error(f"Bootstrap stderr: {result.stderr}")
            if result.returncode != 0:
                logger.error(f"Bootstrap failed with exit code {result.returncode}")
                raise subprocess.CalledProcessError(result.returncode, docker_image_bootstrap)
    
        docker_image = request.config.getoption("docker_image")
        client = pypi_docker.from_env(timeout=DOCKER_CLIENT_TIMEOUT)
    
        known_keys = {"command", "init", "environment", "volumes", "shm_size", "detach", "auto_remove"}
        reserved_overrides = {k for k in ("detach", "auto_remove") if k in _docker_configuration}
        if reserved_overrides:
            logger.warning(f"docker_configuration contains reserved keys {reserved_overrides} which will be ignored")
        extra_kwargs = {k: v for k, v in _docker_configuration.items() if k not in known_keys}
    
        # Create a per-container bridge network so that get_ip() / get_gateway()
        # return addresses unique to this container.
        network = client.networks.create(
            f"score_itf_{os.urandom(8).hex()}",
            driver="bridge",
        )
    
        try:
>           container = client.containers.run(
                docker_image,
                _docker_configuration["command"],
                detach=True,
                auto_remove=False,
                init=_docker_configuration["init"],
                environment=_docker_configuration["environment"],
                volumes=_docker_configuration["volumes"],
                shm_size=_docker_configuration["shm_size"],
                network=network.name,
                **extra_kwargs,
            )

../score_itf+/score/itf/plugins/docker.py:371: 
_ _ _ _ _ _ _ _ _ _ _ _ _ _ _ _ _ _ _ _ _ _ _ _ _ _ _ _ _ _ _ _ _ _ _ _ _ _ _ _ 
../rules_python++pip+itf_pip_312_docker/site-packages/docker/models/containers.py:883: in run
    container.start()
../rules_python++pip+itf_pip_312_docker/site-packages/docker/models/containers.py:420: in start
    return self.client.api.start(self.id, **kwargs)
           ^^^^^^^^^^^^^^^^^^^^^^^^^^^^^^^^^^^^^^^^
../rules_python++pip+itf_pip_312_docker/site-packages/docker/utils/decorators.py:19: in wrapped
    return f(self, resource_id, *args, **kwargs)
           ^^^^^^^^^^^^^^^^^^^^^^^^^^^^^^^^^^^^^
../rules_python++pip+itf_pip_312_docker/site-packages/docker/api/container.py:1136: in start
    self._raise_for_status(res)
../rules_python++pip+itf_pip_312_docker/site-packages/docker/api/client.py:277: in _raise_for_status
    raise create_api_error_from_http_exception(e) from e
          ^^^^^^^^^^^^^^^^^^^^^^^^^^^^^^^^^^^^^^^
_ _ _ _ _ _ _ _ _ _ _ _ _ _ _ _ _ _ _ _ _ _ _ _ _ _ _ _ _ _ _ _ _ _ _ _ _ _ _ _ 

e = HTTPError('500 Server Error: Internal Server Error for url: http+docker://localhost/v1.56/containers/fbae16ea6cfff04d6cd90b375e3dc0a65bcac27b68154612c6d8ab3b31d94476/start')

    def create_api_error_from_http_exception(e):
        """
        Create a suitable APIError from requests.exceptions.HTTPError.
        """
        response = e.response
        try:
            explanation = response.json()['message']
        except ValueError:
            explanation = (response.text or '').strip()
        cls = APIError
        if response.status_code == 404:
            explanation_msg = (explanation or '').lower()
            if any(fragment in explanation_msg
                   for fragment in _image_not_found_explanation_fragments):
                cls = ImageNotFound
            else:
                cls = NotFound
>       raise cls(e, response=response, explanation=explanation) from e
E       docker.errors.APIError: 500 Server Error for http+docker://localhost/v1.56/containers/fbae16ea6cfff04d6cd90b375e3dc0a65bcac27b68154612c6d8ab3b31d94476/start: Internal Server Error ("failed to create task for container: failed to create shim task: OCI runtime create failed: runc create failed: unable to start container process: unable to apply cgroup configuration: unable to start unit "docker-fbae16ea6cfff04d6cd90b375e3dc0a65bcac27b68154612c6d8ab3b31d94476.scope" (properties [{Name:Description Value:"libcontainer container fbae16ea6cfff04d6cd90b375e3dc0a65bcac27b68154612c6d8ab3b31d94476"} {Name:Slice Value:"user.slice"} {Name:Delegate Value:true} {Name:PIDs Value:@au [1802058]} {Name:MemoryAccounting Value:true} {Name:CPUAccounting Value:true} {Name:IOAccounting Value:true} {Name:TasksAccounting Value:true} {Name:DefaultDependencies Value:false}]): Interactive authentication required.")

../rules_python++pip+itf_pip_312_docker/site-packages/docker/errors.py:39: APIError
- generated xml file: /media/jefferson/11c42dee-73a3-4c2b-ab42-a0440011d9e0/.s-core-build/runs/score-rust-linux-integration-xfiuopbb/bazel-output/e47b4ceef7854d004f6fef7d10e4acf9/sandbox/linux-sandbox/1251/execroot/_main/bazel-out/k8-fastbuild/testlogs/score/mw/com/test/basic_rust_api/consumer_async_apis/integration_test/test_com_api_async/test.xml -
=========================== short test summary info ============================
ERROR ../score_itf+::test_bigdata_async_with_cancellation - docker.errors.API...
ERROR ../score_itf+::test_bigdata_async_without_cancellation - docker.errors....
ERROR ../score_itf+::test_bigdata_async_stream - docker.errors.APIError: 500 ...
======================== 3 errors in 157.91s (0:02:37) =========================
================================================================================
INFO: Found 2 test targets...
INFO: Elapsed time: 594.416s, Critical Path: 361.55s
INFO: 1536 processes: 285 internal, 1251 linux-sandbox.
INFO: Build completed, 2 tests FAILED, 1536 total actions
//score/mw/com/test/basic_rust_api/consumer_async_apis/integration_test:test_com_api_async FAILED in 158.7s
  /media/jefferson/11c42dee-73a3-4c2b-ab42-a0440011d9e0/.s-core-build/runs/score-rust-linux-integration-xfiuopbb/bazel-output/e47b4ceef7854d004f6fef7d10e4acf9/execroot/_main/bazel-out/k8-fastbuild/testlogs/score/mw/com/test/basic_rust_api/consumer_async_apis/integration_test/test_com_api_async/test.log
//score/mw/com/test/basic_rust_api/consumer_sync_apis/integration_test:test_com_api_sync FAILED in 159.1s
  /media/jefferson/11c42dee-73a3-4c2b-ab42-a0440011d9e0/.s-core-build/runs/score-rust-linux-integration-xfiuopbb/bazel-output/e47b4ceef7854d004f6fef7d10e4acf9/execroot/_main/bazel-out/k8-fastbuild/testlogs/score/mw/com/test/basic_rust_api/consumer_sync_apis/integration_test/test_com_api_sync/test.log

Executed 2 out of 2 tests: 2 fail locally.
