[38;5;244mAspect CLI v2026.41.21 — https://aspect.build/docs/cli[0m

→ 🎬 [1;36mRunning[0m lint-lint [lint]

→ [1;36m🔧 Setup[0m · Running setup
[1m./.bazelrc[0m
  [38;5;244mcommon[0m                                       --lockfile_mode=error --experimental_repository_downloader_retries=10
                                               --experimental_scale_timeouts=2.0 --http_connector_attempts=10
                                               --http_connector_retry_max_timeout=1s --http_timeout_scaling=2.0
                                               --@score_baselibs//score/json:base_library=nlohmann
                                               --//score/memory/shared/flags:use_typedshmd=False
                                               --@score_baselibs//score/analysis/tracing/generic_trace_library:implementation=@score_baselibs//score/analysis/tracing/generic_trace_library/stub_implementation
                                               --config=linux_x64_gcc_15
                                               --extra_toolchains=//bazel/toolchains:score_communication_libclang_toolchain
                                               --registry=https://raw.githubusercontent.com/eclipse-score/bazel_registry/refs/heads/main/
                                               --registry=https://bcr.bazel.build --check_direct_dependencies=error
  [38;5;244mbuild[0m                                        --action_env=BAZEL_DO_NOT_DETECT_CPP_TOOLCHAIN=1
                                               --@rules_python//python/config_settings:bootstrap_impl=script
                                               --incompatible_strict_action_env
                                               --experimental_retain_test_configuration_across_testonly
                                               --output_filter=^(?!(external/.*(googletest|flatbuffers|score_baselibs|google_benchmark|json_schema_validator)|@@?[^/]*(googletest|flatbuffers|score_baselibs|google_benchmark|json_schema_validator)|[/]*quality/compiler_warnings)).*
                                               --per_file_copt=external/.*boost.*@-Wno-error=sign-conversion
                                               --host_per_file_copt=external/.*boost.*@-Wno-error=sign-conversion
                                               --per_file_copt=external/.*boost.*@-Wno-error=shadow
                                               --host_per_file_copt=external/.*boost.*@-Wno-error=shadow
                                               --per_file_copt=external/.*flatbuffers.*@-Wno-error=sign-conversion
                                               --host_per_file_copt=external/.*flatbuffers.*@-Wno-error=sign-conversion
                                               --per_file_copt=external/.*flatbuffers.*@-Wno-error=switch-enum
                                               --host_per_file_copt=external/.*flatbuffers.*@-Wno-error=switch-enum
                                               --per_file_copt=external/.*flatbuffers.*@-Wno-error=conversion
                                               --host_per_file_copt=external/.*flatbuffers.*@-Wno-error=conversion
                                               --per_file_copt=external/.*googletest.*@-Wno-error=switch-enum
                                               --host_per_file_copt=external/.*googletest.*@-Wno-error=switch-enum
                                               --per_file_copt=external/.*googletest.*@-Wno-error=missing-field-initializers
                                               --host_per_file_copt=external/.*googletest.*@-Wno-error=missing-field-initializers
                                               --per_file_copt=external/.*google_benchmark.*@-Wno-error=sign-conversion
                                               --host_per_file_copt=external/.*google_benchmark.*@-Wno-error=sign-conversion
                                               --per_file_copt=external/.*google_benchmark.*@-Wno-error=switch-enum
                                               --host_per_file_copt=external/.*google_benchmark.*@-Wno-error=switch-enum
                                               --per_file_copt=external/.*google_benchmark.*@-Wno-error=undef
                                               --host_per_file_copt=external/.*google_benchmark.*@-Wno-error=undef
                                               --per_file_copt=external/.*google_benchmark.*@-Wno-error=suggest-attribute=format
                                               --host_per_file_copt=external/.*google_benchmark.*@-Wno-error=suggest-attribute=format
                                               --per_file_copt=external/.*json_schema_validator.*@-Wno-error=switch
                                               --host_per_file_copt=external/.*json_schema_validator.*@-Wno-error=switch
                                               --per_file_copt=external/.*json_schema_validator.*@-Wno-error=switch-enum
                                               --host_per_file_copt=external/.*json_schema_validator.*@-Wno-error=switch-enum
                                               --per_file_copt=external/.*json_schema_validator.*@-Wno-error=sign-conversion
                                               --host_per_file_copt=external/.*json_schema_validator.*@-Wno-error=sign-conversion
                                               --per_file_copt=external/.*json_schema_validator.*@-Wno-error=conversion
                                               --host_per_file_copt=external/.*json_schema_validator.*@-Wno-error=conversion
                                               --per_file_copt=external/.*json_schema_validator.*@-Wno-error=range-loop-construct
                                               --host_per_file_copt=external/.*json_schema_validator.*@-Wno-error=range-loop-construct
                                               --per_file_copt=external/.*score_baselibs.*string_manipulation.*arguments.*@-Wno-error=sign-conversion
                                               --host_per_file_copt=external/.*score_baselibs.*string_manipulation.*arguments.*@-Wno-error=sign-conversion
                                               --per_file_copt=external/.*score_qnx_unit_tests.*virtio9p.*@-Wno-error=sign-conversion
                                               --host_per_file_copt=external/.*score_qnx_unit_tests.*virtio9p.*@-Wno-error=sign-conversion
                                               --per_file_copt=score/message_passing/qnx_dispatch_mocked_server.*@-Wno-error=sign-conversion
                                               --host_per_file_copt=score/message_passing/qnx_dispatch_mocked_server.*@-Wno-error=sign-conversion
                                               --per_file_copt=score/message_passing/qnx_dispatch_engine_test.*@-Wno-error=sign-conversion
                                               --host_per_file_copt=score/message_passing/qnx_dispatch_engine_test.*@-Wno-error=sign-conversion
                                               --per_file_copt=score/message_passing/dispatch_thread_runner_test.*@-Wno-error=sign-conversion
                                               --host_per_file_copt=score/message_passing/dispatch_thread_runner_test.*@-Wno-error=sign-conversion
                                               --test_env=GTEST_COLOR=1 --//docs/sphinx/utils:use_native_sphinx_build
                                               --java_language_version=21 --tool_java_language_version=21
                                               --java_runtime_version=remotejdk_21
                                               --tool_java_runtime_version=remotejdk_21
  [38;5;244mcommon:ci[0m                                    --flaky_test_attempts=5 --show_progress_rate_limit=10
  [38;5;244mbuild:flatbuffers[0m                            --//score/mw/com/flags:experimental_enable_flatbuffers_configuration=True
  [38;5;244mcommon:linux_aarch64_score_gcc_12_2_0_posix[0m  --platforms=@score_bazel_platforms//:aarch64-linux-gcc_12.2.0-posix
                                               --extra_toolchains=@score_gcc_aarch64_toolchain//:aarch64-linux
                                               --extra_toolchains=@score_toolchains_rust//toolchains/ferrocene:ferrocene_aarch64_unknown_linux_gnu
  [38;5;244mcommon:linux_arm64_gcc_12[0m                    --config=linux_aarch64_score_gcc_12_2_0_posix
  [38;5;244mcommon:linux_x64[0m                             --config=linux_x64_gcc_15
  [38;5;244mcommon:linux_x64_gcc_12[0m                      --config=linux_x86_64_score_gcc_12_2_0_posix
  [38;5;244mcommon:linux_x64_gcc_15[0m                      --extra_toolchains=@gcc_toolchain_x86_64//:cc_toolchain
                                               --extra_toolchains=@score_toolchains_rust//toolchains/ferrocene:ferrocene_x86_64_unknown_linux_gnu
  [38;5;244mcommon:linux_x86_64_score_gcc_12_2_0_posix[0m   --platforms=@score_bazel_platforms//:x86_64-linux-gcc_12.2.0-posix
                                               --extra_toolchains=@score_gcc_x86_64_toolchain//:x86_64-linux
  [38;5;244mcommon:qnx[0m                                   --config=qnx_x86_64
  [38;5;244mcommon:qnx_arm64[0m                             --credential_helper_timeout=60s
                                               --platforms=@score_bazel_platforms//:aarch64-qnx-sdp_8.0.0-posix
                                               --extra_toolchains=@score_qnx_aarch64_ifs_toolchain//:ifs-aarch64-qnx-sdp_8.0.0
                                               --extra_toolchains=@score_qcc_aarch64_toolchain//:aarch64-qnx-sdp_8.0.0
                                               --extra_toolchains=@score_toolchains_rust//toolchains/ferrocene:ferrocene_aarch64_unknown_nto_qnx800
                                               --credential_helper=*.qnx.com=%workspace%/third_party/qnx_credential_helper.py
                                               --sandbox_writable_path=/var/tmp --test_env=QEMU_CPU=<REDACTED>
  [38;5;244mcommon:qnx_x86_64[0m                            --credential_helper_timeout=60s
                                               --platforms=@score_bazel_platforms//:x86_64-qnx-sdp_8.0.0-posix
                                               --extra_toolchains=@score_qnx_x86_64_ifs_toolchain//:ifs-x86_64-qnx-sdp_8.0.0
                                               --extra_toolchains=@score_qcc_x86_64_toolchain//:x86_64-qnx-sdp_8.0.0
                                               --extra_toolchains=@score_toolchains_rust//toolchains/ferrocene:ferrocene_x86_64_pc_nto_qnx800
                                               --credential_helper=*.qnx.com=%workspace%/third_party/qnx_credential_helper.py
                                               --sandbox_writable_path=/var/tmp --test_env=QEMU_CPU=<REDACTED>

[1m./quality/sanitizer/sanitizer.bazelrc[0m
  [38;5;244mbuild:asan[0m                --config=sanitizer_common --features=score_asan
                            --@score_cpp_policies//sanitizers/flags:asan=True --platform_suffix=asan
  [38;5;244mbuild:asan_ubsan_lsan[0m     --config=asan --config=ubsan --config=lsan --platform_suffix=asan_ubsan_lsan
  [38;5;244mbuild:lsan[0m                --config=sanitizer_common --features=score_lsan
                            --@score_cpp_policies//sanitizers/flags:lsan=True --platform_suffix=lsan
  [38;5;244mbuild:sanitizer_common[0m    --extra_toolchains=@llvm_toolchain//:cc-toolchain-x86_64-linux
                            --extra_toolchains=@ferrocene_x86_64_unknown_linux_gnu_llvm//:rust_ferrocene_toolchain
                            --config=with_debug_symbols
  [38;5;244mbuild:tsan[0m                --config=sanitizer_common --features=score_tsan
                            --@score_cpp_policies//sanitizers/flags:tsan=True --platform_suffix=tsan
  [38;5;244mbuild:tsan_ubsan[0m          --config=tsan --config=ubsan --platform_suffix=tsan_ubsan
  [38;5;244mbuild:ubsan[0m               --config=sanitizer_common --features=score_ubsan
                            --@score_cpp_policies//sanitizers/flags:ubsan=True --platform_suffix=ubsan
  [38;5;244mbuild:with_debug_symbols[0m  --features=debug_symbols --cxxopt -gline-tables-only --cxxopt -gcolumn-info --strip=never

[1m./quality/static_analysis/static_analysis.bazelrc[0m
  [38;5;244mbuild:_lint[0m           --extra_toolchains=@sarif_parser_toolchains//:all
                        --output_groups=+rules_lint_human,+rules_lint_machine
                        --@aspect_rules_lint//lint:fail_on_violation=true --keep_going
  [38;5;244mbuild:clang-tidy[0m      --config=_lint --aspects=//tools/lint:linters.bzl%clang_tidy
                        --extra_toolchains=@llvm_toolchain//:cc-toolchain-x86_64-linux
                        --extra_toolchains=@ferrocene_x86_64_unknown_linux_gnu_llvm//:rust_ferrocene_toolchain
  [38;5;244mbuild:clang-tidy-fix[0m  --config=clang-tidy --@aspect_rules_lint//lint:fix --output_groups=+rules_lint_patch
  [38;5;244mbuild:clippy[0m          --config=_lint --aspects=@score_rust_policies//clippy:linters.bzl%clippy_strict
  [38;5;244mcommon:codeql[0m         --platform_suffix=codeql --extra_toolchains=@llvm_toolchain//:cc-toolchain-x86_64-linux
                        --sandbox_writable_path=/var/tmp --nouse_action_cache --noremote_accept_cached
                        --noremote_upload_local_results --disk_cache=
  [38;5;244mbuild:ruff[0m            --config=_lint --aspects=//tools/lint:linters.bzl%ruff
  [38;5;244mbuild:ruff-fix[0m        --config=ruff --@aspect_rules_lint//lint:fix --output_groups=+rules_lint_patch

[1m./.bazelrc.ai_checker[0m
  [38;5;244mbuild:copilot[0m  --action_env=HOME --action_env=COPILOT_GITHUB_TOKEN --action_env=GH_TOKEN --action_env=GITHUB_TOKEN
                 --action_env=HTTP_PROXY --action_env=HTTPS_PROXY --action_env=NO_PROXY --action_env=http_proxy
                 --action_env=https_proxy --action_env=no_proxy

[1m~/.bazelrc[0m
  [38;5;244mstartup[0m  --output_base=/home/runner/.bazel
  [38;5;244mcommon[0m   --repository_cache=/home/runner/.cache/bazel/repository_cache
           --disk_cache=/home/runner/.cache/bazel/disk_cache

[1mclient[0m  --remote_download_regex='.*AspectRulesLint.*' --output_groups=rules_lint_machine --config=ci --config=clippy
        --@aspect_rules_lint//lint:fail_on_violation=false --build_event_json_file=/tmp/bep.json --color=yes


→ [1;36m🔍 Detect[0m · Detecting changed files
Detecting changed files via local git diff c77751819b8885a902540dbef7f0fe25cf85d51c..HEAD (HEAD is a CI-synthesized merge commit)
Changed files:
  BUILD [[32m+2[0m / [31m-2[0m] (changed)
  score/mw/com/dependability/safety_analysis/aou.trlc [[32m+13[0m / [31m-7[0m] (changed)
  score/mw/com/dependability/safety_analysis/failure_modes.trlc [[32m+2[0m / [31m-3[0m] (changed)
  score/mw/com/dependability/safety_analysis/root_causes/BUILD [[32m+1[0m / [31m-0[0m] (changed)
  score/mw/com/dependability/safety_analysis/root_causes/in_memory_configuration_wrong_fta.puml [[32m+1[0m / [31m-1[0m] (changed)
  score/mw/com/dependability/safety_analysis/root_causes/misused_apis_fta.puml [[32m+24[0m / [31m-0[0m] (changed)
  score/mw/com/dependability/safety_analysis/root_causes/proxy/BUILD [[32m+3[0m / [31m-3[0m] (changed)
  score/mw/com/dependability/safety_analysis/root_causes/proxy/generic_proxy/generic_proxy_event/has_serialized_format/BUILD [[32m+20[0m / [31m-0[0m] (changed)
  score/mw/com/dependability/safety_analysis/root_causes/proxy/generic_proxy/generic_proxy_event/has_serialized_format/wrong_indication_if_format_is_serialized_fta.puml [[32m+22[0m / [31m-0[0m] (changed)
  score/mw/com/dependability/safety_analysis/root_causes/proxy/subscribe_for_an_event/BUILD [[32m+2[0m / [31m-8[0m] (changed)
  score/mw/com/dependability/safety_analysis/root_causes/proxy/subscribe_for_an_event/does_not_subscribe_fta.puml [[32m+23[0m / [31m-0[0m] (changed)
  score/mw/com/dependability/safety_analysis/root_causes/proxy/subscribe_for_an_event/subscribe_to_wrong_event_fta.puml [[32m+2[0m / [31m-2[0m] (changed)
  score/mw/com/dependability/safety_analysis/root_causes/proxy/unsubscribe_for_an_event/BUILD [[32m+2[0m / [31m-1[0m] (changed)
  score/mw/com/dependability/safety_analysis/root_causes/proxy/unsubscribe_for_an_event/does_not_implicit_remove_receive_handler_fta.puml [[32m+22[0m / [31m-0[0m] (changed)
  score/mw/com/dependability/safety_analysis/root_causes/skeleton/BUILD [[32m+1[0m / [31m-0[0m] (changed)
  score/mw/com/dependability/safety_analysis/root_causes/skeleton/allocate_an_event_or_field/to_few_memory_allocated_fta.puml [[32m+2[0m / [31m-2[0m] (changed)
  score/mw/com/dependability/safety_analysis/root_causes/skeleton/send_an_event_or_field/BUILD [[32m+8[0m / [31m-0[0m] (changed)
  score/mw/com/dependability/safety_analysis/root_causes/skeleton/send_an_event_or_field/data_only_partially_sent_fta.puml [[32m+22[0m / [31m-0[0m] (changed)
  score/mw/com/dependability/safety_analysis/root_causes/skeleton/send_an_event_or_field/sends_sample_n_times_fta.puml [[32m+22[0m / [31m-0[0m] (changed)
  score/mw/com/dependability/safety_analysis/root_causes/smart_pointer/sample_ptr_sample_allocate_ptr/BUILD [[32m+1[0m / [31m-0[0m] (changed)
  score/mw/com/dependability/safety_analysis/root_causes/smart_pointer/sample_ptr_sample_allocate_ptr/does_not_free_resources_on_destruction_fta.puml [[32m+1[0m / [31m-1[0m] (changed)
  score/mw/com/dependability/safety_analysis/root_causes/smart_pointer/sample_ptr_sample_allocate_ptr/does_not_update_free_sample_count_correctly_fta.puml [[32m+22[0m / [31m-0[0m] (changed)
  score/mw/com/dependability/safety_analysis/root_causes/smart_pointer/sample_ptr_sample_allocate_ptr/returns_wrong_data_fta.puml [[32m+1[0m / [31m-1[0m] (changed)
  score/mw/com/test/api_idempotency/BUILD [[32m+61[0m / [31m-0[0m] (changed)
  score/mw/com/test/api_idempotency/api_idempotency_datatype.cpp [[32m+13[0m / [31m-0[0m] (changed)
  score/mw/com/test/api_idempotency/api_idempotency_datatype.h [[32m+43[0m / [31m-0[0m] (changed)
  score/mw/com/test/api_idempotency/config/logging.json [[32m+7[0m / [31m-0[0m] (changed)
  score/mw/com/test/api_idempotency/config/mw_com_config.json [[32m+47[0m / [31m-0[0m] (changed)
  score/mw/com/test/api_idempotency/integration_test/BUILD [[32m+29[0m / [31m-0[0m] (changed)
  score/mw/com/test/api_idempotency/integration_test/api_idempotency_test.py [[32m+40[0m / [31m-0[0m] (changed)
  score/mw/com/test/api_idempotency/main_api_idempotency.cpp [[32m+324[0m / [31m-0[0m] (changed)

→ [1;36m🔬 Lint[0m · Running lint aspects
[38;5;244mINFO: Bazel 8.7.0[0m
[38;5;244mINFO: Spawning: bazel --output_base=/home/runner/.bazel --ignore_all_rc_files build --default_override=0:common=--lockfile_mode=error --default_override=0:common=--experimental_repository_downloader_retries=10 --default_override=0:common=--experimental_scale_timeouts=2.0 --default_override=0:common=--http_connector_attempts=10 --default_override=0:common=--http_connector_retry_max_timeout=1s --default_override=0:common=--http_timeout_scaling=2.0 --default_override=0:common=--@score_baselibs//score/json:base_library=nlohmann --default_override=0:common=--//score/memory/shared/flags:use_typedshmd=False --default_override=0:common=--@score_baselibs//score/analysis/tracing/generic_trace_library:implementation=@score_baselibs//score/analysis/tracing/generic_trace_library/stub_implementation --default_override=0:common=--extra_toolchains=@gcc_toolchain_x86_64//:cc_toolchain --default_override=0:common=--extra_toolchains=@score_toolchains_rust//toolchains/ferrocene:ferrocene_x86_64_unknown_linux_gnu --default_override=0:common=--extra_toolchains=//bazel/toolchains:score_communication_libclang_toolchain --default_override=0:common=--registry=https://raw.githubusercontent.com/eclipse-score/bazel_registry/refs/heads/main/ --default_override=0:common=--registry=https://bcr.bazel.build --default_override=0:common=--check_direct_dependencies=error --default_override=0:common=--repository_cache=/home/runner/.cache/bazel/repository_cache --default_override=0:common=--disk_cache=/home/runner/.cache/bazel/disk_cache --default_override=0:common=--flaky_test_attempts=5 --default_override=0:common=--show_progress_rate_limit=10 --action_env=BAZEL_DO_NOT_DETECT_CPP_TOOLCHAIN=1 --@rules_python//python/config_settings:bootstrap_impl=script --incompatible_strict_action_env --experimental_retain_test_configuration_across_testonly --output_filter=^(?!(external/.*(googletest|flatbuffers|score_baselibs|google_benchmark|json_schema_validator)|@@?[^/]*(googletest|flatbuffers|score_baselibs|google_benchmark|json_schema_validator)|[/]*quality/compiler_warnings)).* --per_file_copt=external/.*boost.*@-Wno-error=sign-conversion --host_per_file_copt=external/.*boost.*@-Wno-error=sign-conversion --per_file_copt=external/.*boost.*@-Wno-error=shadow --host_per_file_copt=external/.*boost.*@-Wno-error=shadow --per_file_copt=external/.*flatbuffers.*@-Wno-error=sign-conversion --host_per_file_copt=external/.*flatbuffers.*@-Wno-error=sign-conversion --per_file_copt=external/.*flatbuffers.*@-Wno-error=switch-enum --host_per_file_copt=external/.*flatbuffers.*@-Wno-error=switch-enum --per_file_copt=external/.*flatbuffers.*@-Wno-error=conversion --host_per_file_copt=external/.*flatbuffers.*@-Wno-error=conversion --per_file_copt=external/.*googletest.*@-Wno-error=switch-enum --host_per_file_copt=external/.*googletest.*@-Wno-error=switch-enum --per_file_copt=external/.*googletest.*@-Wno-error=missing-field-initializers --host_per_file_copt=external/.*googletest.*@-Wno-error=missing-field-initializers --per_file_copt=external/.*google_benchmark.*@-Wno-error=sign-conversion --host_per_file_copt=external/.*google_benchmark.*@-Wno-error=sign-conversion --per_file_copt=external/.*google_benchmark.*@-Wno-error=switch-enum --host_per_file_copt=external/.*google_benchmark.*@-Wno-error=switch-enum --per_file_copt=external/.*google_benchmark.*@-Wno-error=undef --host_per_file_copt=external/.*google_benchmark.*@-Wno-error=undef --per_file_copt=external/.*google_benchmark.*@-Wno-error=suggest-attribute=format --host_per_file_copt=external/.*google_benchmark.*@-Wno-error=suggest-attribute=format --per_file_copt=external/.*json_schema_validator.*@-Wno-error=switch --host_per_file_copt=external/.*json_schema_validator.*@-Wno-error=switch --per_file_copt=external/.*json_schema_validator.*@-Wno-error=switch-enum --host_per_file_copt=external/.*json_schema_validator.*@-Wno-error=switch-enum --per_file_copt=external/.*json_schema_validator.*@-Wno-error=sign-conversion --host_per_file_copt=external/.*json_schema_validator.*@-Wno-error=sign-conversion --per_file_copt=external/.*json_schema_validator.*@-Wno-error=conversion --host_per_file_copt=external/.*json_schema_validator.*@-Wno-error=conversion --per_file_copt=external/.*json_schema_validator.*@-Wno-error=range-loop-construct --host_per_file_copt=external/.*json_schema_validator.*@-Wno-error=range-loop-construct --per_file_copt=external/.*score_baselibs.*string_manipulation.*arguments.*@-Wno-error=sign-conversion --host_per_file_copt=external/.*score_baselibs.*string_manipulation.*arguments.*@-Wno-error=sign-conversion --per_file_copt=external/.*score_qnx_unit_tests.*virtio9p.*@-Wno-error=sign-conversion --host_per_file_copt=external/.*score_qnx_unit_tests.*virtio9p.*@-Wno-error=sign-conversion --per_file_copt=score/message_passing/qnx_dispatch_mocked_server.*@-Wno-error=sign-conversion --host_per_file_copt=score/message_passing/qnx_dispatch_mocked_server.*@-Wno-error=sign-conversion --per_file_copt=score/message_passing/qnx_dispatch_engine_test.*@-Wno-error=sign-conversion --host_per_file_copt=score/message_passing/qnx_dispatch_engine_test.*@-Wno-error=sign-conversion --per_file_copt=score/message_passing/dispatch_thread_runner_test.*@-Wno-error=sign-conversion --host_per_file_copt=score/message_passing/dispatch_thread_runner_test.*@-Wno-error=sign-conversion --test_env=GTEST_COLOR=1 --//docs/sphinx/utils:use_native_sphinx_build --java_language_version=21 --tool_java_language_version=21 --java_runtime_version=remotejdk_21 --tool_java_runtime_version=remotejdk_21 --remote_download_regex='.*AspectRulesLint.*' --output_groups=rules_lint_machine --extra_toolchains=@sarif_parser_toolchains//:all --output_groups=+rules_lint_human,+rules_lint_machine --@aspect_rules_lint//lint:fail_on_violation=true --keep_going --aspects=@score_rust_policies//clippy:linters.bzl%clippy_strict --@aspect_rules_lint//lint:fail_on_violation=false --build_event_json_file=/tmp/bep.json --color=yes --build_event_binary_file_upload_mode=fully_async --build_event_binary_file /tmp/build-event-out-449941bf-4f65-4404-8400-407c05910b91.bin -- //...[0m
[32mINFO: [0mInvocation ID: c5acc075-bdee-47b5-adf3-77710f6b6aed
[32mComputing main repo mapping:[0m 
[32mComputing main repo mapping:[0m 
[32mLoading:[0m 
[32mLoading:[0m 6 packages loaded
[35mWARNING: [0m/home/runner/work/communication/communication/score/memory/shared/BUILD:437:11: target '//score/memory/shared:types' is deprecated: This aggregation target is deprecated and pulls in the unmaintained/broken ':map' target on some platforms. Depend directly on the specific score/memory/shared sub-targets you need (e.g. ':offset_ptr', ':vector', ':string', ...) instead.
[32mAnalyzing:[0m 2894 targets (312 packages loaded, 0 targets configured)
[32mAnalyzing:[0m 2894 targets (312 packages loaded, 0 targets configured)

[35mWARNING: [0m/home/runner/work/communication/communication/MODULE.bazel:196:20: The module extension apt defined in @rules_distroless//apt:extensions.bzl reported incorrect imports of repositories via use_repo():

Imported, but reported as indirect dependencies by the extension:
    ubuntu24_04_sysroot_resolve

Fix the use_repo calls by running 'bazel mod tidy'.
[33mDEBUG: [0mRule '+_repo_rules3+clang_format' indicated that a canonical reproducible form can be obtained by modifying arguments integrity = "sha256-Lj6lg0XiCgKLjDWv+WT3TfFOTNF+LVJKjvwbqeztfaI="
[33mDEBUG: [0mRepository +_repo_rules3+clang_format instantiated at:
  <builtin>: in <toplevel>
Repository rule file defined at:
  /home/runner/.bazel/external/download_utils+/download/file/repository.bzl:75:23: in <toplevel>
[33mDEBUG: [0mRule '+_repo_rules+jsonschema' indicated that a canonical reproducible form can be obtained by modifying arguments integrity = "sha256-rugv6PaV/h4ielG3dMOujCuyVpUGUampKGbFI7FQQs4="
[33mDEBUG: [0mRepository +_repo_rules+jsonschema instantiated at:
  <builtin>: in <toplevel>
Repository rule archive defined at:
  /home/runner/.bazel/external/download_utils+/download/archive/repository.bzl:83:26: in <toplevel>
[32mAnalyzing:[0m 2894 targets (471 packages loaded, 1450 targets configured)
[32m[1 / 1][0m no actions running
[32mAnalyzing:[0m 2894 targets (471 packages loaded, 1450 targets configured)
[32m[1 / 1][0m no actions running
[32mAnalyzing:[0m 2894 targets (472 packages loaded, 1452 targets configured)
[32m[1 / 1][0m no actions running
[32mAnalyzing:[0m 2894 targets (517 packages loaded, 10742 targets configured)
[32m[1 / 1][0m no actions running
[32mAnalyzing:[0m 2894 targets (668 packages loaded, 27607 targets configured)
[32m[1 / 1][0m no actions running
[32mAnalyzing:[0m 2894 targets (718 packages loaded, 31538 targets configured)
[32m[1 / 1][0m no actions running
[32mAnalyzing:[0m 2894 targets (731 packages loaded, 31985 targets configured)
[32m[1 / 1][0m no actions running
[32mAnalyzing:[0m 2894 targets (862 packages loaded, 66334 targets configured)
[32m[1 / 1][0m no actions running
[33mDEBUG: [0mRule 'score_baselibs++_repo_rules+acl-deb' indicated that a canonical reproducible form can be obtained by modifying arguments integrity = "sha256-5AjUxw54AQdOpFkYAgilQtVPVjibpIU3BDTy0A6VCYA=" and dropping ["visibility"]
[33mDEBUG: [0mRepository score_baselibs++_repo_rules+acl-deb instantiated at:
  <builtin>: in <toplevel>
Repository rule deb defined at:
  /home/runner/.bazel/external/download_utils+/download/deb/repository.bzl:78:22: in <toplevel>
[32mAnalyzing:[0m 2894 targets (922 packages loaded, 68485 targets configured)
[32m[1 / 1][0m no actions running
[32mAnalyzing:[0m 2894 targets (929 packages loaded, 68690 targets configured)
[32m[1 / 1][0m no actions running
[32mAnalyzing:[0m 2894 targets (936 packages loaded, 68956 targets configured)
[32m[1 / 1][0m no actions running
[32mAnalyzing:[0m 2894 targets (991 packages loaded, 73876 targets configured)
[32m[1 / 1][0m no actions running
[32mAnalyzing:[0m 2894 targets (1138 packages loaded, 75105 targets configured)
[32m[1 / 1][0m no actions running
[32mAnalyzing:[0m 2894 targets (1253 packages loaded, 79547 targets configured)
[32m[1 / 1][0m no actions running
[32mAnalyzing:[0m 2894 targets (1316 packages loaded, 83667 targets configured)
[32m[1 / 1][0m no actions running
[35mWARNING: [0m/home/runner/work/communication/communication/score/mw/com/test/api/BUILD:18:11: in cc_library rule //score/mw/com/test/api:api: target '//score/mw/com/test/api:api' depends on deprecated target '//score/memory/shared:types': This aggregation target is deprecated and pulls in the unmaintained/broken ':map' target on some platforms. Depend directly on the specific score/memory/shared sub-targets you need (e.g. ':offset_ptr', ':vector', ':string', ...) instead.
[32mAnalyzing:[0m 2894 targets (1386 packages loaded, 91133 targets configured)
[32m[1 / 1][0m no actions running
[32mAnalyzing:[0m 2894 targets (1441 packages loaded, 91961 targets configured)
[32m[1 / 1][0m no actions running
[32mAnalyzing:[0m 2894 targets (1508 packages loaded, 92346 targets configured)
[32m[1 / 1][0m no actions running
[32mAnalyzing:[0m 2894 targets (1551 packages loaded, 93891 targets configured)
[32m[1 / 1][0m no actions running
[32mAnalyzing:[0m 2894 targets (1593 packages loaded, 95734 targets configured)
[32m[113 / 122][0m Compiling Rust (without process_wrapper) rlib tinyjson (4 files) [for tool]; 1s disk-cache, linux-sandbox
[32mINFO: [0mFrom Action score/mw/com/impl/plumbing/rust/test_support/test_utils_rs.AspectRulesLintClippy.report:
Successfully wrote output to bazel-out/k8-fastbuild/bin/score/mw/com/impl/plumbing/rust/test_support/test_utils_rs.AspectRulesLintClippy.report
[32mINFO: [0mFrom Action score/mw/com/impl/plumbing/rust/test_support/test_helper_size_ffi_rs.AspectRulesLintClippy.report:
Successfully wrote output to bazel-out/k8-fastbuild/bin/score/mw/com/impl/plumbing/rust/test_support/test_helper_size_ffi_rs.AspectRulesLintClippy.report
[32mAnalyzing:[0m 2894 targets (1635 packages loaded, 98630 targets configured)
[32m[122 / 122][0m no actions running
[32mAnalyzing:[0m 2894 targets (1658 packages loaded, 99859 targets configured)
[32m[183 / 1,599][0m Compiling Rust rlib winnow v0.7.2 (93 files) [for tool]; 3s disk-cache, linux-sandbox ... (4 actions running)
[32mAnalyzing:[0m 2894 targets (1659 packages loaded, 99868 targets configured)
[32m[233 / 1,606][0m Compiling score/language/futurecpp/src/charconv.cpp; 0s disk-cache, linux-sandbox ... (4 actions, 3 running)
[32mAnalyzing:[0m 2894 targets (1659 packages loaded, 99868 targets configured)
[32m[289 / 1,606][0m Compiling Rust rlib syn v2.0.98 (96 files) [for tool]; 9s disk-cache, linux-sandbox ... (4 actions running)
[32mAnalyzing:[0m 2894 targets (1659 packages loaded, 99868 targets configured)
[32m[316 / 1,606][0m Compiling Rust proc-macro thiserror_impl v1.0.69 (10 files) [for tool]; 3s disk-cache, linux-sandbox ... (4 actions, 3 running)
[32mAnalyzing:[0m 2894 targets (1659 packages loaded, 99868 targets configured)
[32m[350 / 1,606][0m Compiling score/json/internal/model/number.cpp; 2s disk-cache, linux-sandbox ... (4 actions running)
[32mAnalyzing:[0m 2894 targets (1659 packages loaded, 99868 targets configured)
[32m[384 / 1,606][0m Compiling score/json/internal/writer/json_serialize/json_serialize.cpp; 1s disk-cache, linux-sandbox ... (4 actions, 3 running)
[32mAnalyzing:[0m 2894 targets (1660 packages loaded, 99871 targets configured)
[32m[427 / 1,606][0m Compiling Rust proc-macro zerovec_derive v0.10.3 (9 files) [for tool]; 2s disk-cache, linux-sandbox ... (4 actions, 3 running)
[32mAnalyzing:[0m 2894 targets (1660 packages loaded, 99871 targets configured)
[32m[446 / 1,606][0m Compiling score/mw/log/configuration/target_config_reader.cpp; 4s disk-cache, linux-sandbox ... (4 actions, 3 running)
[32mINFO: [0mFrom Compiling score/mw/com/impl/com_error.cpp:
In file included from [01m[Kscore/mw/com/impl/com_error.cpp:13[m[K:
[01m[K./score/mw/com/impl/com_error.h:[m[K In member function '[01m[Kvirtual std::string_view score::mw::com::impl::ComErrorDomain::[01;32m[KMessageFor[m[K(const score::result::ErrorCode&) const[m[K':
[01m[K./score/mw/com/impl/com_error.h:186:65:[m[K [01;35m[Kwarning: [m[K'[01m[Kscore::mw::com::impl::ComErrc::kServiceInstanceAlreadyOffered[m[K' is deprecated: Value has never been used. Calls to OfferService shall be idempotent. [[01;35m[K-Wdeprecated-declarations[m[K]
  186 |             case static_cast<score::result::ErrorCode>(ComErrc::[01;35m[KkServiceInstanceAlreadyOffered[m[K):
      |                                                                 [01;35m[K^~~~~~~~~~~~~~~~~~~~~~~~~~~~~~[m[K
[01m[K./score/mw/com/impl/com_error.h:57:5:[m[K [01;36m[Knote: [m[Kdeclared here
   57 |     [01;36m[KkServiceInstanceAlreadyOffered[m[K
      |     [01;36m[K^~~~~~~~~~~~~~~~~~~~~~~~~~~~~~[m[K
[32mAnalyzing:[0m 2894 targets (1660 packages loaded, 99871 targets configured)
[32m[486 / 1,606][0m Compiling score/memory/shared/pointer_arithmetic_util.cpp; 1s disk-cache, linux-sandbox ... (4 actions, 3 running)
[32mINFO: [0mFrom Compiling score/mw/com/impl/bindings/lola/transaction_log_local_view.cpp:
In file included from [01m[Kscore/mw/com/impl/bindings/lola/transaction_log_local_view.cpp:20[m[K:
[01m[K./score/mw/com/impl/com_error.h:[m[K In member function '[01m[Kvirtual std::string_view score::mw::com::impl::ComErrorDomain::[01;32m[KMessageFor[m[K(const score::result::ErrorCode&) const[m[K':
[01m[K./score/mw/com/impl/com_error.h:186:65:[m[K [01;35m[Kwarning: [m[K'[01m[Kscore::mw::com::impl::ComErrc::kServiceInstanceAlreadyOffered[m[K' is deprecated: Value has never been used. Calls to OfferService shall be idempotent. [[01;35m[K-Wdeprecated-declarations[m[K]
  186 |             case static_cast<score::result::ErrorCode>(ComErrc::[01;35m[KkServiceInstanceAlreadyOffered[m[K):
      |                                                                 [01;35m[K^~~~~~~~~~~~~~~~~~~~~~~~~~~~~~[m[K
[01m[K./score/mw/com/impl/com_error.h:57:5:[m[K [01;36m[Knote: [m[Kdeclared here
   57 |     [01;36m[KkServiceInstanceAlreadyOffered[m[K
      |     [01;36m[K^~~~~~~~~~~~~~~~~~~~~~~~~~~~~~[m[K
[32mAnalyzing:[0m 2894 targets (1660 packages loaded, 99871 targets configured)
[32m[525 / 1,606][0m Compiling Rust rlib icu_properties v1.5.1 (14 files) [for tool]; 5s disk-cache, linux-sandbox ... (4 actions, 3 running)
[32mAnalyzing:[0m 2894 targets (1660 packages loaded, 99871 targets configured)
[32m[581 / 1,606][0m Compiling score/mw/com/impl/configuration/service_instance_id.cpp; 1s disk-cache, linux-sandbox ... (4 actions, 3 running)
[32mINFO: [0mFrom Compiling score/mw/com/impl/instance_specifier.cpp:
In file included from [01m[Kscore/mw/com/impl/instance_specifier.cpp:15[m[K:
[01m[K./score/mw/com/impl/com_error.h:[m[K In member function '[01m[Kvirtual std::string_view score::mw::com::impl::ComErrorDomain::[01;32m[KMessageFor[m[K(const score::result::ErrorCode&) const[m[K':
[01m[K./score/mw/com/impl/com_error.h:186:65:[m[K [01;35m[Kwarning: [m[K'[01m[Kscore::mw::com::impl::ComErrc::kServiceInstanceAlreadyOffered[m[K' is deprecated: Value has never been used. Calls to OfferService shall be idempotent. [[01;35m[K-Wdeprecated-declarations[m[K]
  186 |             case static_cast<score::result::ErrorCode>(ComErrc::[01;35m[KkServiceInstanceAlreadyOffered[m[K):
      |                                                                 [01;35m[K^~~~~~~~~~~~~~~~~~~~~~~~~~~~~~[m[K
[01m[K./score/mw/com/impl/com_error.h:57:5:[m[K [01;36m[Knote: [m[Kdeclared here
   57 |     [01;36m[KkServiceInstanceAlreadyOffered[m[K
      |     [01;36m[K^~~~~~~~~~~~~~~~~~~~~~~~~~~~~~[m[K
[32mAnalyzing:[0m 2894 targets (1660 packages loaded, 99871 targets configured)
[32m[601 / 1,606][0m Compiling Rust proc-macro serde_derive v1.0.217 (18 files) [for tool]; 7s disk-cache, linux-sandbox ... (4 actions, 3 running)
[32mINFO: [0mFrom Compiling score/mw/com/impl/configuration/service_instance_deployment.cpp:
In file included from [01m[K./score/mw/com/impl/configuration/service_instance_deployment.h:17[m[K,
                 from [01m[Kscore/mw/com/impl/configuration/service_instance_deployment.cpp:13[m[K:
[01m[K./score/mw/com/impl/com_error.h:[m[K In member function '[01m[Kvirtual std::string_view score::mw::com::impl::ComErrorDomain::[01;32m[KMessageFor[m[K(const score::result::ErrorCode&) const[m[K':
[01m[K./score/mw/com/impl/com_error.h:186:65:[m[K [01;35m[Kwarning: [m[K'[01m[Kscore::mw::com::impl::ComErrc::kServiceInstanceAlreadyOffered[m[K' is deprecated: Value has never been used. Calls to OfferService shall be idempotent. [[01;35m[K-Wdeprecated-declarations[m[K]
  186 |             case static_cast<score::result::ErrorCode>(ComErrc::[01;35m[KkServiceInstanceAlreadyOffered[m[K):
      |                                                                 [01;35m[K^~~~~~~~~~~~~~~~~~~~~~~~~~~~~~[m[K
[01m[K./score/mw/com/impl/com_error.h:57:5:[m[K [01;36m[Knote: [m[Kdeclared here
   57 |     [01;36m[KkServiceInstanceAlreadyOffered[m[K
      |     [01;36m[K^~~~~~~~~~~~~~~~~~~~~~~~~~~~~~[m[K
[32mINFO: [0mFrom Compiling score/mw/com/impl/configuration/config_validate.cpp:
In file included from [01m[K./score/mw/com/impl/configuration/service_instance_deployment.h:17[m[K,
                 from [01m[K./score/mw/com/impl/configuration/configuration.h:18[m[K,
                 from [01m[K./score/mw/com/impl/configuration/config_validate.h:17[m[K,
                 from [01m[Kscore/mw/com/impl/configuration/config_validate.cpp:13[m[K:
[01m[K./score/mw/com/impl/com_error.h:[m[K In member function '[01m[Kvirtual std::string_view score::mw::com::impl::ComErrorDomain::[01;32m[KMessageFor[m[K(const score::result::ErrorCode&) const[m[K':
[01m[K./score/mw/com/impl/com_error.h:186:65:[m[K [01;35m[Kwarning: [m[K'[01m[Kscore::mw::com::impl::ComErrc::kServiceInstanceAlreadyOffered[m[K' is deprecated: Value has never been used. Calls to OfferService shall be idempotent. [[01;35m[K-Wdeprecated-declarations[m[K]
  186 |             case static_cast<score::result::ErrorCode>(ComErrc::[01;35m[KkServiceInstanceAlreadyOffered[m[K):
      |                                                                 [01;35m[K^~~~~~~~~~~~~~~~~~~~~~~~~~~~~~[m[K
[01m[K./score/mw/com/impl/com_error.h:57:5:[m[K [01;36m[Knote: [m[Kdeclared here
   57 |     [01;36m[KkServiceInstanceAlreadyOffered[m[K
      |     [01;36m[K^~~~~~~~~~~~~~~~~~~~~~~~~~~~~~[m[K
[32mAnalyzing:[0m 2894 targets (1660 packages loaded, 99871 targets configured)
[32m[624 / 1,606][0m Compiling score/mw/com/impl/configuration/configuration.cpp; 2s disk-cache, linux-sandbox ... (4 actions, 3 running)
[32mINFO: [0mFrom Compiling score/mw/com/impl/configuration/i_configuration_parsing_strategy.cpp:
In file included from [01m[K./score/mw/com/impl/configuration/service_instance_deployment.h:17[m[K,
                 from [01m[K./score/mw/com/impl/configuration/configuration.h:18[m[K,
                 from [01m[K./score/mw/com/impl/configuration/i_configuration_parsing_strategy.h:16[m[K,
                 from [01m[Kscore/mw/com/impl/configuration/i_configuration_parsing_strategy.cpp:13[m[K:
[01m[K./score/mw/com/impl/com_error.h:[m[K In member function '[01m[Kvirtual std::string_view score::mw::com::impl::ComErrorDomain::[01;32m[KMessageFor[m[K(const score::result::ErrorCode&) const[m[K':
[01m[K./score/mw/com/impl/com_error.h:186:65:[m[K [01;35m[Kwarning: [m[K'[01m[Kscore::mw::com::impl::ComErrc::kServiceInstanceAlreadyOffered[m[K' is deprecated: Value has never been used. Calls to OfferService shall be idempotent. [[01;35m[K-Wdeprecated-declarations[m[K]
  186 |             case static_cast<score::result::ErrorCode>(ComErrc::[01;35m[KkServiceInstanceAlreadyOffered[m[K):
      |                                                                 [01;35m[K^~~~~~~~~~~~~~~~~~~~~~~~~~~~~~[m[K
[01m[K./score/mw/com/impl/com_error.h:57:5:[m[K [01;36m[Knote: [m[Kdeclared here
   57 |     [01;36m[KkServiceInstanceAlreadyOffered[m[K
      |     [01;36m[K^~~~~~~~~~~~~~~~~~~~~~~~~~~~~~[m[K
[32mINFO: [0mFrom Compiling score/mw/com/impl/configuration/configuration.cpp:
In file included from [01m[K./score/mw/com/impl/configuration/service_instance_deployment.h:17[m[K,
                 from [01m[K./score/mw/com/impl/configuration/configuration.h:18[m[K,
                 from [01m[Kscore/mw/com/impl/configuration/configuration.cpp:13[m[K:
[01m[K./score/mw/com/impl/com_error.h:[m[K In member function '[01m[Kvirtual std::string_view score::mw::com::impl::ComErrorDomain::[01;32m[KMessageFor[m[K(const score::result::ErrorCode&) const[m[K':
[01m[K./score/mw/com/impl/com_error.h:186:65:[m[K [01;35m[Kwarning: [m[K'[01m[Kscore::mw::com::impl::ComErrc::kServiceInstanceAlreadyOffered[m[K' is deprecated: Value has never been used. Calls to OfferService shall be idempotent. [[01;35m[K-Wdeprecated-declarations[m[K]
  186 |             case static_cast<score::result::ErrorCode>(ComErrc::[01;35m[KkServiceInstanceAlreadyOffered[m[K):
      |                                                                 [01;35m[K^~~~~~~~~~~~~~~~~~~~~~~~~~~~~~[m[K
[01m[K./score/mw/com/impl/com_error.h:57:5:[m[K [01;36m[Knote: [m[Kdeclared here
   57 |     [01;36m[KkServiceInstanceAlreadyOffered[m[K
      |     [01;36m[K^~~~~~~~~~~~~~~~~~~~~~~~~~~~~~[m[K
[32mINFO: [0mFrom Compiling score/mw/com/impl/configuration/config_parser.cpp:
In file included from [01m[K./score/mw/com/impl/configuration/service_instance_deployment.h:17[m[K,
                 from [01m[K./score/mw/com/impl/configuration/configuration.h:18[m[K,
                 from [01m[K./score/mw/com/impl/configuration/config_parser.h:17[m[K,
                 from [01m[Kscore/mw/com/impl/configuration/config_parser.cpp:13[m[K:
[01m[K./score/mw/com/impl/com_error.h:[m[K In member function '[01m[Kvirtual std::string_view score::mw::com::impl::ComErrorDomain::[01;32m[KMessageFor[m[K(const score::result::ErrorCode&) const[m[K':
[01m[K./score/mw/com/impl/com_error.h:186:65:[m[K [01;35m[Kwarning: [m[K'[01m[Kscore::mw::com::impl::ComErrc::kServiceInstanceAlreadyOffered[m[K' is deprecated: Value has never been used. Calls to OfferService shall be idempotent. [[01;35m[K-Wdeprecated-declarations[m[K]
  186 |             case static_cast<score::result::ErrorCode>(ComErrc::[01;35m[KkServiceInstanceAlreadyOffered[m[K):
      |                                                                 [01;35m[K^~~~~~~~~~~~~~~~~~~~~~~~~~~~~~[m[K
[01m[K./score/mw/com/impl/com_error.h:57:5:[m[K [01;36m[Knote: [m[Kdeclared here
   57 |     [01;36m[KkServiceInstanceAlreadyOffered[m[K
      |     [01;36m[K^~~~~~~~~~~~~~~~~~~~~~~~~~~~~~[m[K
[32mINFO: [0mFrom Compiling score/mw/com/impl/configuration/configuration_json_parsing_strategy.cpp:
In file included from [01m[K./score/mw/com/impl/configuration/service_instance_deployment.h:17[m[K,
                 from [01m[K./score/mw/com/impl/configuration/configuration.h:18[m[K,
                 from [01m[K./score/mw/com/impl/configuration/i_configuration_parsing_strategy.h:16[m[K,
                 from [01m[K./score/mw/com/impl/configuration/configuration_json_parsing_strategy.h:16[m[K,
                 from [01m[Kscore/mw/com/impl/configuration/configuration_json_parsing_strategy.cpp:13[m[K:
[01m[K./score/mw/com/impl/com_error.h:[m[K In member function '[01m[Kvirtual std::string_view score::mw::com::impl::ComErrorDomain::[01;32m[KMessageFor[m[K(const score::result::ErrorCode&) const[m[K':
[01m[K./score/mw/com/impl/com_error.h:186:65:[m[K [01;35m[Kwarning: [m[K'[01m[Kscore::mw::com::impl::ComErrc::kServiceInstanceAlreadyOffered[m[K' is deprecated: Value has never been used. Calls to OfferService shall be idempotent. [[01;35m[K-Wdeprecated-declarations[m[K]
  186 |             case static_cast<score::result::ErrorCode>(ComErrc::[01;35m[KkServiceInstanceAlreadyOffered[m[K):
      |                                                                 [01;35m[K^~~~~~~~~~~~~~~~~~~~~~~~~~~~~~[m[K
[01m[K./score/mw/com/impl/com_error.h:57:5:[m[K [01;36m[Knote: [m[Kdeclared here
   57 |     [01;36m[KkServiceInstanceAlreadyOffered[m[K
      |     [01;36m[K^~~~~~~~~~~~~~~~~~~~~~~~~~~~~~[m[K
[32mINFO: [0mFrom Compiling score/mw/com/impl/bindings/lola/transaction_log_set.cpp:
In file included from [01m[Kscore/mw/com/impl/bindings/lola/transaction_log_set.cpp:17[m[K:
[01m[K./score/mw/com/impl/com_error.h:[m[K In member function '[01m[Kvirtual std::string_view score::mw::com::impl::ComErrorDomain::[01;32m[KMessageFor[m[K(const score::result::ErrorCode&) const[m[K':
[01m[K./score/mw/com/impl/com_error.h:186:65:[m[K [01;35m[Kwarning: [m[K'[01m[Kscore::mw::com::impl::ComErrc::kServiceInstanceAlreadyOffered[m[K' is deprecated: Value has never been used. Calls to OfferService shall be idempotent. [[01;35m[K-Wdeprecated-declarations[m[K]
  186 |             case static_cast<score::result::ErrorCode>(ComErrc::[01;35m[KkServiceInstanceAlreadyOffered[m[K):
      |                                                                 [01;35m[K^~~~~~~~~~~~~~~~~~~~~~~~~~~~~~[m[K
[01m[K./score/mw/com/impl/com_error.h:57:5:[m[K [01;36m[Knote: [m[Kdeclared here
   57 |     [01;36m[KkServiceInstanceAlreadyOffered[m[K
      |     [01;36m[K^~~~~~~~~~~~~~~~~~~~~~~~~~~~~~[m[K
[32mAnalyzing:[0m 2894 targets (1660 packages loaded, 99871 targets configured)
[32m[658 / 1,606][0m Compiling score/mw/com/impl/bindings/lola/event_control.cpp; 2s disk-cache, linux-sandbox ... (4 actions, 3 running)
[32mAnalyzing:[0m 2894 targets (1660 packages loaded, 99871 targets configured)
[32m[723 / 1,606][0m Compiling Rust rlib toml_edit v0.22.24 (58 files) [for tool]; 8s disk-cache, linux-sandbox ... (4 actions, 3 running)
[32mINFO: [0mFrom Compiling score/mw/com/impl/tracing/configuration/i_tracing_filter_config.cpp:
In file included from [01m[K./score/mw/com/impl/configuration/service_instance_deployment.h:17[m[K,
                 from [01m[K./score/mw/com/impl/configuration/configuration.h:18[m[K,
                 from [01m[K./score/mw/com/impl/tracing/configuration/i_tracing_filter_config.h:16[m[K,
                 from [01m[Kscore/mw/com/impl/tracing/configuration/i_tracing_filter_config.cpp:13[m[K:
[01m[K./score/mw/com/impl/com_error.h:[m[K In member function '[01m[Kvirtual std::string_view score::mw::com::impl::ComErrorDomain::[01;32m[KMessageFor[m[K(const score::result::ErrorCode&) const[m[K':
[01m[K./score/mw/com/impl/com_error.h:186:65:[m[K [01;35m[Kwarning: [m[K'[01m[Kscore::mw::com::impl::ComErrc::kServiceInstanceAlreadyOffered[m[K' is deprecated: Value has never been used. Calls to OfferService shall be idempotent. [[01;35m[K-Wdeprecated-declarations[m[K]
  186 |             case static_cast<score::result::ErrorCode>(ComErrc::[01;35m[KkServiceInstanceAlreadyOffered[m[K):
      |                                                                 [01;35m[K^~~~~~~~~~~~~~~~~~~~~~~~~~~~~~[m[K
[01m[K./score/mw/com/impl/com_error.h:57:5:[m[K [01;36m[Knote: [m[Kdeclared here
   57 |     [01;36m[KkServiceInstanceAlreadyOffered[m[K
      |     [01;36m[K^~~~~~~~~~~~~~~~~~~~~~~~~~~~~~[m[K
[32mINFO: [0mFrom Compiling score/mw/com/impl/tracing/configuration/tracing_filter_config.cpp:
In file included from [01m[K./score/mw/com/impl/configuration/service_instance_deployment.h:17[m[K,
                 from [01m[K./score/mw/com/impl/configuration/configuration.h:18[m[K,
                 from [01m[K./score/mw/com/impl/tracing/configuration/tracing_filter_config.h:16[m[K,
                 from [01m[Kscore/mw/com/impl/tracing/configuration/tracing_filter_config.cpp:13[m[K:
[01m[K./score/mw/com/impl/com_error.h:[m[K In member function '[01m[Kvirtual std::string_view score::mw::com::impl::ComErrorDomain::[01;32m[KMessageFor[m[K(const score::result::ErrorCode&) const[m[K':
[01m[K./score/mw/com/impl/com_error.h:186:65:[m[K [01;35m[Kwarning: [m[K'[01m[Kscore::mw::com::impl::ComErrc::kServiceInstanceAlreadyOffered[m[K' is deprecated: Value has never been used. Calls to OfferService shall be idempotent. [[01;35m[K-Wdeprecated-declarations[m[K]
  186 |             case static_cast<score::result::ErrorCode>(ComErrc::[01;35m[KkServiceInstanceAlreadyOffered[m[K):
      |                                                                 [01;35m[K^~~~~~~~~~~~~~~~~~~~~~~~~~~~~~[m[K
[01m[K./score/mw/com/impl/com_error.h:57:5:[m[K [01;36m[Knote: [m[Kdeclared here
   57 |     [01;36m[KkServiceInstanceAlreadyOffered[m[K
      |     [01;36m[K^~~~~~~~~~~~~~~~~~~~~~~~~~~~~~[m[K
[32mINFO: [0mFrom Compiling score/mw/com/impl/tracing/configuration/tracing_filter_config_parser.cpp:
In file included from [01m[K./score/mw/com/impl/configuration/service_instance_deployment.h:17[m[K,
                 from [01m[K./score/mw/com/impl/configuration/configuration.h:18[m[K,
                 from [01m[K./score/mw/com/impl/tracing/configuration/tracing_filter_config_parser.h:17[m[K,
                 from [01m[Kscore/mw/com/impl/tracing/configuration/tracing_filter_config_parser.cpp:13[m[K:
[01m[K./score/mw/com/impl/com_error.h:[m[K In member function '[01m[Kvirtual std::string_view score::mw::com::impl::ComErrorDomain::[01;32m[KMessageFor[m[K(const score::result::ErrorCode&) const[m[K':
[01m[K./score/mw/com/impl/com_error.h:186:65:[m[K [01;35m[Kwarning: [m[K'[01m[Kscore::mw::com::impl::ComErrc::kServiceInstanceAlreadyOffered[m[K' is deprecated: Value has never been used. Calls to OfferService shall be idempotent. [[01;35m[K-Wdeprecated-declarations[m[K]
  186 |             case static_cast<score::result::ErrorCode>(ComErrc::[01;35m[KkServiceInstanceAlreadyOffered[m[K):
      |                                                                 [01;35m[K^~~~~~~~~~~~~~~~~~~~~~~~~~~~~~[m[K
[01m[K./score/mw/com/impl/com_error.h:57:5:[m[K [01;36m[Knote: [m[Kdeclared here
   57 |     [01;36m[KkServiceInstanceAlreadyOffered[m[K
      |     [01;36m[K^~~~~~~~~~~~~~~~~~~~~~~~~~~~~~[m[K
[32mAnalyzing:[0m 2894 targets (1660 packages loaded, 99871 targets configured)
[32m[760 / 1,606][0m Compiling score/language/safecpp/scoped_function/details/allocator_aware_erased_type.cpp; 1s disk-cache, linux-sandbox ... (4 actions, 3 running)
[33mDEBUG: [0m/home/runner/.bazel/external/score_tooling+/bazel/rules/rules_score/private/dependable_element.bzl:1359:26: WARNING: Not in certified scope @@score_baselibs+//score/utils:static_destruction_guard, stopping at utils
[32mINFO: [0mAnalyzed 2894 targets (1661 packages loaded, 109032 targets configured).
[32m[785 / 1,606][0m Compiling Rust bin cargo_toml_variable_extractor (1 file) [for tool]; 10s disk-cache, linux-sandbox ... (4 actions running)
[32m[829 / 1,606][0m Compiling Rust bin cargo_toml_variable_extractor (1 file) [for tool]; 20s disk-cache, linux-sandbox ... (4 actions running)
[32m[854 / 1,606][0m Compiling Rust bin cargo_toml_variable_extractor (1 file) [for tool]; 30s disk-cache, linux-sandbox ... (4 actions, 3 running)
[32mINFO: [0mFrom Compiling score/mw/com/impl/bindings/lola/tracing/tracing_runtime.cpp:
In file included from [01m[K./score/mw/com/impl/configuration/service_instance_deployment.h:17[m[K,
                 from [01m[K./score/mw/com/impl/configuration/configuration.h:18[m[K,
                 from [01m[K./score/mw/com/impl/bindings/lola/tracing/tracing_runtime.h:16[m[K,
                 from [01m[Kscore/mw/com/impl/bindings/lola/tracing/tracing_runtime.cpp:13[m[K:
[01m[K./score/mw/com/impl/com_error.h:[m[K In member function '[01m[Kvirtual std::string_view score::mw::com::impl::ComErrorDomain::[01;32m[KMessageFor[m[K(const score::result::ErrorCode&) const[m[K':
[01m[K./score/mw/com/impl/com_error.h:186:65:[m[K [01;35m[Kwarning: [m[K'[01m[Kscore::mw::com::impl::ComErrc::kServiceInstanceAlreadyOffered[m[K' is deprecated: Value has never been used. Calls to OfferService shall be idempotent. [[01;35m[K-Wdeprecated-declarations[m[K]
  186 |             case static_cast<score::result::ErrorCode>(ComErrc::[01;35m[KkServiceInstanceAlreadyOffered[m[K):
      |                                                                 [01;35m[K^~~~~~~~~~~~~~~~~~~~~~~~~~~~~~[m[K
[01m[K./score/mw/com/impl/com_error.h:57:5:[m[K [01;36m[Knote: [m[Kdeclared here
   57 |     [01;36m[KkServiceInstanceAlreadyOffered[m[K
      |     [01;36m[K^~~~~~~~~~~~~~~~~~~~~~~~~~~~~~[m[K
[32mINFO: [0mFrom Compiling score/mw/com/impl/instance_identifier.cpp:
In file included from [01m[K./score/mw/com/impl/instance_identifier.h:16[m[K,
                 from [01m[Kscore/mw/com/impl/instance_identifier.cpp:13[m[K:
[01m[K./score/mw/com/impl/com_error.h:[m[K In member function '[01m[Kvirtual std::string_view score::mw::com::impl::ComErrorDomain::[01;32m[KMessageFor[m[K(const score::result::ErrorCode&) const[m[K':
[01m[K./score/mw/com/impl/com_error.h:186:65:[m[K [01;35m[Kwarning: [m[K'[01m[Kscore::mw::com::impl::ComErrc::kServiceInstanceAlreadyOffered[m[K' is deprecated: Value has never been used. Calls to OfferService shall be idempotent. [[01;35m[K-Wdeprecated-declarations[m[K]
  186 |             case static_cast<score::result::ErrorCode>(ComErrc::[01;35m[KkServiceInstanceAlreadyOffered[m[K):
      |                                                                 [01;35m[K^~~~~~~~~~~~~~~~~~~~~~~~~~~~~~[m[K
[01m[K./score/mw/com/impl/com_error.h:57:5:[m[K [01;36m[Knote: [m[Kdeclared here
   57 |     [01;36m[KkServiceInstanceAlreadyOffered[m[K
      |     [01;36m[K^~~~~~~~~~~~~~~~~~~~~~~~~~~~~~[m[K
[32m[938 / 1,606][0m Compiling score/mw/com/impl/handle_type.cpp; 2s disk-cache, linux-sandbox ... (4 actions, 3 running)
[32mINFO: [0mFrom Compiling score/mw/com/impl/handle_type.cpp:
In file included from [01m[K./score/mw/com/impl/instance_identifier.h:16[m[K,
                 from [01m[K./score/mw/com/impl/handle_type.h:18[m[K,
                 from [01m[Kscore/mw/com/impl/handle_type.cpp:13[m[K:
[01m[K./score/mw/com/impl/com_error.h:[m[K In member function '[01m[Kvirtual std::string_view score::mw::com::impl::ComErrorDomain::[01;32m[KMessageFor[m[K(const score::result::ErrorCode&) const[m[K':
[01m[K./score/mw/com/impl/com_error.h:186:65:[m[K [01;35m[Kwarning: [m[K'[01m[Kscore::mw::com::impl::ComErrc::kServiceInstanceAlreadyOffered[m[K' is deprecated: Value has never been used. Calls to OfferService shall be idempotent. [[01;35m[K-Wdeprecated-declarations[m[K]
  186 |             case static_cast<score::result::ErrorCode>(ComErrc::[01;35m[KkServiceInstanceAlreadyOffered[m[K):
      |                                                                 [01;35m[K^~~~~~~~~~~~~~~~~~~~~~~~~~~~~~[m[K
[01m[K./score/mw/com/impl/com_error.h:57:5:[m[K [01;36m[Knote: [m[Kdeclared here
   57 |     [01;36m[KkServiceInstanceAlreadyOffered[m[K
      |     [01;36m[K^~~~~~~~~~~~~~~~~~~~~~~~~~~~~~[m[K
[32mINFO: [0mFrom Compiling score/mw/com/impl/enriched_instance_identifier.cpp:
In file included from [01m[K./score/mw/com/impl/instance_identifier.h:16[m[K,
                 from [01m[K./score/mw/com/impl/handle_type.h:18[m[K,
                 from [01m[K./score/mw/com/impl/enriched_instance_identifier.h:17[m[K,
                 from [01m[Kscore/mw/com/impl/enriched_instance_identifier.cpp:13[m[K:
[01m[K./score/mw/com/impl/com_error.h:[m[K In member function '[01m[Kvirtual std::string_view score::mw::com::impl::ComErrorDomain::[01;32m[KMessageFor[m[K(const score::result::ErrorCode&) const[m[K':
[01m[K./score/mw/com/impl/com_error.h:186:65:[m[K [01;35m[Kwarning: [m[K'[01m[Kscore::mw::com::impl::ComErrc::kServiceInstanceAlreadyOffered[m[K' is deprecated: Value has never been used. Calls to OfferService shall be idempotent. [[01;35m[K-Wdeprecated-declarations[m[K]
  186 |             case static_cast<score::result::ErrorCode>(ComErrc::[01;35m[KkServiceInstanceAlreadyOffered[m[K):
      |                                                                 [01;35m[K^~~~~~~~~~~~~~~~~~~~~~~~~~~~~~[m[K
[01m[K./score/mw/com/impl/com_error.h:57:5:[m[K [01;36m[Knote: [m[Kdeclared here
   57 |     [01;36m[KkServiceInstanceAlreadyOffered[m[K
      |     [01;36m[K^~~~~~~~~~~~~~~~~~~~~~~~~~~~~~[m[K
[32mINFO: [0mFrom Compiling score/mw/com/impl/i_service_discovery.cpp:
In file included from [01m[K./score/mw/com/impl/instance_identifier.h:16[m[K,
                 from [01m[K./score/mw/com/impl/handle_type.h:18[m[K,
                 from [01m[K./score/mw/com/impl/enriched_instance_identifier.h:17[m[K,
                 from [01m[K./score/mw/com/impl/i_service_discovery.h:16[m[K,
                 from [01m[Kscore/mw/com/impl/i_service_discovery.cpp:13[m[K:
[01m[K./score/mw/com/impl/com_error.h:[m[K In member function '[01m[Kvirtual std::string_view score::mw::com::impl::ComErrorDomain::[01;32m[KMessageFor[m[K(const score::result::ErrorCode&) const[m[K':
[01m[K./score/mw/com/impl/com_error.h:186:65:[m[K [01;35m[Kwarning: [m[K'[01m[Kscore::mw::com::impl::ComErrc::kServiceInstanceAlreadyOffered[m[K' is deprecated: Value has never been used. Calls to OfferService shall be idempotent. [[01;35m[K-Wdeprecated-declarations[m[K]
  186 |             case static_cast<score::result::ErrorCode>(ComErrc::[01;35m[KkServiceInstanceAlreadyOffered[m[K):
      |                                                                 [01;35m[K^~~~~~~~~~~~~~~~~~~~~~~~~~~~~~[m[K
[01m[K./score/mw/com/impl/com_error.h:57:5:[m[K [01;36m[Knote: [m[Kdeclared here
   57 |     [01;36m[KkServiceInstanceAlreadyOffered[m[K
      |     [01;36m[K^~~~~~~~~~~~~~~~~~~~~~~~~~~~~~[m[K
[32mINFO: [0mFrom Compiling score/mw/com/impl/i_service_discovery_client.cpp:
In file included from [01m[K./score/mw/com/impl/instance_identifier.h:16[m[K,
                 from [01m[K./score/mw/com/impl/handle_type.h:18[m[K,
                 from [01m[K./score/mw/com/impl/enriched_instance_identifier.h:17[m[K,
                 from [01m[K./score/mw/com/impl/i_service_discovery_client.h:16[m[K,
                 from [01m[Kscore/mw/com/impl/i_service_discovery_client.cpp:13[m[K:
[01m[K./score/mw/com/impl/com_error.h:[m[K In member function '[01m[Kvirtual std::string_view score::mw::com::impl::ComErrorDomain::[01;32m[KMessageFor[m[K(const score::result::ErrorCode&) const[m[K':
[01m[K./score/mw/com/impl/com_error.h:186:65:[m[K [01;35m[Kwarning: [m[K'[01m[Kscore::mw::com::impl::ComErrc::kServiceInstanceAlreadyOffered[m[K' is deprecated: Value has never been used. Calls to OfferService shall be idempotent. [[01;35m[K-Wdeprecated-declarations[m[K]
  186 |             case static_cast<score::result::ErrorCode>(ComErrc::[01;35m[KkServiceInstanceAlreadyOffered[m[K):
      |                                                                 [01;35m[K^~~~~~~~~~~~~~~~~~~~~~~~~~~~~~[m[K
[01m[K./score/mw/com/impl/com_error.h:57:5:[m[K [01;36m[Knote: [m[Kdeclared here
   57 |     [01;36m[KkServiceInstanceAlreadyOffered[m[K
      |     [01;36m[K^~~~~~~~~~~~~~~~~~~~~~~~~~~~~~[m[K
[32mINFO: [0mFrom Compiling score/mw/com/impl/i_runtime.cpp:
In file included from [01m[K./score/mw/com/impl/instance_identifier.h:16[m[K,
                 from [01m[K./score/mw/com/impl/handle_type.h:18[m[K,
                 from [01m[K./score/mw/com/impl/enriched_instance_identifier.h:17[m[K,
                 from [01m[K./score/mw/com/impl/i_service_discovery_client.h:16[m[K,
                 from [01m[K./score/mw/com/impl/i_binding_runtime.h:17[m[K,
                 from [01m[K./score/mw/com/impl/i_runtime.h:16[m[K,
                 from [01m[Kscore/mw/com/impl/i_runtime.cpp:13[m[K:
[01m[K./score/mw/com/impl/com_error.h:[m[K In member function '[01m[Kvirtual std::string_view score::mw::com::impl::ComErrorDomain::[01;32m[KMessageFor[m[K(const score::result::ErrorCode&) const[m[K':
[01m[K./score/mw/com/impl/com_error.h:186:65:[m[K [01;35m[Kwarning: [m[K'[01m[Kscore::mw::com::impl::ComErrc::kServiceInstanceAlreadyOffered[m[K' is deprecated: Value has never been used. Calls to OfferService shall be idempotent. [[01;35m[K-Wdeprecated-declarations[m[K]
  186 |             case static_cast<score::result::ErrorCode>(ComErrc::[01;35m[KkServiceInstanceAlreadyOffered[m[K):
      |                                                                 [01;35m[K^~~~~~~~~~~~~~~~~~~~~~~~~~~~~~[m[K
[01m[K./score/mw/com/impl/com_error.h:57:5:[m[K [01;36m[Knote: [m[Kdeclared here
   57 |     [01;36m[KkServiceInstanceAlreadyOffered[m[K
      |     [01;36m[K^~~~~~~~~~~~~~~~~~~~~~~~~~~~~~[m[K
[32mINFO: [0mFrom Compiling score/mw/com/impl/bindings/someip/service_discovery_client.cpp:
In file included from [01m[K./score/mw/com/impl/instance_identifier.h:16[m[K,
                 from [01m[K./score/mw/com/impl/handle_type.h:18[m[K,
                 from [01m[K./score/mw/com/impl/bindings/someip/service_discovery_client.h:17[m[K,
                 from [01m[Kscore/mw/com/impl/bindings/someip/service_discovery_client.cpp:13[m[K:
[01m[K./score/mw/com/impl/com_error.h:[m[K In member function '[01m[Kvirtual std::string_view score::mw::com::impl::ComErrorDomain::[01;32m[KMessageFor[m[K(const score::result::ErrorCode&) const[m[K':
[01m[K./score/mw/com/impl/com_error.h:186:65:[m[K [01;35m[Kwarning: [m[K'[01m[Kscore::mw::com::impl::ComErrc::kServiceInstanceAlreadyOffered[m[K' is deprecated: Value has never been used. Calls to OfferService shall be idempotent. [[01;35m[K-Wdeprecated-declarations[m[K]
  186 |             case static_cast<score::result::ErrorCode>(ComErrc::[01;35m[KkServiceInstanceAlreadyOffered[m[K):
      |                                                                 [01;35m[K^~~~~~~~~~~~~~~~~~~~~~~~~~~~~~[m[K
[01m[K./score/mw/com/impl/com_error.h:57:5:[m[K [01;36m[Knote: [m[Kdeclared here
   57 |     [01;36m[KkServiceInstanceAlreadyOffered[m[K
      |     [01;36m[K^~~~~~~~~~~~~~~~~~~~~~~~~~~~~~[m[K
[32mINFO: [0mFrom Compiling score/mw/com/impl/i_binding_runtime.cpp:
In file included from [01m[K./score/mw/com/impl/instance_identifier.h:16[m[K,
                 from [01m[K./score/mw/com/impl/handle_type.h:18[m[K,
                 from [01m[K./score/mw/com/impl/enriched_instance_identifier.h:17[m[K,
                 from [01m[K./score/mw/com/impl/i_service_discovery_client.h:16[m[K,
                 from [01m[K./score/mw/com/impl/i_binding_runtime.h:17[m[K,
                 from [01m[Kscore/mw/com/impl/i_binding_runtime.cpp:13[m[K:
[01m[K./score/mw/com/impl/com_error.h:[m[K In member function '[01m[Kvirtual std::string_view score::mw::com::impl::ComErrorDomain::[01;32m[KMessageFor[m[K(const score::result::ErrorCode&) const[m[K':
[01m[K./score/mw/com/impl/com_error.h:186:65:[m[K [01;35m[Kwarning: [m[K'[01m[Kscore::mw::com::impl::ComErrc::kServiceInstanceAlreadyOffered[m[K' is deprecated: Value has never been used. Calls to OfferService shall be idempotent. [[01;35m[K-Wdeprecated-declarations[m[K]
  186 |             case static_cast<score::result::ErrorCode>(ComErrc::[01;35m[KkServiceInstanceAlreadyOffered[m[K):
      |                                                                 [01;35m[K^~~~~~~~~~~~~~~~~~~~~~~~~~~~~~[m[K
[01m[K./score/mw/com/impl/com_error.h:57:5:[m[K [01;36m[Knote: [m[Kdeclared here
   57 |     [01;36m[KkServiceInstanceAlreadyOffered[m[K
      |     [01;36m[K^~~~~~~~~~~~~~~~~~~~~~~~~~~~~~[m[K
[32m[998 / 1,606][0m Compiling Rust rlib syn v3.0.6 (96 files) [for tool]; 2s disk-cache, linux-sandbox ... (4 actions, 3 running)
[32mINFO: [0mFrom Compiling score/mw/com/impl/bindings/lola/service_discovery/lola_service_instance_identifier.cpp:
In file included from [01m[K./score/mw/com/impl/instance_identifier.h:16[m[K,
                 from [01m[K./score/mw/com/impl/handle_type.h:18[m[K,
                 from [01m[K./score/mw/com/impl/enriched_instance_identifier.h:17[m[K,
                 from [01m[K./score/mw/com/impl/bindings/lola/service_discovery/lola_service_instance_identifier.h:18[m[K,
                 from [01m[Kscore/mw/com/impl/bindings/lola/service_discovery/lola_service_instance_identifier.cpp:13[m[K:
[01m[K./score/mw/com/impl/com_error.h:[m[K In member function '[01m[Kvirtual std::string_view score::mw::com::impl::ComErrorDomain::[01;32m[KMessageFor[m[K(const score::result::ErrorCode&) const[m[K':
[01m[K./score/mw/com/impl/com_error.h:186:65:[m[K [01;35m[Kwarning: [m[K'[01m[Kscore::mw::com::impl::ComErrc::kServiceInstanceAlreadyOffered[m[K' is deprecated: Value has never been used. Calls to OfferService shall be idempotent. [[01;35m[K-Wdeprecated-declarations[m[K]
  186 |             case static_cast<score::result::ErrorCode>(ComErrc::[01;35m[KkServiceInstanceAlreadyOffered[m[K):
      |                                                                 [01;35m[K^~~~~~~~~~~~~~~~~~~~~~~~~~~~~~[m[K
[01m[K./score/mw/com/impl/com_error.h:57:5:[m[K [01;36m[Knote: [m[Kdeclared here
   57 |     [01;36m[KkServiceInstanceAlreadyOffered[m[K
      |     [01;36m[K^~~~~~~~~~~~~~~~~~~~~~~~~~~~~~[m[K
[32mINFO: [0mFrom Compiling score/mw/com/impl/bindings/lola/service_discovery/known_instances_container.cpp:
In file included from [01m[K./score/mw/com/impl/instance_identifier.h:16[m[K,
                 from [01m[K./score/mw/com/impl/handle_type.h:18[m[K,
                 from [01m[K./score/mw/com/impl/enriched_instance_identifier.h:17[m[K,
                 from [01m[K./score/mw/com/impl/bindings/lola/service_discovery/known_instances_container.h:16[m[K,
                 from [01m[Kscore/mw/com/impl/bindings/lola/service_discovery/known_instances_container.cpp:13[m[K:
[01m[K./score/mw/com/impl/com_error.h:[m[K In member function '[01m[Kvirtual std::string_view score::mw::com::impl::ComErrorDomain::[01;32m[KMessageFor[m[K(const score::result::ErrorCode&) const[m[K':
[01m[K./score/mw/com/impl/com_error.h:186:65:[m[K [01;35m[Kwarning: [m[K'[01m[Kscore::mw::com::impl::ComErrc::kServiceInstanceAlreadyOffered[m[K' is deprecated: Value has never been used. Calls to OfferService shall be idempotent. [[01;35m[K-Wdeprecated-declarations[m[K]
  186 |             case static_cast<score::result::ErrorCode>(ComErrc::[01;35m[KkServiceInstanceAlreadyOffered[m[K):
      |                                                                 [01;35m[K^~~~~~~~~~~~~~~~~~~~~~~~~~~~~~[m[K
[01m[K./score/mw/com/impl/com_error.h:57:5:[m[K [01;36m[Knote: [m[Kdeclared here
   57 |     [01;36m[KkServiceInstanceAlreadyOffered[m[K
      |     [01;36m[K^~~~~~~~~~~~~~~~~~~~~~~~~~~~~~[m[K
[32m[1,019 / 1,606][0m Compiling Rust rlib syn v3.0.6 (96 files) [for tool]; 13s disk-cache, linux-sandbox ... (4 actions, 3 running)
[32mINFO: [0mFrom Compiling score/mw/com/impl/bindings/lola/service_discovery/flag_file.cpp:
In file included from [01m[K./score/mw/com/impl/instance_identifier.h:16[m[K,
                 from [01m[K./score/mw/com/impl/handle_type.h:18[m[K,
                 from [01m[K./score/mw/com/impl/enriched_instance_identifier.h:17[m[K,
                 from [01m[K./score/mw/com/impl/bindings/lola/service_discovery/flag_file.h:16[m[K,
                 from [01m[Kscore/mw/com/impl/bindings/lola/service_discovery/flag_file.cpp:13[m[K:
[01m[K./score/mw/com/impl/com_error.h:[m[K In member function '[01m[Kvirtual std::string_view score::mw::com::impl::ComErrorDomain::[01;32m[KMessageFor[m[K(const score::result::ErrorCode&) const[m[K':
[01m[K./score/mw/com/impl/com_error.h:186:65:[m[K [01;35m[Kwarning: [m[K'[01m[Kscore::mw::com::impl::ComErrc::kServiceInstanceAlreadyOffered[m[K' is deprecated: Value has never been used. Calls to OfferService shall be idempotent. [[01;35m[K-Wdeprecated-declarations[m[K]
  186 |             case static_cast<score::result::ErrorCode>(ComErrc::[01;35m[KkServiceInstanceAlreadyOffered[m[K):
      |                                                                 [01;35m[K^~~~~~~~~~~~~~~~~~~~~~~~~~~~~~[m[K
[01m[K./score/mw/com/impl/com_error.h:57:5:[m[K [01;36m[Knote: [m[Kdeclared here
   57 |     [01;36m[KkServiceInstanceAlreadyOffered[m[K
      |     [01;36m[K^~~~~~~~~~~~~~~~~~~~~~~~~~~~~~[m[K
[32mINFO: [0mFrom Compiling score/mw/com/impl/bindings/lola/service_discovery/flag_file_crawler.cpp:
In file included from [01m[K./score/mw/com/impl/instance_identifier.h:16[m[K,
                 from [01m[K./score/mw/com/impl/handle_type.h:18[m[K,
                 from [01m[K./score/mw/com/impl/enriched_instance_identifier.h:17[m[K,
                 from [01m[K./score/mw/com/impl/bindings/lola/service_discovery/known_instances_container.h:16[m[K,
                 from [01m[K./score/mw/com/impl/bindings/lola/service_discovery/flag_file_crawler.h:16[m[K,
                 from [01m[Kscore/mw/com/impl/bindings/lola/service_discovery/flag_file_crawler.cpp:13[m[K:
[01m[K./score/mw/com/impl/com_error.h:[m[K In member function '[01m[Kvirtual std::string_view score::mw::com::impl::ComErrorDomain::[01;32m[KMessageFor[m[K(const score::result::ErrorCode&) const[m[K':
[01m[K./score/mw/com/impl/com_error.h:186:65:[m[K [01;35m[Kwarning: [m[K'[01m[Kscore::mw::com::impl::ComErrc::kServiceInstanceAlreadyOffered[m[K' is deprecated: Value has never been used. Calls to OfferService shall be idempotent. [[01;35m[K-Wdeprecated-declarations[m[K]
  186 |             case static_cast<score::result::ErrorCode>(ComErrc::[01;35m[KkServiceInstanceAlreadyOffered[m[K):
      |                                                                 [01;35m[K^~~~~~~~~~~~~~~~~~~~~~~~~~~~~~[m[K
[01m[K./score/mw/com/impl/com_error.h:57:5:[m[K [01;36m[Knote: [m[Kdeclared here
   57 |     [01;36m[KkServiceInstanceAlreadyOffered[m[K
      |     [01;36m[K^~~~~~~~~~~~~~~~~~~~~~~~~~~~~~[m[K
[32m[1,023 / 1,606][0m Compiling Rust rlib syn v3.0.6 (96 files) [for tool]; 25s disk-cache, linux-sandbox ... (4 actions, 3 running)
[32mINFO: [0mFrom Compiling score/mw/com/impl/bindings/lola/service_discovery/client/service_discovery_client.cpp:
In file included from [01m[K./score/mw/com/impl/instance_identifier.h:16[m[K,
                 from [01m[K./score/mw/com/impl/handle_type.h:18[m[K,
                 from [01m[K./score/mw/com/impl/enriched_instance_identifier.h:17[m[K,
                 from [01m[K./score/mw/com/impl/i_service_discovery_client.h:16[m[K,
                 from [01m[K./score/mw/com/impl/bindings/lola/service_discovery/client/service_discovery_client.h:16[m[K,
                 from [01m[Kscore/mw/com/impl/bindings/lola/service_discovery/client/service_discovery_client.cpp:13[m[K:
[01m[K./score/mw/com/impl/com_error.h:[m[K In member function '[01m[Kvirtual std::string_view score::mw::com::impl::ComErrorDomain::[01;32m[KMessageFor[m[K(const score::result::ErrorCode&) const[m[K':
[01m[K./score/mw/com/impl/com_error.h:186:65:[m[K [01;35m[Kwarning: [m[K'[01m[Kscore::mw::com::impl::ComErrc::kServiceInstanceAlreadyOffered[m[K' is deprecated: Value has never been used. Calls to OfferService shall be idempotent. [[01;35m[K-Wdeprecated-declarations[m[K]
  186 |             case static_cast<score::result::ErrorCode>(ComErrc::[01;35m[KkServiceInstanceAlreadyOffered[m[K):
      |                                                                 [01;35m[K^~~~~~~~~~~~~~~~~~~~~~~~~~~~~~[m[K
[01m[K./score/mw/com/impl/com_error.h:57:5:[m[K [01;36m[Knote: [m[Kdeclared here
   57 |     [01;36m[KkServiceInstanceAlreadyOffered[m[K
      |     [01;36m[K^~~~~~~~~~~~~~~~~~~~~~~~~~~~~~[m[K
[32m[1,048 / 1,606][0m Compiling Rust proc-macro thiserror_impl v2.0.21 (11 files) [for tool]; 10s disk-cache, linux-sandbox ... (4 actions, 3 running)
[32mINFO: [0mFrom Compiling score/mw/com/impl/error_serializer.cpp:
In file included from [01m[Kscore/mw/com/impl/error_serializer.cpp:16[m[K:
[01m[K./score/mw/com/impl/com_error.h:[m[K In member function '[01m[Kvirtual std::string_view score::mw::com::impl::ComErrorDomain::[01;32m[KMessageFor[m[K(const score::result::ErrorCode&) const[m[K':
[01m[K./score/mw/com/impl/com_error.h:186:65:[m[K [01;35m[Kwarning: [m[K'[01m[Kscore::mw::com::impl::ComErrc::kServiceInstanceAlreadyOffered[m[K' is deprecated: Value has never been used. Calls to OfferService shall be idempotent. [[01;35m[K-Wdeprecated-declarations[m[K]
  186 |             case static_cast<score::result::ErrorCode>(ComErrc::[01;35m[KkServiceInstanceAlreadyOffered[m[K):
      |                                                                 [01;35m[K^~~~~~~~~~~~~~~~~~~~~~~~~~~~~~[m[K
[01m[K./score/mw/com/impl/com_error.h:57:5:[m[K [01;36m[Knote: [m[Kdeclared here
   57 |     [01;36m[KkServiceInstanceAlreadyOffered[m[K
      |     [01;36m[K^~~~~~~~~~~~~~~~~~~~~~~~~~~~~~[m[K
[32m[1,090 / 1,606][0m Compiling Rust rlib futures_util v0.3.34 (186 files); 2s disk-cache, linux-sandbox ... (4 actions, 3 running)
[32mINFO: [0mFrom Compiling score/mw/com/impl/bindings/lola/messaging/message_passing_service_instance.cpp:
In file included from [01m[Kscore/mw/com/impl/bindings/lola/messaging/message_passing_service_instance.cpp:21[m[K:
[01m[K./score/mw/com/impl/com_error.h:[m[K In member function '[01m[Kvirtual std::string_view score::mw::com::impl::ComErrorDomain::[01;32m[KMessageFor[m[K(const score::result::ErrorCode&) const[m[K':
[01m[K./score/mw/com/impl/com_error.h:186:65:[m[K [01;35m[Kwarning: [m[K'[01m[Kscore::mw::com::impl::ComErrc::kServiceInstanceAlreadyOffered[m[K' is deprecated: Value has never been used. Calls to OfferService shall be idempotent. [[01;35m[K-Wdeprecated-declarations[m[K]
  186 |             case static_cast<score::result::ErrorCode>(ComErrc::[01;35m[KkServiceInstanceAlreadyOffered[m[K):
      |                                                                 [01;35m[K^~~~~~~~~~~~~~~~~~~~~~~~~~~~~~[m[K
[01m[K./score/mw/com/impl/com_error.h:57:5:[m[K [01;36m[Knote: [m[Kdeclared here
   57 |     [01;36m[KkServiceInstanceAlreadyOffered[m[K
      |     [01;36m[K^~~~~~~~~~~~~~~~~~~~~~~~~~~~~~[m[K
[32mINFO: [0mFrom Compiling score/mw/com/impl/bindings/lola/i_runtime.cpp:
In file included from [01m[K./score/mw/com/impl/instance_identifier.h:16[m[K,
                 from [01m[K./score/mw/com/impl/handle_type.h:18[m[K,
                 from [01m[K./score/mw/com/impl/enriched_instance_identifier.h:17[m[K,
                 from [01m[K./score/mw/com/impl/i_service_discovery_client.h:16[m[K,
                 from [01m[K./score/mw/com/impl/i_binding_runtime.h:17[m[K,
                 from [01m[K./score/mw/com/impl/bindings/lola/i_runtime.h:20[m[K,
                 from [01m[Kscore/mw/com/impl/bindings/lola/i_runtime.cpp:13[m[K:
[01m[K./score/mw/com/impl/com_error.h:[m[K In member function '[01m[Kvirtual std::string_view score::mw::com::impl::ComErrorDomain::[01;32m[KMessageFor[m[K(const score::result::ErrorCode&) const[m[K':
[01m[K./score/mw/com/impl/com_error.h:186:65:[m[K [01;35m[Kwarning: [m[K'[01m[Kscore::mw::com::impl::ComErrc::kServiceInstanceAlreadyOffered[m[K' is deprecated: Value has never been used. Calls to OfferService shall be idempotent. [[01;35m[K-Wdeprecated-declarations[m[K]
  186 |             case static_cast<score::result::ErrorCode>(ComErrc::[01;35m[KkServiceInstanceAlreadyOffered[m[K):
      |                                                                 [01;35m[K^~~~~~~~~~~~~~~~~~~~~~~~~~~~~~[m[K
[01m[K./score/mw/com/impl/com_error.h:57:5:[m[K [01;36m[Knote: [m[Kdeclared here
   57 |     [01;36m[KkServiceInstanceAlreadyOffered[m[K
      |     [01;36m[K^~~~~~~~~~~~~~~~~~~~~~~~~~~~~~[m[K
[32mINFO: [0mFrom Compiling score/mw/com/impl/bindings/lola/runtime.cpp:
In file included from [01m[K./score/mw/com/impl/instance_identifier.h:16[m[K,
                 from [01m[K./score/mw/com/impl/handle_type.h:18[m[K,
                 from [01m[K./score/mw/com/impl/enriched_instance_identifier.h:17[m[K,
                 from [01m[K./score/mw/com/impl/i_service_discovery_client.h:16[m[K,
                 from [01m[K./score/mw/com/impl/i_binding_runtime.h:17[m[K,
                 from [01m[K./score/mw/com/impl/bindings/lola/i_runtime.h:20[m[K,
                 from [01m[K./score/mw/com/impl/bindings/lola/runtime.h:16[m[K,
                 from [01m[Kscore/mw/com/impl/bindings/lola/runtime.cpp:13[m[K:
[01m[K./score/mw/com/impl/com_error.h:[m[K In member function '[01m[Kvirtual std::string_view score::mw::com::impl::ComErrorDomain::[01;32m[KMessageFor[m[K(const score::result::ErrorCode&) const[m[K':
[01m[K./score/mw/com/impl/com_error.h:186:65:[m[K [01;35m[Kwarning: [m[K'[01m[Kscore::mw::com::impl::ComErrc::kServiceInstanceAlreadyOffered[m[K' is deprecated: Value has never been used. Calls to OfferService shall be idempotent. [[01;35m[K-Wdeprecated-declarations[m[K]
  186 |             case static_cast<score::result::ErrorCode>(ComErrc::[01;35m[KkServiceInstanceAlreadyOffered[m[K):
      |                                                                 [01;35m[K^~~~~~~~~~~~~~~~~~~~~~~~~~~~~~[m[K
[01m[K./score/mw/com/impl/com_error.h:57:5:[m[K [01;36m[Knote: [m[Kdeclared here
   57 |     [01;36m[KkServiceInstanceAlreadyOffered[m[K
      |     [01;36m[K^~~~~~~~~~~~~~~~~~~~~~~~~~~~~~[m[K
[32mINFO: [0mFrom Compiling score/mw/com/impl/plumbing/binding_runtime_factory.cpp:
In file included from [01m[K./score/mw/com/impl/configuration/service_instance_deployment.h:17[m[K,
                 from [01m[K./score/mw/com/impl/configuration/configuration.h:18[m[K,
                 from [01m[K./score/mw/com/impl/plumbing/binding_runtime_factory.h:16[m[K,
                 from [01m[Kscore/mw/com/impl/plumbing/binding_runtime_factory.cpp:13[m[K:
[01m[K./score/mw/com/impl/com_error.h:[m[K In member function '[01m[Kvirtual std::string_view score::mw::com::impl::ComErrorDomain::[01;32m[KMessageFor[m[K(const score::result::ErrorCode&) const[m[K':
[01m[K./score/mw/com/impl/com_error.h:186:65:[m[K [01;35m[Kwarning: [m[K'[01m[Kscore::mw::com::impl::ComErrc::kServiceInstanceAlreadyOffered[m[K' is deprecated: Value has never been used. Calls to OfferService shall be idempotent. [[01;35m[K-Wdeprecated-declarations[m[K]
  186 |             case static_cast<score::result::ErrorCode>(ComErrc::[01;35m[KkServiceInstanceAlreadyOffered[m[K):
      |                                                                 [01;35m[K^~~~~~~~~~~~~~~~~~~~~~~~~~~~~~[m[K
[01m[K./score/mw/com/impl/com_error.h:57:5:[m[K [01;36m[Knote: [m[Kdeclared here
   57 |     [01;36m[KkServiceInstanceAlreadyOffered[m[K
      |     [01;36m[K^~~~~~~~~~~~~~~~~~~~~~~~~~~~~~[m[K
[32mINFO: [0mFrom Compiling score/mw/com/impl/service_discovery.cpp:
In file included from [01m[K./score/mw/com/impl/instance_identifier.h:16[m[K,
                 from [01m[K./score/mw/com/impl/handle_type.h:18[m[K,
                 from [01m[K./score/mw/com/impl/enriched_instance_identifier.h:17[m[K,
                 from [01m[K./score/mw/com/impl/service_discovery.h:16[m[K,
                 from [01m[Kscore/mw/com/impl/service_discovery.cpp:13[m[K:
[01m[K./score/mw/com/impl/com_error.h:[m[K In member function '[01m[Kvirtual std::string_view score::mw::com::impl::ComErrorDomain::[01;32m[KMessageFor[m[K(const score::result::ErrorCode&) const[m[K':
[01m[K./score/mw/com/impl/com_error.h:186:65:[m[K [01;35m[Kwarning: [m[K'[01m[Kscore::mw::com::impl::ComErrc::kServiceInstanceAlreadyOffered[m[K' is deprecated: Value has never been used. Calls to OfferService shall be idempotent. [[01;35m[K-Wdeprecated-declarations[m[K]
  186 |             case static_cast<score::result::ErrorCode>(ComErrc::[01;35m[KkServiceInstanceAlreadyOffered[m[K):
      |                                                                 [01;35m[K^~~~~~~~~~~~~~~~~~~~~~~~~~~~~~[m[K
[01m[K./score/mw/com/impl/com_error.h:57:5:[m[K [01;36m[Knote: [m[Kdeclared here
   57 |     [01;36m[KkServiceInstanceAlreadyOffered[m[K
      |     [01;36m[K^~~~~~~~~~~~~~~~~~~~~~~~~~~~~~[m[K
[32m[1,134 / 1,606][0m Compiling Rust rlib syn v2.0.119 (97 files) [for tool]; 8s disk-cache, linux-sandbox ... (4 actions, 3 running)
[32mINFO: [0mFrom Compiling score/mw/com/impl/tracing/common_event_tracing.cpp:
In file included from [01m[K./score/mw/com/impl/instance_identifier.h:16[m[K,
                 from [01m[K./score/mw/com/impl/tracing/common_event_tracing.h:16[m[K,
                 from [01m[Kscore/mw/com/impl/tracing/common_event_tracing.cpp:13[m[K:
[01m[K./score/mw/com/impl/com_error.h:[m[K In member function '[01m[Kvirtual std::string_view score::mw::com::impl::ComErrorDomain::[01;32m[KMessageFor[m[K(const score::result::ErrorCode&) const[m[K':
[01m[K./score/mw/com/impl/com_error.h:186:65:[m[K [01;35m[Kwarning: [m[K'[01m[Kscore::mw::com::impl::ComErrc::kServiceInstanceAlreadyOffered[m[K' is deprecated: Value has never been used. Calls to OfferService shall be idempotent. [[01;35m[K-Wdeprecated-declarations[m[K]
  186 |             case static_cast<score::result::ErrorCode>(ComErrc::[01;35m[KkServiceInstanceAlreadyOffered[m[K):
      |                                                                 [01;35m[K^~~~~~~~~~~~~~~~~~~~~~~~~~~~~~[m[K
[01m[K./score/mw/com/impl/com_error.h:57:5:[m[K [01;36m[Knote: [m[Kdeclared here
   57 |     [01;36m[KkServiceInstanceAlreadyOffered[m[K
      |     [01;36m[K^~~~~~~~~~~~~~~~~~~~~~~~~~~~~~[m[K
[32mINFO: [0mFrom Compiling score/mw/com/impl/runtime.cpp:
In file included from [01m[K./score/mw/com/impl/configuration/service_instance_deployment.h:17[m[K,
                 from [01m[K./score/mw/com/impl/configuration/configuration.h:18[m[K,
                 from [01m[K./score/mw/com/impl/runtime.h:18[m[K,
                 from [01m[Kscore/mw/com/impl/runtime.cpp:13[m[K:
[01m[K./score/mw/com/impl/com_error.h:[m[K In member function '[01m[Kvirtual std::string_view score::mw::com::impl::ComErrorDomain::[01;32m[KMessageFor[m[K(const score::result::ErrorCode&) const[m[K':
[01m[K./score/mw/com/impl/com_error.h:186:65:[m[K [01;35m[Kwarning: [m[K'[01m[Kscore::mw::com::impl::ComErrc::kServiceInstanceAlreadyOffered[m[K' is deprecated: Value has never been used. Calls to OfferService shall be idempotent. [[01;35m[K-Wdeprecated-declarations[m[K]
  186 |             case static_cast<score::result::ErrorCode>(ComErrc::[01;35m[KkServiceInstanceAlreadyOffered[m[K):
      |                                                                 [01;35m[K^~~~~~~~~~~~~~~~~~~~~~~~~~~~~~[m[K
[01m[K./score/mw/com/impl/com_error.h:57:5:[m[K [01;36m[Knote: [m[Kdeclared here
   57 |     [01;36m[KkServiceInstanceAlreadyOffered[m[K
      |     [01;36m[K^~~~~~~~~~~~~~~~~~~~~~~~~~~~~~[m[K
[32m[1,151 / 1,606][0m Compiling Rust rlib syn v2.0.119 (97 files) [for tool]; 20s disk-cache, linux-sandbox ... (4 actions running)
[32mINFO: [0mFrom Compiling score/mw/com/impl/skeleton_field_base.cpp:
In file included from [01m[K./score/mw/com/impl/skeleton_field_base.h:16[m[K,
                 from [01m[Kscore/mw/com/impl/skeleton_field_base.cpp:13[m[K:
[01m[K./score/mw/com/impl/com_error.h:[m[K In member function '[01m[Kvirtual std::string_view score::mw::com::impl::ComErrorDomain::[01;32m[KMessageFor[m[K(const score::result::ErrorCode&) const[m[K':
[01m[K./score/mw/com/impl/com_error.h:186:65:[m[K [01;35m[Kwarning: [m[K'[01m[Kscore::mw::com::impl::ComErrc::kServiceInstanceAlreadyOffered[m[K' is deprecated: Value has never been used. Calls to OfferService shall be idempotent. [[01;35m[K-Wdeprecated-declarations[m[K]
  186 |             case static_cast<score::result::ErrorCode>(ComErrc::[01;35m[KkServiceInstanceAlreadyOffered[m[K):
      |                                                                 [01;35m[K^~~~~~~~~~~~~~~~~~~~~~~~~~~~~~[m[K
[01m[K./score/mw/com/impl/com_error.h:57:5:[m[K [01;36m[Knote: [m[Kdeclared here
   57 |     [01;36m[KkServiceInstanceAlreadyOffered[m[K
      |     [01;36m[K^~~~~~~~~~~~~~~~~~~~~~~~~~~~~~[m[K
[32mINFO: [0mFrom Compiling score/mw/com/impl/tracing/skeleton_event_tracing.cpp:
In file included from [01m[K./score/mw/com/impl/instance_identifier.h:16[m[K,
                 from [01m[K./score/mw/com/impl/tracing/skeleton_event_tracing.h:22[m[K,
                 from [01m[Kscore/mw/com/impl/tracing/skeleton_event_tracing.cpp:13[m[K:
[01m[K./score/mw/com/impl/com_error.h:[m[K In member function '[01m[Kvirtual std::string_view score::mw::com::impl::ComErrorDomain::[01;32m[KMessageFor[m[K(const score::result::ErrorCode&) const[m[K':
[01m[K./score/mw/com/impl/com_error.h:186:65:[m[K [01;35m[Kwarning: [m[K'[01m[Kscore::mw::com::impl::ComErrc::kServiceInstanceAlreadyOffered[m[K' is deprecated: Value has never been used. Calls to OfferService shall be idempotent. [[01;35m[K-Wdeprecated-declarations[m[K]
  186 |             case static_cast<score::result::ErrorCode>(ComErrc::[01;35m[KkServiceInstanceAlreadyOffered[m[K):
      |                                                                 [01;35m[K^~~~~~~~~~~~~~~~~~~~~~~~~~~~~~[m[K
[01m[K./score/mw/com/impl/com_error.h:57:5:[m[K [01;36m[Knote: [m[Kdeclared here
   57 |     [01;36m[KkServiceInstanceAlreadyOffered[m[K
      |     [01;36m[K^~~~~~~~~~~~~~~~~~~~~~~~~~~~~~[m[K
[32mINFO: [0mFrom Compiling score/mw/com/impl/data_type_meta_info.cpp:
In file included from [01m[Kscore/mw/com/impl/data_type_meta_info.cpp:15[m[K:
[01m[K./score/mw/com/impl/com_error.h:[m[K In member function '[01m[Kvirtual std::string_view score::mw::com::impl::ComErrorDomain::[01;32m[KMessageFor[m[K(const score::result::ErrorCode&) const[m[K':
[01m[K./score/mw/com/impl/com_error.h:186:65:[m[K [01;35m[Kwarning: [m[K'[01m[Kscore::mw::com::impl::ComErrc::kServiceInstanceAlreadyOffered[m[K' is deprecated: Value has never been used. Calls to OfferService shall be idempotent. [[01;35m[K-Wdeprecated-declarations[m[K]
  186 |             case static_cast<score::result::ErrorCode>(ComErrc::[01;35m[KkServiceInstanceAlreadyOffered[m[K):
      |                                                                 [01;35m[K^~~~~~~~~~~~~~~~~~~~~~~~~~~~~~[m[K
[01m[K./score/mw/com/impl/com_error.h:57:5:[m[K [01;36m[Knote: [m[Kdeclared here
   57 |     [01;36m[KkServiceInstanceAlreadyOffered[m[K
      |     [01;36m[K^~~~~~~~~~~~~~~~~~~~~~~~~~~~~~[m[K
[32mINFO: [0mFrom Compiling score/mw/com/impl/tracing/skeleton_tracing.cpp:
In file included from [01m[K./score/mw/com/impl/instance_identifier.h:16[m[K,
                 from [01m[K./score/mw/com/impl/tracing/skeleton_tracing.h:21[m[K,
                 from [01m[Kscore/mw/com/impl/tracing/skeleton_tracing.cpp:17[m[K:
[01m[K./score/mw/com/impl/com_error.h:[m[K In member function '[01m[Kvirtual std::string_view score::mw::com::impl::ComErrorDomain::[01;32m[KMessageFor[m[K(const score::result::ErrorCode&) const[m[K':
[01m[K./score/mw/com/impl/com_error.h:186:65:[m[K [01;35m[Kwarning: [m[K'[01m[Kscore::mw::com::impl::ComErrc::kServiceInstanceAlreadyOffered[m[K' is deprecated: Value has never been used. Calls to OfferService shall be idempotent. [[01;35m[K-Wdeprecated-declarations[m[K]
  186 |             case static_cast<score::result::ErrorCode>(ComErrc::[01;35m[KkServiceInstanceAlreadyOffered[m[K):
      |                                                                 [01;35m[K^~~~~~~~~~~~~~~~~~~~~~~~~~~~~~[m[K
[01m[K./score/mw/com/impl/com_error.h:57:5:[m[K [01;36m[Knote: [m[Kdeclared here
   57 |     [01;36m[KkServiceInstanceAlreadyOffered[m[K
      |     [01;36m[K^~~~~~~~~~~~~~~~~~~~~~~~~~~~~~[m[K
[32mINFO: [0mFrom Compiling score/mw/com/impl/bindings/someip/skeleton.cpp:
In file included from [01m[K./score/mw/com/impl/instance_identifier.h:16[m[K,
                 from [01m[K./score/mw/com/impl/bindings/someip/skeleton.h:21[m[K,
                 from [01m[Kscore/mw/com/impl/bindings/someip/skeleton.cpp:13[m[K:
[01m[K./score/mw/com/impl/com_error.h:[m[K In member function '[01m[Kvirtual std::string_view score::mw::com::impl::ComErrorDomain::[01;32m[KMessageFor[m[K(const score::result::ErrorCode&) const[m[K':
[01m[K./score/mw/com/impl/com_error.h:186:65:[m[K [01;35m[Kwarning: [m[K'[01m[Kscore::mw::com::impl::ComErrc::kServiceInstanceAlreadyOffered[m[K' is deprecated: Value has never been used. Calls to OfferService shall be idempotent. [[01;35m[K-Wdeprecated-declarations[m[K]
  186 |             case static_cast<score::result::ErrorCode>(ComErrc::[01;35m[KkServiceInstanceAlreadyOffered[m[K):
      |                                                                 [01;35m[K^~~~~~~~~~~~~~~~~~~~~~~~~~~~~~[m[K
[01m[K./score/mw/com/impl/com_error.h:57:5:[m[K [01;36m[Knote: [m[Kdeclared here
   57 |     [01;36m[KkServiceInstanceAlreadyOffered[m[K
      |     [01;36m[K^~~~~~~~~~~~~~~~~~~~~~~~~~~~~~[m[K
[32mINFO: [0mFrom Compiling score/mw/com/impl/bindings/someip/skeleton_event.cpp:
In file included from [01m[K./score/mw/com/impl/instance_identifier.h:16[m[K,
                 from [01m[K./score/mw/com/impl/bindings/someip/skeleton.h:21[m[K,
                 from [01m[K./score/mw/com/impl/bindings/someip/skeleton_event.h:19[m[K,
                 from [01m[Kscore/mw/com/impl/bindings/someip/skeleton_event.cpp:13[m[K:
[01m[K./score/mw/com/impl/com_error.h:[m[K In member function '[01m[Kvirtual std::string_view score::mw::com::impl::ComErrorDomain::[01;32m[KMessageFor[m[K(const score::result::ErrorCode&) const[m[K':
[01m[K./score/mw/com/impl/com_error.h:186:65:[m[K [01;35m[Kwarning: [m[K'[01m[Kscore::mw::com::impl::ComErrc::kServiceInstanceAlreadyOffered[m[K' is deprecated: Value has never been used. Calls to OfferService shall be idempotent. [[01;35m[K-Wdeprecated-declarations[m[K]
  186 |             case static_cast<score::result::ErrorCode>(ComErrc::[01;35m[KkServiceInstanceAlreadyOffered[m[K):
      |                                                                 [01;35m[K^~~~~~~~~~~~~~~~~~~~~~~~~~~~~~[m[K
[01m[K./score/mw/com/impl/com_error.h:57:5:[m[K [01;36m[Knote: [m[Kdeclared here
   57 |     [01;36m[KkServiceInstanceAlreadyOffered[m[K
      |     [01;36m[K^~~~~~~~~~~~~~~~~~~~~~~~~~~~~~[m[K
[32m[1,195 / 1,606][0m Compiling Rust proc-macro mockall_derive v0.14.0 (9 files) [for tool]; 4s disk-cache, linux-sandbox ... (4 actions running)
[32m[1,220 / 1,606][0m Compiling Rust proc-macro mockall_derive v0.14.0 (9 files) [for tool]; 15s disk-cache, linux-sandbox ... (4 actions, 3 running)
[32mINFO: [0mFrom Compiling score/mw/com/impl/bindings/lola/type_erased_sample_ptrs_guard.cpp:
In file included from [01m[K./score/mw/com/impl/configuration/service_instance_deployment.h:17[m[K,
                 from [01m[K./score/mw/com/impl/configuration/configuration.h:18[m[K,
                 from [01m[K./score/mw/com/impl/runtime.h:18[m[K,
                 from [01m[Kscore/mw/com/impl/bindings/lola/type_erased_sample_ptrs_guard.cpp:16[m[K:
[01m[K./score/mw/com/impl/com_error.h:[m[K In member function '[01m[Kvirtual std::string_view score::mw::com::impl::ComErrorDomain::[01;32m[KMessageFor[m[K(const score::result::ErrorCode&) const[m[K':
[01m[K./score/mw/com/impl/com_error.h:186:65:[m[K [01;35m[Kwarning: [m[K'[01m[Kscore::mw::com::impl::ComErrc::kServiceInstanceAlreadyOffered[m[K' is deprecated: Value has never been used. Calls to OfferService shall be idempotent. [[01;35m[K-Wdeprecated-declarations[m[K]
  186 |             case static_cast<score::result::ErrorCode>(ComErrc::[01;35m[KkServiceInstanceAlreadyOffered[m[K):
      |                                                                 [01;35m[K^~~~~~~~~~~~~~~~~~~~~~~~~~~~~~[m[K
[01m[K./score/mw/com/impl/com_error.h:57:5:[m[K [01;36m[Knote: [m[Kdeclared here
   57 |     [01;36m[KkServiceInstanceAlreadyOffered[m[K
      |     [01;36m[K^~~~~~~~~~~~~~~~~~~~~~~~~~~~~~[m[K
[32m[1,271 / 1,606][0m Compiling score/mw/com/impl/bindings/lola/service_data_storage.cpp; 2s disk-cache, linux-sandbox ... (4 actions, 3 running)
[32mINFO: [0mFrom Compiling score/mw/com/impl/bindings/lola/service_data_storage.cpp:
In file included from [01m[K./score/mw/com/impl/instance_identifier.h:16[m[K,
                 from [01m[K./score/mw/com/impl/handle_type.h:18[m[K,
                 from [01m[K./score/mw/com/impl/enriched_instance_identifier.h:17[m[K,
                 from [01m[K./score/mw/com/impl/i_service_discovery_client.h:16[m[K,
                 from [01m[K./score/mw/com/impl/i_binding_runtime.h:17[m[K,
                 from [01m[K./score/mw/com/impl/bindings/lola/i_runtime.h:20[m[K,
                 from [01m[K./score/mw/com/impl/bindings/lola/service_data_storage.h:20[m[K,
                 from [01m[Kscore/mw/com/impl/bindings/lola/service_data_storage.cpp:13[m[K:
[01m[K./score/mw/com/impl/com_error.h:[m[K In member function '[01m[Kvirtual std::string_view score::mw::com::impl::ComErrorDomain::[01;32m[KMessageFor[m[K(const score::result::ErrorCode&) const[m[K':
[01m[K./score/mw/com/impl/com_error.h:186:65:[m[K [01;35m[Kwarning: [m[K'[01m[Kscore::mw::com::impl::ComErrc::kServiceInstanceAlreadyOffered[m[K' is deprecated: Value has never been used. Calls to OfferService shall be idempotent. [[01;35m[K-Wdeprecated-declarations[m[K]
  186 |             case static_cast<score::result::ErrorCode>(ComErrc::[01;35m[KkServiceInstanceAlreadyOffered[m[K):
      |                                                                 [01;35m[K^~~~~~~~~~~~~~~~~~~~~~~~~~~~~~[m[K
[01m[K./score/mw/com/impl/com_error.h:57:5:[m[K [01;36m[Knote: [m[Kdeclared here
   57 |     [01;36m[KkServiceInstanceAlreadyOffered[m[K
      |     [01;36m[K^~~~~~~~~~~~~~~~~~~~~~~~~~~~~~[m[K
[32mINFO: [0mFrom Action score/mw/com/rust/score_com_concept/score_com_concept.AspectRulesLintClippy.report:
Successfully wrote output to bazel-out/k8-fastbuild/bin/score/mw/com/rust/score_com_concept/score_com_concept.AspectRulesLintClippy.report
[32mINFO: [0mFrom Compiling score/mw/com/impl/bindings/lola/skeleton_method.cpp:
In file included from [01m[K./score/mw/com/impl/instance_identifier.h:16[m[K,
                 from [01m[K./score/mw/com/impl/handle_type.h:18[m[K,
                 from [01m[K./score/mw/com/impl/enriched_instance_identifier.h:17[m[K,
                 from [01m[K./score/mw/com/impl/i_service_discovery_client.h:16[m[K,
                 from [01m[K./score/mw/com/impl/i_binding_runtime.h:17[m[K,
                 from [01m[K./score/mw/com/impl/bindings/lola/i_runtime.h:20[m[K,
                 from [01m[Kscore/mw/com/impl/bindings/lola/skeleton_method.cpp:17[m[K:
[01m[K./score/mw/com/impl/com_error.h:[m[K In member function '[01m[Kvirtual std::string_view score::mw::com::impl::ComErrorDomain::[01;32m[KMessageFor[m[K(const score::result::ErrorCode&) const[m[K':
[01m[K./score/mw/com/impl/com_error.h:186:65:[m[K [01;35m[Kwarning: [m[K'[01m[Kscore::mw::com::impl::ComErrc::kServiceInstanceAlreadyOffered[m[K' is deprecated: Value has never been used. Calls to OfferService shall be idempotent. [[01;35m[K-Wdeprecated-declarations[m[K]
  186 |             case static_cast<score::result::ErrorCode>(ComErrc::[01;35m[KkServiceInstanceAlreadyOffered[m[K):
      |                                                                 [01;35m[K^~~~~~~~~~~~~~~~~~~~~~~~~~~~~~[m[K
[01m[K./score/mw/com/impl/com_error.h:57:5:[m[K [01;36m[Knote: [m[Kdeclared here
   57 |     [01;36m[KkServiceInstanceAlreadyOffered[m[K
      |     [01;36m[K^~~~~~~~~~~~~~~~~~~~~~~~~~~~~~[m[K
[32mINFO: [0mFrom Compiling score/mw/com/impl/bindings/lola/skeleton_event.cpp:
In file included from [01m[K./score/mw/com/impl/instance_identifier.h:16[m[K,
                 from [01m[K./score/mw/com/impl/handle_type.h:18[m[K,
                 from [01m[K./score/mw/com/impl/enriched_instance_identifier.h:17[m[K,
                 from [01m[K./score/mw/com/impl/i_service_discovery_client.h:16[m[K,
                 from [01m[K./score/mw/com/impl/i_binding_runtime.h:17[m[K,
                 from [01m[K./score/mw/com/impl/bindings/lola/i_runtime.h:20[m[K,
                 from [01m[K./score/mw/com/impl/bindings/lola/service_data_storage.h:20[m[K,
                 from [01m[K./score/mw/com/impl/bindings/lola/skeleton_memory_manager.h:20[m[K,
                 from [01m[K./score/mw/com/impl/bindings/lola/skeleton.h:32[m[K,
                 from [01m[K./score/mw/com/impl/bindings/lola/skeleton_event.h:21[m[K,
                 from [01m[Kscore/mw/com/impl/bindings/lola/skeleton_event.cpp:13[m[K:
[01m[K./score/mw/com/impl/com_error.h:[m[K In member function '[01m[Kvirtual std::string_view score::mw::com::impl::ComErrorDomain::[01;32m[KMessageFor[m[K(const score::result::ErrorCode&) const[m[K':
[01m[K./score/mw/com/impl/com_error.h:186:65:[m[K [01;35m[Kwarning: [m[K'[01m[Kscore::mw::com::impl::ComErrc::kServiceInstanceAlreadyOffered[m[K' is deprecated: Value has never been used. Calls to OfferService shall be idempotent. [[01;35m[K-Wdeprecated-declarations[m[K]
  186 |             case static_cast<score::result::ErrorCode>(ComErrc::[01;35m[KkServiceInstanceAlreadyOffered[m[K):
      |                                                                 [01;35m[K^~~~~~~~~~~~~~~~~~~~~~~~~~~~~~[m[K
[01m[K./score/mw/com/impl/com_error.h:57:5:[m[K [01;36m[Knote: [m[Kdeclared here
   57 |     [01;36m[KkServiceInstanceAlreadyOffered[m[K
      |     [01;36m[K^~~~~~~~~~~~~~~~~~~~~~~~~~~~~~[m[K
[32mINFO: [0mFrom Compiling score/mw/com/impl/bindings/lola/skeleton_memory_manager.cpp:
In file included from [01m[K./score/mw/com/impl/instance_identifier.h:16[m[K,
                 from [01m[K./score/mw/com/impl/handle_type.h:18[m[K,
                 from [01m[K./score/mw/com/impl/enriched_instance_identifier.h:17[m[K,
                 from [01m[K./score/mw/com/impl/i_service_discovery_client.h:16[m[K,
                 from [01m[K./score/mw/com/impl/i_binding_runtime.h:17[m[K,
                 from [01m[K./score/mw/com/impl/bindings/lola/i_runtime.h:20[m[K,
                 from [01m[K./score/mw/com/impl/bindings/lola/service_data_storage.h:20[m[K,
                 from [01m[K./score/mw/com/impl/bindings/lola/skeleton_memory_manager.h:20[m[K,
                 from [01m[Kscore/mw/com/impl/bindings/lola/skeleton_memory_manager.cpp:13[m[K:
[01m[K./score/mw/com/impl/com_error.h:[m[K In member function '[01m[Kvirtual std::string_view score::mw::com::impl::ComErrorDomain::[01;32m[KMessageFor[m[K(const score::result::ErrorCode&) const[m[K':
[01m[K./score/mw/com/impl/com_error.h:186:65:[m[K [01;35m[Kwarning: [m[K'[01m[Kscore::mw::com::impl::ComErrc::kServiceInstanceAlreadyOffered[m[K' is deprecated: Value has never been used. Calls to OfferService shall be idempotent. [[01;35m[K-Wdeprecated-declarations[m[K]
  186 |             case static_cast<score::result::ErrorCode>(ComErrc::[01;35m[KkServiceInstanceAlreadyOffered[m[K):
      |                                                                 [01;35m[K^~~~~~~~~~~~~~~~~~~~~~~~~~~~~~[m[K
[01m[K./score/mw/com/impl/com_error.h:57:5:[m[K [01;36m[Knote: [m[Kdeclared here
   57 |     [01;36m[KkServiceInstanceAlreadyOffered[m[K
      |     [01;36m[K^~~~~~~~~~~~~~~~~~~~~~~~~~~~~~[m[K
[32mINFO: [0mFrom Action score/mw/com/impl/plumbing/rust/common_rs.AspectRulesLintClippy.report:
Successfully wrote output to bazel-out/k8-fastbuild/bin/score/mw/com/impl/plumbing/rust/common_rs.AspectRulesLintClippy.report
[32mINFO: [0mFrom Compiling Rust rlib sample_allocatee_ptr_rs (1 file):
[1m[33mwarning[0m[1m: struct `SomeIpSampleAllocateePtrBinding` is never constructed[0m
  [1m[94m--> [0mscore/mw/com/impl/plumbing/rust/sample_allocatee_ptr.rs:64:8
   [1m[94m|[0m
[1m[94m64[0m [1m[94m|[0m struct SomeIpSampleAllocateePtrBinding<T> {
   [1m[94m|[0m        [1m[33m^^^^^^^^^^^^^^^^^^^^^^^^^^^^^^^[0m
   [1m[94m|[0m
   [1m[94m= [0m[1mnote[0m: `#[warn(dead_code)]` (part of `#[warn(unused)]`) on by default

[1m[33mwarning[0m[1m: union `SomeIpSampleAllocateePtrVariant` is never used[0m
  [1m[94m--> [0mscore/mw/com/impl/plumbing/rust/sample_allocatee_ptr.rs:71:7
   [1m[94m|[0m
[1m[94m71[0m [1m[94m|[0m union SomeIpSampleAllocateePtrVariant<T> {
   [1m[94m|[0m       [1m[33m^^^^^^^^^^^^^^^^^^^^^^^^^^^^^^^[0m

[1m[33mwarning[0m[1m: 2 warnings emitted[0m

[32m[1,309 / 1,606][0m Compiling score/mw/com/impl/bindings/lola/skeleton.cpp; 4s disk-cache, linux-sandbox ... (4 actions, 3 running)
[32mINFO: [0mFrom Action score/mw/com/impl/plumbing/rust/sample_allocatee_ptr_rs.AspectRulesLintClippy.report:
Successfully wrote output to bazel-out/k8-fastbuild/bin/score/mw/com/impl/plumbing/rust/sample_allocatee_ptr_rs.AspectRulesLintClippy.report
[32mINFO: [0mFrom Action score/mw/com/impl/plumbing/rust/sample_ptr_rs.AspectRulesLintClippy.report:
Successfully wrote output to bazel-out/k8-fastbuild/bin/score/mw/com/impl/plumbing/rust/sample_ptr_rs.AspectRulesLintClippy.report
[1m[33mwarning[0m[1m: struct `SomeIpSampleAllocateePtrBinding` is never constructed[0m
  [1m[94m--> [0mscore/mw/com/impl/plumbing/rust/sample_allocatee_ptr.rs:64:8
   [1m[94m|[0m
[1m[94m64[0m [1m[94m|[0m struct SomeIpSampleAllocateePtrBinding<T> {
   [1m[94m|[0m        [1m[33m^^^^^^^^^^^^^^^^^^^^^^^^^^^^^^^[0m
   [1m[94m|[0m
   [1m[94m= [0m[1mnote[0m: `#[warn(dead_code)]` (part of `#[warn(unused)]`) on by default

[1m[33mwarning[0m[1m: union `SomeIpSampleAllocateePtrVariant` is never used[0m
  [1m[94m--> [0mscore/mw/com/impl/plumbing/rust/sample_allocatee_ptr.rs:71:7
   [1m[94m|[0m
[1m[94m71[0m [1m[94m|[0m union SomeIpSampleAllocateePtrVariant<T> {
   [1m[94m|[0m       [1m[33m^^^^^^^^^^^^^^^^^^^^^^^^^^^^^^^[0m

[1m[33mwarning[0m[1m: 2 warnings emitted[0m
[32mINFO: [0mFrom Compiling score/mw/com/impl/bindings/lola/transaction_log_rollback_executor.cpp:
In file included from [01m[K./score/mw/com/impl/instance_identifier.h:16[m[K,
                 from [01m[K./score/mw/com/impl/handle_type.h:18[m[K,
                 from [01m[K./score/mw/com/impl/enriched_instance_identifier.h:17[m[K,
                 from [01m[K./score/mw/com/impl/i_service_discovery_client.h:16[m[K,
                 from [01m[K./score/mw/com/impl/i_binding_runtime.h:17[m[K,
                 from [01m[K./score/mw/com/impl/bindings/lola/i_runtime.h:20[m[K,
                 from [01m[K./score/mw/com/impl/bindings/lola/transaction_log_rollback_executor.h:16[m[K,
                 from [01m[Kscore/mw/com/impl/bindings/lola/transaction_log_rollback_executor.cpp:13[m[K:
[01m[K./score/mw/com/impl/com_error.h:[m[K In member function '[01m[Kvirtual std::string_view score::mw::com::impl::ComErrorDomain::[01;32m[KMessageFor[m[K(const score::result::ErrorCode&) const[m[K':
[01m[K./score/mw/com/impl/com_error.h:186:65:[m[K [01;35m[Kwarning: [m[K'[01m[Kscore::mw::com::impl::ComErrc::kServiceInstanceAlreadyOffered[m[K' is deprecated: Value has never been used. Calls to OfferService shall be idempotent. [[01;35m[K-Wdeprecated-declarations[m[K]
  186 |             case static_cast<score::result::ErrorCode>(ComErrc::[01;35m[KkServiceInstanceAlreadyOffered[m[K):
      |                                                                 [01;35m[K^~~~~~~~~~~~~~~~~~~~~~~~~~~~~~[m[K
[01m[K./score/mw/com/impl/com_error.h:57:5:[m[K [01;36m[Knote: [m[Kdeclared here
   57 |     [01;36m[KkServiceInstanceAlreadyOffered[m[K
      |     [01;36m[K^~~~~~~~~~~~~~~~~~~~~~~~~~~~~~[m[K
[32mINFO: [0mFrom Compiling score/mw/com/impl/bindings/lola/skeleton.cpp:
In file included from [01m[K./score/mw/com/impl/instance_identifier.h:16[m[K,
                 from [01m[K./score/mw/com/impl/handle_type.h:18[m[K,
                 from [01m[K./score/mw/com/impl/enriched_instance_identifier.h:17[m[K,
                 from [01m[K./score/mw/com/impl/i_service_discovery_client.h:16[m[K,
                 from [01m[K./score/mw/com/impl/i_binding_runtime.h:17[m[K,
                 from [01m[K./score/mw/com/impl/bindings/lola/i_runtime.h:20[m[K,
                 from [01m[K./score/mw/com/impl/bindings/lola/service_data_storage.h:20[m[K,
                 from [01m[K./score/mw/com/impl/bindings/lola/skeleton_memory_manager.h:20[m[K,
                 from [01m[K./score/mw/com/impl/bindings/lola/skeleton.h:32[m[K,
                 from [01m[Kscore/mw/com/impl/bindings/lola/skeleton.cpp:13[m[K:
[01m[K./score/mw/com/impl/com_error.h:[m[K In member function '[01m[Kvirtual std::string_view score::mw::com::impl::ComErrorDomain::[01;32m[KMessageFor[m[K(const score::result::ErrorCode&) const[m[K':
[01m[K./score/mw/com/impl/com_error.h:186:65:[m[K [01;35m[Kwarning: [m[K'[01m[Kscore::mw::com::impl::ComErrc::kServiceInstanceAlreadyOffered[m[K' is deprecated: Value has never been used. Calls to OfferService shall be idempotent. [[01;35m[K-Wdeprecated-declarations[m[K]
  186 |             case static_cast<score::result::ErrorCode>(ComErrc::[01;35m[KkServiceInstanceAlreadyOffered[m[K):
      |                                                                 [01;35m[K^~~~~~~~~~~~~~~~~~~~~~~~~~~~~~[m[K
[01m[K./score/mw/com/impl/com_error.h:57:5:[m[K [01;36m[Knote: [m[Kdeclared here
   57 |     [01;36m[KkServiceInstanceAlreadyOffered[m[K
      |     [01;36m[K^~~~~~~~~~~~~~~~~~~~~~~~~~~~~~[m[K
[32mINFO: [0mFrom Action score/mw/com/impl/rust/com-api/com-api-ffi-lola/bridge_ffi_mock.AspectRulesLintClippy.report:
Successfully wrote output to bazel-out/k8-fastbuild/bin/score/mw/com/impl/rust/com-api/com-api-ffi-lola/bridge_ffi_mock.AspectRulesLintClippy.report
[32mINFO: [0mFrom Compiling score/mw/com/impl/bindings/lola/subscription_subscription_pending_states.cpp:
In file included from [01m[Kscore/mw/com/impl/bindings/lola/subscription_subscription_pending_states.cpp:17[m[K:
[01m[K./score/mw/com/impl/com_error.h:[m[K In member function '[01m[Kvirtual std::string_view score::mw::com::impl::ComErrorDomain::[01;32m[KMessageFor[m[K(const score::result::ErrorCode&) const[m[K':
[01m[K./score/mw/com/impl/com_error.h:186:65:[m[K [01;35m[Kwarning: [m[K'[01m[Kscore::mw::com::impl::ComErrc::kServiceInstanceAlreadyOffered[m[K' is deprecated: Value has never been used. Calls to OfferService shall be idempotent. [[01;35m[K-Wdeprecated-declarations[m[K]
  186 |             case static_cast<score::result::ErrorCode>(ComErrc::[01;35m[KkServiceInstanceAlreadyOffered[m[K):
      |                                                                 [01;35m[K^~~~~~~~~~~~~~~~~~~~~~~~~~~~~~[m[K
[01m[K./score/mw/com/impl/com_error.h:57:5:[m[K [01;36m[Knote: [m[Kdeclared here
   57 |     [01;36m[KkServiceInstanceAlreadyOffered[m[K
      |     [01;36m[K^~~~~~~~~~~~~~~~~~~~~~~~~~~~~~[m[K
[32mINFO: [0mFrom Action score/mw/com/impl/rust/com-api/com-api-runtime-lola/com-api-runtime-lola.AspectRulesLintClippy.report:
Successfully wrote output to bazel-out/k8-fastbuild/bin/score/mw/com/impl/rust/com-api/com-api-runtime-lola/com-api-runtime-lola.AspectRulesLintClippy.report
[32mINFO: [0mFrom Compiling score/mw/com/impl/bindings/lola/subscription_subscribed_states.cpp:
In file included from [01m[Kscore/mw/com/impl/bindings/lola/subscription_subscribed_states.cpp:18[m[K:
[01m[K./score/mw/com/impl/com_error.h:[m[K In member function '[01m[Kvirtual std::string_view score::mw::com::impl::ComErrorDomain::[01;32m[KMessageFor[m[K(const score::result::ErrorCode&) const[m[K':
[01m[K./score/mw/com/impl/com_error.h:186:65:[m[K [01;35m[Kwarning: [m[K'[01m[Kscore::mw::com::impl::ComErrc::kServiceInstanceAlreadyOffered[m[K' is deprecated: Value has never been used. Calls to OfferService shall be idempotent. [[01;35m[K-Wdeprecated-declarations[m[K]
  186 |             case static_cast<score::result::ErrorCode>(ComErrc::[01;35m[KkServiceInstanceAlreadyOffered[m[K):
      |                                                                 [01;35m[K^~~~~~~~~~~~~~~~~~~~~~~~~~~~~~[m[K
[01m[K./score/mw/com/impl/com_error.h:57:5:[m[K [01;36m[Knote: [m[Kdeclared here
   57 |     [01;36m[KkServiceInstanceAlreadyOffered[m[K
      |     [01;36m[K^~~~~~~~~~~~~~~~~~~~~~~~~~~~~~[m[K
[32mINFO: [0mFrom Action score/mw/com/impl/rust/com-api/com-api-ffi-lola/bridge_ffi_lola.AspectRulesLintClippy.report:
Successfully wrote output to bazel-out/k8-fastbuild/bin/score/mw/com/impl/rust/com-api/com-api-ffi-lola/bridge_ffi_lola.AspectRulesLintClippy.report
[1m[33mwarning[0m[1m: transmute used without annotations[0m
   [1m[94m--> [0mscore/mw/com/impl/rust/com-api/com-api-runtime-lola/consumer.rs:950:68
    [1m[94m|[0m
[1m[94m950[0m [1m[94m|[0m         let callable = unsafe { FindServiceCallable::new(std::mem::transmute(dyn_callback)) };
    [1m[94m|[0m                                                                    [1m[33m^^^^^^^^^[0m [1m[33mhelp: consider adding missing annotations: `transmute::<std::boxed::Box<dyn std::ops::FnMut(bridge_ffi_rs::HandleContainer, bridge_ffi_rs::NativeFindServiceHandle) + std::marker::Send>, bridge_ffi_rs::FatPtr>`[0m
    [1m[94m|[0m
    [1m[94m= [0m[1mhelp[0m: for further information visit https://rust-lang.github.io/rust-clippy/master/index.html#missing_transmute_annotations
    [1m[94m= [0m[1mnote[0m: `#[warn(clippy::missing_transmute_annotations)]` on by default

[1m[33mwarning[0m[1m: using `clone` on type `TypeOperationsManager` which implements the `Copy` trait[0m
    [1m[94m--> [0mscore/mw/com/impl/rust/com-api/com-api-runtime-lola/consumer.rs:1164:31
     [1m[94m|[0m
[1m[94m1164[0m [1m[94m|[0m                     type_ops: type_ops.clone(),
     [1m[94m|[0m                               [1m[33m^^^^^^^^^^^^^^^^[0m [1m[33mhelp: try dereferencing it: `*type_ops`[0m
     [1m[94m|[0m
     [1m[94m= [0m[1mhelp[0m: for further information visit https://rust-lang.github.io/rust-clippy/master/index.html#clone_on_copy
     [1m[94m= [0m[1mnote[0m: `#[warn(clippy::clone_on_copy)]` on by default

[1m[33mwarning[0m[1m: 2 warnings emitted[0m
[32mINFO: [0mFrom Action score/mw/com/impl/rust/com-api/com-api-ffi-lola/bridge_ffi_rs.AspectRulesLintClippy.report:
Successfully wrote output to bazel-out/k8-fastbuild/bin/score/mw/com/impl/rust/com-api/com-api-ffi-lola/bridge_ffi_rs.AspectRulesLintClippy.report
[1m[33mwarning[0m[1m: this returns a `Result<_, ()>`[0m
   [1m[94m--> [0mscore/mw/com/impl/rust/com-api/com-api-ffi-lola/bridge_ffi.rs:259:5
    [1m[94m|[0m
[1m[94m259[0m [1m[94m|[0m     fn find_service(&self, instance_specifier: InstanceSpecifier) -> Result<HandleContainer, ()>;
    [1m[94m|[0m     [1m[33m^^^^^^^^^^^^^^^^^^^^^^^^^^^^^^^^^^^^^^^^^^^^^^^^^^^^^^^^^^^^^^^^^^^^^^^^^^^^^^^^^^^^^^^^^^^^[0m
    [1m[94m|[0m
    [1m[94m= [0m[1mhelp[0m: use a custom `Error` type instead
    [1m[94m= [0m[1mhelp[0m: for further information visit https://rust-lang.github.io/rust-clippy/master/index.html#result_unit_err
    [1m[94m= [0m[1mnote[0m: `#[warn(clippy::result_unit_err)]` on by default

[1m[33mwarning[0m[1m: 1 warning emitted[0m
[32mINFO: [0mFrom Compiling score/mw/com/impl/bindings/lola/subscription_not_subscribed_states.cpp:
In file included from [01m[Kscore/mw/com/impl/bindings/lola/subscription_not_subscribed_states.cpp:20[m[K:
[01m[K./score/mw/com/impl/com_error.h:[m[K In member function '[01m[Kvirtual std::string_view score::mw::com::impl::ComErrorDomain::[01;32m[KMessageFor[m[K(const score::result::ErrorCode&) const[m[K':
[01m[K./score/mw/com/impl/com_error.h:186:65:[m[K [01;35m[Kwarning: [m[K'[01m[Kscore::mw::com::impl::ComErrc::kServiceInstanceAlreadyOffered[m[K' is deprecated: Value has never been used. Calls to OfferService shall be idempotent. [[01;35m[K-Wdeprecated-declarations[m[K]
  186 |             case static_cast<score::result::ErrorCode>(ComErrc::[01;35m[KkServiceInstanceAlreadyOffered[m[K):
      |                                                                 [01;35m[K^~~~~~~~~~~~~~~~~~~~~~~~~~~~~~[m[K
[01m[K./score/mw/com/impl/com_error.h:57:5:[m[K [01;36m[Knote: [m[Kdeclared here
   57 |     [01;36m[KkServiceInstanceAlreadyOffered[m[K
      |     [01;36m[K^~~~~~~~~~~~~~~~~~~~~~~~~~~~~~[m[K
[32mINFO: [0mFrom Compiling score/mw/com/impl/bindings/lola/subscription_helpers.cpp:
In file included from [01m[K./score/mw/com/impl/instance_identifier.h:16[m[K,
                 from [01m[K./score/mw/com/impl/handle_type.h:18[m[K,
                 from [01m[K./score/mw/com/impl/enriched_instance_identifier.h:17[m[K,
                 from [01m[K./score/mw/com/impl/i_service_discovery_client.h:16[m[K,
                 from [01m[K./score/mw/com/impl/i_binding_runtime.h:17[m[K,
                 from [01m[K./score/mw/com/impl/bindings/lola/i_runtime.h:20[m[K,
                 from [01m[Kscore/mw/com/impl/bindings/lola/subscription_helpers.cpp:15[m[K:
[01m[K./score/mw/com/impl/com_error.h:[m[K In member function '[01m[Kvirtual std::string_view score::mw::com::impl::ComErrorDomain::[01;32m[KMessageFor[m[K(const score::result::ErrorCode&) const[m[K':
[01m[K./score/mw/com/impl/com_error.h:186:65:[m[K [01;35m[Kwarning: [m[K'[01m[Kscore::mw::com::impl::ComErrc::kServiceInstanceAlreadyOffered[m[K' is deprecated: Value has never been used. Calls to OfferService shall be idempotent. [[01;35m[K-Wdeprecated-declarations[m[K]
  186 |             case static_cast<score::result::ErrorCode>(ComErrc::[01;35m[KkServiceInstanceAlreadyOffered[m[K):
      |                                                                 [01;35m[K^~~~~~~~~~~~~~~~~~~~~~~~~~~~~~[m[K
[01m[K./score/mw/com/impl/com_error.h:57:5:[m[K [01;36m[Knote: [m[Kdeclared here
   57 |     [01;36m[KkServiceInstanceAlreadyOffered[m[K
      |     [01;36m[K^~~~~~~~~~~~~~~~~~~~~~~~~~~~~~[m[K
[32mINFO: [0mFrom Compiling score/mw/com/impl/bindings/lola/proxy_method.cpp:
In file included from [01m[K./score/mw/com/impl/instance_identifier.h:16[m[K,
                 from [01m[K./score/mw/com/impl/handle_type.h:18[m[K,
                 from [01m[K./score/mw/com/impl/enriched_instance_identifier.h:17[m[K,
                 from [01m[K./score/mw/com/impl/i_service_discovery_client.h:16[m[K,
                 from [01m[K./score/mw/com/impl/i_binding_runtime.h:17[m[K,
                 from [01m[K./score/mw/com/impl/bindings/lola/i_runtime.h:20[m[K,
                 from [01m[K./score/mw/com/impl/bindings/lola/proxy_method.h:17[m[K,
                 from [01m[Kscore/mw/com/impl/bindings/lola/proxy_method.cpp:13[m[K:
[01m[K./score/mw/com/impl/com_error.h:[m[K In member function '[01m[Kvirtual std::string_view score::mw::com::impl::ComErrorDomain::[01;32m[KMessageFor[m[K(const score::result::ErrorCode&) const[m[K':
[01m[K./score/mw/com/impl/com_error.h:186:65:[m[K [01;35m[Kwarning: [m[K'[01m[Kscore::mw::com::impl::ComErrc::kServiceInstanceAlreadyOffered[m[K' is deprecated: Value has never been used. Calls to OfferService shall be idempotent. [[01;35m[K-Wdeprecated-declarations[m[K]
  186 |             case static_cast<score::result::ErrorCode>(ComErrc::[01;35m[KkServiceInstanceAlreadyOffered[m[K):
      |                                                                 [01;35m[K^~~~~~~~~~~~~~~~~~~~~~~~~~~~~~[m[K
[01m[K./score/mw/com/impl/com_error.h:57:5:[m[K [01;36m[Knote: [m[Kdeclared here
   57 |     [01;36m[KkServiceInstanceAlreadyOffered[m[K
      |     [01;36m[K^~~~~~~~~~~~~~~~~~~~~~~~~~~~~~[m[K
[32m[1,369 / 1,606][0m Compiling score/mw/com/impl/bindings/lola/proxy_event.cpp; 3s disk-cache, linux-sandbox ... (4 actions, 3 running)
[32mINFO: [0mFrom Compiling score/mw/com/impl/bindings/lola/proxy_event.cpp:
In file included from [01m[K./score/mw/com/impl/instance_identifier.h:16[m[K,
                 from [01m[K./score/mw/com/impl/handle_type.h:18[m[K,
                 from [01m[K./score/mw/com/impl/enriched_instance_identifier.h:17[m[K,
                 from [01m[K./score/mw/com/impl/i_service_discovery_client.h:16[m[K,
                 from [01m[K./score/mw/com/impl/i_binding_runtime.h:17[m[K,
                 from [01m[K./score/mw/com/impl/bindings/lola/i_runtime.h:20[m[K,
                 from [01m[K./score/mw/com/impl/bindings/lola/proxy_method.h:17[m[K,
                 from [01m[K./score/mw/com/impl/bindings/lola/proxy.h:24[m[K,
                 from [01m[K./score/mw/com/impl/bindings/lola/proxy_event.h:18[m[K,
                 from [01m[Kscore/mw/com/impl/bindings/lola/proxy_event.cpp:13[m[K:
[01m[K./score/mw/com/impl/com_error.h:[m[K In member function '[01m[Kvirtual std::string_view score::mw::com::impl::ComErrorDomain::[01;32m[KMessageFor[m[K(const score::result::ErrorCode&) const[m[K':
[01m[K./score/mw/com/impl/com_error.h:186:65:[m[K [01;35m[Kwarning: [m[K'[01m[Kscore::mw::com::impl::ComErrc::kServiceInstanceAlreadyOffered[m[K' is deprecated: Value has never been used. Calls to OfferService shall be idempotent. [[01;35m[K-Wdeprecated-declarations[m[K]
  186 |             case static_cast<score::result::ErrorCode>(ComErrc::[01;35m[KkServiceInstanceAlreadyOffered[m[K):
      |                                                                 [01;35m[K^~~~~~~~~~~~~~~~~~~~~~~~~~~~~~[m[K
[01m[K./score/mw/com/impl/com_error.h:57:5:[m[K [01;36m[Knote: [m[Kdeclared here
   57 |     [01;36m[KkServiceInstanceAlreadyOffered[m[K
      |     [01;36m[K^~~~~~~~~~~~~~~~~~~~~~~~~~~~~~[m[K
[32mINFO: [0mFrom Compiling score/mw/com/impl/plumbing/i_skeleton_binding_factory.cpp:
In file included from [01m[K./score/mw/com/impl/instance_identifier.h:16[m[K,
                 from [01m[K./score/mw/com/impl/plumbing/i_skeleton_binding_factory.h:16[m[K,
                 from [01m[Kscore/mw/com/impl/plumbing/i_skeleton_binding_factory.cpp:13[m[K:
[01m[K./score/mw/com/impl/com_error.h:[m[K In member function '[01m[Kvirtual std::string_view score::mw::com::impl::ComErrorDomain::[01;32m[KMessageFor[m[K(const score::result::ErrorCode&) const[m[K':
[01m[K./score/mw/com/impl/com_error.h:186:65:[m[K [01;35m[Kwarning: [m[K'[01m[Kscore::mw::com::impl::ComErrc::kServiceInstanceAlreadyOffered[m[K' is deprecated: Value has never been used. Calls to OfferService shall be idempotent. [[01;35m[K-Wdeprecated-declarations[m[K]
  186 |             case static_cast<score::result::ErrorCode>(ComErrc::[01;35m[KkServiceInstanceAlreadyOffered[m[K):
      |                                                                 [01;35m[K^~~~~~~~~~~~~~~~~~~~~~~~~~~~~~[m[K
[01m[K./score/mw/com/impl/com_error.h:57:5:[m[K [01;36m[Knote: [m[Kdeclared here
   57 |     [01;36m[KkServiceInstanceAlreadyOffered[m[K
      |     [01;36m[K^~~~~~~~~~~~~~~~~~~~~~~~~~~~~~[m[K
[32mINFO: [0mFrom Compiling score/mw/com/impl/plumbing/skeleton_binding_factory.cpp:
In file included from [01m[K./score/mw/com/impl/instance_identifier.h:16[m[K,
                 from [01m[K./score/mw/com/impl/plumbing/skeleton_binding_factory.h:16[m[K,
                 from [01m[Kscore/mw/com/impl/plumbing/skeleton_binding_factory.cpp:13[m[K:
[01m[K./score/mw/com/impl/com_error.h:[m[K In member function '[01m[Kvirtual std::string_view score::mw::com::impl::ComErrorDomain::[01;32m[KMessageFor[m[K(const score::result::ErrorCode&) const[m[K':
[01m[K./score/mw/com/impl/com_error.h:186:65:[m[K [01;35m[Kwarning: [m[K'[01m[Kscore::mw::com::impl::ComErrc::kServiceInstanceAlreadyOffered[m[K' is deprecated: Value has never been used. Calls to OfferService shall be idempotent. [[01;35m[K-Wdeprecated-declarations[m[K]
  186 |             case static_cast<score::result::ErrorCode>(ComErrc::[01;35m[KkServiceInstanceAlreadyOffered[m[K):
      |                                                                 [01;35m[K^~~~~~~~~~~~~~~~~~~~~~~~~~~~~~[m[K
[01m[K./score/mw/com/impl/com_error.h:57:5:[m[K [01;36m[Knote: [m[Kdeclared here
   57 |     [01;36m[KkServiceInstanceAlreadyOffered[m[K
      |     [01;36m[K^~~~~~~~~~~~~~~~~~~~~~~~~~~~~~[m[K
[32mINFO: [0mFrom Compiling score/mw/com/impl/bindings/lola/proxy.cpp:
In file included from [01m[K./score/mw/com/impl/instance_identifier.h:16[m[K,
                 from [01m[K./score/mw/com/impl/handle_type.h:18[m[K,
                 from [01m[K./score/mw/com/impl/enriched_instance_identifier.h:17[m[K,
                 from [01m[K./score/mw/com/impl/i_service_discovery_client.h:16[m[K,
                 from [01m[K./score/mw/com/impl/i_binding_runtime.h:17[m[K,
                 from [01m[K./score/mw/com/impl/bindings/lola/i_runtime.h:20[m[K,
                 from [01m[K./score/mw/com/impl/bindings/lola/proxy_method.h:17[m[K,
                 from [01m[K./score/mw/com/impl/bindings/lola/proxy.h:24[m[K,
                 from [01m[Kscore/mw/com/impl/bindings/lola/proxy.cpp:13[m[K:
[01m[K./score/mw/com/impl/com_error.h:[m[K In member function '[01m[Kvirtual std::string_view score::mw::com::impl::ComErrorDomain::[01;32m[KMessageFor[m[K(const score::result::ErrorCode&) const[m[K':
[01m[K./score/mw/com/impl/com_error.h:186:65:[m[K [01;35m[Kwarning: [m[K'[01m[Kscore::mw::com::impl::ComErrc::kServiceInstanceAlreadyOffered[m[K' is deprecated: Value has never been used. Calls to OfferService shall be idempotent. [[01;35m[K-Wdeprecated-declarations[m[K]
  186 |             case static_cast<score::result::ErrorCode>(ComErrc::[01;35m[KkServiceInstanceAlreadyOffered[m[K):
      |                                                                 [01;35m[K^~~~~~~~~~~~~~~~~~~~~~~~~~~~~~[m[K
[01m[K./score/mw/com/impl/com_error.h:57:5:[m[K [01;36m[Knote: [m[Kdeclared here
   57 |     [01;36m[KkServiceInstanceAlreadyOffered[m[K
      |     [01;36m[K^~~~~~~~~~~~~~~~~~~~~~~~~~~~~~[m[K
[32mINFO: [0mFrom Compiling score/mw/com/impl/plumbing/i_proxy_binding_factory.cpp:
In file included from [01m[K./score/mw/com/impl/instance_identifier.h:16[m[K,
                 from [01m[K./score/mw/com/impl/handle_type.h:18[m[K,
                 from [01m[K./score/mw/com/impl/plumbing/i_proxy_binding_factory.h:16[m[K,
                 from [01m[Kscore/mw/com/impl/plumbing/i_proxy_binding_factory.cpp:13[m[K:
[01m[K./score/mw/com/impl/com_error.h:[m[K In member function '[01m[Kvirtual std::string_view score::mw::com::impl::ComErrorDomain::[01;32m[KMessageFor[m[K(const score::result::ErrorCode&) const[m[K':
[01m[K./score/mw/com/impl/com_error.h:186:65:[m[K [01;35m[Kwarning: [m[K'[01m[Kscore::mw::com::impl::ComErrc::kServiceInstanceAlreadyOffered[m[K' is deprecated: Value has never been used. Calls to OfferService shall be idempotent. [[01;35m[K-Wdeprecated-declarations[m[K]
  186 |             case static_cast<score::result::ErrorCode>(ComErrc::[01;35m[KkServiceInstanceAlreadyOffered[m[K):
      |                                                                 [01;35m[K^~~~~~~~~~~~~~~~~~~~~~~~~~~~~~[m[K
[01m[K./score/mw/com/impl/com_error.h:57:5:[m[K [01;36m[Knote: [m[Kdeclared here
   57 |     [01;36m[KkServiceInstanceAlreadyOffered[m[K
      |     [01;36m[K^~~~~~~~~~~~~~~~~~~~~~~~~~~~~~[m[K
[32mINFO: [0mFrom Compiling score/mw/com/impl/plumbing/binding_runtime_factory.cpp:
In file included from [01m[K./score/mw/com/impl/configuration/service_instance_deployment.h:17[m[K,
                 from [01m[K./score/mw/com/impl/configuration/configuration.h:18[m[K,
                 from [01m[K./score/mw/com/impl/plumbing/binding_runtime_factory.h:16[m[K,
                 from [01m[Kscore/mw/com/impl/plumbing/binding_runtime_factory.cpp:13[m[K:
[01m[K./score/mw/com/impl/com_error.h:[m[K In member function '[01m[Kvirtual std::string_view score::mw::com::impl::ComErrorDomain::[01;32m[KMessageFor[m[K(const score::result::ErrorCode&) const[m[K':
[01m[K./score/mw/com/impl/com_error.h:186:65:[m[K [01;35m[Kwarning: [m[K'[01m[Kscore::mw::com::impl::ComErrc::kServiceInstanceAlreadyOffered[m[K' is deprecated: Value has never been used. Calls to OfferService shall be idempotent. [[01;35m[K-Wdeprecated-declarations[m[K]
  186 |             case static_cast<score::result::ErrorCode>(ComErrc::[01;35m[KkServiceInstanceAlreadyOffered[m[K):
      |                                                                 [01;35m[K^~~~~~~~~~~~~~~~~~~~~~~~~~~~~~[m[K
[01m[K./score/mw/com/impl/com_error.h:57:5:[m[K [01;36m[Knote: [m[Kdeclared here
   57 |     [01;36m[KkServiceInstanceAlreadyOffered[m[K
      |     [01;36m[K^~~~~~~~~~~~~~~~~~~~~~~~~~~~~~[m[K
[32mINFO: [0mFrom Compiling score/mw/com/impl/plumbing/proxy_binding_factory.cpp:
In file included from [01m[K./score/mw/com/impl/instance_identifier.h:16[m[K,
                 from [01m[K./score/mw/com/impl/handle_type.h:18[m[K,
                 from [01m[K./score/mw/com/impl/plumbing/proxy_binding_factory.h:16[m[K,
                 from [01m[Kscore/mw/com/impl/plumbing/proxy_binding_factory.cpp:13[m[K:
[01m[K./score/mw/com/impl/com_error.h:[m[K In member function '[01m[Kvirtual std::string_view score::mw::com::impl::ComErrorDomain::[01;32m[KMessageFor[m[K(const score::result::ErrorCode&) const[m[K':
[01m[K./score/mw/com/impl/com_error.h:186:65:[m[K [01;35m[Kwarning: [m[K'[01m[Kscore::mw::com::impl::ComErrc::kServiceInstanceAlreadyOffered[m[K' is deprecated: Value has never been used. Calls to OfferService shall be idempotent. [[01;35m[K-Wdeprecated-declarations[m[K]
  186 |             case static_cast<score::result::ErrorCode>(ComErrc::[01;35m[KkServiceInstanceAlreadyOffered[m[K):
      |                                                                 [01;35m[K^~~~~~~~~~~~~~~~~~~~~~~~~~~~~~[m[K
[01m[K./score/mw/com/impl/com_error.h:57:5:[m[K [01;36m[Knote: [m[Kdeclared here
   57 |     [01;36m[KkServiceInstanceAlreadyOffered[m[K
      |     [01;36m[K^~~~~~~~~~~~~~~~~~~~~~~~~~~~~~[m[K
[32mINFO: [0mFrom Compiling score/mw/com/impl/plumbing/proxy_binding_factory_impl.cpp:
In file included from [01m[K./score/mw/com/impl/instance_identifier.h:16[m[K,
                 from [01m[K./score/mw/com/impl/handle_type.h:18[m[K,
                 from [01m[K./score/mw/com/impl/plumbing/i_proxy_binding_factory.h:16[m[K,
                 from [01m[K./score/mw/com/impl/plumbing/proxy_binding_factory_impl.h:16[m[K,
                 from [01m[Kscore/mw/com/impl/plumbing/proxy_binding_factory_impl.cpp:13[m[K:
[01m[K./score/mw/com/impl/com_error.h:[m[K In member function '[01m[Kvirtual std::string_view score::mw::com::impl::ComErrorDomain::[01;32m[KMessageFor[m[K(const score::result::ErrorCode&) const[m[K':
[01m[K./score/mw/com/impl/com_error.h:186:65:[m[K [01;35m[Kwarning: [m[K'[01m[Kscore::mw::com::impl::ComErrc::kServiceInstanceAlreadyOffered[m[K' is deprecated: Value has never been used. Calls to OfferService shall be idempotent. [[01;35m[K-Wdeprecated-declarations[m[K]
  186 |             case static_cast<score::result::ErrorCode>(ComErrc::[01;35m[KkServiceInstanceAlreadyOffered[m[K):
      |                                                                 [01;35m[K^~~~~~~~~~~~~~~~~~~~~~~~~~~~~~[m[K
[01m[K./score/mw/com/impl/com_error.h:57:5:[m[K [01;36m[Knote: [m[Kdeclared here
   57 |     [01;36m[KkServiceInstanceAlreadyOffered[m[K
      |     [01;36m[K^~~~~~~~~~~~~~~~~~~~~~~~~~~~~~[m[K
[32mINFO: [0mFrom Compiling score/mw/com/impl/plumbing/i_skeleton_method_binding_factory.cpp:
In file included from [01m[K./score/mw/com/impl/instance_identifier.h:16[m[K,
                 from [01m[K./score/mw/com/impl/handle_type.h:18[m[K,
                 from [01m[K./score/mw/com/impl/plumbing/i_skeleton_method_binding_factory.h:16[m[K,
                 from [01m[Kscore/mw/com/impl/plumbing/i_skeleton_method_binding_factory.cpp:13[m[K:
[01m[K./score/mw/com/impl/com_error.h:[m[K In member function '[01m[Kvirtual std::string_view score::mw::com::impl::ComErrorDomain::[01;32m[KMessageFor[m[K(const score::result::ErrorCode&) const[m[K':
[01m[K./score/mw/com/impl/com_error.h:186:65:[m[K [01;35m[Kwarning: [m[K'[01m[Kscore::mw::com::impl::ComErrc::kServiceInstanceAlreadyOffered[m[K' is deprecated: Value has never been used. Calls to OfferService shall be idempotent. [[01;35m[K-Wdeprecated-declarations[m[K]
  186 |             case static_cast<score::result::ErrorCode>(ComErrc::[01;35m[KkServiceInstanceAlreadyOffered[m[K):
      |                                                                 [01;35m[K^~~~~~~~~~~~~~~~~~~~~~~~~~~~~~[m[K
[01m[K./score/mw/com/impl/com_error.h:57:5:[m[K [01;36m[Knote: [m[Kdeclared here
   57 |     [01;36m[KkServiceInstanceAlreadyOffered[m[K
      |     [01;36m[K^~~~~~~~~~~~~~~~~~~~~~~~~~~~~~[m[K
[32mINFO: [0mFrom Compiling score/mw/com/impl/plumbing/skeleton_binding_factory_impl.cpp:
In file included from [01m[K./score/mw/com/impl/instance_identifier.h:16[m[K,
                 from [01m[K./score/mw/com/impl/plumbing/skeleton_binding_factory_impl.h:16[m[K,
                 from [01m[Kscore/mw/com/impl/plumbing/skeleton_binding_factory_impl.cpp:13[m[K:
[01m[K./score/mw/com/impl/com_error.h:[m[K In member function '[01m[Kvirtual std::string_view score::mw::com::impl::ComErrorDomain::[01;32m[KMessageFor[m[K(const score::result::ErrorCode&) const[m[K':
[01m[K./score/mw/com/impl/com_error.h:186:65:[m[K [01;35m[Kwarning: [m[K'[01m[Kscore::mw::com::impl::ComErrc::kServiceInstanceAlreadyOffered[m[K' is deprecated: Value has never been used. Calls to OfferService shall be idempotent. [[01;35m[K-Wdeprecated-declarations[m[K]
  186 |             case static_cast<score::result::ErrorCode>(ComErrc::[01;35m[KkServiceInstanceAlreadyOffered[m[K):
      |                                                                 [01;35m[K^~~~~~~~~~~~~~~~~~~~~~~~~~~~~~[m[K
[01m[K./score/mw/com/impl/com_error.h:57:5:[m[K [01;36m[Knote: [m[Kdeclared here
   57 |     [01;36m[KkServiceInstanceAlreadyOffered[m[K
      |     [01;36m[K^~~~~~~~~~~~~~~~~~~~~~~~~~~~~~[m[K
[32mINFO: [0mFrom Compiling score/mw/com/impl/skeleton_base.cpp:
In file included from [01m[K./score/mw/com/impl/instance_identifier.h:16[m[K,
                 from [01m[K./score/mw/com/impl/skeleton_base.h:17[m[K,
                 from [01m[Kscore/mw/com/impl/skeleton_base.cpp:13[m[K:
[01m[K./score/mw/com/impl/com_error.h:[m[K In member function '[01m[Kvirtual std::string_view score::mw::com::impl::ComErrorDomain::[01;32m[KMessageFor[m[K(const score::result::ErrorCode&) const[m[K':
[01m[K./score/mw/com/impl/com_error.h:186:65:[m[K [01;35m[Kwarning: [m[K'[01m[Kscore::mw::com::impl::ComErrc::kServiceInstanceAlreadyOffered[m[K' is deprecated: Value has never been used. Calls to OfferService shall be idempotent. [[01;35m[K-Wdeprecated-declarations[m[K]
  186 |             case static_cast<score::result::ErrorCode>(ComErrc::[01;35m[KkServiceInstanceAlreadyOffered[m[K):
      |                                                                 [01;35m[K^~~~~~~~~~~~~~~~~~~~~~~~~~~~~~[m[K
[01m[K./score/mw/com/impl/com_error.h:57:5:[m[K [01;36m[Knote: [m[Kdeclared here
   57 |     [01;36m[KkServiceInstanceAlreadyOffered[m[K
      |     [01;36m[K^~~~~~~~~~~~~~~~~~~~~~~~~~~~~~[m[K
[32mINFO: [0mFrom Compiling score/mw/com/impl/plumbing/skeleton_method_binding_factory.cpp:
In file included from [01m[K./score/mw/com/impl/instance_identifier.h:16[m[K,
                 from [01m[K./score/mw/com/impl/plumbing/skeleton_method_binding_factory.h:16[m[K,
                 from [01m[Kscore/mw/com/impl/plumbing/skeleton_method_binding_factory.cpp:13[m[K:
[01m[K./score/mw/com/impl/com_error.h:[m[K In member function '[01m[Kvirtual std::string_view score::mw::com::impl::ComErrorDomain::[01;32m[KMessageFor[m[K(const score::result::ErrorCode&) const[m[K':
[01m[K./score/mw/com/impl/com_error.h:186:65:[m[K [01;35m[Kwarning: [m[K'[01m[Kscore::mw::com::impl::ComErrc::kServiceInstanceAlreadyOffered[m[K' is deprecated: Value has never been used. Calls to OfferService shall be idempotent. [[01;35m[K-Wdeprecated-declarations[m[K]
  186 |             case static_cast<score::result::ErrorCode>(ComErrc::[01;35m[KkServiceInstanceAlreadyOffered[m[K):
      |                                                                 [01;35m[K^~~~~~~~~~~~~~~~~~~~~~~~~~~~~~[m[K
[01m[K./score/mw/com/impl/com_error.h:57:5:[m[K [01;36m[Knote: [m[Kdeclared here
   57 |     [01;36m[KkServiceInstanceAlreadyOffered[m[K
      |     [01;36m[K^~~~~~~~~~~~~~~~~~~~~~~~~~~~~~[m[K
[32m[1,403 / 1,606][0m Compiling score/mw/com/impl/plumbing/skeleton_service_element_binding_factory_impl.cpp; 3s disk-cache, linux-sandbox ... (4 actions, 3 running)
[32mINFO: [0mFrom Compiling score/mw/com/impl/plumbing/skeleton_service_element_binding_factory_impl.cpp:
In file included from [01m[K./score/mw/com/impl/instance_identifier.h:16[m[K,
                 from [01m[K./score/mw/com/impl/handle_type.h:18[m[K,
                 from [01m[K./score/mw/com/impl/enriched_instance_identifier.h:17[m[K,
                 from [01m[K./score/mw/com/impl/i_service_discovery_client.h:16[m[K,
                 from [01m[K./score/mw/com/impl/i_binding_runtime.h:17[m[K,
                 from [01m[K./score/mw/com/impl/bindings/lola/i_runtime.h:20[m[K,
                 from [01m[K./score/mw/com/impl/bindings/lola/service_data_storage.h:20[m[K,
                 from [01m[K./score/mw/com/impl/bindings/lola/skeleton_memory_manager.h:20[m[K,
                 from [01m[K./score/mw/com/impl/bindings/lola/skeleton.h:32[m[K,
                 from [01m[K./score/mw/com/impl/plumbing/skeleton_service_element_binding_factory_impl.h:17[m[K,
                 from [01m[Kscore/mw/com/impl/plumbing/skeleton_service_element_binding_factory_impl.cpp:13[m[K:
[01m[K./score/mw/com/impl/com_error.h:[m[K In member function '[01m[Kvirtual std::string_view score::mw::com::impl::ComErrorDomain::[01;32m[KMessageFor[m[K(const score::result::ErrorCode&) const[m[K':
[01m[K./score/mw/com/impl/com_error.h:186:65:[m[K [01;35m[Kwarning: [m[K'[01m[Kscore::mw::com::impl::ComErrc::kServiceInstanceAlreadyOffered[m[K' is deprecated: Value has never been used. Calls to OfferService shall be idempotent. [[01;35m[K-Wdeprecated-declarations[m[K]
  186 |             case static_cast<score::result::ErrorCode>(ComErrc::[01;35m[KkServiceInstanceAlreadyOffered[m[K):
      |                                                                 [01;35m[K^~~~~~~~~~~~~~~~~~~~~~~~~~~~~~[m[K
[01m[K./score/mw/com/impl/com_error.h:57:5:[m[K [01;36m[Knote: [m[Kdeclared here
   57 |     [01;36m[KkServiceInstanceAlreadyOffered[m[K
      |     [01;36m[K^~~~~~~~~~~~~~~~~~~~~~~~~~~~~~[m[K
[32mINFO: [0mFrom Compiling score/mw/com/impl/plumbing/skeleton_method_binding_factory_impl.cpp:
In file included from [01m[K./score/mw/com/impl/instance_identifier.h:16[m[K,
                 from [01m[K./score/mw/com/impl/handle_type.h:18[m[K,
                 from [01m[K./score/mw/com/impl/plumbing/skeleton_method_binding_factory_impl.h:16[m[K,
                 from [01m[Kscore/mw/com/impl/plumbing/skeleton_method_binding_factory_impl.cpp:13[m[K:
[01m[K./score/mw/com/impl/com_error.h:[m[K In member function '[01m[Kvirtual std::string_view score::mw::com::impl::ComErrorDomain::[01;32m[KMessageFor[m[K(const score::result::ErrorCode&) const[m[K':
[01m[K./score/mw/com/impl/com_error.h:186:65:[m[K [01;35m[Kwarning: [m[K'[01m[Kscore::mw::com::impl::ComErrc::kServiceInstanceAlreadyOffered[m[K' is deprecated: Value has never been used. Calls to OfferService shall be idempotent. [[01;35m[K-Wdeprecated-declarations[m[K]
  186 |             case static_cast<score::result::ErrorCode>(ComErrc::[01;35m[KkServiceInstanceAlreadyOffered[m[K):
      |                                                                 [01;35m[K^~~~~~~~~~~~~~~~~~~~~~~~~~~~~~[m[K
[01m[K./score/mw/com/impl/com_error.h:57:5:[m[K [01;36m[Knote: [m[Kdeclared here
   57 |     [01;36m[KkServiceInstanceAlreadyOffered[m[K
      |     [01;36m[K^~~~~~~~~~~~~~~~~~~~~~~~~~~~~~[m[K
[32mINFO: [0mFrom Compiling score/mw/com/impl/methods/skeleton_method.cpp:
In file included from [01m[K./score/mw/com/impl/instance_identifier.h:16[m[K,
                 from [01m[K./score/mw/com/impl/plumbing/skeleton_method_binding_factory.h:16[m[K,
                 from [01m[K./score/mw/com/impl/methods/skeleton_method.h:21[m[K,
                 from [01m[Kscore/mw/com/impl/methods/skeleton_method.cpp:13[m[K:
[01m[K./score/mw/com/impl/com_error.h:[m[K In member function '[01m[Kvirtual std::string_view score::mw::com::impl::ComErrorDomain::[01;32m[KMessageFor[m[K(const score::result::ErrorCode&) const[m[K':
[01m[K./score/mw/com/impl/com_error.h:186:65:[m[K [01;35m[Kwarning: [m[K'[01m[Kscore::mw::com::impl::ComErrc::kServiceInstanceAlreadyOffered[m[K' is deprecated: Value has never been used. Calls to OfferService shall be idempotent. [[01;35m[K-Wdeprecated-declarations[m[K]
  186 |             case static_cast<score::result::ErrorCode>(ComErrc::[01;35m[KkServiceInstanceAlreadyOffered[m[K):
      |                                                                 [01;35m[K^~~~~~~~~~~~~~~~~~~~~~~~~~~~~~[m[K
[01m[K./score/mw/com/impl/com_error.h:57:5:[m[K [01;36m[Knote: [m[Kdeclared here
   57 |     [01;36m[KkServiceInstanceAlreadyOffered[m[K
      |     [01;36m[K^~~~~~~~~~~~~~~~~~~~~~~~~~~~~~[m[K
[32mINFO: [0mFrom Compiling score/mw/com/impl/plumbing/lola_proxy_element_building_blocks.cpp:
In file included from [01m[K./score/mw/com/impl/instance_identifier.h:16[m[K,
                 from [01m[K./score/mw/com/impl/handle_type.h:18[m[K,
                 from [01m[K./score/mw/com/impl/plumbing/lola_proxy_element_building_blocks.h:18[m[K,
                 from [01m[Kscore/mw/com/impl/plumbing/lola_proxy_element_building_blocks.cpp:13[m[K:
[01m[K./score/mw/com/impl/com_error.h:[m[K In member function '[01m[Kvirtual std::string_view score::mw::com::impl::ComErrorDomain::[01;32m[KMessageFor[m[K(const score::result::ErrorCode&) const[m[K':
[01m[K./score/mw/com/impl/com_error.h:186:65:[m[K [01;35m[Kwarning: [m[K'[01m[Kscore::mw::com::impl::ComErrc::kServiceInstanceAlreadyOffered[m[K' is deprecated: Value has never been used. Calls to OfferService shall be idempotent. [[01;35m[K-Wdeprecated-declarations[m[K]
  186 |             case static_cast<score::result::ErrorCode>(ComErrc::[01;35m[KkServiceInstanceAlreadyOffered[m[K):
      |                                                                 [01;35m[K^~~~~~~~~~~~~~~~~~~~~~~~~~~~~~[m[K
[01m[K./score/mw/com/impl/com_error.h:57:5:[m[K [01;36m[Knote: [m[Kdeclared here
   57 |     [01;36m[KkServiceInstanceAlreadyOffered[m[K
      |     [01;36m[K^~~~~~~~~~~~~~~~~~~~~~~~~~~~~~[m[K
[32mINFO: [0mFrom Compiling score/mw/com/impl/tracing/proxy_event_tracing.cpp:
In file included from [01m[K./score/mw/com/impl/instance_identifier.h:16[m[K,
                 from [01m[K./score/mw/com/impl/tracing/proxy_event_tracing.h:23[m[K,
                 from [01m[Kscore/mw/com/impl/tracing/proxy_event_tracing.cpp:17[m[K:
[01m[K./score/mw/com/impl/com_error.h:[m[K In member function '[01m[Kvirtual std::string_view score::mw::com::impl::ComErrorDomain::[01;32m[KMessageFor[m[K(const score::result::ErrorCode&) const[m[K':
[01m[K./score/mw/com/impl/com_error.h:186:65:[m[K [01;35m[Kwarning: [m[K'[01m[Kscore::mw::com::impl::ComErrc::kServiceInstanceAlreadyOffered[m[K' is deprecated: Value has never been used. Calls to OfferService shall be idempotent. [[01;35m[K-Wdeprecated-declarations[m[K]
  186 |             case static_cast<score::result::ErrorCode>(ComErrc::[01;35m[KkServiceInstanceAlreadyOffered[m[K):
      |                                                                 [01;35m[K^~~~~~~~~~~~~~~~~~~~~~~~~~~~~~[m[K
[01m[K./score/mw/com/impl/com_error.h:57:5:[m[K [01;36m[Knote: [m[Kdeclared here
   57 |     [01;36m[KkServiceInstanceAlreadyOffered[m[K
      |     [01;36m[K^~~~~~~~~~~~~~~~~~~~~~~~~~~~~~[m[K
[32mINFO: [0mFrom Compiling score/mw/com/impl/proxy_event_base.cpp:
In file included from [01m[Kscore/mw/com/impl/proxy_event_base.cpp:16[m[K:
[01m[K./score/mw/com/impl/com_error.h:[m[K In member function '[01m[Kvirtual std::string_view score::mw::com::impl::ComErrorDomain::[01;32m[KMessageFor[m[K(const score::result::ErrorCode&) const[m[K':
[01m[K./score/mw/com/impl/com_error.h:186:65:[m[K [01;35m[Kwarning: [m[K'[01m[Kscore::mw::com::impl::ComErrc::kServiceInstanceAlreadyOffered[m[K' is deprecated: Value has never been used. Calls to OfferService shall be idempotent. [[01;35m[K-Wdeprecated-declarations[m[K]
  186 |             case static_cast<score::result::ErrorCode>(ComErrc::[01;35m[KkServiceInstanceAlreadyOffered[m[K):
      |                                                                 [01;35m[K^~~~~~~~~~~~~~~~~~~~~~~~~~~~~~[m[K
[01m[K./score/mw/com/impl/com_error.h:57:5:[m[K [01;36m[Knote: [m[Kdeclared here
   57 |     [01;36m[KkServiceInstanceAlreadyOffered[m[K
      |     [01;36m[K^~~~~~~~~~~~~~~~~~~~~~~~~~~~~~[m[K
[32mINFO: [0mFrom Compiling score/mw/com/impl/plumbing/i_proxy_method_binding_factory.cpp:
In file included from [01m[K./score/mw/com/impl/instance_identifier.h:16[m[K,
                 from [01m[K./score/mw/com/impl/handle_type.h:18[m[K,
                 from [01m[K./score/mw/com/impl/plumbing/i_proxy_method_binding_factory.h:16[m[K,
                 from [01m[Kscore/mw/com/impl/plumbing/i_proxy_method_binding_factory.cpp:13[m[K:
[01m[K./score/mw/com/impl/com_error.h:[m[K In member function '[01m[Kvirtual std::string_view score::mw::com::impl::ComErrorDomain::[01;32m[KMessageFor[m[K(const score::result::ErrorCode&) const[m[K':
[01m[K./score/mw/com/impl/com_error.h:186:65:[m[K [01;35m[Kwarning: [m[K'[01m[Kscore::mw::com::impl::ComErrc::kServiceInstanceAlreadyOffered[m[K' is deprecated: Value has never been used. Calls to OfferService shall be idempotent. [[01;35m[K-Wdeprecated-declarations[m[K]
  186 |             case static_cast<score::result::ErrorCode>(ComErrc::[01;35m[KkServiceInstanceAlreadyOffered[m[K):
      |                                                                 [01;35m[K^~~~~~~~~~~~~~~~~~~~~~~~~~~~~~[m[K
[01m[K./score/mw/com/impl/com_error.h:57:5:[m[K [01;36m[Knote: [m[Kdeclared here
   57 |     [01;36m[KkServiceInstanceAlreadyOffered[m[K
      |     [01;36m[K^~~~~~~~~~~~~~~~~~~~~~~~~~~~~~[m[K
[32mINFO: [0mFrom Compiling score/mw/com/impl/proxy_base.cpp:
In file included from [01m[K./score/mw/com/impl/instance_identifier.h:16[m[K,
                 from [01m[K./score/mw/com/impl/handle_type.h:18[m[K,
                 from [01m[K./score/mw/com/impl/proxy_base.h:18[m[K,
                 from [01m[Kscore/mw/com/impl/proxy_base.cpp:13[m[K:
[01m[K./score/mw/com/impl/com_error.h:[m[K In member function '[01m[Kvirtual std::string_view score::mw::com::impl::ComErrorDomain::[01;32m[KMessageFor[m[K(const score::result::ErrorCode&) const[m[K':
[01m[K./score/mw/com/impl/com_error.h:186:65:[m[K [01;35m[Kwarning: [m[K'[01m[Kscore::mw::com::impl::ComErrc::kServiceInstanceAlreadyOffered[m[K' is deprecated: Value has never been used. Calls to OfferService shall be idempotent. [[01;35m[K-Wdeprecated-declarations[m[K]
  186 |             case static_cast<score::result::ErrorCode>(ComErrc::[01;35m[KkServiceInstanceAlreadyOffered[m[K):
      |                                                                 [01;35m[K^~~~~~~~~~~~~~~~~~~~~~~~~~~~~~[m[K
[01m[K./score/mw/com/impl/com_error.h:57:5:[m[K [01;36m[Knote: [m[Kdeclared here
   57 |     [01;36m[KkServiceInstanceAlreadyOffered[m[K
      |     [01;36m[K^~~~~~~~~~~~~~~~~~~~~~~~~~~~~~[m[K
[32mINFO: [0mFrom Compiling score/mw/com/impl/plumbing/proxy_method_binding_factory_impl.cpp:
In file included from [01m[K./score/mw/com/impl/instance_identifier.h:16[m[K,
                 from [01m[K./score/mw/com/impl/handle_type.h:18[m[K,
                 from [01m[K./score/mw/com/impl/enriched_instance_identifier.h:17[m[K,
                 from [01m[K./score/mw/com/impl/i_service_discovery_client.h:16[m[K,
                 from [01m[K./score/mw/com/impl/i_binding_runtime.h:17[m[K,
                 from [01m[K./score/mw/com/impl/bindings/lola/i_runtime.h:20[m[K,
                 from [01m[K./score/mw/com/impl/bindings/lola/proxy_method.h:17[m[K,
                 from [01m[K./score/mw/com/impl/bindings/lola/proxy.h:24[m[K,
                 from [01m[K./score/mw/com/impl/plumbing/proxy_method_binding_factory_impl.h:19[m[K,
                 from [01m[Kscore/mw/com/impl/plumbing/proxy_method_binding_factory_impl.cpp:13[m[K:
[01m[K./score/mw/com/impl/com_error.h:[m[K In member function '[01m[Kvirtual std::string_view score::mw::com::impl::ComErrorDomain::[01;32m[KMessageFor[m[K(const score::result::ErrorCode&) const[m[K':
[01m[K./score/mw/com/impl/com_error.h:186:65:[m[K [01;35m[Kwarning: [m[K'[01m[Kscore::mw::com::impl::ComErrc::kServiceInstanceAlreadyOffered[m[K' is deprecated: Value has never been used. Calls to OfferService shall be idempotent. [[01;35m[K-Wdeprecated-declarations[m[K]
  186 |             case static_cast<score::result::ErrorCode>(ComErrc::[01;35m[KkServiceInstanceAlreadyOffered[m[K):
      |                                                                 [01;35m[K^~~~~~~~~~~~~~~~~~~~~~~~~~~~~~[m[K
[01m[K./score/mw/com/impl/com_error.h:57:5:[m[K [01;36m[Knote: [m[Kdeclared here
   57 |     [01;36m[KkServiceInstanceAlreadyOffered[m[K
      |     [01;36m[K^~~~~~~~~~~~~~~~~~~~~~~~~~~~~~[m[K
[32mINFO: [0mFrom Compiling score/mw/com/impl/plumbing/proxy_method_binding_factory.cpp:
In file included from [01m[K./score/mw/com/impl/instance_identifier.h:16[m[K,
                 from [01m[K./score/mw/com/impl/handle_type.h:18[m[K,
                 from [01m[K./score/mw/com/impl/plumbing/i_proxy_method_binding_factory.h:16[m[K,
                 from [01m[K./score/mw/com/impl/plumbing/proxy_method_binding_factory.h:17[m[K,
                 from [01m[Kscore/mw/com/impl/plumbing/proxy_method_binding_factory.cpp:13[m[K:
[01m[K./score/mw/com/impl/com_error.h:[m[K In member function '[01m[Kvirtual std::string_view score::mw::com::impl::ComErrorDomain::[01;32m[KMessageFor[m[K(const score::result::ErrorCode&) const[m[K':
[01m[K./score/mw/com/impl/com_error.h:186:65:[m[K [01;35m[Kwarning: [m[K'[01m[Kscore::mw::com::impl::ComErrc::kServiceInstanceAlreadyOffered[m[K' is deprecated: Value has never been used. Calls to OfferService shall be idempotent. [[01;35m[K-Wdeprecated-declarations[m[K]
  186 |             case static_cast<score::result::ErrorCode>(ComErrc::[01;35m[KkServiceInstanceAlreadyOffered[m[K):
      |                                                                 [01;35m[K^~~~~~~~~~~~~~~~~~~~~~~~~~~~~~[m[K
[01m[K./score/mw/com/impl/com_error.h:57:5:[m[K [01;36m[Knote: [m[Kdeclared here
   57 |     [01;36m[KkServiceInstanceAlreadyOffered[m[K
      |     [01;36m[K^~~~~~~~~~~~~~~~~~~~~~~~~~~~~~[m[K
[32mINFO: [0mFrom Compiling score/mw/com/impl/methods/proxy_method_without_in_args_or_return.cpp:
In file included from [01m[K./score/mw/com/impl/instance_identifier.h:16[m[K,
                 from [01m[K./score/mw/com/impl/handle_type.h:18[m[K,
                 from [01m[K./score/mw/com/impl/enriched_instance_identifier.h:17[m[K,
                 from [01m[K./score/mw/com/impl/i_service_discovery_client.h:16[m[K,
                 from [01m[K./score/mw/com/impl/i_binding_runtime.h:17[m[K,
                 from [01m[K./score/mw/com/impl/bindings/lola/i_runtime.h:20[m[K,
                 from [01m[K./score/mw/com/impl/bindings/lola/proxy_method.h:17[m[K,
                 from [01m[K./score/mw/com/impl/bindings/lola/proxy.h:24[m[K,
                 from [01m[K./score/mw/com/impl/methods/proxy_method.h:16[m[K,
                 from [01m[K./score/mw/com/impl/methods/proxy_method_without_in_args_or_return.h:17[m[K,
                 from [01m[Kscore/mw/com/impl/methods/proxy_method_without_in_args_or_return.cpp:13[m[K:
[01m[K./score/mw/com/impl/com_error.h:[m[K In member function '[01m[Kvirtual std::string_view score::mw::com::impl::ComErrorDomain::[01;32m[KMessageFor[m[K(const score::result::ErrorCode&) const[m[K':
[01m[K./score/mw/com/impl/com_error.h:186:65:[m[K [01;35m[Kwarning: [m[K'[01m[Kscore::mw::com::impl::ComErrc::kServiceInstanceAlreadyOffered[m[K' is deprecated: Value has never been used. Calls to OfferService shall be idempotent. [[01;35m[K-Wdeprecated-declarations[m[K]
  186 |             case static_cast<score::result::ErrorCode>(ComErrc::[01;35m[KkServiceInstanceAlreadyOffered[m[K):
      |                                                                 [01;35m[K^~~~~~~~~~~~~~~~~~~~~~~~~~~~~~[m[K
[01m[K./score/mw/com/impl/com_error.h:57:5:[m[K [01;36m[Knote: [m[Kdeclared here
   57 |     [01;36m[KkServiceInstanceAlreadyOffered[m[K
      |     [01;36m[K^~~~~~~~~~~~~~~~~~~~~~~~~~~~~~[m[K
[32m[1,435 / 1,606][0m Compiling score/mw/com/impl/methods/proxy_method_with_return_type.cpp; 2s disk-cache, linux-sandbox ... (4 actions, 3 running)
[32mINFO: [0mFrom Compiling score/mw/com/impl/methods/proxy_method_with_return_type.cpp:
In file included from [01m[K./score/mw/com/impl/instance_identifier.h:16[m[K,
                 from [01m[K./score/mw/com/impl/handle_type.h:18[m[K,
                 from [01m[K./score/mw/com/impl/enriched_instance_identifier.h:17[m[K,
                 from [01m[K./score/mw/com/impl/i_service_discovery_client.h:16[m[K,
                 from [01m[K./score/mw/com/impl/i_binding_runtime.h:17[m[K,
                 from [01m[K./score/mw/com/impl/bindings/lola/i_runtime.h:20[m[K,
                 from [01m[K./score/mw/com/impl/bindings/lola/proxy_method.h:17[m[K,
                 from [01m[K./score/mw/com/impl/bindings/lola/proxy.h:24[m[K,
                 from [01m[K./score/mw/com/impl/methods/proxy_method.h:16[m[K,
                 from [01m[K./score/mw/com/impl/methods/proxy_method_with_return_type.h:18[m[K,
                 from [01m[Kscore/mw/com/impl/methods/proxy_method_with_return_type.cpp:13[m[K:
[01m[K./score/mw/com/impl/com_error.h:[m[K In member function '[01m[Kvirtual std::string_view score::mw::com::impl::ComErrorDomain::[01;32m[KMessageFor[m[K(const score::result::ErrorCode&) const[m[K':
[01m[K./score/mw/com/impl/com_error.h:186:65:[m[K [01;35m[Kwarning: [m[K'[01m[Kscore::mw::com::impl::ComErrc::kServiceInstanceAlreadyOffered[m[K' is deprecated: Value has never been used. Calls to OfferService shall be idempotent. [[01;35m[K-Wdeprecated-declarations[m[K]
  186 |             case static_cast<score::result::ErrorCode>(ComErrc::[01;35m[KkServiceInstanceAlreadyOffered[m[K):
      |                                                                 [01;35m[K^~~~~~~~~~~~~~~~~~~~~~~~~~~~~~[m[K
[01m[K./score/mw/com/impl/com_error.h:57:5:[m[K [01;36m[Knote: [m[Kdeclared here
   57 |     [01;36m[KkServiceInstanceAlreadyOffered[m[K
      |     [01;36m[K^~~~~~~~~~~~~~~~~~~~~~~~~~~~~~[m[K
[32mINFO: [0mFrom Compiling score/mw/com/impl/methods/proxy_method_with_in_args_and_return.cpp:
In file included from [01m[K./score/mw/com/impl/instance_identifier.h:16[m[K,
                 from [01m[K./score/mw/com/impl/handle_type.h:18[m[K,
                 from [01m[K./score/mw/com/impl/enriched_instance_identifier.h:17[m[K,
                 from [01m[K./score/mw/com/impl/i_service_discovery_client.h:16[m[K,
                 from [01m[K./score/mw/com/impl/i_binding_runtime.h:17[m[K,
                 from [01m[K./score/mw/com/impl/bindings/lola/i_runtime.h:20[m[K,
                 from [01m[K./score/mw/com/impl/bindings/lola/proxy_method.h:17[m[K,
                 from [01m[K./score/mw/com/impl/bindings/lola/proxy.h:24[m[K,
                 from [01m[K./score/mw/com/impl/methods/proxy_method.h:16[m[K,
                 from [01m[K./score/mw/com/impl/methods/proxy_method_with_in_args_and_return.h:18[m[K,
                 from [01m[Kscore/mw/com/impl/methods/proxy_method_with_in_args_and_return.cpp:13[m[K:
[01m[K./score/mw/com/impl/com_error.h:[m[K In member function '[01m[Kvirtual std::string_view score::mw::com::impl::ComErrorDomain::[01;32m[KMessageFor[m[K(const score::result::ErrorCode&) const[m[K':
[01m[K./score/mw/com/impl/com_error.h:186:65:[m[K [01;35m[Kwarning: [m[K'[01m[Kscore::mw::com::impl::ComErrc::kServiceInstanceAlreadyOffered[m[K' is deprecated: Value has never been used. Calls to OfferService shall be idempotent. [[01;35m[K-Wdeprecated-declarations[m[K]
  186 |             case static_cast<score::result::ErrorCode>(ComErrc::[01;35m[KkServiceInstanceAlreadyOffered[m[K):
      |                                                                 [01;35m[K^~~~~~~~~~~~~~~~~~~~~~~~~~~~~~[m[K
[01m[K./score/mw/com/impl/com_error.h:57:5:[m[K [01;36m[Knote: [m[Kdeclared here
   57 |     [01;36m[KkServiceInstanceAlreadyOffered[m[K
      |     [01;36m[K^~~~~~~~~~~~~~~~~~~~~~~~~~~~~~[m[K
[32mINFO: [0mFrom Compiling score/mw/com/impl/methods/proxy_method_with_in_args.cpp:
In file included from [01m[K./score/mw/com/impl/instance_identifier.h:16[m[K,
                 from [01m[K./score/mw/com/impl/handle_type.h:18[m[K,
                 from [01m[K./score/mw/com/impl/enriched_instance_identifier.h:17[m[K,
                 from [01m[K./score/mw/com/impl/i_service_discovery_client.h:16[m[K,
                 from [01m[K./score/mw/com/impl/i_binding_runtime.h:17[m[K,
                 from [01m[K./score/mw/com/impl/bindings/lola/i_runtime.h:20[m[K,
                 from [01m[K./score/mw/com/impl/bindings/lola/proxy_method.h:17[m[K,
                 from [01m[K./score/mw/com/impl/bindings/lola/proxy.h:24[m[K,
                 from [01m[K./score/mw/com/impl/methods/proxy_method.h:16[m[K,
                 from [01m[K./score/mw/com/impl/methods/proxy_method_with_in_args.h:18[m[K,
                 from [01m[Kscore/mw/com/impl/methods/proxy_method_with_in_args.cpp:13[m[K:
[01m[K./score/mw/com/impl/com_error.h:[m[K In member function '[01m[Kvirtual std::string_view score::mw::com::impl::ComErrorDomain::[01;32m[KMessageFor[m[K(const score::result::ErrorCode&) const[m[K':
[01m[K./score/mw/com/impl/com_error.h:186:65:[m[K [01;35m[Kwarning: [m[K'[01m[Kscore::mw::com::impl::ComErrc::kServiceInstanceAlreadyOffered[m[K' is deprecated: Value has never been used. Calls to OfferService shall be idempotent. [[01;35m[K-Wdeprecated-declarations[m[K]
  186 |             case static_cast<score::result::ErrorCode>(ComErrc::[01;35m[KkServiceInstanceAlreadyOffered[m[K):
      |                                                                 [01;35m[K^~~~~~~~~~~~~~~~~~~~~~~~~~~~~~[m[K
[01m[K./score/mw/com/impl/com_error.h:57:5:[m[K [01;36m[Knote: [m[Kdeclared here
   57 |     [01;36m[KkServiceInstanceAlreadyOffered[m[K
      |     [01;36m[K^~~~~~~~~~~~~~~~~~~~~~~~~~~~~~[m[K
[32mINFO: [0mFrom Compiling score/mw/com/impl/methods/proxy_method.cpp:
In file included from [01m[K./score/mw/com/impl/instance_identifier.h:16[m[K,
                 from [01m[K./score/mw/com/impl/handle_type.h:18[m[K,
                 from [01m[K./score/mw/com/impl/enriched_instance_identifier.h:17[m[K,
                 from [01m[K./score/mw/com/impl/i_service_discovery_client.h:16[m[K,
                 from [01m[K./score/mw/com/impl/i_binding_runtime.h:17[m[K,
                 from [01m[K./score/mw/com/impl/bindings/lola/i_runtime.h:20[m[K,
                 from [01m[K./score/mw/com/impl/bindings/lola/proxy_method.h:17[m[K,
                 from [01m[K./score/mw/com/impl/bindings/lola/proxy.h:24[m[K,
                 from [01m[K./score/mw/com/impl/methods/proxy_method.h:16[m[K,
                 from [01m[Kscore/mw/com/impl/methods/proxy_method.cpp:13[m[K:
[01m[K./score/mw/com/impl/com_error.h:[m[K In member function '[01m[Kvirtual std::string_view score::mw::com::impl::ComErrorDomain::[01;32m[KMessageFor[m[K(const score::result::ErrorCode&) const[m[K':
[01m[K./score/mw/com/impl/com_error.h:186:65:[m[K [01;35m[Kwarning: [m[K'[01m[Kscore::mw::com::impl::ComErrc::kServiceInstanceAlreadyOffered[m[K' is deprecated: Value has never been used. Calls to OfferService shall be idempotent. [[01;35m[K-Wdeprecated-declarations[m[K]
  186 |             case static_cast<score::result::ErrorCode>(ComErrc::[01;35m[KkServiceInstanceAlreadyOffered[m[K):
      |                                                                 [01;35m[K^~~~~~~~~~~~~~~~~~~~~~~~~~~~~~[m[K
[01m[K./score/mw/com/impl/com_error.h:57:5:[m[K [01;36m[Knote: [m[Kdeclared here
   57 |     [01;36m[KkServiceInstanceAlreadyOffered[m[K
      |     [01;36m[K^~~~~~~~~~~~~~~~~~~~~~~~~~~~~~[m[K
[32mINFO: [0mFrom Compiling score/mw/com/impl/plumbing/i_skeleton_event_binding_factory.cpp:
In file included from [01m[K./score/mw/com/impl/instance_identifier.h:16[m[K,
                 from [01m[K./score/mw/com/impl/plumbing/i_skeleton_event_binding_factory.h:16[m[K,
                 from [01m[Kscore/mw/com/impl/plumbing/i_skeleton_event_binding_factory.cpp:13[m[K:
[01m[K./score/mw/com/impl/com_error.h:[m[K In member function '[01m[Kvirtual std::string_view score::mw::com::impl::ComErrorDomain::[01;32m[KMessageFor[m[K(const score::result::ErrorCode&) const[m[K':
[01m[K./score/mw/com/impl/com_error.h:186:65:[m[K [01;35m[Kwarning: [m[K'[01m[Kscore::mw::com::impl::ComErrc::kServiceInstanceAlreadyOffered[m[K' is deprecated: Value has never been used. Calls to OfferService shall be idempotent. [[01;35m[K-Wdeprecated-declarations[m[K]
  186 |             case static_cast<score::result::ErrorCode>(ComErrc::[01;35m[KkServiceInstanceAlreadyOffered[m[K):
      |                                                                 [01;35m[K^~~~~~~~~~~~~~~~~~~~~~~~~~~~~~[m[K
[01m[K./score/mw/com/impl/com_error.h:57:5:[m[K [01;36m[Knote: [m[Kdeclared here
   57 |     [01;36m[KkServiceInstanceAlreadyOffered[m[K
      |     [01;36m[K^~~~~~~~~~~~~~~~~~~~~~~~~~~~~~[m[K
[32mINFO: [0mFrom Compiling score/mw/com/impl/plumbing/i_proxy_event_binding_factory.cpp:
In file included from [01m[K./score/mw/com/impl/instance_identifier.h:16[m[K,
                 from [01m[K./score/mw/com/impl/handle_type.h:18[m[K,
                 from [01m[K./score/mw/com/impl/plumbing/i_proxy_event_binding_factory.h:17[m[K,
                 from [01m[Kscore/mw/com/impl/plumbing/i_proxy_event_binding_factory.cpp:13[m[K:
[01m[K./score/mw/com/impl/com_error.h:[m[K In member function '[01m[Kvirtual std::string_view score::mw::com::impl::ComErrorDomain::[01;32m[KMessageFor[m[K(const score::result::ErrorCode&) const[m[K':
[01m[K./score/mw/com/impl/com_error.h:186:65:[m[K [01;35m[Kwarning: [m[K'[01m[Kscore::mw::com::impl::ComErrc::kServiceInstanceAlreadyOffered[m[K' is deprecated: Value has never been used. Calls to OfferService shall be idempotent. [[01;35m[K-Wdeprecated-declarations[m[K]
  186 |             case static_cast<score::result::ErrorCode>(ComErrc::[01;35m[KkServiceInstanceAlreadyOffered[m[K):
      |                                                                 [01;35m[K^~~~~~~~~~~~~~~~~~~~~~~~~~~~~~[m[K
[01m[K./score/mw/com/impl/com_error.h:57:5:[m[K [01;36m[Knote: [m[Kdeclared here
   57 |     [01;36m[KkServiceInstanceAlreadyOffered[m[K
      |     [01;36m[K^~~~~~~~~~~~~~~~~~~~~~~~~~~~~~[m[K
[32mINFO: [0mFrom Compiling score/mw/com/impl/plumbing/skeleton_event_binding_factory_impl.cpp:
In file included from [01m[K./score/mw/com/impl/instance_identifier.h:16[m[K,
                 from [01m[K./score/mw/com/impl/plumbing/skeleton_event_binding_factory_impl.h:16[m[K,
                 from [01m[Kscore/mw/com/impl/plumbing/skeleton_event_binding_factory_impl.cpp:13[m[K:
[01m[K./score/mw/com/impl/com_error.h:[m[K In member function '[01m[Kvirtual std::string_view score::mw::com::impl::ComErrorDomain::[01;32m[KMessageFor[m[K(const score::result::ErrorCode&) const[m[K':
[01m[K./score/mw/com/impl/com_error.h:186:65:[m[K [01;35m[Kwarning: [m[K'[01m[Kscore::mw::com::impl::ComErrc::kServiceInstanceAlreadyOffered[m[K' is deprecated: Value has never been used. Calls to OfferService shall be idempotent. [[01;35m[K-Wdeprecated-declarations[m[K]
  186 |             case static_cast<score::result::ErrorCode>(ComErrc::[01;35m[KkServiceInstanceAlreadyOffered[m[K):
      |                                                                 [01;35m[K^~~~~~~~~~~~~~~~~~~~~~~~~~~~~~[m[K
[01m[K./score/mw/com/impl/com_error.h:57:5:[m[K [01;36m[Knote: [m[Kdeclared here
   57 |     [01;36m[KkServiceInstanceAlreadyOffered[m[K
      |     [01;36m[K^~~~~~~~~~~~~~~~~~~~~~~~~~~~~~[m[K
[32mINFO: [0mFrom Compiling score/mw/com/impl/plumbing/skeleton_event_binding_factory.cpp:
In file included from [01m[K./score/mw/com/impl/instance_identifier.h:16[m[K,
                 from [01m[K./score/mw/com/impl/handle_type.h:18[m[K,
                 from [01m[K./score/mw/com/impl/enriched_instance_identifier.h:17[m[K,
                 from [01m[K./score/mw/com/impl/i_service_discovery_client.h:16[m[K,
                 from [01m[K./score/mw/com/impl/i_binding_runtime.h:17[m[K,
                 from [01m[K./score/mw/com/impl/bindings/lola/i_runtime.h:20[m[K,
                 from [01m[K./score/mw/com/impl/bindings/lola/service_data_storage.h:20[m[K,
                 from [01m[K./score/mw/com/impl/bindings/lola/skeleton_memory_manager.h:20[m[K,
                 from [01m[K./score/mw/com/impl/bindings/lola/skeleton.h:32[m[K,
                 from [01m[K./score/mw/com/impl/bindings/lola/skeleton_event.h:21[m[K,
                 from [01m[K./score/mw/com/impl/plumbing/skeleton_event_binding_factory.h:16[m[K,
                 from [01m[Kscore/mw/com/impl/plumbing/skeleton_event_binding_factory.cpp:13[m[K:
[01m[K./score/mw/com/impl/com_error.h:[m[K In member function '[01m[Kvirtual std::string_view score::mw::com::impl::ComErrorDomain::[01;32m[KMessageFor[m[K(const score::result::ErrorCode&) const[m[K':
[01m[K./score/mw/com/impl/com_error.h:186:65:[m[K [01;35m[Kwarning: [m[K'[01m[Kscore::mw::com::impl::ComErrc::kServiceInstanceAlreadyOffered[m[K' is deprecated: Value has never been used. Calls to OfferService shall be idempotent. [[01;35m[K-Wdeprecated-declarations[m[K]
  186 |             case static_cast<score::result::ErrorCode>(ComErrc::[01;35m[KkServiceInstanceAlreadyOffered[m[K):
      |                                                                 [01;35m[K^~~~~~~~~~~~~~~~~~~~~~~~~~~~~~[m[K
[01m[K./score/mw/com/impl/com_error.h:57:5:[m[K [01;36m[Knote: [m[Kdeclared here
   57 |     [01;36m[KkServiceInstanceAlreadyOffered[m[K
      |     [01;36m[K^~~~~~~~~~~~~~~~~~~~~~~~~~~~~~[m[K
[32mINFO: [0mFrom Compiling score/mw/com/impl/plumbing/proxy_event_binding_factory_impl.cpp:
In file included from [01m[K./score/mw/com/impl/instance_identifier.h:16[m[K,
                 from [01m[K./score/mw/com/impl/handle_type.h:18[m[K,
                 from [01m[K./score/mw/com/impl/enriched_instance_identifier.h:17[m[K,
                 from [01m[K./score/mw/com/impl/i_service_discovery_client.h:16[m[K,
                 from [01m[K./score/mw/com/impl/i_binding_runtime.h:17[m[K,
                 from [01m[K./score/mw/com/impl/bindings/lola/i_runtime.h:20[m[K,
                 from [01m[K./score/mw/com/impl/bindings/lola/proxy_method.h:17[m[K,
                 from [01m[K./score/mw/com/impl/bindings/lola/proxy.h:24[m[K,
                 from [01m[K./score/mw/com/impl/plumbing/proxy_event_binding_factory_impl.h:16[m[K,
                 from [01m[Kscore/mw/com/impl/plumbing/proxy_event_binding_factory_impl.cpp:13[m[K:
[01m[K./score/mw/com/impl/com_error.h:[m[K In member function '[01m[Kvirtual std::string_view score::mw::com::impl::ComErrorDomain::[01;32m[KMessageFor[m[K(const score::result::ErrorCode&) const[m[K':
[01m[K./score/mw/com/impl/com_error.h:186:65:[m[K [01;35m[Kwarning: [m[K'[01m[Kscore::mw::com::impl::ComErrc::kServiceInstanceAlreadyOffered[m[K' is deprecated: Value has never been used. Calls to OfferService shall be idempotent. [[01;35m[K-Wdeprecated-declarations[m[K]
  186 |             case static_cast<score::result::ErrorCode>(ComErrc::[01;35m[KkServiceInstanceAlreadyOffered[m[K):
      |                                                                 [01;35m[K^~~~~~~~~~~~~~~~~~~~~~~~~~~~~~[m[K
[01m[K./score/mw/com/impl/com_error.h:57:5:[m[K [01;36m[Knote: [m[Kdeclared here
   57 |     [01;36m[KkServiceInstanceAlreadyOffered[m[K
      |     [01;36m[K^~~~~~~~~~~~~~~~~~~~~~~~~~~~~~[m[K
[32mINFO: [0mFrom Compiling score/mw/com/impl/plumbing/i_skeleton_field_binding_factory.cpp:
In file included from [01m[K./score/mw/com/impl/instance_identifier.h:16[m[K,
                 from [01m[K./score/mw/com/impl/plumbing/i_skeleton_field_binding_factory.h:17[m[K,
                 from [01m[Kscore/mw/com/impl/plumbing/i_skeleton_field_binding_factory.cpp:13[m[K:
[01m[K./score/mw/com/impl/com_error.h:[m[K In member function '[01m[Kvirtual std::string_view score::mw::com::impl::ComErrorDomain::[01;32m[KMessageFor[m[K(const score::result::ErrorCode&) const[m[K':
[01m[K./score/mw/com/impl/com_error.h:186:65:[m[K [01;35m[Kwarning: [m[K'[01m[Kscore::mw::com::impl::ComErrc::kServiceInstanceAlreadyOffered[m[K' is deprecated: Value has never been used. Calls to OfferService shall be idempotent. [[01;35m[K-Wdeprecated-declarations[m[K]
  186 |             case static_cast<score::result::ErrorCode>(ComErrc::[01;35m[KkServiceInstanceAlreadyOffered[m[K):
      |                                                                 [01;35m[K^~~~~~~~~~~~~~~~~~~~~~~~~~~~~~[m[K
[01m[K./score/mw/com/impl/com_error.h:57:5:[m[K [01;36m[Knote: [m[Kdeclared here
   57 |     [01;36m[KkServiceInstanceAlreadyOffered[m[K
      |     [01;36m[K^~~~~~~~~~~~~~~~~~~~~~~~~~~~~~[m[K
[32mINFO: [0mFrom Compiling score/mw/com/impl/plumbing/proxy_event_binding_factory.cpp:
In file included from [01m[K./score/mw/com/impl/instance_identifier.h:16[m[K,
                 from [01m[K./score/mw/com/impl/handle_type.h:18[m[K,
                 from [01m[K./score/mw/com/impl/plumbing/proxy_event_binding_factory.h:17[m[K,
                 from [01m[Kscore/mw/com/impl/plumbing/proxy_event_binding_factory.cpp:13[m[K:
[01m[K./score/mw/com/impl/com_error.h:[m[K In member function '[01m[Kvirtual std::string_view score::mw::com::impl::ComErrorDomain::[01;32m[KMessageFor[m[K(const score::result::ErrorCode&) const[m[K':
[01m[K./score/mw/com/impl/com_error.h:186:65:[m[K [01;35m[Kwarning: [m[K'[01m[Kscore::mw::com::impl::ComErrc::kServiceInstanceAlreadyOffered[m[K' is deprecated: Value has never been used. Calls to OfferService shall be idempotent. [[01;35m[K-Wdeprecated-declarations[m[K]
  186 |             case static_cast<score::result::ErrorCode>(ComErrc::[01;35m[KkServiceInstanceAlreadyOffered[m[K):
      |                                                                 [01;35m[K^~~~~~~~~~~~~~~~~~~~~~~~~~~~~~[m[K
[01m[K./score/mw/com/impl/com_error.h:57:5:[m[K [01;36m[Knote: [m[Kdeclared here
   57 |     [01;36m[KkServiceInstanceAlreadyOffered[m[K
      |     [01;36m[K^~~~~~~~~~~~~~~~~~~~~~~~~~~~~~[m[K
[32m[1,456 / 1,606][0m Compiling score/mw/com/impl/plumbing/skeleton_field_binding_factory_impl.cpp; 3s disk-cache, linux-sandbox ... (4 actions, 3 running)
[32mINFO: [0mFrom Compiling score/mw/com/impl/plumbing/skeleton_field_binding_factory_impl.cpp:
In file included from [01m[K./score/mw/com/impl/instance_identifier.h:16[m[K,
                 from [01m[K./score/mw/com/impl/handle_type.h:18[m[K,
                 from [01m[K./score/mw/com/impl/enriched_instance_identifier.h:17[m[K,
                 from [01m[K./score/mw/com/impl/i_service_discovery_client.h:16[m[K,
                 from [01m[K./score/mw/com/impl/i_binding_runtime.h:17[m[K,
                 from [01m[K./score/mw/com/impl/bindings/lola/i_runtime.h:20[m[K,
                 from [01m[K./score/mw/com/impl/bindings/lola/service_data_storage.h:20[m[K,
                 from [01m[K./score/mw/com/impl/bindings/lola/skeleton_memory_manager.h:20[m[K,
                 from [01m[K./score/mw/com/impl/bindings/lola/skeleton.h:32[m[K,
                 from [01m[K./score/mw/com/impl/bindings/lola/skeleton_event.h:21[m[K,
                 from [01m[K./score/mw/com/impl/plumbing/skeleton_field_binding_factory_impl.h:16[m[K,
                 from [01m[Kscore/mw/com/impl/plumbing/skeleton_field_binding_factory_impl.cpp:13[m[K:
[01m[K./score/mw/com/impl/com_error.h:[m[K In member function '[01m[Kvirtual std::string_view score::mw::com::impl::ComErrorDomain::[01;32m[KMessageFor[m[K(const score::result::ErrorCode&) const[m[K':
[01m[K./score/mw/com/impl/com_error.h:186:65:[m[K [01;35m[Kwarning: [m[K'[01m[Kscore::mw::com::impl::ComErrc::kServiceInstanceAlreadyOffered[m[K' is deprecated: Value has never been used. Calls to OfferService shall be idempotent. [[01;35m[K-Wdeprecated-declarations[m[K]
  186 |             case static_cast<score::result::ErrorCode>(ComErrc::[01;35m[KkServiceInstanceAlreadyOffered[m[K):
      |                                                                 [01;35m[K^~~~~~~~~~~~~~~~~~~~~~~~~~~~~~[m[K
[01m[K./score/mw/com/impl/com_error.h:57:5:[m[K [01;36m[Knote: [m[Kdeclared here
   57 |     [01;36m[KkServiceInstanceAlreadyOffered[m[K
      |     [01;36m[K^~~~~~~~~~~~~~~~~~~~~~~~~~~~~~[m[K
[32mINFO: [0mFrom Compiling score/mw/com/impl/plumbing/i_proxy_field_binding_factory.cpp:
In file included from [01m[K./score/mw/com/impl/instance_identifier.h:16[m[K,
                 from [01m[K./score/mw/com/impl/handle_type.h:18[m[K,
                 from [01m[K./score/mw/com/impl/plumbing/i_proxy_field_binding_factory.h:16[m[K,
                 from [01m[Kscore/mw/com/impl/plumbing/i_proxy_field_binding_factory.cpp:13[m[K:
[01m[K./score/mw/com/impl/com_error.h:[m[K In member function '[01m[Kvirtual std::string_view score::mw::com::impl::ComErrorDomain::[01;32m[KMessageFor[m[K(const score::result::ErrorCode&) const[m[K':
[01m[K./score/mw/com/impl/com_error.h:186:65:[m[K [01;35m[Kwarning: [m[K'[01m[Kscore::mw::com::impl::ComErrc::kServiceInstanceAlreadyOffered[m[K' is deprecated: Value has never been used. Calls to OfferService shall be idempotent. [[01;35m[K-Wdeprecated-declarations[m[K]
  186 |             case static_cast<score::result::ErrorCode>(ComErrc::[01;35m[KkServiceInstanceAlreadyOffered[m[K):
      |                                                                 [01;35m[K^~~~~~~~~~~~~~~~~~~~~~~~~~~~~~[m[K
[01m[K./score/mw/com/impl/com_error.h:57:5:[m[K [01;36m[Knote: [m[Kdeclared here
   57 |     [01;36m[KkServiceInstanceAlreadyOffered[m[K
      |     [01;36m[K^~~~~~~~~~~~~~~~~~~~~~~~~~~~~~[m[K
[32mINFO: [0mFrom Compiling score/mw/com/impl/plumbing/skeleton_field_binding_factory.cpp:
In file included from [01m[K./score/mw/com/impl/instance_identifier.h:16[m[K,
                 from [01m[K./score/mw/com/impl/handle_type.h:18[m[K,
                 from [01m[K./score/mw/com/impl/enriched_instance_identifier.h:17[m[K,
                 from [01m[K./score/mw/com/impl/i_service_discovery_client.h:16[m[K,
                 from [01m[K./score/mw/com/impl/i_binding_runtime.h:17[m[K,
                 from [01m[K./score/mw/com/impl/bindings/lola/i_runtime.h:20[m[K,
                 from [01m[K./score/mw/com/impl/bindings/lola/service_data_storage.h:20[m[K,
                 from [01m[K./score/mw/com/impl/bindings/lola/skeleton_memory_manager.h:20[m[K,
                 from [01m[K./score/mw/com/impl/bindings/lola/skeleton.h:32[m[K,
                 from [01m[K./score/mw/com/impl/bindings/lola/skeleton_event.h:21[m[K,
                 from [01m[K./score/mw/com/impl/plumbing/skeleton_field_binding_factory.h:17[m[K,
                 from [01m[Kscore/mw/com/impl/plumbing/skeleton_field_binding_factory.cpp:13[m[K:
[01m[K./score/mw/com/impl/com_error.h:[m[K In member function '[01m[Kvirtual std::string_view score::mw::com::impl::ComErrorDomain::[01;32m[KMessageFor[m[K(const score::result::ErrorCode&) const[m[K':
[01m[K./score/mw/com/impl/com_error.h:186:65:[m[K [01;35m[Kwarning: [m[K'[01m[Kscore::mw::com::impl::ComErrc::kServiceInstanceAlreadyOffered[m[K' is deprecated: Value has never been used. Calls to OfferService shall be idempotent. [[01;35m[K-Wdeprecated-declarations[m[K]
  186 |             case static_cast<score::result::ErrorCode>(ComErrc::[01;35m[KkServiceInstanceAlreadyOffered[m[K):
      |                                                                 [01;35m[K^~~~~~~~~~~~~~~~~~~~~~~~~~~~~~[m[K
[01m[K./score/mw/com/impl/com_error.h:57:5:[m[K [01;36m[Knote: [m[Kdeclared here
   57 |     [01;36m[KkServiceInstanceAlreadyOffered[m[K
      |     [01;36m[K^~~~~~~~~~~~~~~~~~~~~~~~~~~~~~[m[K
[32mINFO: [0mFrom Compiling score/mw/com/impl/plumbing/proxy_field_binding_factory_impl.cpp:
In file included from [01m[K./score/mw/com/impl/instance_identifier.h:16[m[K,
                 from [01m[K./score/mw/com/impl/handle_type.h:18[m[K,
                 from [01m[K./score/mw/com/impl/enriched_instance_identifier.h:17[m[K,
                 from [01m[K./score/mw/com/impl/i_service_discovery_client.h:16[m[K,
                 from [01m[K./score/mw/com/impl/i_binding_runtime.h:17[m[K,
                 from [01m[K./score/mw/com/impl/bindings/lola/i_runtime.h:20[m[K,
                 from [01m[K./score/mw/com/impl/bindings/lola/proxy_method.h:17[m[K,
                 from [01m[K./score/mw/com/impl/bindings/lola/proxy.h:24[m[K,
                 from [01m[K./score/mw/com/impl/bindings/lola/proxy_event.h:18[m[K,
                 from [01m[K./score/mw/com/impl/plumbing/proxy_field_binding_factory_impl.h:17[m[K,
                 from [01m[Kscore/mw/com/impl/plumbing/proxy_field_binding_factory_impl.cpp:13[m[K:
[01m[K./score/mw/com/impl/com_error.h:[m[K In member function '[01m[Kvirtual std::string_view score::mw::com::impl::ComErrorDomain::[01;32m[KMessageFor[m[K(const score::result::ErrorCode&) const[m[K':
[01m[K./score/mw/com/impl/com_error.h:186:65:[m[K [01;35m[Kwarning: [m[K'[01m[Kscore::mw::com::impl::ComErrc::kServiceInstanceAlreadyOffered[m[K' is deprecated: Value has never been used. Calls to OfferService shall be idempotent. [[01;35m[K-Wdeprecated-declarations[m[K]
  186 |             case static_cast<score::result::ErrorCode>(ComErrc::[01;35m[KkServiceInstanceAlreadyOffered[m[K):
      |                                                                 [01;35m[K^~~~~~~~~~~~~~~~~~~~~~~~~~~~~~[m[K
[01m[K./score/mw/com/impl/com_error.h:57:5:[m[K [01;36m[Knote: [m[Kdeclared here
   57 |     [01;36m[KkServiceInstanceAlreadyOffered[m[K
      |     [01;36m[K^~~~~~~~~~~~~~~~~~~~~~~~~~~~~~[m[K
[32mINFO: [0mFrom Compiling score/mw/com/impl/plumbing/proxy_field_binding_factory.cpp:
In file included from [01m[K./score/mw/com/impl/instance_identifier.h:16[m[K,
                 from [01m[K./score/mw/com/impl/handle_type.h:18[m[K,
                 from [01m[K./score/mw/com/impl/plumbing/i_proxy_field_binding_factory.h:16[m[K,
                 from [01m[K./score/mw/com/impl/plumbing/proxy_field_binding_factory.h:16[m[K,
                 from [01m[Kscore/mw/com/impl/plumbing/proxy_field_binding_factory.cpp:13[m[K:
[01m[K./score/mw/com/impl/com_error.h:[m[K In member function '[01m[Kvirtual std::string_view score::mw::com::impl::ComErrorDomain::[01;32m[KMessageFor[m[K(const score::result::ErrorCode&) const[m[K':
[01m[K./score/mw/com/impl/com_error.h:186:65:[m[K [01;35m[Kwarning: [m[K'[01m[Kscore::mw::com::impl::ComErrc::kServiceInstanceAlreadyOffered[m[K' is deprecated: Value has never been used. Calls to OfferService shall be idempotent. [[01;35m[K-Wdeprecated-declarations[m[K]
  186 |             case static_cast<score::result::ErrorCode>(ComErrc::[01;35m[KkServiceInstanceAlreadyOffered[m[K):
      |                                                                 [01;35m[K^~~~~~~~~~~~~~~~~~~~~~~~~~~~~~[m[K
[01m[K./score/mw/com/impl/com_error.h:57:5:[m[K [01;36m[Knote: [m[Kdeclared here
   57 |     [01;36m[KkServiceInstanceAlreadyOffered[m[K
      |     [01;36m[K^~~~~~~~~~~~~~~~~~~~~~~~~~~~~~[m[K
[32mINFO: [0mFrom Compiling score/mw/com/impl/skeleton_event.cpp:
In file included from [01m[K./score/mw/com/impl/instance_identifier.h:16[m[K,
                 from [01m[K./score/mw/com/impl/skeleton_event.h:16[m[K,
                 from [01m[Kscore/mw/com/impl/skeleton_event.cpp:13[m[K:
[01m[K./score/mw/com/impl/com_error.h:[m[K In member function '[01m[Kvirtual std::string_view score::mw::com::impl::ComErrorDomain::[01;32m[KMessageFor[m[K(const score::result::ErrorCode&) const[m[K':
[01m[K./score/mw/com/impl/com_error.h:186:65:[m[K [01;35m[Kwarning: [m[K'[01m[Kscore::mw::com::impl::ComErrc::kServiceInstanceAlreadyOffered[m[K' is deprecated: Value has never been used. Calls to OfferService shall be idempotent. [[01;35m[K-Wdeprecated-declarations[m[K]
  186 |             case static_cast<score::result::ErrorCode>(ComErrc::[01;35m[KkServiceInstanceAlreadyOffered[m[K):
      |                                                                 [01;35m[K^~~~~~~~~~~~~~~~~~~~~~~~~~~~~~[m[K
[01m[K./score/mw/com/impl/com_error.h:57:5:[m[K [01;36m[Knote: [m[Kdeclared here
   57 |     [01;36m[KkServiceInstanceAlreadyOffered[m[K
      |     [01;36m[K^~~~~~~~~~~~~~~~~~~~~~~~~~~~~~[m[K
[32mINFO: [0mFrom Compiling score/mw/com/impl/skeleton_field.cpp:
In file included from [01m[K./score/mw/com/impl/instance_identifier.h:16[m[K,
                 from [01m[K./score/mw/com/impl/plumbing/skeleton_method_binding_factory.h:16[m[K,
                 from [01m[K./score/mw/com/impl/methods/skeleton_method.h:21[m[K,
                 from [01m[K./score/mw/com/impl/skeleton_field.h:19[m[K,
                 from [01m[Kscore/mw/com/impl/skeleton_field.cpp:13[m[K:
[01m[K./score/mw/com/impl/com_error.h:[m[K In member function '[01m[Kvirtual std::string_view score::mw::com::impl::ComErrorDomain::[01;32m[KMessageFor[m[K(const score::result::ErrorCode&) const[m[K':
[01m[K./score/mw/com/impl/com_error.h:186:65:[m[K [01;35m[Kwarning: [m[K'[01m[Kscore::mw::com::impl::ComErrc::kServiceInstanceAlreadyOffered[m[K' is deprecated: Value has never been used. Calls to OfferService shall be idempotent. [[01;35m[K-Wdeprecated-declarations[m[K]
  186 |             case static_cast<score::result::ErrorCode>(ComErrc::[01;35m[KkServiceInstanceAlreadyOffered[m[K):
      |                                                                 [01;35m[K^~~~~~~~~~~~~~~~~~~~~~~~~~~~~~[m[K
[01m[K./score/mw/com/impl/com_error.h:57:5:[m[K [01;36m[Knote: [m[Kdeclared here
   57 |     [01;36m[KkServiceInstanceAlreadyOffered[m[K
      |     [01;36m[K^~~~~~~~~~~~~~~~~~~~~~~~~~~~~~[m[K
[32mINFO: [0mFrom Compiling score/mw/com/impl/proxy_event.cpp:
In file included from [01m[K./score/mw/com/impl/instance_identifier.h:16[m[K,
                 from [01m[K./score/mw/com/impl/proxy_event.h:16[m[K,
                 from [01m[Kscore/mw/com/impl/proxy_event.cpp:13[m[K:
[01m[K./score/mw/com/impl/com_error.h:[m[K In member function '[01m[Kvirtual std::string_view score::mw::com::impl::ComErrorDomain::[01;32m[KMessageFor[m[K(const score::result::ErrorCode&) const[m[K':
[01m[K./score/mw/com/impl/com_error.h:186:65:[m[K [01;35m[Kwarning: [m[K'[01m[Kscore::mw::com::impl::ComErrc::kServiceInstanceAlreadyOffered[m[K' is deprecated: Value has never been used. Calls to OfferService shall be idempotent. [[01;35m[K-Wdeprecated-declarations[m[K]
  186 |             case static_cast<score::result::ErrorCode>(ComErrc::[01;35m[KkServiceInstanceAlreadyOffered[m[K):
      |                                                                 [01;35m[K^~~~~~~~~~~~~~~~~~~~~~~~~~~~~~[m[K
[01m[K./score/mw/com/impl/com_error.h:57:5:[m[K [01;36m[Knote: [m[Kdeclared here
   57 |     [01;36m[KkServiceInstanceAlreadyOffered[m[K
      |     [01;36m[K^~~~~~~~~~~~~~~~~~~~~~~~~~~~~~[m[K
[32mINFO: [0mFrom Compiling score/mw/com/impl/generic_proxy_event.cpp:
In file included from [01m[K./score/mw/com/impl/instance_identifier.h:16[m[K,
                 from [01m[K./score/mw/com/impl/handle_type.h:18[m[K,
                 from [01m[K./score/mw/com/impl/proxy_base.h:18[m[K,
                 from [01m[K./score/mw/com/impl/generic_proxy_event.h:18[m[K,
                 from [01m[Kscore/mw/com/impl/generic_proxy_event.cpp:13[m[K:
[01m[K./score/mw/com/impl/com_error.h:[m[K In member function '[01m[Kvirtual std::string_view score::mw::com::impl::ComErrorDomain::[01;32m[KMessageFor[m[K(const score::result::ErrorCode&) const[m[K':
[01m[K./score/mw/com/impl/com_error.h:186:65:[m[K [01;35m[Kwarning: [m[K'[01m[Kscore::mw::com::impl::ComErrc::kServiceInstanceAlreadyOffered[m[K' is deprecated: Value has never been used. Calls to OfferService shall be idempotent. [[01;35m[K-Wdeprecated-declarations[m[K]
  186 |             case static_cast<score::result::ErrorCode>(ComErrc::[01;35m[KkServiceInstanceAlreadyOffered[m[K):
      |                                                                 [01;35m[K^~~~~~~~~~~~~~~~~~~~~~~~~~~~~~[m[K
[01m[K./score/mw/com/impl/com_error.h:57:5:[m[K [01;36m[Knote: [m[Kdeclared here
   57 |     [01;36m[KkServiceInstanceAlreadyOffered[m[K
      |     [01;36m[K^~~~~~~~~~~~~~~~~~~~~~~~~~~~~~[m[K
[32mINFO: [0mFrom Compiling score/mw/com/impl/proxy_field.cpp:
In file included from [01m[K./score/mw/com/impl/instance_identifier.h:16[m[K,
                 from [01m[K./score/mw/com/impl/handle_type.h:18[m[K,
                 from [01m[K./score/mw/com/impl/enriched_instance_identifier.h:17[m[K,
                 from [01m[K./score/mw/com/impl/i_service_discovery_client.h:16[m[K,
                 from [01m[K./score/mw/com/impl/i_binding_runtime.h:17[m[K,
                 from [01m[K./score/mw/com/impl/bindings/lola/i_runtime.h:20[m[K,
                 from [01m[K./score/mw/com/impl/bindings/lola/proxy_method.h:17[m[K,
                 from [01m[K./score/mw/com/impl/bindings/lola/proxy.h:24[m[K,
                 from [01m[K./score/mw/com/impl/methods/proxy_method.h:16[m[K,
                 from [01m[K./score/mw/com/impl/methods/proxy_method_with_in_args_and_return.h:18[m[K,
                 from [01m[K./score/mw/com/impl/proxy_field.h:19[m[K,
                 from [01m[Kscore/mw/com/impl/proxy_field.cpp:13[m[K:
[01m[K./score/mw/com/impl/com_error.h:[m[K In member function '[01m[Kvirtual std::string_view score::mw::com::impl::ComErrorDomain::[01;32m[KMessageFor[m[K(const score::result::ErrorCode&) const[m[K':
[01m[K./score/mw/com/impl/com_error.h:186:65:[m[K [01;35m[Kwarning: [m[K'[01m[Kscore::mw::com::impl::ComErrc::kServiceInstanceAlreadyOffered[m[K' is deprecated: Value has never been used. Calls to OfferService shall be idempotent. [[01;35m[K-Wdeprecated-declarations[m[K]
  186 |             case static_cast<score::result::ErrorCode>(ComErrc::[01;35m[KkServiceInstanceAlreadyOffered[m[K):
      |                                                                 [01;35m[K^~~~~~~~~~~~~~~~~~~~~~~~~~~~~~[m[K
[01m[K./score/mw/com/impl/com_error.h:57:5:[m[K [01;36m[Knote: [m[Kdeclared here
   57 |     [01;36m[KkServiceInstanceAlreadyOffered[m[K
      |     [01;36m[K^~~~~~~~~~~~~~~~~~~~~~~~~~~~~~[m[K
[32m[1,488 / 1,606][0m Compiling score/mw/com/impl/traits.cpp; 3s disk-cache, linux-sandbox ... (4 actions, 3 running)
[32mINFO: [0mFrom Compiling score/mw/com/impl/traits.cpp:
In file included from [01m[K./score/mw/com/impl/traits.h:16[m[K,
                 from [01m[Kscore/mw/com/impl/traits.cpp:13[m[K:
[01m[K./score/mw/com/impl/com_error.h:[m[K In member function '[01m[Kvirtual std::string_view score::mw::com::impl::ComErrorDomain::[01;32m[KMessageFor[m[K(const score::result::ErrorCode&) const[m[K':
[01m[K./score/mw/com/impl/com_error.h:186:65:[m[K [01;35m[Kwarning: [m[K'[01m[Kscore::mw::com::impl::ComErrc::kServiceInstanceAlreadyOffered[m[K' is deprecated: Value has never been used. Calls to OfferService shall be idempotent. [[01;35m[K-Wdeprecated-declarations[m[K]
  186 |             case static_cast<score::result::ErrorCode>(ComErrc::[01;35m[KkServiceInstanceAlreadyOffered[m[K):
      |                                                                 [01;35m[K^~~~~~~~~~~~~~~~~~~~~~~~~~~~~~[m[K
[01m[K./score/mw/com/impl/com_error.h:57:5:[m[K [01;36m[Knote: [m[Kdeclared here
   57 |     [01;36m[KkServiceInstanceAlreadyOffered[m[K
      |     [01;36m[K^~~~~~~~~~~~~~~~~~~~~~~~~~~~~~[m[K
[32mINFO: [0mFrom Compiling score/mw/com/impl/generic_skeleton_event.cpp:
In file included from [01m[Kscore/mw/com/impl/generic_skeleton_event.cpp:14[m[K:
[01m[K./score/mw/com/impl/com_error.h:[m[K In member function '[01m[Kvirtual std::string_view score::mw::com::impl::ComErrorDomain::[01;32m[KMessageFor[m[K(const score::result::ErrorCode&) const[m[K':
[01m[K./score/mw/com/impl/com_error.h:186:65:[m[K [01;35m[Kwarning: [m[K'[01m[Kscore::mw::com::impl::ComErrc::kServiceInstanceAlreadyOffered[m[K' is deprecated: Value has never been used. Calls to OfferService shall be idempotent. [[01;35m[K-Wdeprecated-declarations[m[K]
  186 |             case static_cast<score::result::ErrorCode>(ComErrc::[01;35m[KkServiceInstanceAlreadyOffered[m[K):
      |                                                                 [01;35m[K^~~~~~~~~~~~~~~~~~~~~~~~~~~~~~[m[K
[01m[K./score/mw/com/impl/com_error.h:57:5:[m[K [01;36m[Knote: [m[Kdeclared here
   57 |     [01;36m[KkServiceInstanceAlreadyOffered[m[K
      |     [01;36m[K^~~~~~~~~~~~~~~~~~~~~~~~~~~~~~[m[K
[32mINFO: [0mFrom Compiling score/mw/com/impl/generic_skeleton.cpp:
In file included from [01m[K./score/mw/com/impl/instance_identifier.h:16[m[K,
                 from [01m[K./score/mw/com/impl/generic_skeleton.h:18[m[K,
                 from [01m[Kscore/mw/com/impl/generic_skeleton.cpp:13[m[K:
[01m[K./score/mw/com/impl/com_error.h:[m[K In member function '[01m[Kvirtual std::string_view score::mw::com::impl::ComErrorDomain::[01;32m[KMessageFor[m[K(const score::result::ErrorCode&) const[m[K':
[01m[K./score/mw/com/impl/com_error.h:186:65:[m[K [01;35m[Kwarning: [m[K'[01m[Kscore::mw::com::impl::ComErrc::kServiceInstanceAlreadyOffered[m[K' is deprecated: Value has never been used. Calls to OfferService shall be idempotent. [[01;35m[K-Wdeprecated-declarations[m[K]
  186 |             case static_cast<score::result::ErrorCode>(ComErrc::[01;35m[KkServiceInstanceAlreadyOffered[m[K):
      |                                                                 [01;35m[K^~~~~~~~~~~~~~~~~~~~~~~~~~~~~~[m[K
[01m[K./score/mw/com/impl/com_error.h:57:5:[m[K [01;36m[Knote: [m[Kdeclared here
   57 |     [01;36m[KkServiceInstanceAlreadyOffered[m[K
      |     [01;36m[K^~~~~~~~~~~~~~~~~~~~~~~~~~~~~~[m[K
[32mINFO: [0mFrom Compiling score/mw/com/impl/generic_proxy.cpp:
In file included from [01m[K./score/mw/com/impl/instance_identifier.h:16[m[K,
                 from [01m[K./score/mw/com/impl/handle_type.h:18[m[K,
                 from [01m[K./score/mw/com/impl/proxy_base.h:18[m[K,
                 from [01m[K./score/mw/com/impl/generic_proxy_event.h:18[m[K,
                 from [01m[K./score/mw/com/impl/generic_proxy.h:18[m[K,
                 from [01m[Kscore/mw/com/impl/generic_proxy.cpp:14[m[K:
[01m[K./score/mw/com/impl/com_error.h:[m[K In member function '[01m[Kvirtual std::string_view score::mw::com::impl::ComErrorDomain::[01;32m[KMessageFor[m[K(const score::result::ErrorCode&) const[m[K':
[01m[K./score/mw/com/impl/com_error.h:186:65:[m[K [01;35m[Kwarning: [m[K'[01m[Kscore::mw::com::impl::ComErrc::kServiceInstanceAlreadyOffered[m[K' is deprecated: Value has never been used. Calls to OfferService shall be idempotent. [[01;35m[K-Wdeprecated-declarations[m[K]
  186 |             case static_cast<score::result::ErrorCode>(ComErrc::[01;35m[KkServiceInstanceAlreadyOffered[m[K):
      |                                                                 [01;35m[K^~~~~~~~~~~~~~~~~~~~~~~~~~~~~~[m[K
[01m[K./score/mw/com/impl/com_error.h:57:5:[m[K [01;36m[Knote: [m[Kdeclared here
   57 |     [01;36m[KkServiceInstanceAlreadyOffered[m[K
      |     [01;36m[K^~~~~~~~~~~~~~~~~~~~~~~~~~~~~~[m[K
[32mINFO: [0mFrom Compiling score/mw/com/types.cpp:
In file included from [01m[K./score/mw/com/impl/instance_identifier.h:16[m[K,
                 from [01m[K./score/mw/com/impl/handle_type.h:18[m[K,
                 from [01m[K./score/mw/com/impl/proxy_base.h:18[m[K,
                 from [01m[K./score/mw/com/impl/generic_proxy_event.h:18[m[K,
                 from [01m[K./score/mw/com/impl/generic_proxy.h:18[m[K,
                 from [01m[K./score/mw/com/types.h:24[m[K,
                 from [01m[Kscore/mw/com/types.cpp:13[m[K:
[01m[K./score/mw/com/impl/com_error.h:[m[K In member function '[01m[Kvirtual std::string_view score::mw::com::impl::ComErrorDomain::[01;32m[KMessageFor[m[K(const score::result::ErrorCode&) const[m[K':
[01m[K./score/mw/com/impl/com_error.h:186:65:[m[K [01;35m[Kwarning: [m[K'[01m[Kscore::mw::com::impl::ComErrc::kServiceInstanceAlreadyOffered[m[K' is deprecated: Value has never been used. Calls to OfferService shall be idempotent. [[01;35m[K-Wdeprecated-declarations[m[K]
  186 |             case static_cast<score::result::ErrorCode>(ComErrc::[01;35m[KkServiceInstanceAlreadyOffered[m[K):
      |                                                                 [01;35m[K^~~~~~~~~~~~~~~~~~~~~~~~~~~~~~[m[K
[01m[K./score/mw/com/impl/com_error.h:57:5:[m[K [01;36m[Knote: [m[Kdeclared here
   57 |     [01;36m[KkServiceInstanceAlreadyOffered[m[K
      |     [01;36m[K^~~~~~~~~~~~~~~~~~~~~~~~~~~~~~[m[K
[32mINFO: [0mFrom Compiling score/mw/com/mocking/i_runtime.cpp:
In file included from [01m[K./score/mw/com/impl/instance_identifier.h:16[m[K,
                 from [01m[K./score/mw/com/impl/handle_type.h:18[m[K,
                 from [01m[K./score/mw/com/impl/proxy_base.h:18[m[K,
                 from [01m[K./score/mw/com/impl/generic_proxy_event.h:18[m[K,
                 from [01m[K./score/mw/com/impl/generic_proxy.h:18[m[K,
                 from [01m[K./score/mw/com/types.h:24[m[K,
                 from [01m[K./score/mw/com/mocking/i_runtime.h:17[m[K,
                 from [01m[Kscore/mw/com/mocking/i_runtime.cpp:13[m[K:
[01m[K./score/mw/com/impl/com_error.h:[m[K In member function '[01m[Kvirtual std::string_view score::mw::com::impl::ComErrorDomain::[01;32m[KMessageFor[m[K(const score::result::ErrorCode&) const[m[K':
[01m[K./score/mw/com/impl/com_error.h:186:65:[m[K [01;35m[Kwarning: [m[K'[01m[Kscore::mw::com::impl::ComErrc::kServiceInstanceAlreadyOffered[m[K' is deprecated: Value has never been used. Calls to OfferService shall be idempotent. [[01;35m[K-Wdeprecated-declarations[m[K]
  186 |             case static_cast<score::result::ErrorCode>(ComErrc::[01;35m[KkServiceInstanceAlreadyOffered[m[K):
      |                                                                 [01;35m[K^~~~~~~~~~~~~~~~~~~~~~~~~~~~~~[m[K
[01m[K./score/mw/com/impl/com_error.h:57:5:[m[K [01;36m[Knote: [m[Kdeclared here
   57 |     [01;36m[KkServiceInstanceAlreadyOffered[m[K
      |     [01;36m[K^~~~~~~~~~~~~~~~~~~~~~~~~~~~~~[m[K
[32mINFO: [0mFrom Compiling score/mw/com/com_error_domain.cpp:
In file included from [01m[K./score/mw/com/com_error_domain.h:16[m[K,
                 from [01m[Kscore/mw/com/com_error_domain.cpp:13[m[K:
[01m[K./score/mw/com/impl/com_error.h:[m[K In member function '[01m[Kvirtual std::string_view score::mw::com::impl::ComErrorDomain::[01;32m[KMessageFor[m[K(const score::result::ErrorCode&) const[m[K':
[01m[K./score/mw/com/impl/com_error.h:186:65:[m[K [01;35m[Kwarning: [m[K'[01m[Kscore::mw::com::impl::ComErrc::kServiceInstanceAlreadyOffered[m[K' is deprecated: Value has never been used. Calls to OfferService shall be idempotent. [[01;35m[K-Wdeprecated-declarations[m[K]
  186 |             case static_cast<score::result::ErrorCode>(ComErrc::[01;35m[KkServiceInstanceAlreadyOffered[m[K):
      |                                                                 [01;35m[K^~~~~~~~~~~~~~~~~~~~~~~~~~~~~~[m[K
[01m[K./score/mw/com/impl/com_error.h:57:5:[m[K [01;36m[Knote: [m[Kdeclared here
   57 |     [01;36m[KkServiceInstanceAlreadyOffered[m[K
      |     [01;36m[K^~~~~~~~~~~~~~~~~~~~~~~~~~~~~~[m[K
[32mINFO: [0mFrom Compiling score/mw/com/runtime.cpp:
In file included from [01m[K./score/mw/com/impl/instance_identifier.h:16[m[K,
                 from [01m[K./score/mw/com/impl/handle_type.h:18[m[K,
                 from [01m[K./score/mw/com/impl/proxy_base.h:18[m[K,
                 from [01m[K./score/mw/com/impl/generic_proxy_event.h:18[m[K,
                 from [01m[K./score/mw/com/impl/generic_proxy.h:18[m[K,
                 from [01m[K./score/mw/com/types.h:24[m[K,
                 from [01m[K./score/mw/com/mocking/i_runtime.h:17[m[K,
                 from [01m[K./score/mw/com/runtime.h:24[m[K,
                 from [01m[Kscore/mw/com/runtime.cpp:13[m[K:
[01m[K./score/mw/com/impl/com_error.h:[m[K In member function '[01m[Kvirtual std::string_view score::mw::com::impl::ComErrorDomain::[01;32m[KMessageFor[m[K(const score::result::ErrorCode&) const[m[K':
[01m[K./score/mw/com/impl/com_error.h:186:65:[m[K [01;35m[Kwarning: [m[K'[01m[Kscore::mw::com::impl::ComErrc::kServiceInstanceAlreadyOffered[m[K' is deprecated: Value has never been used. Calls to OfferService shall be idempotent. [[01;35m[K-Wdeprecated-declarations[m[K]
  186 |             case static_cast<score::result::ErrorCode>(ComErrc::[01;35m[KkServiceInstanceAlreadyOffered[m[K):
      |                                                                 [01;35m[K^~~~~~~~~~~~~~~~~~~~~~~~~~~~~~[m[K
[01m[K./score/mw/com/impl/com_error.h:57:5:[m[K [01;36m[Knote: [m[Kdeclared here
   57 |     [01;36m[KkServiceInstanceAlreadyOffered[m[K
      |     [01;36m[K^~~~~~~~~~~~~~~~~~~~~~~~~~~~~~[m[K
[01m[Kscore/mw/com/runtime.cpp:[m[K In function '[01m[Kvoid score::mw::com::runtime::[01;32m[KInitializeRuntime[m[K(int32_t, const char**)[m[K':
[01m[Kscore/mw/com/runtime.cpp:58:47:[m[K [01;35m[Kwarning: [m[K'[01m[Kvirtual void score::mw::com::runtime::IRuntime::[01;32m[KInitializeRuntime[m[K(int32_t, score::cpp::span<const char*>)[m[K' is deprecated: Please use InitializeRuntime(cpp::span<safecpp::zstring_view> command_line_arguments) for guaranteed NULL terminated arguments [[01;35m[K-Wdeprecated-declarations[m[K]
   58 |         [01;35m[Kruntime_mock_holder->InitializeRuntime(argc, argv_span)[m[K;
      |         [01;35m[K~~~~~~~~~~~~~~~~~~~~~~~~~~~~~~~~~~~~~~^~~~~~~~~~~~~~~~~[m[K
[01m[K./score/mw/com/mocking/i_runtime.h:38:18:[m[K [01;36m[Knote: [m[Kdeclared here
   38 |     virtual void [01;36m[KInitializeRuntime[m[K(const std::int32_t argc, score::cpp::span<const char*> argv) = 0;
      |                  [01;36m[K^~~~~~~~~~~~~~~~~[m[K
[01m[Kscore/mw/com/runtime.cpp:62:64:[m[K [01;35m[Kwarning: [m[K'[01m[Kscore::mw::com::runtime::RuntimeConfiguration::[01;32m[KRuntimeConfiguration[m[K(int32_t, const char**)[m[K' is deprecated: Please use RuntimeConfiguration(cpp::span<safecpp::zstring_view> command_line_arguments) for guaranteed NULL terminated arguments [[01;35m[K-Wdeprecated-declarations[m[K]
   62 |     const RuntimeConfiguration runtime_configuration{argc, argv[01;35m[K}[m[K;
      |                                                                [01;35m[K^[m[K
In file included from [01m[K./score/mw/com/mocking/i_runtime.h:16[m[K:
[01m[K./score/mw/com/runtime_configuration.h:56:5:[m[K [01;36m[Knote: [m[Kdeclared here
   56 |     [01;36m[KRuntimeConfiguration[m[K(const std::int32_t argc, const char* argv[]);
      |     [01;36m[K^~~~~~~~~~~~~~~~~~~~[m[K
[32mINFO: [0mFrom Compiling score/mw/com/impl/rust/com-api/com-api-ffi-lola/registry_bridge_macro.cpp:
In file included from [01m[K./score/mw/com/impl/instance_identifier.h:16[m[K,
                 from [01m[K./score/mw/com/impl/handle_type.h:18[m[K,
                 from [01m[K./score/mw/com/impl/proxy_base.h:18[m[K,
                 from [01m[K./score/mw/com/impl/rust/com-api/com-api-ffi-lola/registry_bridge_macro.h:68[m[K,
                 from [01m[Kscore/mw/com/impl/rust/com-api/com-api-ffi-lola/registry_bridge_macro.cpp:24[m[K:
[01m[K./score/mw/com/impl/com_error.h:[m[K In member function '[01m[Kvirtual std::string_view score::mw::com::impl::ComErrorDomain::[01;32m[KMessageFor[m[K(const score::result::ErrorCode&) const[m[K':
[01m[K./score/mw/com/impl/com_error.h:186:65:[m[K [01;35m[Kwarning: [m[K'[01m[Kscore::mw::com::impl::ComErrc::kServiceInstanceAlreadyOffered[m[K' is deprecated: Value has never been used. Calls to OfferService shall be idempotent. [[01;35m[K-Wdeprecated-declarations[m[K]
  186 |             case static_cast<score::result::ErrorCode>(ComErrc::[01;35m[KkServiceInstanceAlreadyOffered[m[K):
      |                                                                 [01;35m[K^~~~~~~~~~~~~~~~~~~~~~~~~~~~~~[m[K
[01m[K./score/mw/com/impl/com_error.h:57:5:[m[K [01;36m[Knote: [m[Kdeclared here
   57 |     [01;36m[KkServiceInstanceAlreadyOffered[m[K
      |     [01;36m[K^~~~~~~~~~~~~~~~~~~~~~~~~~~~~~[m[K
[32mINFO: [0mFrom Compiling score/mw/com/rust/score_com_cpp_bridge/register_interface.cpp:
In file included from [01m[K./score/mw/com/impl/instance_identifier.h:16[m[K,
                 from [01m[K./score/mw/com/impl/handle_type.h:18[m[K,
                 from [01m[K./score/mw/com/impl/proxy_base.h:18[m[K,
                 from [01m[K./score/mw/com/impl/rust/com-api/com-api-ffi-lola/registry_bridge_macro.h:68[m[K,
                 from [01m[K./score/mw/com/rust/score_com_cpp_bridge/register_interface.h:45[m[K,
                 from [01m[Kscore/mw/com/rust/score_com_cpp_bridge/register_interface.cpp:14[m[K:
[01m[K./score/mw/com/impl/com_error.h:[m[K In member function '[01m[Kvirtual std::string_view score::mw::com::impl::ComErrorDomain::[01;32m[KMessageFor[m[K(const score::result::ErrorCode&) const[m[K':
[01m[K./score/mw/com/impl/com_error.h:186:65:[m[K [01;35m[Kwarning: [m[K'[01m[Kscore::mw::com::impl::ComErrc::kServiceInstanceAlreadyOffered[m[K' is deprecated: Value has never been used. Calls to OfferService shall be idempotent. [[01;35m[K-Wdeprecated-declarations[m[K]
  186 |             case static_cast<score::result::ErrorCode>(ComErrc::[01;35m[KkServiceInstanceAlreadyOffered[m[K):
      |                                                                 [01;35m[K^~~~~~~~~~~~~~~~~~~~~~~~~~~~~~[m[K
[01m[K./score/mw/com/impl/com_error.h:57:5:[m[K [01;36m[Knote: [m[Kdeclared here
   57 |     [01;36m[KkServiceInstanceAlreadyOffered[m[K
      |     [01;36m[K^~~~~~~~~~~~~~~~~~~~~~~~~~~~~~[m[K
[32m[1,528 / 1,606][0m Compiling score/mw/com/test/common_test_resources/big_datatype.cpp; 3s disk-cache, linux-sandbox ... (4 actions, 3 running)
[32mINFO: [0mFrom Compiling score/mw/com/test/common_test_resources/big_datatype.cpp:
In file included from [01m[K./score/mw/com/impl/instance_identifier.h:16[m[K,
                 from [01m[K./score/mw/com/impl/handle_type.h:18[m[K,
                 from [01m[K./score/mw/com/impl/proxy_base.h:18[m[K,
                 from [01m[K./score/mw/com/impl/generic_proxy_event.h:18[m[K,
                 from [01m[K./score/mw/com/impl/generic_proxy.h:18[m[K,
                 from [01m[K./score/mw/com/types.h:24[m[K,
                 from [01m[K./score/mw/com/test/common_test_resources/big_datatype.h:20[m[K,
                 from [01m[Kscore/mw/com/test/common_test_resources/big_datatype.cpp:14[m[K:
[01m[K./score/mw/com/impl/com_error.h:[m[K In member function '[01m[Kvirtual std::string_view score::mw::com::impl::ComErrorDomain::[01;32m[KMessageFor[m[K(const score::result::ErrorCode&) const[m[K':
[01m[K./score/mw/com/impl/com_error.h:186:65:[m[K [01;35m[Kwarning: [m[K'[01m[Kscore::mw::com::impl::ComErrc::kServiceInstanceAlreadyOffered[m[K' is deprecated: Value has never been used. Calls to OfferService shall be idempotent. [[01;35m[K-Wdeprecated-declarations[m[K]
  186 |             case static_cast<score::result::ErrorCode>(ComErrc::[01;35m[KkServiceInstanceAlreadyOffered[m[K):
      |                                                                 [01;35m[K^~~~~~~~~~~~~~~~~~~~~~~~~~~~~~[m[K
[01m[K./score/mw/com/impl/com_error.h:57:5:[m[K [01;36m[Knote: [m[Kdeclared here
   57 |     [01;36m[KkServiceInstanceAlreadyOffered[m[K
      |     [01;36m[K^~~~~~~~~~~~~~~~~~~~~~~~~~~~~~[m[K
[32mINFO: [0mFrom Action score/mw/com/rust/score_com.AspectRulesLintClippy.report:
Successfully wrote output to bazel-out/k8-fastbuild/bin/score/mw/com/rust/score_com.AspectRulesLintClippy.report
[32mINFO: [0mFrom Action score/mw/com/test/basic_rust_api/bigdata_com_api_gen_rs.AspectRulesLintClippy.report:
Successfully wrote output to bazel-out/k8-fastbuild/bin/score/mw/com/test/basic_rust_api/bigdata_com_api_gen_rs.AspectRulesLintClippy.report
[32mINFO: [0mFrom Action score/mw/com/impl/rust/com-api/com-api-runtime-mock/com-api-runtime-mock.AspectRulesLintClippy.report:
Successfully wrote output to bazel-out/k8-fastbuild/bin/score/mw/com/impl/rust/com-api/com-api-runtime-mock/com-api-runtime-mock.AspectRulesLintClippy.report
[32mINFO: [0mFrom Action score/mw/com/rust/score_com_mock.AspectRulesLintClippy.report:
Successfully wrote output to bazel-out/k8-fastbuild/bin/score/mw/com/rust/score_com_mock.AspectRulesLintClippy.report
[32m[1,560 / 1,606][0m Compiling score/mw/com/test/basic_rust_api/bigdata_com_api_gen.cpp; 15s disk-cache, linux-sandbox ... (4 actions, 3 running)
[32mINFO: [0mFrom Action score/mw/com/example/com-api-example/com-api-gen/com-api-gen.AspectRulesLintClippy.report:
Successfully wrote output to bazel-out/k8-fastbuild/bin/score/mw/com/example/com-api-example/com-api-gen/com-api-gen.AspectRulesLintClippy.report
[32mINFO: [0mFrom Action score/mw/com/example/com-api-example/com-api-example-lib.AspectRulesLintClippy.report:
Successfully wrote output to bazel-out/k8-fastbuild/bin/score/mw/com/example/com-api-example/com-api-example-lib.AspectRulesLintClippy.report
[32mINFO: [0mFrom Compiling score/mw/com/test/basic_rust_api/bigdata_com_api_gen.cpp:
In file included from [01m[K./score/mw/com/impl/instance_identifier.h:16[m[K,
                 from [01m[K./score/mw/com/impl/handle_type.h:18[m[K,
                 from [01m[K./score/mw/com/impl/proxy_base.h:18[m[K,
                 from [01m[K./score/mw/com/impl/generic_proxy_event.h:18[m[K,
                 from [01m[K./score/mw/com/impl/generic_proxy.h:18[m[K,
                 from [01m[K./score/mw/com/types.h:24[m[K,
                 from [01m[K./score/mw/com/test/common_test_resources/big_datatype.h:20[m[K,
                 from [01m[K./score/mw/com/test/basic_rust_api/bigdata_com_api_gen.h:19[m[K,
                 from [01m[Kscore/mw/com/test/basic_rust_api/bigdata_com_api_gen.cpp:14[m[K:
[01m[K./score/mw/com/impl/com_error.h:[m[K In member function '[01m[Kvirtual std::string_view score::mw::com::impl::ComErrorDomain::[01;32m[KMessageFor[m[K(const score::result::ErrorCode&) const[m[K':
[01m[K./score/mw/com/impl/com_error.h:186:65:[m[K [01;35m[Kwarning: [m[K'[01m[Kscore::mw::com::impl::ComErrc::kServiceInstanceAlreadyOffered[m[K' is deprecated: Value has never been used. Calls to OfferService shall be idempotent. [[01;35m[K-Wdeprecated-declarations[m[K]
  186 |             case static_cast<score::result::ErrorCode>(ComErrc::[01;35m[KkServiceInstanceAlreadyOffered[m[K):
      |                                                                 [01;35m[K^~~~~~~~~~~~~~~~~~~~~~~~~~~~~~[m[K
[01m[K./score/mw/com/impl/com_error.h:57:5:[m[K [01;36m[Knote: [m[Kdeclared here
   57 |     [01;36m[KkServiceInstanceAlreadyOffered[m[K
      |     [01;36m[K^~~~~~~~~~~~~~~~~~~~~~~~~~~~~~[m[K
[32mINFO: [0mFrom Action score/mw/com/test/basic_rust_api/producer_app/bigdata-producer.AspectRulesLintClippy.report:
Successfully wrote output to bazel-out/k8-fastbuild/bin/score/mw/com/test/basic_rust_api/producer_app/bigdata-producer.AspectRulesLintClippy.report
[32mINFO: [0mFrom Action score/mw/com/test/basic_rust_api/consumer_async_apis/bigdata-consumer-async.AspectRulesLintClippy.report:
Successfully wrote output to bazel-out/k8-fastbuild/bin/score/mw/com/test/basic_rust_api/consumer_async_apis/bigdata-consumer-async.AspectRulesLintClippy.report
[32mINFO: [0mFrom Action score/mw/com/test/basic_rust_api/consumer_sync_apis/bigdata-consumer.AspectRulesLintClippy.report:
Successfully wrote output to bazel-out/k8-fastbuild/bin/score/mw/com/test/basic_rust_api/consumer_sync_apis/bigdata-consumer.AspectRulesLintClippy.report
[32mINFO: [0mFrom Compiling score/mw/com/example/com-api-example/com-api-gen/vehicle_gen.cpp:
In file included from [01m[K./score/mw/com/impl/instance_identifier.h:16[m[K,
                 from [01m[K./score/mw/com/impl/handle_type.h:18[m[K,
                 from [01m[K./score/mw/com/impl/proxy_base.h:18[m[K,
                 from [01m[K./score/mw/com/impl/generic_proxy_event.h:18[m[K,
                 from [01m[K./score/mw/com/impl/generic_proxy.h:18[m[K,
                 from [01m[K./score/mw/com/types.h:24[m[K,
                 from [01m[Kscore/mw/com/example/com-api-example/com-api-gen/vehicle_gen.h:17[m[K,
                 from [01m[Kscore/mw/com/example/com-api-example/com-api-gen/vehicle_gen.cpp:14[m[K:
[01m[K./score/mw/com/impl/com_error.h:[m[K In member function '[01m[Kvirtual std::string_view score::mw::com::impl::ComErrorDomain::[01;32m[KMessageFor[m[K(const score::result::ErrorCode&) const[m[K':
[01m[K./score/mw/com/impl/com_error.h:186:65:[m[K [01;35m[Kwarning: [m[K'[01m[Kscore::mw::com::impl::ComErrc::kServiceInstanceAlreadyOffered[m[K' is deprecated: Value has never been used. Calls to OfferService shall be idempotent. [[01;35m[K-Wdeprecated-declarations[m[K]
  186 |             case static_cast<score::result::ErrorCode>(ComErrc::[01;35m[KkServiceInstanceAlreadyOffered[m[K):
      |                                                                 [01;35m[K^~~~~~~~~~~~~~~~~~~~~~~~~~~~~~[m[K
[01m[K./score/mw/com/impl/com_error.h:57:5:[m[K [01;36m[Knote: [m[Kdeclared here
   57 |     [01;36m[KkServiceInstanceAlreadyOffered[m[K
      |     [01;36m[K^~~~~~~~~~~~~~~~~~~~~~~~~~~~~~[m[K
[32mINFO: [0mFrom Action score/mw/com/example/com-api-example/com-api-example.AspectRulesLintClippy.report:
Successfully wrote output to bazel-out/k8-fastbuild/bin/score/mw/com/example/com-api-example/com-api-example.AspectRulesLintClippy.report
[32m[1,602 / 1,606][0m Compiling Rust rlib tokio v1.53.2 (555 files); 4s disk-cache, linux-sandbox
[32mINFO: [0mFrom Action score/mw/com/example/com-api-example/test-1311856799/com-api-example-tokio-integration-test.AspectRulesLintClippy.report:
Successfully wrote output to bazel-out/k8-fastbuild/bin/score/mw/com/example/com-api-example/test-1311856799/com-api-example-tokio-integration-test.AspectRulesLintClippy.report
[32mINFO: [0mFound 2894 targets...
[32mINFO: [0mElapsed time: 651.515s, Critical Path: 170.31s
[32mINFO: [0m1606 processes: 367 internal, 1237 linux-sandbox, 2 local.
[32mINFO: [0mBuild completed successfully, 1606 total actions
[32mINFO:[0m 
[32mINFO: [0mBuild Event Protocol files produced successfully.
[0m
→ [1;36m🔎 Filter[0m · Filtering diagnostics

[1m🧹 Linters[0m (1): Clippy
[1;31m🔥 IMPORTANT:[0m [1mGrant `id-token: write` to enable GitHub Actions artifact uploads[0m
[1;31m│[0m aspect-cli is trying to upload an artifact via GitHub Actions' ArtifactService but the API needs an OIDC token (`ACTIONS_ID_TOKEN_REQUEST_TOKEN`) that GitHub only exposes to the job when `id-token: write` is granted. Without it, the artifact upload fails.
[1;31m│[0m
[1;31m│[0m Which features depend on this varies by configuration. When enabled, the PR summary comment aggregator and test-log / BEP / profile artifact uploads all ride on the ArtifactService — any of those features will be affected until the permission is granted. The task itself completes regardless.
[1;31m│[0m
[1;31m│[0m Add at the top level of the workflow (so every job inherits) or scope it to the specific job(s) that upload artifacts:
[1;31m│[0m
[1;31m│[0m permissions:
[1;31m│[0m   id-token: write    # artifact uploads + PR summary comment aggregation
[1;31m│[0m
[1;31m│[0m (Silence this tip with `--tips:silence=add-id-token-permission`, or in `.aspect/config.axl` set `ctx.features[Tips].args.silence = ["add-id-token-permission", ...]` after `load("@aspect//feature/tips.axl", "Tips")`.)
[0;33mWARNING[0m: Artifact upload (aspect-report.json) failed: missing ACTIONS_RUNTIME_TOKEN (see the `add-id-token-permission` TIP)

[1m🔁 Reproduce:[0m
```
aspect lint --strategy=hold-the-line --base-ref=origin/main -- //...
```

[38;5;244mInstall aspect: https://aspect.build/docs/cli/install[0m


→ ✅ [1;32mPassed[0m lint-lint [lint] in 10m 52s · No findings
    🔧 Setup       1ms  Prepare the task environment
    🔍 Detect    211ms  Detect changed files
    🔬 Lint    10m 51s  Run lint aspects
    🔎 Filter     10ms  Filter diagnostics
