OpenJDK 64-Bit Server VM warning: Options -Xverify:none and -noverify were deprecated in JDK 13 and will likely be removed in a future release.
Computing main repo mapping: 
Computing main repo mapping: 
Computing main repo mapping: 
Computing main repo mapping: 
Computing main repo mapping: 
Computing main repo mapping: 
Computing main repo mapping: 
Loading: 
Loading: 5 packages loaded
Analyzing: target //quality/static_analysis:codeql_lint (6 packages loaded, 0 targets configured)
Analyzing: target //quality/static_analysis:codeql_lint (6 packages loaded, 0 targets configured)

Analyzing: target //quality/static_analysis:codeql_lint (42 packages loaded, 10 targets configured)

Analyzing: target //quality/static_analysis:codeql_lint (113 packages loaded, 604 targets configured)

Analyzing: target //quality/static_analysis:codeql_lint (171 packages loaded, 6248 targets configured)

Analyzing: target //quality/static_analysis:codeql_lint (174 packages loaded, 12084 targets configured)

Analyzing: target //quality/static_analysis:codeql_lint (200 packages loaded, 17909 targets configured)

Analyzing: target //quality/static_analysis:codeql_lint (201 packages loaded, 50716 targets configured)

INFO: Analyzed target //quality/static_analysis:codeql_lint (201 packages loaded, 50716 targets configured).
[29 / 29] no actions running
INFO: Found 1 target...
Target //quality/static_analysis:codeql_lint up-to-date:
  bazel-bin/quality/static_analysis/codeql_lint
INFO: Elapsed time: 19.451s, Critical Path: 1.50s
INFO: 1 process: 29 action cache hit, 1 internal.
INFO: Build completed successfully, 1 total action
INFO: Running command line: bazel-bin/quality/static_analysis/codeql_lint '--codeql_path=../+_repo_rules4+codeql_bundle/codeql_cli' '--config_path=quality/static_analysis/config.yaml' '--analysis_report_path=../+_repo_rules4+codeql_coding_standards/analysis_report' '--guideline_recategorize_path=../+_repo_rules4+codeql_coding_standards/guideline_recategorize' <args omitted>
Calculating baseline information in /media/jefferson/11c42dee-73a3-4c2b-ab42-a0440011d9e0/.s-core-build/runs/score-communication-bug-recovery-fw8j963z/issue-751
Running command in /media/jefferson/11c42dee-73a3-4c2b-ab42-a0440011d9e0/.s-core-build/runs/score-communication-bug-recovery-fw8j963z/issue-751: [/media/jefferson/11c42dee-73a3-4c2b-ab42-a0440011d9e0/.s-core-build/runs/score-communication-bug-recovery-fw8j963z/bazel-output/b10b30927e7a248cee436d763dc58bdc/external/+_repo_rules4+codeql_bundle/codeql/javascript/tools/configure-baseline.sh]
Calculated baseline information for languages: cpp, javascript, python (210ms).
Resolving extractor cpp.
Successfully loaded extractor C/C++ (cpp) from /media/jefferson/11c42dee-73a3-4c2b-ab42-a0440011d9e0/.s-core-build/runs/score-communication-bug-recovery-fw8j963z/bazel-output/b10b30927e7a248cee436d763dc58bdc/external/+_repo_rules4+codeql_bundle/codeql/cpp.
Created skeleton CodeQL database at /media/jefferson/11c42dee-73a3-4c2b-ab42-a0440011d9e0/.s-core-build/runs/score-communication-bug-recovery-fw8j963z/codeql-candidate/751. This in-progress database is ready to be populated by an extractor.
WARNING: ignoring LD_PRELOAD in environment.
OpenJDK 64-Bit Server VM warning: Options -Xverify:none and -noverify were deprecated in JDK 13 and will likely be removed in a future release.
Computing main repo mapping: 
Computing main repo mapping: 
Computing main repo mapping: 
Computing main repo mapping: 
Computing main repo mapping: 
Computing main repo mapping: 
Computing main repo mapping: 
Computing main repo mapping: 
Loading: 
Loading: 5 packages loaded
Analyzing: target @@+_repo_rules4+codeql_coding_standards//:process_coding_standards_config (6 packages loaded, 0 targets configured)
Analyzing: target @@+_repo_rules4+codeql_coding_standards//:process_coding_standards_config (6 packages loaded, 0 targets configured)

Analyzing: target @@+_repo_rules4+codeql_coding_standards//:process_coding_standards_config (37 packages loaded, 10 targets configured)

Analyzing: target @@+_repo_rules4+codeql_coding_standards//:process_coding_standards_config (108 packages loaded, 445 targets configured)

Analyzing: target @@+_repo_rules4+codeql_coding_standards//:process_coding_standards_config (170 packages loaded, 6239 targets configured)

INFO: Analyzed target @@+_repo_rules4+codeql_coding_standards//:process_coding_standards_config (176 packages loaded, 11301 targets configured).
[10 / 10] no actions running
INFO: Found 1 target...
Target @@+_repo_rules4+codeql_coding_standards//:process_coding_standards_config up-to-date:
  bazel-bin/external/+_repo_rules4+codeql_coding_standards/process_coding_standards_config
INFO: Elapsed time: 15.932s, Critical Path: 0.20s
INFO: 1 process: 10 action cache hit, 1 internal.
INFO: Build completed successfully, 1 total action
INFO: Running command line: bazel-bin/external/+_repo_rules4+codeql_coding_standards/process_coding_standards_config <args omitted>
Scanning for files in /media/jefferson/11c42dee-73a3-4c2b-ab42-a0440011d9e0/.s-core-build/runs/score-communication-bug-recovery-fw8j963z/issue-751...
/media/jefferson/11c42dee-73a3-4c2b-ab42-a0440011d9e0/.s-core-build/runs/score-communication-bug-recovery-fw8j963z/codeql-candidate/751: Indexing files in in /media/jefferson/11c42dee-73a3-4c2b-ab42-a0440011d9e0/.s-core-build/runs/score-communication-bug-recovery-fw8j963z/issue-751...
Running command in /media/jefferson/11c42dee-73a3-4c2b-ab42-a0440011d9e0/.s-core-build/runs/score-communication-bug-recovery-fw8j963z/issue-751: [/media/jefferson/11c42dee-73a3-4c2b-ab42-a0440011d9e0/.s-core-build/runs/score-communication-bug-recovery-fw8j963z/bazel-output/b10b30927e7a248cee436d763dc58bdc/external/+_repo_rules4+codeql_bundle/codeql/xml/tools/index-files.sh, /media/jefferson/11c42dee-73a3-4c2b-ab42-a0440011d9e0/.s-core-build/runs/score-communication-bug-recovery-fw8j963z/codeql-candidate/751/working/files-to-index15551460517906014368.list]
WARNING: ignoring LD_PRELOAD in environment.
OpenJDK 64-Bit Server VM warning: Options -Xverify:none and -noverify were deprecated in JDK 13 and will likely be removed in a future release.
Computing main repo mapping: 
Computing main repo mapping: 
Computing main repo mapping: 
Computing main repo mapping: 
Computing main repo mapping: 
Computing main repo mapping: 
Loading: 
Loading: 5 packages loaded
Analyzing: 269 targets (30 packages loaded, 0 targets configured)
Analyzing: 269 targets (30 packages loaded, 0 targets configured)

Analyzing: 269 targets (56 packages loaded, 12 targets configured)

Analyzing: 269 targets (82 packages loaded, 12 targets configured)

Analyzing: 269 targets (179 packages loaded, 581 targets configured)

WARNING: /media/jefferson/11c42dee-73a3-4c2b-ab42-a0440011d9e0/.s-core-build/runs/score-communication-bug-recovery-fw8j963z/issue-751/MODULE.bazel:196:20: The module extension apt defined in @rules_distroless//apt:extensions.bzl reported incorrect imports of repositories via use_repo():

Imported, but reported as indirect dependencies by the extension:
    ubuntu24_04_sysroot_resolve

Fix the use_repo calls by running 'bazel mod tidy'.
Analyzing: 269 targets (249 packages loaded, 4334 targets configured)

Analyzing: 269 targets (262 packages loaded, 13725 targets configured)
[1 / 1] no actions running
Analyzing: 269 targets (262 packages loaded, 14050 targets configured)
[47 / 191] checking cached actions
INFO: Analyzed 269 targets (262 packages loaded, 14107 targets configured).
[192 / 531] [Prepa] Writing script score/mw/com/impl/bindings/lola/event_data_storage.cppmap
[442 / 1,215] [Prepa] Expanding template external/toolchains_llvm++llvm+llvm_toolchain/module-x86_64-linux.modulemap
[443 / 1,458] [Sched] Compiling score/mw/com/impl/plumbing/skeleton_binding_factory_impl.cpp ... (8 actions, 0 running)
[443 / 1,458] Compiling score/mw/com/impl/bindings/lola/messaging/thread_abstraction.cpp; 0s processwrapper-sandbox ... (8 actions running)
[448 / 1,458] Compiling score/mw/com/impl/bindings/lola/messaging/thread_abstraction.cpp; 1s processwrapper-sandbox ... (8 actions, 7 running)
[465 / 1,458] Compiling score/mw/com/impl/plumbing/skeleton_binding_factory_impl.cpp; 2s processwrapper-sandbox ... (8 actions, 7 running)
[480 / 1,458] Compiling score/mw/com/impl/plumbing/skeleton_binding_factory_impl.cpp; 4s processwrapper-sandbox ... (8 actions, 7 running)
[498 / 1,458] Compiling score/mw/com/impl/plumbing/skeleton_binding_factory_impl.cpp; 5s processwrapper-sandbox ... (8 actions, 7 running)
[508 / 1,458] Compiling score/mw/com/impl/plumbing/skeleton_binding_factory_impl.cpp; 6s processwrapper-sandbox ... (8 actions, 7 running)
[521 / 1,458] Compiling score/mw/com/impl/plumbing/skeleton_binding_factory_impl.cpp; 7s processwrapper-sandbox ... (8 actions, 7 running)
[525 / 1,458] Compiling score/mw/com/impl/plumbing/skeleton_binding_factory_impl.cpp; 8s processwrapper-sandbox ... (8 actions, 7 running)
[531 / 1,458] Compiling score/mw/com/impl/plumbing/skeleton_binding_factory_impl.cpp; 9s processwrapper-sandbox ... (8 actions, 7 running)
[538 / 1,458] Compiling score/mw/com/impl/plumbing/skeleton_binding_factory_impl.cpp; 10s processwrapper-sandbox ... (8 actions, 7 running)
[545 / 1,458] Compiling score/mw/com/impl/plumbing/skeleton_binding_factory_impl.cpp; 11s processwrapper-sandbox ... (8 actions, 7 running)
[551 / 1,458] Compiling score/mw/com/impl/plumbing/skeleton_binding_factory_impl.cpp; 12s processwrapper-sandbox ... (8 actions running)
[557 / 1,458] Compiling score/mw/com/impl/plumbing/skeleton_binding_factory_impl.cpp; 13s processwrapper-sandbox ... (8 actions, 7 running)
[574 / 1,458] Compiling score/mw/com/impl/plumbing/skeleton_binding_factory_impl.cpp; 14s processwrapper-sandbox ... (8 actions, 7 running)
[584 / 1,458] Compiling score/mw/com/impl/plumbing/skeleton_binding_factory_impl.cpp; 16s processwrapper-sandbox ... (8 actions, 7 running)
[591 / 1,458] Compiling score/mw/com/impl/plumbing/skeleton_binding_factory_impl.cpp; 17s processwrapper-sandbox ... (8 actions, 7 running)
[593 / 1,458] Compiling score/mw/com/impl/plumbing/skeleton_binding_factory_impl.cpp; 18s processwrapper-sandbox ... (8 actions running)
[596 / 1,458] Compiling score/mw/com/impl/plumbing/skeleton_binding_factory_impl.cpp; 20s processwrapper-sandbox ... (8 actions, 7 running)
INFO: From Compiling score/mw/com/impl/plumbing/skeleton_binding_factory_impl.cpp:
In file included from score/mw/com/impl/plumbing/skeleton_binding_factory_impl.cpp:13:
In file included from ./score/mw/com/impl/plumbing/skeleton_binding_factory_impl.h:16:
In file included from ./score/mw/com/impl/instance_identifier.h:16:
./score/mw/com/impl/com_error.h:186:65: warning: 'kServiceInstanceAlreadyOffered' is deprecated: Value has never been used. Calls to OfferService shall be idempotent. [-Wdeprecated-declarations]
  186 |             case static_cast<score::result::ErrorCode>(ComErrc::kServiceInstanceAlreadyOffered):
      |                                                                 ^
./score/mw/com/impl/com_error.h:58:11: note: 'kServiceInstanceAlreadyOffered' has been explicitly marked deprecated here
   58 |         [[deprecated("Value has never been used. Calls to OfferService shall be idempotent.")]],
      |           ^
1 warning generated.
[601 / 1,458] Compiling score/os/sys_poll_impl.cpp; 3s processwrapper-sandbox ... (8 actions, 7 running)
[604 / 1,458] Compiling score/os/socket_impl.cpp; 3s processwrapper-sandbox ... (8 actions running)
[607 / 1,458] Compiling score/os/socket.cpp; 3s processwrapper-sandbox ... (8 actions running)
[611 / 1,458] Compiling score/mw/com/impl/bindings/lola/transaction_log_rollback_executor.cpp; 3s processwrapper-sandbox ... (8 actions, 7 running)
[614 / 1,458] Compiling score/mw/com/impl/bindings/lola/transaction_log_rollback_executor.cpp; 5s processwrapper-sandbox ... (8 actions, 7 running)
[616 / 1,458] Compiling score/mw/com/impl/bindings/lola/transaction_log_rollback_executor.cpp; 6s processwrapper-sandbox ... (8 actions, 7 running)
[617 / 1,458] Compiling score/mw/com/impl/bindings/lola/transaction_log_rollback_executor.cpp; 7s processwrapper-sandbox ... (8 actions running)
[618 / 1,458] Compiling score/mw/com/impl/bindings/lola/transaction_log_rollback_executor.cpp; 9s processwrapper-sandbox ... (8 actions, 7 running)
[623 / 1,458] Compiling score/mw/com/impl/bindings/lola/transaction_log_rollback_executor.cpp; 10s processwrapper-sandbox ... (8 actions, 7 running)
[625 / 1,458] Compiling score/mw/com/impl/bindings/lola/transaction_log_rollback_executor.cpp; 11s processwrapper-sandbox ... (8 actions, 7 running)
INFO: From Compiling score/mw/com/impl/bindings/lola/transaction_log_rollback_executor.cpp:
In file included from score/mw/com/impl/bindings/lola/transaction_log_rollback_executor.cpp:13:
In file included from ./score/mw/com/impl/bindings/lola/transaction_log_rollback_executor.h:16:
In file included from ./score/mw/com/impl/bindings/lola/i_runtime.h:20:
In file included from ./score/mw/com/impl/i_binding_runtime.h:17:
In file included from ./score/mw/com/impl/i_service_discovery_client.h:16:
In file included from ./score/mw/com/impl/enriched_instance_identifier.h:17:
In file included from ./score/mw/com/impl/handle_type.h:18:
In file included from ./score/mw/com/impl/instance_identifier.h:16:
./score/mw/com/impl/com_error.h:186:65: warning: 'kServiceInstanceAlreadyOffered' is deprecated: Value has never been used. Calls to OfferService shall be idempotent. [-Wdeprecated-declarations]
  186 |             case static_cast<score::result::ErrorCode>(ComErrc::kServiceInstanceAlreadyOffered):
      |                                                                 ^
./score/mw/com/impl/com_error.h:58:11: note: 'kServiceInstanceAlreadyOffered' has been explicitly marked deprecated here
   58 |         [[deprecated("Value has never been used. Calls to OfferService shall be idempotent.")]],
      |           ^
1 warning generated.
[634 / 1,458] Compiling score/mw/com/impl/scoped_event_receive_handler.cpp; 3s processwrapper-sandbox ... (8 actions running)
[642 / 1,458] Compiling score/memory/shared/shared_memory_error.cpp; 1s processwrapper-sandbox ... (8 actions, 7 running)
[644 / 1,458] Compiling score/mw/com/impl/field_getter_setter_signatures.cpp; 3s processwrapper-sandbox ... (8 actions, 7 running)
[654 / 1,458] Compiling score/mw/com/impl/tracing/configuration/tracing_filter_config_parser.cpp; 3s processwrapper-sandbox ... (8 actions, 7 running)
[657 / 1,458] Compiling score/mw/com/impl/tracing/configuration/tracing_filter_config_parser.cpp; 4s processwrapper-sandbox ... (8 actions, 7 running)
[660 / 1,458] Compiling score/mw/com/impl/tracing/configuration/tracing_filter_config_parser.cpp; 5s processwrapper-sandbox ... (8 actions, 7 running)
[661 / 1,458] Compiling score/mw/com/impl/tracing/configuration/tracing_filter_config_parser.cpp; 6s processwrapper-sandbox ... (8 actions running)
[662 / 1,458] Compiling score/mw/com/impl/tracing/configuration/tracing_filter_config_parser.cpp; 8s processwrapper-sandbox ... (8 actions, 7 running)
[666 / 1,458] Compiling score/mw/com/impl/tracing/configuration/tracing_filter_config_parser.cpp; 9s processwrapper-sandbox ... (8 actions running)
INFO: From Compiling score/mw/com/impl/tracing/configuration/tracing_filter_config_parser.cpp:
In file included from score/mw/com/impl/tracing/configuration/tracing_filter_config_parser.cpp:13:
In file included from ./score/mw/com/impl/tracing/configuration/tracing_filter_config_parser.h:17:
In file included from ./score/mw/com/impl/configuration/configuration.h:18:
In file included from ./score/mw/com/impl/configuration/service_instance_deployment.h:17:
./score/mw/com/impl/com_error.h:186:65: warning: 'kServiceInstanceAlreadyOffered' is deprecated: Value has never been used. Calls to OfferService shall be idempotent. [-Wdeprecated-declarations]
  186 |             case static_cast<score::result::ErrorCode>(ComErrc::kServiceInstanceAlreadyOffered):
      |                                                                 ^
./score/mw/com/impl/com_error.h:58:11: note: 'kServiceInstanceAlreadyOffered' has been explicitly marked deprecated here
   58 |         [[deprecated("Value has never been used. Calls to OfferService shall be idempotent.")]],
      |           ^
1 warning generated.
[672 / 1,458] Compiling score/memory/shared/typedshm/utils/typed_memory_utils.cpp; 3s processwrapper-sandbox ... (8 actions, 7 running)
[678 / 1,458] Compiling score/os/fcntl.cpp; 3s processwrapper-sandbox ... (8 actions running)
[679 / 1,458] Compiling score/mw/com/impl/bindings/lola/path_builder.cpp; 3s processwrapper-sandbox ... (8 actions running)
[684 / 1,458] Compiling score/mw/log/detail/text_recorder/slot_drainer.cpp; 2s processwrapper-sandbox ... (8 actions running)
[686 / 1,458] Compiling score/mw/log/detail/text_recorder/slot_drainer.cpp; 3s processwrapper-sandbox ... (8 actions, 7 running)
[687 / 1,458] Compiling score/mw/log/detail/text_recorder/slot_drainer.cpp; 4s processwrapper-sandbox ... (8 actions running)
[690 / 1,458] Compiling score/mw/log/detail/text_recorder/text_recorder.cpp; 5s processwrapper-sandbox ... (8 actions, 7 running)
[694 / 1,458] Compiling score/mw/log/detail/text_recorder/console_recorder_factory.cpp; 5s processwrapper-sandbox ... (8 actions, 7 running)
[699 / 1,458] Compiling score/memory/shared/shared_memory_factory_impl.cpp; 5s processwrapper-sandbox ... (8 actions, 7 running)
[700 / 1,458] Compiling score/os/utils/path.cpp; 3s processwrapper-sandbox ... (8 actions, 7 running)
[706 / 1,458] Compiling score/os/stdlib.cpp; 3s processwrapper-sandbox ... (8 actions running)
[709 / 1,458] Compiling score/json/internal/writer/json_serialize/json_serialize.cpp; 2s processwrapper-sandbox ... (8 actions, 7 running)
[712 / 1,458] Compiling score/json/internal/writer/json_serialize/json_serialize.cpp; 3s processwrapper-sandbox ... (8 actions, 7 running)
[715 / 1,458] Compiling score/json/internal/writer/json_serialize/json_serialize.cpp; 4s processwrapper-sandbox ... (8 actions, 7 running)
[718 / 1,458] Compiling score/json/internal/writer/json_serialize/json_serialize.cpp; 5s processwrapper-sandbox ... (8 actions, 7 running)
[720 / 1,458] Compiling score/mw/com/impl/plumbing/proxy_binding_factory_impl.cpp; 6s processwrapper-sandbox ... (8 actions running)
[722 / 1,458] Compiling score/mw/com/impl/plumbing/proxy_binding_factory_impl.cpp; 8s processwrapper-sandbox ... (8 actions, 7 running)
[727 / 1,458] Compiling score/mw/com/impl/plumbing/proxy_binding_factory_impl.cpp; 9s processwrapper-sandbox ... (8 actions running)
[728 / 1,458] Compiling score/mw/com/impl/plumbing/proxy_binding_factory_impl.cpp; 10s processwrapper-sandbox ... (8 actions running)
[731 / 1,458] Compiling score/mw/com/impl/plumbing/proxy_binding_factory_impl.cpp; 12s processwrapper-sandbox ... (8 actions, 7 running)
[731 / 1,458] Compiling score/mw/com/impl/plumbing/proxy_binding_factory_impl.cpp; 13s processwrapper-sandbox ... (8 actions running)
[732 / 1,458] Compiling score/mw/com/impl/plumbing/proxy_binding_factory_impl.cpp; 14s processwrapper-sandbox ... (8 actions running)
[735 / 1,458] Compiling score/mw/com/impl/plumbing/proxy_binding_factory_impl.cpp; 16s processwrapper-sandbox ... (8 actions, 7 running)
INFO: From Compiling score/mw/com/impl/plumbing/proxy_binding_factory_impl.cpp:
In file included from score/mw/com/impl/plumbing/proxy_binding_factory_impl.cpp:13:
In file included from ./score/mw/com/impl/plumbing/proxy_binding_factory_impl.h:16:
In file included from ./score/mw/com/impl/plumbing/i_proxy_binding_factory.h:16:
In file included from ./score/mw/com/impl/handle_type.h:18:
In file included from ./score/mw/com/impl/instance_identifier.h:16:
./score/mw/com/impl/com_error.h:186:65: warning: 'kServiceInstanceAlreadyOffered' is deprecated: Value has never been used. Calls to OfferService shall be idempotent. [-Wdeprecated-declarations]
  186 |             case static_cast<score::result::ErrorCode>(ComErrc::kServiceInstanceAlreadyOffered):
      |                                                                 ^
./score/mw/com/impl/com_error.h:58:11: note: 'kServiceInstanceAlreadyOffered' has been explicitly marked deprecated here
   58 |         [[deprecated("Value has never been used. Calls to OfferService shall be idempotent.")]],
      |           ^
1 warning generated.
[741 / 1,458] Compiling score/json/internal/parser/nlohmann/json_builder.cpp; 12s processwrapper-sandbox ... (8 actions, 7 running)
[742 / 1,458] Compiling score/mw/log/configuration/target_config_reader.cpp; 3s processwrapper-sandbox ... (8 actions running)
[744 / 1,458] Compiling score/mw/log/configuration/target_config_reader.cpp; 5s processwrapper-sandbox ... (8 actions, 7 running)
[748 / 1,458] Compiling score/mw/log/configuration/target_config_reader.cpp; 6s processwrapper-sandbox ... (8 actions, 7 running)
[751 / 1,458] Compiling score/mw/log/configuration/target_config_reader.cpp; 7s processwrapper-sandbox ... (8 actions, 7 running)
[753 / 1,458] Compiling score/mw/log/configuration/target_config_reader.cpp; 8s processwrapper-sandbox ... (8 actions running)
[755 / 1,458] Compiling score/mw/com/impl/tracing/skeleton_tracing.cpp; 8s processwrapper-sandbox ... (8 actions, 7 running)
[758 / 1,458] Compiling score/mw/com/impl/tracing/skeleton_tracing.cpp; 9s processwrapper-sandbox ... (8 actions, 7 running)
[761 / 1,458] Compiling score/mw/com/impl/tracing/skeleton_tracing.cpp; 11s processwrapper-sandbox ... (8 actions running)
[765 / 1,458] Compiling score/mw/com/impl/tracing/skeleton_tracing.cpp; 12s processwrapper-sandbox ... (8 actions running)
[768 / 1,458] Compiling score/mw/com/impl/tracing/skeleton_tracing.cpp; 13s processwrapper-sandbox ... (8 actions, 7 running)
INFO: From Compiling score/mw/com/impl/tracing/skeleton_tracing.cpp:
In file included from score/mw/com/impl/tracing/skeleton_tracing.cpp:17:
In file included from ./score/mw/com/impl/tracing/skeleton_tracing.h:21:
In file included from ./score/mw/com/impl/instance_identifier.h:16:
./score/mw/com/impl/com_error.h:186:65: warning: 'kServiceInstanceAlreadyOffered' is deprecated: Value has never been used. Calls to OfferService shall be idempotent. [-Wdeprecated-declarations]
  186 |             case static_cast<score::result::ErrorCode>(ComErrc::kServiceInstanceAlreadyOffered):
      |                                                                 ^
./score/mw/com/impl/com_error.h:58:11: note: 'kServiceInstanceAlreadyOffered' has been explicitly marked deprecated here
   58 |         [[deprecated("Value has never been used. Calls to OfferService shall be idempotent.")]],
      |           ^
1 warning generated.
[771 / 1,458] Compiling score/memory/shared/pointer_arithmetic_util.cpp; 2s processwrapper-sandbox ... (8 actions, 7 running)
[781 / 1,458] Compiling score/mw/com/impl/service_element_type.cpp; 3s processwrapper-sandbox ... (8 actions, 7 running)
[786 / 1,458] Compiling score/mw/com/impl/configuration/configuration_common_resources.cpp; 4s processwrapper-sandbox ... (8 actions running)
INFO: From Compiling score/mw/com/impl/com_error.cpp:
In file included from score/mw/com/impl/com_error.cpp:13:
./score/mw/com/impl/com_error.h:186:65: warning: 'kServiceInstanceAlreadyOffered' is deprecated: Value has never been used. Calls to OfferService shall be idempotent. [-Wdeprecated-declarations]
  186 |             case static_cast<score::result::ErrorCode>(ComErrc::kServiceInstanceAlreadyOffered):
      |                                                                 ^
./score/mw/com/impl/com_error.h:58:11: note: 'kServiceInstanceAlreadyOffered' has been explicitly marked deprecated here
   58 |         [[deprecated("Value has never been used. Calls to OfferService shall be idempotent.")]],
      |           ^
1 warning generated.
[791 / 1,458] Compiling score/mw/com/impl/configuration/binding_service_type_deployment.cpp; 5s processwrapper-sandbox ... (7 actions, 6 running)
[798 / 1,458] Compiling score/mw/com/runtime.cpp; 5s processwrapper-sandbox ... (8 actions running)
[799 / 1,458] Compiling score/mw/com/runtime.cpp; 6s processwrapper-sandbox ... (8 actions, 7 running)
INFO: From Compiling score/mw/com/com_error_domain.cpp:
In file included from score/mw/com/com_error_domain.cpp:13:
In file included from ./score/mw/com/com_error_domain.h:16:
./score/mw/com/impl/com_error.h:186:65: warning: 'kServiceInstanceAlreadyOffered' is deprecated: Value has never been used. Calls to OfferService shall be idempotent. [-Wdeprecated-declarations]
  186 |             case static_cast<score::result::ErrorCode>(ComErrc::kServiceInstanceAlreadyOffered):
      |                                                                 ^
./score/mw/com/impl/com_error.h:58:11: note: 'kServiceInstanceAlreadyOffered' has been explicitly marked deprecated here
   58 |         [[deprecated("Value has never been used. Calls to OfferService shall be idempotent.")]],
      |           ^
1 warning generated.
[810 / 1,458] Compiling score/mw/com/runtime.cpp; 8s processwrapper-sandbox ... (8 actions running)
[812 / 1,458] Compiling score/mw/com/runtime.cpp; 9s processwrapper-sandbox ... (8 actions, 7 running)
[816 / 1,458] Compiling score/mw/com/runtime.cpp; 11s processwrapper-sandbox ... (8 actions running)
[822 / 1,458] Compiling score/mw/com/runtime.cpp; 12s processwrapper-sandbox ... (8 actions running)
[829 / 1,458] Compiling score/mw/com/runtime.cpp; 13s processwrapper-sandbox ... (8 actions, 7 running)
[834 / 1,458] Compiling score/mw/com/runtime.cpp; 15s processwrapper-sandbox ... (8 actions running)
INFO: From Compiling score/mw/com/impl/configuration/i_configuration_parsing_strategy.cpp:
In file included from score/mw/com/impl/configuration/i_configuration_parsing_strategy.cpp:13:
In file included from ./score/mw/com/impl/configuration/i_configuration_parsing_strategy.h:16:
In file included from ./score/mw/com/impl/configuration/configuration.h:18:
In file included from ./score/mw/com/impl/configuration/service_instance_deployment.h:17:
./score/mw/com/impl/com_error.h:186:65: warning: 'kServiceInstanceAlreadyOffered' is deprecated: Value has never been used. Calls to OfferService shall be idempotent. [-Wdeprecated-declarations]
  186 |             case static_cast<score::result::ErrorCode>(ComErrc::kServiceInstanceAlreadyOffered):
      |                                                                 ^
./score/mw/com/impl/com_error.h:58:11: note: 'kServiceInstanceAlreadyOffered' has been explicitly marked deprecated here
   58 |         [[deprecated("Value has never been used. Calls to OfferService shall be idempotent.")]],
      |           ^
1 warning generated.
[838 / 1,458] Compiling score/mw/com/runtime.cpp; 17s processwrapper-sandbox ... (8 actions, 7 running)
[850 / 1,458] Compiling score/mw/com/runtime.cpp; 18s processwrapper-sandbox ... (8 actions, 7 running)
[853 / 1,458] Compiling score/mw/com/runtime.cpp; 19s processwrapper-sandbox ... (8 actions running)
[854 / 1,458] Compiling score/mw/com/runtime.cpp; 20s processwrapper-sandbox ... (8 actions running)
INFO: From Compiling score/mw/com/impl/bindings/lola/transaction_log_local_view.cpp:
In file included from score/mw/com/impl/bindings/lola/transaction_log_local_view.cpp:19:
./score/mw/com/impl/com_error.h:186:65: warning: 'kServiceInstanceAlreadyOffered' is deprecated: Value has never been used. Calls to OfferService shall be idempotent. [-Wdeprecated-declarations]
  186 |             case static_cast<score::result::ErrorCode>(ComErrc::kServiceInstanceAlreadyOffered):
      |                                                                 ^
./score/mw/com/impl/com_error.h:58:11: note: 'kServiceInstanceAlreadyOffered' has been explicitly marked deprecated here
   58 |         [[deprecated("Value has never been used. Calls to OfferService shall be idempotent.")]],
      |           ^
1 warning generated.
[858 / 1,458] Compiling score/mw/com/runtime.cpp; 22s processwrapper-sandbox ... (8 actions, 7 running)
[866 / 1,458] Compiling score/mw/com/runtime.cpp; 23s processwrapper-sandbox ... (8 actions running)
INFO: From Compiling score/mw/com/runtime.cpp:
In file included from score/mw/com/runtime.cpp:13:
In file included from ./score/mw/com/runtime.h:24:
In file included from ./score/mw/com/mocking/i_runtime.h:17:
In file included from ./score/mw/com/types.h:24:
In file included from ./score/mw/com/impl/generic_proxy.h:18:
In file included from ./score/mw/com/impl/generic_proxy_event.h:18:
In file included from ./score/mw/com/impl/proxy_base.h:18:
In file included from ./score/mw/com/impl/handle_type.h:18:
In file included from ./score/mw/com/impl/instance_identifier.h:16:
./score/mw/com/impl/com_error.h:186:65: warning: 'kServiceInstanceAlreadyOffered' is deprecated: Value has never been used. Calls to OfferService shall be idempotent. [-Wdeprecated-declarations]
  186 |             case static_cast<score::result::ErrorCode>(ComErrc::kServiceInstanceAlreadyOffered):
      |                                                                 ^
./score/mw/com/impl/com_error.h:58:11: note: 'kServiceInstanceAlreadyOffered' has been explicitly marked deprecated here
   58 |         [[deprecated("Value has never been used. Calls to OfferService shall be idempotent.")]],
      |           ^
1 warning generated.
[873 / 1,458] Compiling score/mw/com/impl/configuration/service_type_deployment.cpp; 4s processwrapper-sandbox ... (8 actions, 7 running)
INFO: From Compiling score/mw/com/impl/instance_specifier.cpp:
In file included from score/mw/com/impl/instance_specifier.cpp:15:
./score/mw/com/impl/com_error.h:186:65: warning: 'kServiceInstanceAlreadyOffered' is deprecated: Value has never been used. Calls to OfferService shall be idempotent. [-Wdeprecated-declarations]
  186 |             case static_cast<score::result::ErrorCode>(ComErrc::kServiceInstanceAlreadyOffered):
      |                                                                 ^
./score/mw/com/impl/com_error.h:58:11: note: 'kServiceInstanceAlreadyOffered' has been explicitly marked deprecated here
   58 |         [[deprecated("Value has never been used. Calls to OfferService shall be idempotent.")]],
      |           ^
1 warning generated.
[876 / 1,458] Compiling score/mw/com/impl/configuration/service_type_deployment.cpp; 5s processwrapper-sandbox ... (8 actions, 7 running)
[881 / 1,458] Compiling score/mw/com/impl/configuration/service_type_deployment.cpp; 7s processwrapper-sandbox ... (8 actions running)
[884 / 1,458] Compiling score/mw/com/impl/configuration/service_instance_deployment.cpp; 5s processwrapper-sandbox ... (8 actions running)
[888 / 1,458] Compiling score/mw/com/impl/configuration/service_instance_deployment.cpp; 7s processwrapper-sandbox ... (8 actions, 7 running)
INFO: From Compiling score/mw/com/impl/configuration/service_instance_deployment.cpp:
In file included from score/mw/com/impl/configuration/service_instance_deployment.cpp:13:
In file included from ./score/mw/com/impl/configuration/service_instance_deployment.h:17:
./score/mw/com/impl/com_error.h:186:65: warning: 'kServiceInstanceAlreadyOffered' is deprecated: Value has never been used. Calls to OfferService shall be idempotent. [-Wdeprecated-declarations]
  186 |             case static_cast<score::result::ErrorCode>(ComErrc::kServiceInstanceAlreadyOffered):
      |                                                                 ^
./score/mw/com/impl/com_error.h:58:11: note: 'kServiceInstanceAlreadyOffered' has been explicitly marked deprecated here
   58 |         [[deprecated("Value has never been used. Calls to OfferService shall be idempotent.")]],
      |           ^
1 warning generated.
[891 / 1,458] Compiling score/mw/com/mocking/i_runtime.cpp; 7s processwrapper-sandbox ... (8 actions, 7 running)
[897 / 1,458] Compiling score/mw/com/mocking/i_runtime.cpp; 8s processwrapper-sandbox ... (8 actions running)
[899 / 1,458] Compiling score/mw/com/mocking/i_runtime.cpp; 9s processwrapper-sandbox ... (8 actions running)
[900 / 1,458] Compiling score/mw/com/mocking/i_runtime.cpp; 10s processwrapper-sandbox ... (8 actions, 7 running)
[903 / 1,458] Compiling score/mw/com/mocking/i_runtime.cpp; 11s processwrapper-sandbox ... (8 actions, 7 running)
[906 / 1,458] Compiling score/mw/com/mocking/i_runtime.cpp; 13s processwrapper-sandbox ... (8 actions running)
[912 / 1,458] Compiling score/mw/com/mocking/i_runtime.cpp; 14s processwrapper-sandbox ... (8 actions running)
INFO: From Compiling score/mw/com/impl/configuration/configuration.cpp:
In file included from score/mw/com/impl/configuration/configuration.cpp:13:
In file included from ./score/mw/com/impl/configuration/configuration.h:18:
In file included from ./score/mw/com/impl/configuration/service_instance_deployment.h:17:
./score/mw/com/impl/com_error.h:186:65: warning: 'kServiceInstanceAlreadyOffered' is deprecated: Value has never been used. Calls to OfferService shall be idempotent. [-Wdeprecated-declarations]
  186 |             case static_cast<score::result::ErrorCode>(ComErrc::kServiceInstanceAlreadyOffered):
      |                                                                 ^
./score/mw/com/impl/com_error.h:58:11: note: 'kServiceInstanceAlreadyOffered' has been explicitly marked deprecated here
   58 |         [[deprecated("Value has never been used. Calls to OfferService shall be idempotent.")]],
      |           ^
1 warning generated.
INFO: From Compiling score/mw/com/impl/configuration/configuration_json_parsing_strategy.cpp:
In file included from score/mw/com/impl/configuration/configuration_json_parsing_strategy.cpp:13:
In file included from ./score/mw/com/impl/configuration/configuration_json_parsing_strategy.h:16:
In file included from ./score/mw/com/impl/configuration/i_configuration_parsing_strategy.h:16:
In file included from ./score/mw/com/impl/configuration/configuration.h:18:
In file included from ./score/mw/com/impl/configuration/service_instance_deployment.h:17:
./score/mw/com/impl/com_error.h:186:65: warning: 'kServiceInstanceAlreadyOffered' is deprecated: Value has never been used. Calls to OfferService shall be idempotent. [-Wdeprecated-declarations]
  186 |             case static_cast<score::result::ErrorCode>(ComErrc::kServiceInstanceAlreadyOffered):
      |                                                                 ^
./score/mw/com/impl/com_error.h:58:11: note: 'kServiceInstanceAlreadyOffered' has been explicitly marked deprecated here
   58 |         [[deprecated("Value has never been used. Calls to OfferService shall be idempotent.")]],
      |           ^
1 warning generated.
[924 / 1,458] Compiling score/mw/com/mocking/i_runtime.cpp; 15s processwrapper-sandbox ... (8 actions, 7 running)
[926 / 1,458] Compiling score/mw/com/mocking/i_runtime.cpp; 16s processwrapper-sandbox ... (8 actions, 7 running)
[928 / 1,458] Compiling score/mw/com/mocking/i_runtime.cpp; 17s processwrapper-sandbox ... (8 actions, 7 running)
[934 / 1,458] Compiling score/mw/com/mocking/i_runtime.cpp; 18s processwrapper-sandbox ... (8 actions running)
[938 / 1,458] Compiling score/mw/com/mocking/i_runtime.cpp; 20s processwrapper-sandbox ... (8 actions, 7 running)
[940 / 1,458] Compiling score/mw/com/mocking/i_runtime.cpp; 21s processwrapper-sandbox ... (8 actions running)
INFO: From Compiling score/mw/com/mocking/i_runtime.cpp:
In file included from score/mw/com/mocking/i_runtime.cpp:13:
In file included from ./score/mw/com/mocking/i_runtime.h:17:
In file included from ./score/mw/com/types.h:24:
In file included from ./score/mw/com/impl/generic_proxy.h:18:
In file included from ./score/mw/com/impl/generic_proxy_event.h:18:
In file included from ./score/mw/com/impl/proxy_base.h:18:
In file included from ./score/mw/com/impl/handle_type.h:18:
In file included from ./score/mw/com/impl/instance_identifier.h:16:
./score/mw/com/impl/com_error.h:186:65: warning: 'kServiceInstanceAlreadyOffered' is deprecated: Value has never been used. Calls to OfferService shall be idempotent. [-Wdeprecated-declarations]
  186 |             case static_cast<score::result::ErrorCode>(ComErrc::kServiceInstanceAlreadyOffered):
      |                                                                 ^
./score/mw/com/impl/com_error.h:58:11: note: 'kServiceInstanceAlreadyOffered' has been explicitly marked deprecated here
   58 |         [[deprecated("Value has never been used. Calls to OfferService shall be idempotent.")]],
      |           ^
1 warning generated.
[944 / 1,458] Compiling score/memory/shared/shared_memory_resource.cpp; 7s processwrapper-sandbox ... (8 actions, 7 running)
[949 / 1,458] Compiling score/mw/com/impl/configuration/config_validate.cpp; 7s processwrapper-sandbox ... (8 actions running)
INFO: From Compiling score/mw/com/impl/configuration/config_validate.cpp:
In file included from score/mw/com/impl/configuration/config_validate.cpp:13:
In file included from ./score/mw/com/impl/configuration/config_validate.h:17:
In file included from ./score/mw/com/impl/configuration/configuration.h:18:
In file included from ./score/mw/com/impl/configuration/service_instance_deployment.h:17:
./score/mw/com/impl/com_error.h:186:65: warning: 'kServiceInstanceAlreadyOffered' is deprecated: Value has never been used. Calls to OfferService shall be idempotent. [-Wdeprecated-declarations]
  186 |             case static_cast<score::result::ErrorCode>(ComErrc::kServiceInstanceAlreadyOffered):
      |                                                                 ^
./score/mw/com/impl/com_error.h:58:11: note: 'kServiceInstanceAlreadyOffered' has been explicitly marked deprecated here
   58 |         [[deprecated("Value has never been used. Calls to OfferService shall be idempotent.")]],
      |           ^
1 warning generated.
[954 / 1,458] Compiling score/memory/shared/new_delete_delegate_resource.cpp; 6s processwrapper-sandbox ... (8 actions running)
[962 / 1,458] Compiling score/mw/com/impl/configuration/config_parser.cpp; 6s processwrapper-sandbox ... (8 actions, 7 running)
[970 / 1,458] Compiling score/mw/com/impl/configuration/config_parser.cpp; 7s processwrapper-sandbox ... (8 actions running)
INFO: From Compiling score/mw/com/impl/configuration/config_parser.cpp:
In file included from score/mw/com/impl/configuration/config_parser.cpp:13:
In file included from ./score/mw/com/impl/configuration/config_parser.h:17:
In file included from ./score/mw/com/impl/configuration/configuration.h:18:
In file included from ./score/mw/com/impl/configuration/service_instance_deployment.h:17:
./score/mw/com/impl/com_error.h:186:65: warning: 'kServiceInstanceAlreadyOffered' is deprecated: Value has never been used. Calls to OfferService shall be idempotent. [-Wdeprecated-declarations]
  186 |             case static_cast<score::result::ErrorCode>(ComErrc::kServiceInstanceAlreadyOffered):
      |                                                                 ^
./score/mw/com/impl/com_error.h:58:11: note: 'kServiceInstanceAlreadyOffered' has been explicitly marked deprecated here
   58 |         [[deprecated("Value has never been used. Calls to OfferService shall be idempotent.")]],
      |           ^
1 warning generated.
[971 / 1,458] Compiling score/mw/com/types.cpp; 7s processwrapper-sandbox ... (8 actions, 7 running)
[979 / 1,458] Compiling score/mw/com/types.cpp; 9s processwrapper-sandbox ... (8 actions running)
[989 / 1,458] Compiling score/mw/com/types.cpp; 10s processwrapper-sandbox ... (8 actions, 7 running)
INFO: From Compiling score/mw/com/impl/data_type_meta_info.cpp:
In file included from score/mw/com/impl/data_type_meta_info.cpp:15:
./score/mw/com/impl/com_error.h:186:65: warning: 'kServiceInstanceAlreadyOffered' is deprecated: Value has never been used. Calls to OfferService shall be idempotent. [-Wdeprecated-declarations]
  186 |             case static_cast<score::result::ErrorCode>(ComErrc::kServiceInstanceAlreadyOffered):
      |                                                                 ^
./score/mw/com/impl/com_error.h:58:11: note: 'kServiceInstanceAlreadyOffered' has been explicitly marked deprecated here
   58 |         [[deprecated("Value has never been used. Calls to OfferService shall be idempotent.")]],
      |           ^
1 warning generated.
[995 / 1,458] Compiling score/mw/com/types.cpp; 11s processwrapper-sandbox ... (8 actions, 7 running)
[1,001 / 1,458] Compiling score/mw/com/types.cpp; 12s processwrapper-sandbox ... (8 actions, 7 running)
[1,005 / 1,458] Compiling score/mw/com/types.cpp; 14s processwrapper-sandbox ... (8 actions running)
[1,008 / 1,458] Compiling score/mw/com/types.cpp; 16s processwrapper-sandbox ... (8 actions running)
[1,009 / 1,458] Compiling score/mw/com/types.cpp; 18s processwrapper-sandbox ... (8 actions, 7 running)
INFO: From Compiling score/mw/com/impl/plumbing/i_skeleton_binding_factory.cpp:
In file included from score/mw/com/impl/plumbing/i_skeleton_binding_factory.cpp:13:
In file included from ./score/mw/com/impl/plumbing/i_skeleton_binding_factory.h:16:
In file included from ./score/mw/com/impl/instance_identifier.h:16:
./score/mw/com/impl/com_error.h:186:65: warning: 'kServiceInstanceAlreadyOffered' is deprecated: Value has never been used. Calls to OfferService shall be idempotent. [-Wdeprecated-declarations]
  186 |             case static_cast<score::result::ErrorCode>(ComErrc::kServiceInstanceAlreadyOffered):
      |                                                                 ^
./score/mw/com/impl/com_error.h:58:11: note: 'kServiceInstanceAlreadyOffered' has been explicitly marked deprecated here
   58 |         [[deprecated("Value has never been used. Calls to OfferService shall be idempotent.")]],
      |           ^
1 warning generated.
INFO: From Compiling score/mw/com/impl/bindings/lola/transaction_log_set.cpp:
In file included from score/mw/com/impl/bindings/lola/transaction_log_set.cpp:17:
./score/mw/com/impl/com_error.h:186:65: warning: 'kServiceInstanceAlreadyOffered' is deprecated: Value has never been used. Calls to OfferService shall be idempotent. [-Wdeprecated-declarations]
  186 |             case static_cast<score::result::ErrorCode>(ComErrc::kServiceInstanceAlreadyOffered):
      |                                                                 ^
./score/mw/com/impl/com_error.h:58:11: note: 'kServiceInstanceAlreadyOffered' has been explicitly marked deprecated here
   58 |         [[deprecated("Value has never been used. Calls to OfferService shall be idempotent.")]],
      |           ^
1 warning generated.
[1,018 / 1,458] Compiling score/mw/com/types.cpp; 20s processwrapper-sandbox ... (8 actions running)
INFO: From Compiling score/mw/com/impl/instance_identifier.cpp:
In file included from score/mw/com/impl/instance_identifier.cpp:13:
In file included from ./score/mw/com/impl/instance_identifier.h:16:
./score/mw/com/impl/com_error.h:186:65: warning: 'kServiceInstanceAlreadyOffered' is deprecated: Value has never been used. Calls to OfferService shall be idempotent. [-Wdeprecated-declarations]
  186 |             case static_cast<score::result::ErrorCode>(ComErrc::kServiceInstanceAlreadyOffered):
      |                                                                 ^
./score/mw/com/impl/com_error.h:58:11: note: 'kServiceInstanceAlreadyOffered' has been explicitly marked deprecated here
   58 |         [[deprecated("Value has never been used. Calls to OfferService shall be idempotent.")]],
      |           ^
1 warning generated.
[1,021 / 1,458] Compiling score/mw/com/types.cpp; 21s processwrapper-sandbox ... (8 actions, 7 running)
INFO: From Compiling score/mw/com/impl/handle_type.cpp:
In file included from score/mw/com/impl/handle_type.cpp:13:
In file included from ./score/mw/com/impl/handle_type.h:18:
In file included from ./score/mw/com/impl/instance_identifier.h:16:
./score/mw/com/impl/com_error.h:186:65: warning: 'kServiceInstanceAlreadyOffered' is deprecated: Value has never been used. Calls to OfferService shall be idempotent. [-Wdeprecated-declarations]
  186 |             case static_cast<score::result::ErrorCode>(ComErrc::kServiceInstanceAlreadyOffered):
      |                                                                 ^
./score/mw/com/impl/com_error.h:58:11: note: 'kServiceInstanceAlreadyOffered' has been explicitly marked deprecated here
   58 |         [[deprecated("Value has never been used. Calls to OfferService shall be idempotent.")]],
      |           ^
1 warning generated.
[1,026 / 1,458] Compiling score/mw/com/types.cpp; 22s processwrapper-sandbox ... (8 actions, 7 running)
INFO: From Compiling score/mw/com/impl/enriched_instance_identifier.cpp:
In file included from score/mw/com/impl/enriched_instance_identifier.cpp:13:
In file included from ./score/mw/com/impl/enriched_instance_identifier.h:17:
In file included from ./score/mw/com/impl/handle_type.h:18:
In file included from ./score/mw/com/impl/instance_identifier.h:16:
./score/mw/com/impl/com_error.h:186:65: warning: 'kServiceInstanceAlreadyOffered' is deprecated: Value has never been used. Calls to OfferService shall be idempotent. [-Wdeprecated-declarations]
  186 |             case static_cast<score::result::ErrorCode>(ComErrc::kServiceInstanceAlreadyOffered):
      |                                                                 ^
./score/mw/com/impl/com_error.h:58:11: note: 'kServiceInstanceAlreadyOffered' has been explicitly marked deprecated here
   58 |         [[deprecated("Value has never been used. Calls to OfferService shall be idempotent.")]],
      |           ^
1 warning generated.
INFO: From Compiling score/mw/com/types.cpp:
In file included from score/mw/com/types.cpp:13:
In file included from ./score/mw/com/types.h:24:
In file included from ./score/mw/com/impl/generic_proxy.h:18:
In file included from ./score/mw/com/impl/generic_proxy_event.h:18:
In file included from ./score/mw/com/impl/proxy_base.h:18:
In file included from ./score/mw/com/impl/handle_type.h:18:
In file included from ./score/mw/com/impl/instance_identifier.h:16:
./score/mw/com/impl/com_error.h:186:65: warning: 'kServiceInstanceAlreadyOffered' is deprecated: Value has never been used. Calls to OfferService shall be idempotent. [-Wdeprecated-declarations]
  186 |             case static_cast<score::result::ErrorCode>(ComErrc::kServiceInstanceAlreadyOffered):
      |                                                                 ^
./score/mw/com/impl/com_error.h:58:11: note: 'kServiceInstanceAlreadyOffered' has been explicitly marked deprecated here
   58 |         [[deprecated("Value has never been used. Calls to OfferService shall be idempotent.")]],
      |           ^
1 warning generated.
[1,033 / 1,458] Compiling score/mw/com/impl/bindings/lola/event_subscription_control.cpp; 4s processwrapper-sandbox ... (8 actions, 7 running)
[1,035 / 1,458] Compiling score/mw/com/impl/i_service_discovery.cpp; 5s processwrapper-sandbox ... (8 actions, 7 running)
[1,037 / 1,458] Compiling score/mw/com/impl/i_service_discovery.cpp; 6s processwrapper-sandbox ... (8 actions running)
[1,045 / 1,458] Compiling score/mw/com/impl/i_service_discovery.cpp; 7s processwrapper-sandbox ... (8 actions, 7 running)
INFO: From Compiling score/mw/com/impl/i_service_discovery.cpp:
In file included from score/mw/com/impl/i_service_discovery.cpp:13:
In file included from ./score/mw/com/impl/i_service_discovery.h:16:
In file included from ./score/mw/com/impl/enriched_instance_identifier.h:17:
In file included from ./score/mw/com/impl/handle_type.h:18:
In file included from ./score/mw/com/impl/instance_identifier.h:16:
./score/mw/com/impl/com_error.h:186:65: warning: 'kServiceInstanceAlreadyOffered' is deprecated: Value has never been used. Calls to OfferService shall be idempotent. [-Wdeprecated-declarations]
  186 |             case static_cast<score::result::ErrorCode>(ComErrc::kServiceInstanceAlreadyOffered):
      |                                                                 ^
./score/mw/com/impl/com_error.h:58:11: note: 'kServiceInstanceAlreadyOffered' has been explicitly marked deprecated here
   58 |         [[deprecated("Value has never been used. Calls to OfferService shall be idempotent.")]],
      |           ^
1 warning generated.
[1,049 / 1,458] Compiling score/mw/com/impl/generic_proxy.cpp; 4s processwrapper-sandbox ... (8 actions, 7 running)
[1,052 / 1,458] Compiling score/mw/com/impl/generic_proxy.cpp; 5s processwrapper-sandbox ... (8 actions, 7 running)
[1,055 / 1,458] Compiling score/mw/com/impl/generic_proxy.cpp; 6s processwrapper-sandbox ... (7 actions, 6 running)
[1,055 / 1,458] Compiling score/mw/com/impl/generic_proxy.cpp; 8s processwrapper-sandbox ... (8 actions running)
[1,056 / 1,458] Compiling score/mw/com/impl/generic_proxy.cpp; 9s processwrapper-sandbox ... (8 actions, 7 running)
INFO: From Compiling score/mw/com/impl/bindings/lola/service_discovery/known_instances_container.cpp:
In file included from score/mw/com/impl/bindings/lola/service_discovery/known_instances_container.cpp:13:
In file included from ./score/mw/com/impl/bindings/lola/service_discovery/known_instances_container.h:16:
In file included from ./score/mw/com/impl/enriched_instance_identifier.h:17:
In file included from ./score/mw/com/impl/handle_type.h:18:
In file included from ./score/mw/com/impl/instance_identifier.h:16:
./score/mw/com/impl/com_error.h:186:65: warning: 'kServiceInstanceAlreadyOffered' is deprecated: Value has never been used. Calls to OfferService shall be idempotent. [-Wdeprecated-declarations]
  186 |             case static_cast<score::result::ErrorCode>(ComErrc::kServiceInstanceAlreadyOffered):
      |                                                                 ^
./score/mw/com/impl/com_error.h:58:11: note: 'kServiceInstanceAlreadyOffered' has been explicitly marked deprecated here
   58 |         [[deprecated("Value has never been used. Calls to OfferService shall be idempotent.")]],
      |           ^
1 warning generated.
INFO: From Compiling score/mw/com/impl/i_service_discovery_client.cpp:
In file included from score/mw/com/impl/i_service_discovery_client.cpp:13:
In file included from ./score/mw/com/impl/i_service_discovery_client.h:16:
In file included from ./score/mw/com/impl/enriched_instance_identifier.h:17:
In file included from ./score/mw/com/impl/handle_type.h:18:
In file included from ./score/mw/com/impl/instance_identifier.h:16:
./score/mw/com/impl/com_error.h:186:65: warning: 'kServiceInstanceAlreadyOffered' is deprecated: Value has never been used. Calls to OfferService shall be idempotent. [-Wdeprecated-declarations]
  186 |             case static_cast<score::result::ErrorCode>(ComErrc::kServiceInstanceAlreadyOffered):
      |                                                                 ^
./score/mw/com/impl/com_error.h:58:11: note: 'kServiceInstanceAlreadyOffered' has been explicitly marked deprecated here
   58 |         [[deprecated("Value has never been used. Calls to OfferService shall be idempotent.")]],
      |           ^
1 warning generated.
[1,067 / 1,458] Compiling score/mw/com/impl/generic_proxy.cpp; 10s processwrapper-sandbox ... (8 actions, 7 running)
[1,069 / 1,458] Compiling score/mw/com/impl/generic_proxy.cpp; 11s processwrapper-sandbox ... (8 actions, 7 running)
INFO: From Compiling score/mw/com/impl/generic_proxy.cpp:
In file included from score/mw/com/impl/generic_proxy.cpp:14:
In file included from ./score/mw/com/impl/generic_proxy.h:18:
In file included from ./score/mw/com/impl/generic_proxy_event.h:18:
In file included from ./score/mw/com/impl/proxy_base.h:18:
In file included from ./score/mw/com/impl/handle_type.h:18:
In file included from ./score/mw/com/impl/instance_identifier.h:16:
./score/mw/com/impl/com_error.h:186:65: warning: 'kServiceInstanceAlreadyOffered' is deprecated: Value has never been used. Calls to OfferService shall be idempotent. [-Wdeprecated-declarations]
  186 |             case static_cast<score::result::ErrorCode>(ComErrc::kServiceInstanceAlreadyOffered):
      |                                                                 ^
./score/mw/com/impl/com_error.h:58:11: note: 'kServiceInstanceAlreadyOffered' has been explicitly marked deprecated here
   58 |         [[deprecated("Value has never been used. Calls to OfferService shall be idempotent.")]],
      |           ^
1 warning generated.
[1,075 / 1,458] Compiling score/filesystem/file_utils/file_utils.cpp; 3s processwrapper-sandbox ... (8 actions running)
[1,076 / 1,458] Compiling score/filesystem/file_utils/file_utils.cpp; 5s processwrapper-sandbox ... (8 actions running)
[1,081 / 1,458] Compiling score/filesystem/iterator/recursive_directory_iterator.cpp; 4s processwrapper-sandbox ... (8 actions, 7 running)
[1,082 / 1,458] Compiling score/mw/com/impl/generic_skeleton.cpp; 5s processwrapper-sandbox ... (8 actions running)
[1,083 / 1,458] Compiling score/mw/com/impl/generic_skeleton.cpp; 6s processwrapper-sandbox ... (8 actions, 7 running)
[1,086 / 1,458] Compiling score/mw/com/impl/generic_skeleton.cpp; 8s processwrapper-sandbox ... (8 actions, 7 running)
[1,088 / 1,458] Compiling score/mw/com/impl/generic_skeleton.cpp; 9s processwrapper-sandbox ... (8 actions running)
INFO: From Compiling score/mw/com/impl/bindings/lola/service_discovery/flag_file.cpp:
In file included from score/mw/com/impl/bindings/lola/service_discovery/flag_file.cpp:13:
In file included from ./score/mw/com/impl/bindings/lola/service_discovery/flag_file.h:16:
In file included from ./score/mw/com/impl/enriched_instance_identifier.h:17:
In file included from ./score/mw/com/impl/handle_type.h:18:
In file included from ./score/mw/com/impl/instance_identifier.h:16:
./score/mw/com/impl/com_error.h:186:65: warning: 'kServiceInstanceAlreadyOffered' is deprecated: Value has never been used. Calls to OfferService shall be idempotent. [-Wdeprecated-declarations]
  186 |             case static_cast<score::result::ErrorCode>(ComErrc::kServiceInstanceAlreadyOffered):
      |                                                                 ^
./score/mw/com/impl/com_error.h:58:11: note: 'kServiceInstanceAlreadyOffered' has been explicitly marked deprecated here
   58 |         [[deprecated("Value has never been used. Calls to OfferService shall be idempotent.")]],
      |           ^
1 warning generated.
[1,089 / 1,458] Compiling score/mw/com/impl/generic_skeleton.cpp; 10s processwrapper-sandbox ... (8 actions, 7 running)
[1,094 / 1,458] Compiling score/mw/com/impl/generic_skeleton.cpp; 12s processwrapper-sandbox ... (8 actions running)
[1,098 / 1,458] Compiling score/mw/com/impl/generic_skeleton.cpp; 14s processwrapper-sandbox ... (8 actions running)
INFO: From Compiling score/mw/com/impl/bindings/lola/service_discovery/flag_file_crawler.cpp:
In file included from score/mw/com/impl/bindings/lola/service_discovery/flag_file_crawler.cpp:13:
In file included from ./score/mw/com/impl/bindings/lola/service_discovery/flag_file_crawler.h:16:
In file included from ./score/mw/com/impl/bindings/lola/service_discovery/known_instances_container.h:16:
In file included from ./score/mw/com/impl/enriched_instance_identifier.h:17:
In file included from ./score/mw/com/impl/handle_type.h:18:
In file included from ./score/mw/com/impl/instance_identifier.h:16:
./score/mw/com/impl/com_error.h:186:65: warning: 'kServiceInstanceAlreadyOffered' is deprecated: Value has never been used. Calls to OfferService shall be idempotent. [-Wdeprecated-declarations]
  186 |             case static_cast<score::result::ErrorCode>(ComErrc::kServiceInstanceAlreadyOffered):
      |                                                                 ^
./score/mw/com/impl/com_error.h:58:11: note: 'kServiceInstanceAlreadyOffered' has been explicitly marked deprecated here
   58 |         [[deprecated("Value has never been used. Calls to OfferService shall be idempotent.")]],
      |           ^
1 warning generated.
[1,104 / 1,458] Compiling score/mw/com/impl/generic_skeleton.cpp; 15s processwrapper-sandbox ... (8 actions, 7 running)
[1,108 / 1,458] Compiling score/mw/com/impl/generic_skeleton.cpp; 16s processwrapper-sandbox ... (8 actions, 7 running)
INFO: From Compiling score/mw/com/impl/generic_skeleton.cpp:
In file included from score/mw/com/impl/generic_skeleton.cpp:13:
In file included from ./score/mw/com/impl/generic_skeleton.h:18:
In file included from ./score/mw/com/impl/instance_identifier.h:16:
./score/mw/com/impl/com_error.h:186:65: warning: 'kServiceInstanceAlreadyOffered' is deprecated: Value has never been used. Calls to OfferService shall be idempotent. [-Wdeprecated-declarations]
  186 |             case static_cast<score::result::ErrorCode>(ComErrc::kServiceInstanceAlreadyOffered):
      |                                                                 ^
./score/mw/com/impl/com_error.h:58:11: note: 'kServiceInstanceAlreadyOffered' has been explicitly marked deprecated here
   58 |         [[deprecated("Value has never been used. Calls to OfferService shall be idempotent.")]],
      |           ^
1 warning generated.
[1,113 / 1,458] Compiling score/mw/com/impl/skeleton_event_binding.cpp; 4s processwrapper-sandbox ... (7 actions, 6 running)
[1,116 / 1,458] Compiling score/concurrency/simple_task.cpp; 3s processwrapper-sandbox ... (8 actions, 7 running)
INFO: From Compiling score/mw/com/impl/error_serializer.cpp:
In file included from score/mw/com/impl/error_serializer.cpp:16:
./score/mw/com/impl/com_error.h:186:65: warning: 'kServiceInstanceAlreadyOffered' is deprecated: Value has never been used. Calls to OfferService shall be idempotent. [-Wdeprecated-declarations]
  186 |             case static_cast<score::result::ErrorCode>(ComErrc::kServiceInstanceAlreadyOffered):
      |                                                                 ^
./score/mw/com/impl/com_error.h:58:11: note: 'kServiceInstanceAlreadyOffered' has been explicitly marked deprecated here
   58 |         [[deprecated("Value has never been used. Calls to OfferService shall be idempotent.")]],
      |           ^
1 warning generated.
[1,119 / 1,458] Compiling score/concurrency/simple_task.cpp; 4s processwrapper-sandbox ... (8 actions, 7 running)
[1,125 / 1,458] Compiling score/concurrency/thread_pool.cpp; 4s processwrapper-sandbox ... (8 actions running)
[1,126 / 1,458] Compiling score/mw/com/impl/traits.cpp; 5s processwrapper-sandbox ... (8 actions, 7 running)
[1,129 / 1,458] Compiling score/mw/com/impl/traits.cpp; 6s processwrapper-sandbox ... (8 actions running)
[1,136 / 1,458] Compiling score/mw/com/impl/traits.cpp; 7s processwrapper-sandbox ... (8 actions, 7 running)
[1,140 / 1,458] Compiling score/mw/com/impl/traits.cpp; 9s processwrapper-sandbox ... (8 actions running)
[1,141 / 1,458] Compiling score/mw/com/impl/traits.cpp; 10s processwrapper-sandbox ... (8 actions running)
[1,145 / 1,458] Compiling score/mw/com/impl/traits.cpp; 11s processwrapper-sandbox ... (8 actions, 7 running)
[1,145 / 1,458] Compiling score/mw/com/impl/traits.cpp; 13s processwrapper-sandbox ... (8 actions running)
[1,148 / 1,458] Compiling score/mw/com/impl/traits.cpp; 14s processwrapper-sandbox ... (8 actions running)
[1,154 / 1,458] Compiling score/mw/com/impl/traits.cpp; 16s processwrapper-sandbox ... (8 actions running)
[1,157 / 1,458] Compiling score/mw/com/impl/traits.cpp; 18s processwrapper-sandbox ... (8 actions running)
[1,160 / 1,458] Compiling score/mw/com/impl/traits.cpp; 20s processwrapper-sandbox ... (8 actions running)
[1,163 / 1,458] Compiling score/mw/com/impl/traits.cpp; 21s processwrapper-sandbox ... (8 actions running)
INFO: From Compiling score/mw/com/impl/traits.cpp:
In file included from score/mw/com/impl/traits.cpp:13:
In file included from ./score/mw/com/impl/traits.h:16:
./score/mw/com/impl/com_error.h:186:65: warning: 'kServiceInstanceAlreadyOffered' is deprecated: Value has never been used. Calls to OfferService shall be idempotent. [-Wdeprecated-declarations]
  186 |             case static_cast<score::result::ErrorCode>(ComErrc::kServiceInstanceAlreadyOffered):
      |                                                                 ^
./score/mw/com/impl/com_error.h:58:11: note: 'kServiceInstanceAlreadyOffered' has been explicitly marked deprecated here
   58 |         [[deprecated("Value has never been used. Calls to OfferService shall be idempotent.")]],
      |           ^
1 warning generated.
[1,170 / 1,458] Compiling score/mw/com/impl/bindings/lola/messaging/message_passing_service_instance.cpp; 11s processwrapper-sandbox ... (8 actions running)
INFO: From Compiling score/mw/com/impl/tracing/configuration/tracing_filter_config.cpp:
In file included from score/mw/com/impl/tracing/configuration/tracing_filter_config.cpp:13:
In file included from ./score/mw/com/impl/tracing/configuration/tracing_filter_config.h:16:
In file included from ./score/mw/com/impl/configuration/configuration.h:18:
In file included from ./score/mw/com/impl/configuration/service_instance_deployment.h:17:
./score/mw/com/impl/com_error.h:186:65: warning: 'kServiceInstanceAlreadyOffered' is deprecated: Value has never been used. Calls to OfferService shall be idempotent. [-Wdeprecated-declarations]
  186 |             case static_cast<score::result::ErrorCode>(ComErrc::kServiceInstanceAlreadyOffered):
      |                                                                 ^
./score/mw/com/impl/com_error.h:58:11: note: 'kServiceInstanceAlreadyOffered' has been explicitly marked deprecated here
   58 |         [[deprecated("Value has never been used. Calls to OfferService shall be idempotent.")]],
      |           ^
1 warning generated.
[1,172 / 1,458] Compiling score/mw/com/impl/bindings/lola/messaging/message_passing_service_instance.cpp; 13s processwrapper-sandbox ... (8 actions, 7 running)
INFO: From Compiling score/mw/com/impl/bindings/lola/tracing/tracing_runtime.cpp:
In file included from score/mw/com/impl/bindings/lola/tracing/tracing_runtime.cpp:13:
In file included from ./score/mw/com/impl/bindings/lola/tracing/tracing_runtime.h:16:
In file included from ./score/mw/com/impl/configuration/configuration.h:18:
In file included from ./score/mw/com/impl/configuration/service_instance_deployment.h:17:
./score/mw/com/impl/com_error.h:186:65: warning: 'kServiceInstanceAlreadyOffered' is deprecated: Value has never been used. Calls to OfferService shall be idempotent. [-Wdeprecated-declarations]
  186 |             case static_cast<score::result::ErrorCode>(ComErrc::kServiceInstanceAlreadyOffered):
      |                                                                 ^
./score/mw/com/impl/com_error.h:58:11: note: 'kServiceInstanceAlreadyOffered' has been explicitly marked deprecated here
   58 |         [[deprecated("Value has never been used. Calls to OfferService shall be idempotent.")]],
      |           ^
1 warning generated.
[1,175 / 1,458] Compiling score/mw/com/impl/bindings/lola/messaging/message_passing_service_instance.cpp; 14s processwrapper-sandbox ... (8 actions, 7 running)
INFO: From Compiling score/mw/com/impl/bindings/lola/messaging/message_passing_service_instance.cpp:
In file included from score/mw/com/impl/bindings/lola/messaging/message_passing_service_instance.cpp:21:
./score/mw/com/impl/com_error.h:186:65: warning: 'kServiceInstanceAlreadyOffered' is deprecated: Value has never been used. Calls to OfferService shall be idempotent. [-Wdeprecated-declarations]
  186 |             case static_cast<score::result::ErrorCode>(ComErrc::kServiceInstanceAlreadyOffered):
      |                                                                 ^
./score/mw/com/impl/com_error.h:58:11: note: 'kServiceInstanceAlreadyOffered' has been explicitly marked deprecated here
   58 |         [[deprecated("Value has never been used. Calls to OfferService shall be idempotent.")]],
      |           ^
1 warning generated.
[1,179 / 1,458] Compiling score/mw/com/impl/bindings/lola/subscription_subscription_pending_states.cpp; 6s processwrapper-sandbox ... (8 actions, 7 running)
[1,182 / 1,458] Compiling score/mw/com/impl/bindings/lola/subscription_subscription_pending_states.cpp; 7s processwrapper-sandbox ... (8 actions running)
INFO: From Compiling score/mw/com/impl/bindings/lola/service_discovery/lola_service_instance_identifier.cpp:
In file included from score/mw/com/impl/bindings/lola/service_discovery/lola_service_instance_identifier.cpp:13:
In file included from ./score/mw/com/impl/bindings/lola/service_discovery/lola_service_instance_identifier.h:18:
In file included from ./score/mw/com/impl/enriched_instance_identifier.h:17:
In file included from ./score/mw/com/impl/handle_type.h:18:
In file included from ./score/mw/com/impl/instance_identifier.h:16:
./score/mw/com/impl/com_error.h:186:65: warning: 'kServiceInstanceAlreadyOffered' is deprecated: Value has never been used. Calls to OfferService shall be idempotent. [-Wdeprecated-declarations]
  186 |             case static_cast<score::result::ErrorCode>(ComErrc::kServiceInstanceAlreadyOffered):
      |                                                                 ^
./score/mw/com/impl/com_error.h:58:11: note: 'kServiceInstanceAlreadyOffered' has been explicitly marked deprecated here
   58 |         [[deprecated("Value has never been used. Calls to OfferService shall be idempotent.")]],
      |           ^
1 warning generated.
INFO: From Compiling score/mw/com/impl/bindings/lola/subscription_subscription_pending_states.cpp:
In file included from score/mw/com/impl/bindings/lola/subscription_subscription_pending_states.cpp:17:
./score/mw/com/impl/com_error.h:186:65: warning: 'kServiceInstanceAlreadyOffered' is deprecated: Value has never been used. Calls to OfferService shall be idempotent. [-Wdeprecated-declarations]
  186 |             case static_cast<score::result::ErrorCode>(ComErrc::kServiceInstanceAlreadyOffered):
      |                                                                 ^
./score/mw/com/impl/com_error.h:58:11: note: 'kServiceInstanceAlreadyOffered' has been explicitly marked deprecated here
   58 |         [[deprecated("Value has never been used. Calls to OfferService shall be idempotent.")]],
      |           ^
1 warning generated.
[1,186 / 1,458] Compiling score/mw/com/impl/proxy_field.cpp; 7s processwrapper-sandbox ... (8 actions, 7 running)
[1,186 / 1,458] Compiling score/mw/com/impl/proxy_field.cpp; 9s processwrapper-sandbox ... (8 actions running)
INFO: From Compiling score/mw/com/impl/bindings/lola/subscription_subscribed_states.cpp:
In file included from score/mw/com/impl/bindings/lola/subscription_subscribed_states.cpp:18:
./score/mw/com/impl/com_error.h:186:65: warning: 'kServiceInstanceAlreadyOffered' is deprecated: Value has never been used. Calls to OfferService shall be idempotent. [-Wdeprecated-declarations]
  186 |             case static_cast<score::result::ErrorCode>(ComErrc::kServiceInstanceAlreadyOffered):
      |                                                                 ^
./score/mw/com/impl/com_error.h:58:11: note: 'kServiceInstanceAlreadyOffered' has been explicitly marked deprecated here
   58 |         [[deprecated("Value has never been used. Calls to OfferService shall be idempotent.")]],
      |           ^
1 warning generated.
[1,187 / 1,458] Compiling score/mw/com/impl/proxy_field.cpp; 11s processwrapper-sandbox ... (8 actions, 7 running)
[1,188 / 1,458] Compiling score/mw/com/impl/proxy_field.cpp; 12s processwrapper-sandbox ... (8 actions running)
INFO: From Compiling score/mw/com/impl/proxy_field.cpp:
In file included from score/mw/com/impl/proxy_field.cpp:13:
In file included from ./score/mw/com/impl/proxy_field.h:19:
In file included from ./score/mw/com/impl/methods/proxy_method_with_in_args_and_return.h:18:
In file included from ./score/mw/com/impl/methods/proxy_method.h:16:
In file included from ./score/mw/com/impl/bindings/lola/proxy.h:24:
In file included from ./score/mw/com/impl/bindings/lola/proxy_method.h:17:
In file included from ./score/mw/com/impl/bindings/lola/i_runtime.h:20:
In file included from ./score/mw/com/impl/i_binding_runtime.h:17:
In file included from ./score/mw/com/impl/i_service_discovery_client.h:16:
In file included from ./score/mw/com/impl/enriched_instance_identifier.h:17:
In file included from ./score/mw/com/impl/handle_type.h:18:
In file included from ./score/mw/com/impl/instance_identifier.h:16:
./score/mw/com/impl/com_error.h:186:65: warning: 'kServiceInstanceAlreadyOffered' is deprecated: Value has never been used. Calls to OfferService shall be idempotent. [-Wdeprecated-declarations]
  186 |             case static_cast<score::result::ErrorCode>(ComErrc::kServiceInstanceAlreadyOffered):
      |                                                                 ^
./score/mw/com/impl/com_error.h:58:11: note: 'kServiceInstanceAlreadyOffered' has been explicitly marked deprecated here
   58 |         [[deprecated("Value has never been used. Calls to OfferService shall be idempotent.")]],
      |           ^
1 warning generated.
[1,190 / 1,458] Compiling score/mw/com/impl/bindings/lola/service_discovery/client/service_discovery_client.cpp; 11s processwrapper-sandbox ... (8 actions, 7 running)
INFO: From Compiling score/mw/com/impl/bindings/lola/subscription_not_subscribed_states.cpp:
In file included from score/mw/com/impl/bindings/lola/subscription_not_subscribed_states.cpp:20:
./score/mw/com/impl/com_error.h:186:65: warning: 'kServiceInstanceAlreadyOffered' is deprecated: Value has never been used. Calls to OfferService shall be idempotent. [-Wdeprecated-declarations]
  186 |             case static_cast<score::result::ErrorCode>(ComErrc::kServiceInstanceAlreadyOffered):
      |                                                                 ^
./score/mw/com/impl/com_error.h:58:11: note: 'kServiceInstanceAlreadyOffered' has been explicitly marked deprecated here
   58 |         [[deprecated("Value has never been used. Calls to OfferService shall be idempotent.")]],
      |           ^
1 warning generated.
[1,193 / 1,458] Compiling score/mw/com/impl/bindings/lola/service_discovery/client/service_discovery_client.cpp; 13s processwrapper-sandbox ... (8 actions, 7 running)
[1,193 / 1,458] Compiling score/mw/com/impl/bindings/lola/service_discovery/client/service_discovery_client.cpp; 14s processwrapper-sandbox ... (8 actions running)
[1,194 / 1,458] Compiling score/mw/com/impl/bindings/lola/service_discovery/client/service_discovery_client.cpp; 15s processwrapper-sandbox ... (8 actions running)
[1,198 / 1,458] Compiling score/mw/com/impl/bindings/lola/service_discovery/client/service_discovery_client.cpp; 16s processwrapper-sandbox ... (8 actions, 7 running)
INFO: From Compiling score/mw/com/impl/bindings/lola/service_discovery/client/service_discovery_client.cpp:
In file included from score/mw/com/impl/bindings/lola/service_discovery/client/service_discovery_client.cpp:13:
In file included from ./score/mw/com/impl/bindings/lola/service_discovery/client/service_discovery_client.h:16:
In file included from ./score/mw/com/impl/i_service_discovery_client.h:16:
In file included from ./score/mw/com/impl/enriched_instance_identifier.h:17:
In file included from ./score/mw/com/impl/handle_type.h:18:
In file included from ./score/mw/com/impl/instance_identifier.h:16:
./score/mw/com/impl/com_error.h:186:65: warning: 'kServiceInstanceAlreadyOffered' is deprecated: Value has never been used. Calls to OfferService shall be idempotent. [-Wdeprecated-declarations]
  186 |             case static_cast<score::result::ErrorCode>(ComErrc::kServiceInstanceAlreadyOffered):
      |                                                                 ^
./score/mw/com/impl/com_error.h:58:11: note: 'kServiceInstanceAlreadyOffered' has been explicitly marked deprecated here
   58 |         [[deprecated("Value has never been used. Calls to OfferService shall be idempotent.")]],
      |           ^
1 warning generated.
INFO: From Compiling score/mw/com/impl/bindings/lola/runtime.cpp:
In file included from score/mw/com/impl/bindings/lola/runtime.cpp:13:
In file included from ./score/mw/com/impl/bindings/lola/runtime.h:16:
In file included from ./score/mw/com/impl/bindings/lola/i_runtime.h:20:
In file included from ./score/mw/com/impl/i_binding_runtime.h:17:
In file included from ./score/mw/com/impl/i_service_discovery_client.h:16:
In file included from ./score/mw/com/impl/enriched_instance_identifier.h:17:
In file included from ./score/mw/com/impl/handle_type.h:18:
In file included from ./score/mw/com/impl/instance_identifier.h:16:
./score/mw/com/impl/com_error.h:186:65: warning: 'kServiceInstanceAlreadyOffered' is deprecated: Value has never been used. Calls to OfferService shall be idempotent. [-Wdeprecated-declarations]
  186 |             case static_cast<score::result::ErrorCode>(ComErrc::kServiceInstanceAlreadyOffered):
      |                                                                 ^
./score/mw/com/impl/com_error.h:58:11: note: 'kServiceInstanceAlreadyOffered' has been explicitly marked deprecated here
   58 |         [[deprecated("Value has never been used. Calls to OfferService shall be idempotent.")]],
      |           ^
1 warning generated.
[1,204 / 1,458] Compiling score/mw/com/impl/bindings/lola/subscription_helpers.cpp; 11s processwrapper-sandbox ... (8 actions, 7 running)
INFO: From Compiling score/mw/com/impl/bindings/lola/subscription_helpers.cpp:
In file included from score/mw/com/impl/bindings/lola/subscription_helpers.cpp:15:
In file included from ./score/mw/com/impl/bindings/lola/i_runtime.h:20:
In file included from ./score/mw/com/impl/i_binding_runtime.h:17:
In file included from ./score/mw/com/impl/i_service_discovery_client.h:16:
In file included from ./score/mw/com/impl/enriched_instance_identifier.h:17:
In file included from ./score/mw/com/impl/handle_type.h:18:
In file included from ./score/mw/com/impl/instance_identifier.h:16:
./score/mw/com/impl/com_error.h:186:65: warning: 'kServiceInstanceAlreadyOffered' is deprecated: Value has never been used. Calls to OfferService shall be idempotent. [-Wdeprecated-declarations]
  186 |             case static_cast<score::result::ErrorCode>(ComErrc::kServiceInstanceAlreadyOffered):
      |                                                                 ^
./score/mw/com/impl/com_error.h:58:11: note: 'kServiceInstanceAlreadyOffered' has been explicitly marked deprecated here
   58 |         [[deprecated("Value has never been used. Calls to OfferService shall be idempotent.")]],
      |           ^
1 warning generated.
[1,207 / 1,458] Compiling score/mw/com/impl/plumbing/binding_runtime_factory.cpp; 9s processwrapper-sandbox ... (8 actions running)
[1,208 / 1,458] Compiling score/mw/com/impl/plumbing/binding_runtime_factory.cpp; 10s processwrapper-sandbox ... (8 actions running)
[1,209 / 1,458] Compiling score/mw/com/impl/plumbing/binding_runtime_factory.cpp; 11s processwrapper-sandbox ... (8 actions, 7 running)
INFO: From Compiling score/mw/com/impl/plumbing/binding_runtime_factory.cpp:
In file included from score/mw/com/impl/plumbing/binding_runtime_factory.cpp:13:
In file included from ./score/mw/com/impl/plumbing/binding_runtime_factory.h:16:
In file included from ./score/mw/com/impl/configuration/configuration.h:18:
In file included from ./score/mw/com/impl/configuration/service_instance_deployment.h:17:
./score/mw/com/impl/com_error.h:186:65: warning: 'kServiceInstanceAlreadyOffered' is deprecated: Value has never been used. Calls to OfferService shall be idempotent. [-Wdeprecated-declarations]
  186 |             case static_cast<score::result::ErrorCode>(ComErrc::kServiceInstanceAlreadyOffered):
      |                                                                 ^
./score/mw/com/impl/com_error.h:58:11: note: 'kServiceInstanceAlreadyOffered' has been explicitly marked deprecated here
   58 |         [[deprecated("Value has never been used. Calls to OfferService shall be idempotent.")]],
      |           ^
1 warning generated.
[1,212 / 1,458] Compiling score/mw/com/impl/skeleton_field.cpp; 11s processwrapper-sandbox ... (8 actions, 7 running)
[1,214 / 1,458] Compiling score/mw/com/impl/skeleton_field.cpp; 12s processwrapper-sandbox ... (8 actions running)
[1,217 / 1,458] Compiling score/mw/com/impl/skeleton_field.cpp; 13s processwrapper-sandbox ... (8 actions running)
[1,221 / 1,458] Compiling score/mw/com/impl/skeleton_field.cpp; 14s processwrapper-sandbox ... (8 actions, 7 running)
[1,225 / 1,458] Compiling score/mw/com/impl/skeleton_field.cpp; 15s processwrapper-sandbox ... (8 actions, 7 running)
INFO: From Compiling score/mw/com/impl/service_discovery.cpp:
In file included from score/mw/com/impl/service_discovery.cpp:13:
In file included from ./score/mw/com/impl/service_discovery.h:16:
In file included from ./score/mw/com/impl/enriched_instance_identifier.h:17:
In file included from ./score/mw/com/impl/handle_type.h:18:
In file included from ./score/mw/com/impl/instance_identifier.h:16:
./score/mw/com/impl/com_error.h:186:65: warning: 'kServiceInstanceAlreadyOffered' is deprecated: Value has never been used. Calls to OfferService shall be idempotent. [-Wdeprecated-declarations]
  186 |             case static_cast<score::result::ErrorCode>(ComErrc::kServiceInstanceAlreadyOffered):
      |                                                                 ^
./score/mw/com/impl/com_error.h:58:11: note: 'kServiceInstanceAlreadyOffered' has been explicitly marked deprecated here
   58 |         [[deprecated("Value has never been used. Calls to OfferService shall be idempotent.")]],
      |           ^
1 warning generated.
INFO: From Compiling score/mw/com/impl/skeleton_field.cpp:
In file included from score/mw/com/impl/skeleton_field.cpp:13:
In file included from ./score/mw/com/impl/skeleton_field.h:19:
In file included from ./score/mw/com/impl/methods/skeleton_method.h:21:
In file included from ./score/mw/com/impl/plumbing/skeleton_method_binding_factory.h:16:
In file included from ./score/mw/com/impl/instance_identifier.h:16:
./score/mw/com/impl/com_error.h:186:65: warning: 'kServiceInstanceAlreadyOffered' is deprecated: Value has never been used. Calls to OfferService shall be idempotent. [-Wdeprecated-declarations]
  186 |             case static_cast<score::result::ErrorCode>(ComErrc::kServiceInstanceAlreadyOffered):
      |                                                                 ^
./score/mw/com/impl/com_error.h:58:11: note: 'kServiceInstanceAlreadyOffered' has been explicitly marked deprecated here
   58 |         [[deprecated("Value has never been used. Calls to OfferService shall be idempotent.")]],
      |           ^
1 warning generated.
[1,234 / 1,458] Compiling score/mw/com/impl/runtime.cpp; 12s processwrapper-sandbox ... (8 actions, 7 running)
[1,236 / 1,458] Compiling score/mw/com/impl/runtime.cpp; 13s processwrapper-sandbox ... (8 actions running)
[1,237 / 1,458] Compiling score/mw/com/impl/runtime.cpp; 15s processwrapper-sandbox ... (8 actions, 7 running)
INFO: From Compiling score/mw/com/impl/runtime.cpp:
In file included from score/mw/com/impl/runtime.cpp:13:
In file included from ./score/mw/com/impl/runtime.h:18:
In file included from ./score/mw/com/impl/configuration/configuration.h:18:
In file included from ./score/mw/com/impl/configuration/service_instance_deployment.h:17:
./score/mw/com/impl/com_error.h:186:65: warning: 'kServiceInstanceAlreadyOffered' is deprecated: Value has never been used. Calls to OfferService shall be idempotent. [-Wdeprecated-declarations]
  186 |             case static_cast<score::result::ErrorCode>(ComErrc::kServiceInstanceAlreadyOffered):
      |                                                                 ^
./score/mw/com/impl/com_error.h:58:11: note: 'kServiceInstanceAlreadyOffered' has been explicitly marked deprecated here
   58 |         [[deprecated("Value has never been used. Calls to OfferService shall be idempotent.")]],
      |           ^
1 warning generated.
[1,243 / 1,458] Compiling score/mw/com/impl/bindings/lola/messaging/message_passing_service_instance_factory.cpp; 6s processwrapper-sandbox ... (8 actions, 7 running)
[1,246 / 1,458] Compiling score/mw/com/impl/bindings/lola/messaging/message_passing_service.cpp; 7s processwrapper-sandbox ... (8 actions running)
INFO: From Compiling score/mw/com/impl/tracing/configuration/i_tracing_filter_config.cpp:
In file included from score/mw/com/impl/tracing/configuration/i_tracing_filter_config.cpp:13:
In file included from ./score/mw/com/impl/tracing/configuration/i_tracing_filter_config.h:16:
In file included from ./score/mw/com/impl/configuration/configuration.h:18:
In file included from ./score/mw/com/impl/configuration/service_instance_deployment.h:17:
./score/mw/com/impl/com_error.h:186:65: warning: 'kServiceInstanceAlreadyOffered' is deprecated: Value has never been used. Calls to OfferService shall be idempotent. [-Wdeprecated-declarations]
  186 |             case static_cast<score::result::ErrorCode>(ComErrc::kServiceInstanceAlreadyOffered):
      |                                                                 ^
./score/mw/com/impl/com_error.h:58:11: note: 'kServiceInstanceAlreadyOffered' has been explicitly marked deprecated here
   58 |         [[deprecated("Value has never been used. Calls to OfferService shall be idempotent.")]],
      |           ^
1 warning generated.
[1,247 / 1,458] Compiling score/mw/com/impl/bindings/lola/messaging/message_passing_service.cpp; 9s processwrapper-sandbox ... (8 actions, 7 running)
[1,255 / 1,458] Compiling score/mw/com/impl/proxy_event.cpp; 9s processwrapper-sandbox ... (8 actions, 7 running)
[1,258 / 1,458] Compiling score/mw/com/impl/proxy_event.cpp; 10s processwrapper-sandbox ... (8 actions running)
[1,261 / 1,458] Compiling score/mw/com/impl/proxy_event.cpp; 11s processwrapper-sandbox ... (8 actions, 7 running)
INFO: From Compiling score/mw/com/impl/i_runtime.cpp:
In file included from score/mw/com/impl/i_runtime.cpp:13:
In file included from ./score/mw/com/impl/i_runtime.h:16:
In file included from ./score/mw/com/impl/i_binding_runtime.h:17:
In file included from ./score/mw/com/impl/i_service_discovery_client.h:16:
In file included from ./score/mw/com/impl/enriched_instance_identifier.h:17:
In file included from ./score/mw/com/impl/handle_type.h:18:
In file included from ./score/mw/com/impl/instance_identifier.h:16:
./score/mw/com/impl/com_error.h:186:65: warning: 'kServiceInstanceAlreadyOffered' is deprecated: Value has never been used. Calls to OfferService shall be idempotent. [-Wdeprecated-declarations]
  186 |             case static_cast<score::result::ErrorCode>(ComErrc::kServiceInstanceAlreadyOffered):
      |                                                                 ^
./score/mw/com/impl/com_error.h:58:11: note: 'kServiceInstanceAlreadyOffered' has been explicitly marked deprecated here
   58 |         [[deprecated("Value has never been used. Calls to OfferService shall be idempotent.")]],
      |           ^
1 warning generated.
[1,263 / 1,458] Compiling score/mw/com/impl/proxy_event.cpp; 13s processwrapper-sandbox ... (8 actions running)
INFO: From Compiling score/mw/com/impl/bindings/lola/i_runtime.cpp:
In file included from score/mw/com/impl/bindings/lola/i_runtime.cpp:13:
In file included from ./score/mw/com/impl/bindings/lola/i_runtime.h:20:
In file included from ./score/mw/com/impl/i_binding_runtime.h:17:
In file included from ./score/mw/com/impl/i_service_discovery_client.h:16:
In file included from ./score/mw/com/impl/enriched_instance_identifier.h:17:
In file included from ./score/mw/com/impl/handle_type.h:18:
In file included from ./score/mw/com/impl/instance_identifier.h:16:
./score/mw/com/impl/com_error.h:186:65: warning: 'kServiceInstanceAlreadyOffered' is deprecated: Value has never been used. Calls to OfferService shall be idempotent. [-Wdeprecated-declarations]
  186 |             case static_cast<score::result::ErrorCode>(ComErrc::kServiceInstanceAlreadyOffered):
      |                                                                 ^
./score/mw/com/impl/com_error.h:58:11: note: 'kServiceInstanceAlreadyOffered' has been explicitly marked deprecated here
   58 |         [[deprecated("Value has never been used. Calls to OfferService shall be idempotent.")]],
      |           ^
1 warning generated.
[1,264 / 1,458] Compiling score/mw/com/impl/proxy_event.cpp; 16s processwrapper-sandbox ... (8 actions, 7 running)
INFO: From Compiling score/mw/com/impl/i_binding_runtime.cpp:
In file included from score/mw/com/impl/i_binding_runtime.cpp:13:
In file included from ./score/mw/com/impl/i_binding_runtime.h:17:
In file included from ./score/mw/com/impl/i_service_discovery_client.h:16:
In file included from ./score/mw/com/impl/enriched_instance_identifier.h:17:
In file included from ./score/mw/com/impl/handle_type.h:18:
In file included from ./score/mw/com/impl/instance_identifier.h:16:
./score/mw/com/impl/com_error.h:186:65: warning: 'kServiceInstanceAlreadyOffered' is deprecated: Value has never been used. Calls to OfferService shall be idempotent. [-Wdeprecated-declarations]
  186 |             case static_cast<score::result::ErrorCode>(ComErrc::kServiceInstanceAlreadyOffered):
      |                                                                 ^
./score/mw/com/impl/com_error.h:58:11: note: 'kServiceInstanceAlreadyOffered' has been explicitly marked deprecated here
   58 |         [[deprecated("Value has never been used. Calls to OfferService shall be idempotent.")]],
      |           ^
1 warning generated.
INFO: From Compiling score/mw/com/impl/proxy_event.cpp:
In file included from score/mw/com/impl/proxy_event.cpp:13:
In file included from ./score/mw/com/impl/proxy_event.h:16:
In file included from ./score/mw/com/impl/instance_identifier.h:16:
./score/mw/com/impl/com_error.h:186:65: warning: 'kServiceInstanceAlreadyOffered' is deprecated: Value has never been used. Calls to OfferService shall be idempotent. [-Wdeprecated-declarations]
  186 |             case static_cast<score::result::ErrorCode>(ComErrc::kServiceInstanceAlreadyOffered):
      |                                                                 ^
./score/mw/com/impl/com_error.h:58:11: note: 'kServiceInstanceAlreadyOffered' has been explicitly marked deprecated here
   58 |         [[deprecated("Value has never been used. Calls to OfferService shall be idempotent.")]],
      |           ^
1 warning generated.
[1,272 / 1,458] Compiling score/mw/com/impl/bindings/lola/service_data_storage.cpp; 8s processwrapper-sandbox ... (8 actions running)
INFO: From Compiling score/mw/com/impl/plumbing/i_proxy_binding_factory.cpp:
In file included from score/mw/com/impl/plumbing/i_proxy_binding_factory.cpp:13:
In file included from ./score/mw/com/impl/plumbing/i_proxy_binding_factory.h:16:
In file included from ./score/mw/com/impl/handle_type.h:18:
In file included from ./score/mw/com/impl/instance_identifier.h:16:
./score/mw/com/impl/com_error.h:186:65: warning: 'kServiceInstanceAlreadyOffered' is deprecated: Value has never been used. Calls to OfferService shall be idempotent. [-Wdeprecated-declarations]
  186 |             case static_cast<score::result::ErrorCode>(ComErrc::kServiceInstanceAlreadyOffered):
      |                                                                 ^
./score/mw/com/impl/com_error.h:58:11: note: 'kServiceInstanceAlreadyOffered' has been explicitly marked deprecated here
   58 |         [[deprecated("Value has never been used. Calls to OfferService shall be idempotent.")]],
      |           ^
1 warning generated.
[1,273 / 1,458] Compiling score/mw/com/impl/bindings/lola/service_data_storage.cpp; 10s processwrapper-sandbox ... (8 actions, 7 running)
INFO: From Compiling score/mw/com/impl/plumbing/skeleton_binding_factory.cpp:
In file included from score/mw/com/impl/plumbing/skeleton_binding_factory.cpp:13:
In file included from ./score/mw/com/impl/plumbing/skeleton_binding_factory.h:16:
In file included from ./score/mw/com/impl/instance_identifier.h:16:
./score/mw/com/impl/com_error.h:186:65: warning: 'kServiceInstanceAlreadyOffered' is deprecated: Value has never been used. Calls to OfferService shall be idempotent. [-Wdeprecated-declarations]
  186 |             case static_cast<score::result::ErrorCode>(ComErrc::kServiceInstanceAlreadyOffered):
      |                                                                 ^
./score/mw/com/impl/com_error.h:58:11: note: 'kServiceInstanceAlreadyOffered' has been explicitly marked deprecated here
   58 |         [[deprecated("Value has never been used. Calls to OfferService shall be idempotent.")]],
      |           ^
1 warning generated.
[1,278 / 1,458] Compiling score/mw/com/impl/bindings/lola/service_data_storage.cpp; 12s processwrapper-sandbox ... (8 actions running)
[1,280 / 1,458] Compiling score/mw/com/impl/bindings/lola/service_data_storage.cpp; 13s processwrapper-sandbox ... (8 actions, 7 running)
INFO: From Compiling score/mw/com/impl/bindings/lola/service_data_storage.cpp:
In file included from score/mw/com/impl/bindings/lola/service_data_storage.cpp:13:
In file included from ./score/mw/com/impl/bindings/lola/service_data_storage.h:20:
In file included from ./score/mw/com/impl/bindings/lola/i_runtime.h:20:
In file included from ./score/mw/com/impl/i_binding_runtime.h:17:
In file included from ./score/mw/com/impl/i_service_discovery_client.h:16:
In file included from ./score/mw/com/impl/enriched_instance_identifier.h:17:
In file included from ./score/mw/com/impl/handle_type.h:18:
In file included from ./score/mw/com/impl/instance_identifier.h:16:
./score/mw/com/impl/com_error.h:186:65: warning: 'kServiceInstanceAlreadyOffered' is deprecated: Value has never been used. Calls to OfferService shall be idempotent. [-Wdeprecated-declarations]
  186 |             case static_cast<score::result::ErrorCode>(ComErrc::kServiceInstanceAlreadyOffered):
      |                                                                 ^
./score/mw/com/impl/com_error.h:58:11: note: 'kServiceInstanceAlreadyOffered' has been explicitly marked deprecated here
   58 |         [[deprecated("Value has never been used. Calls to OfferService shall be idempotent.")]],
      |           ^
1 warning generated.
[1,288 / 1,458] Compiling score/mw/com/impl/tracing/common_event_tracing.cpp; 12s processwrapper-sandbox ... (8 actions, 7 running)
INFO: From Compiling score/mw/com/impl/tracing/common_event_tracing.cpp:
In file included from score/mw/com/impl/tracing/common_event_tracing.cpp:13:
In file included from ./score/mw/com/impl/tracing/common_event_tracing.h:16:
In file included from ./score/mw/com/impl/instance_identifier.h:16:
./score/mw/com/impl/com_error.h:186:65: warning: 'kServiceInstanceAlreadyOffered' is deprecated: Value has never been used. Calls to OfferService shall be idempotent. [-Wdeprecated-declarations]
  186 |             case static_cast<score::result::ErrorCode>(ComErrc::kServiceInstanceAlreadyOffered):
      |                                                                 ^
./score/mw/com/impl/com_error.h:58:11: note: 'kServiceInstanceAlreadyOffered' has been explicitly marked deprecated here
   58 |         [[deprecated("Value has never been used. Calls to OfferService shall be idempotent.")]],
      |           ^
1 warning generated.
[1,293 / 1,458] Compiling score/mw/com/impl/tracing/skeleton_event_tracing.cpp; 8s processwrapper-sandbox ... (8 actions running)
INFO: From Compiling score/mw/com/impl/plumbing/proxy_binding_factory.cpp:
In file included from score/mw/com/impl/plumbing/proxy_binding_factory.cpp:13:
In file included from ./score/mw/com/impl/plumbing/proxy_binding_factory.h:16:
In file included from ./score/mw/com/impl/handle_type.h:18:
In file included from ./score/mw/com/impl/instance_identifier.h:16:
./score/mw/com/impl/com_error.h:186:65: warning: 'kServiceInstanceAlreadyOffered' is deprecated: Value has never been used. Calls to OfferService shall be idempotent. [-Wdeprecated-declarations]
  186 |             case static_cast<score::result::ErrorCode>(ComErrc::kServiceInstanceAlreadyOffered):
      |                                                                 ^
./score/mw/com/impl/com_error.h:58:11: note: 'kServiceInstanceAlreadyOffered' has been explicitly marked deprecated here
   58 |         [[deprecated("Value has never been used. Calls to OfferService shall be idempotent.")]],
      |           ^
1 warning generated.
[1,294 / 1,458] Compiling score/mw/com/impl/tracing/skeleton_event_tracing.cpp; 11s processwrapper-sandbox ... (8 actions, 7 running)
[1,301 / 1,458] Compiling score/mw/com/impl/tracing/skeleton_event_tracing.cpp; 12s processwrapper-sandbox ... (8 actions, 7 running)
INFO: From Compiling score/mw/com/impl/tracing/skeleton_event_tracing.cpp:
In file included from score/mw/com/impl/tracing/skeleton_event_tracing.cpp:13:
In file included from ./score/mw/com/impl/tracing/skeleton_event_tracing.h:22:
In file included from ./score/mw/com/impl/instance_identifier.h:16:
./score/mw/com/impl/com_error.h:186:65: warning: 'kServiceInstanceAlreadyOffered' is deprecated: Value has never been used. Calls to OfferService shall be idempotent. [-Wdeprecated-declarations]
  186 |             case static_cast<score::result::ErrorCode>(ComErrc::kServiceInstanceAlreadyOffered):
      |                                                                 ^
./score/mw/com/impl/com_error.h:58:11: note: 'kServiceInstanceAlreadyOffered' has been explicitly marked deprecated here
   58 |         [[deprecated("Value has never been used. Calls to OfferService shall be idempotent.")]],
      |           ^
1 warning generated.
[1,303 / 1,458] Compiling score/mw/com/impl/generic_proxy_event.cpp; 13s processwrapper-sandbox ... (8 actions, 7 running)
[1,308 / 1,458] Compiling score/mw/com/impl/generic_proxy_event.cpp; 14s processwrapper-sandbox ... (8 actions running)
INFO: From Compiling score/mw/com/impl/generic_proxy_event.cpp:
In file included from score/mw/com/impl/generic_proxy_event.cpp:13:
In file included from ./score/mw/com/impl/generic_proxy_event.h:18:
In file included from ./score/mw/com/impl/proxy_base.h:18:
In file included from ./score/mw/com/impl/handle_type.h:18:
In file included from ./score/mw/com/impl/instance_identifier.h:16:
./score/mw/com/impl/com_error.h:186:65: warning: 'kServiceInstanceAlreadyOffered' is deprecated: Value has never been used. Calls to OfferService shall be idempotent. [-Wdeprecated-declarations]
  186 |             case static_cast<score::result::ErrorCode>(ComErrc::kServiceInstanceAlreadyOffered):
      |                                                                 ^
./score/mw/com/impl/com_error.h:58:11: note: 'kServiceInstanceAlreadyOffered' has been explicitly marked deprecated here
   58 |         [[deprecated("Value has never been used. Calls to OfferService shall be idempotent.")]],
      |           ^
1 warning generated.
[1,315 / 1,458] Compiling score/mw/com/impl/bindings/lola/type_erased_sample_ptrs_guard.cpp; 9s processwrapper-sandbox ... (8 actions, 7 running)
INFO: From Compiling score/mw/com/impl/bindings/lola/type_erased_sample_ptrs_guard.cpp:
In file included from score/mw/com/impl/bindings/lola/type_erased_sample_ptrs_guard.cpp:16:
In file included from ./score/mw/com/impl/runtime.h:18:
In file included from ./score/mw/com/impl/configuration/configuration.h:18:
In file included from ./score/mw/com/impl/configuration/service_instance_deployment.h:17:
./score/mw/com/impl/com_error.h:186:65: warning: 'kServiceInstanceAlreadyOffered' is deprecated: Value has never been used. Calls to OfferService shall be idempotent. [-Wdeprecated-declarations]
  186 |             case static_cast<score::result::ErrorCode>(ComErrc::kServiceInstanceAlreadyOffered):
      |                                                                 ^
./score/mw/com/impl/com_error.h:58:11: note: 'kServiceInstanceAlreadyOffered' has been explicitly marked deprecated here
   58 |         [[deprecated("Value has never been used. Calls to OfferService shall be idempotent.")]],
      |           ^
1 warning generated.
[1,319 / 1,458] Compiling score/mw/com/impl/plumbing/binding_runtime_factory.cpp; 10s processwrapper-sandbox ... (8 actions, 7 running)
[1,321 / 1,458] Compiling score/mw/com/impl/plumbing/binding_runtime_factory.cpp; 12s processwrapper-sandbox ... (8 actions running)
[1,322 / 1,458] Compiling score/mw/com/impl/plumbing/binding_runtime_factory.cpp; 14s processwrapper-sandbox ... (8 actions, 7 running)
INFO: From Compiling score/mw/com/impl/plumbing/binding_runtime_factory.cpp:
In file included from score/mw/com/impl/plumbing/binding_runtime_factory.cpp:13:
In file included from ./score/mw/com/impl/plumbing/binding_runtime_factory.h:16:
In file included from ./score/mw/com/impl/configuration/configuration.h:18:
In file included from ./score/mw/com/impl/configuration/service_instance_deployment.h:17:
./score/mw/com/impl/com_error.h:186:65: warning: 'kServiceInstanceAlreadyOffered' is deprecated: Value has never been used. Calls to OfferService shall be idempotent. [-Wdeprecated-declarations]
  186 |             case static_cast<score::result::ErrorCode>(ComErrc::kServiceInstanceAlreadyOffered):
      |                                                                 ^
./score/mw/com/impl/com_error.h:58:11: note: 'kServiceInstanceAlreadyOffered' has been explicitly marked deprecated here
   58 |         [[deprecated("Value has never been used. Calls to OfferService shall be idempotent.")]],
      |           ^
1 warning generated.
[1,323 / 1,458] Compiling score/mw/com/impl/proxy_base.cpp; 10s processwrapper-sandbox ... (8 actions, 7 running)
[1,325 / 1,458] Compiling score/mw/com/impl/proxy_base.cpp; 12s processwrapper-sandbox ... (8 actions running)
[1,326 / 1,458] Compiling score/mw/com/impl/proxy_base.cpp; 14s processwrapper-sandbox ... (8 actions, 7 running)
[1,326 / 1,458] Compiling score/mw/com/impl/proxy_base.cpp; 15s processwrapper-sandbox ... (8 actions running)
INFO: From Compiling score/mw/com/impl/proxy_base.cpp:
In file included from score/mw/com/impl/proxy_base.cpp:13:
In file included from ./score/mw/com/impl/proxy_base.h:18:
In file included from ./score/mw/com/impl/handle_type.h:18:
In file included from ./score/mw/com/impl/instance_identifier.h:16:
./score/mw/com/impl/com_error.h:186:65: warning: 'kServiceInstanceAlreadyOffered' is deprecated: Value has never been used. Calls to OfferService shall be idempotent. [-Wdeprecated-declarations]
  186 |             case static_cast<score::result::ErrorCode>(ComErrc::kServiceInstanceAlreadyOffered):
      |                                                                 ^
./score/mw/com/impl/com_error.h:58:11: note: 'kServiceInstanceAlreadyOffered' has been explicitly marked deprecated here
   58 |         [[deprecated("Value has never been used. Calls to OfferService shall be idempotent.")]],
      |           ^
1 warning generated.
[1,329 / 1,458] Compiling score/mw/com/impl/bindings/lola/skeleton_method.cpp; 13s processwrapper-sandbox ... (8 actions running)
INFO: From Compiling score/mw/com/impl/proxy_event_base.cpp:
In file included from score/mw/com/impl/proxy_event_base.cpp:16:
./score/mw/com/impl/com_error.h:186:65: warning: 'kServiceInstanceAlreadyOffered' is deprecated: Value has never been used. Calls to OfferService shall be idempotent. [-Wdeprecated-declarations]
  186 |             case static_cast<score::result::ErrorCode>(ComErrc::kServiceInstanceAlreadyOffered):
      |                                                                 ^
./score/mw/com/impl/com_error.h:58:11: note: 'kServiceInstanceAlreadyOffered' has been explicitly marked deprecated here
   58 |         [[deprecated("Value has never been used. Calls to OfferService shall be idempotent.")]],
      |           ^
1 warning generated.
[1,333 / 1,458] Compiling score/mw/com/impl/bindings/lola/skeleton_method.cpp; 15s processwrapper-sandbox ... (8 actions, 7 running)
[1,339 / 1,458] Compiling score/mw/com/impl/bindings/lola/skeleton_method.cpp; 16s processwrapper-sandbox ... (8 actions, 7 running)
[1,341 / 1,458] Compiling score/mw/com/impl/bindings/lola/skeleton_method.cpp; 17s processwrapper-sandbox ... (8 actions running)
INFO: From Compiling score/mw/com/impl/bindings/lola/skeleton_method.cpp:
In file included from score/mw/com/impl/bindings/lola/skeleton_method.cpp:17:
In file included from ./score/mw/com/impl/bindings/lola/i_runtime.h:20:
In file included from ./score/mw/com/impl/i_binding_runtime.h:17:
In file included from ./score/mw/com/impl/i_service_discovery_client.h:16:
In file included from ./score/mw/com/impl/enriched_instance_identifier.h:17:
In file included from ./score/mw/com/impl/handle_type.h:18:
In file included from ./score/mw/com/impl/instance_identifier.h:16:
./score/mw/com/impl/com_error.h:186:65: warning: 'kServiceInstanceAlreadyOffered' is deprecated: Value has never been used. Calls to OfferService shall be idempotent. [-Wdeprecated-declarations]
  186 |             case static_cast<score::result::ErrorCode>(ComErrc::kServiceInstanceAlreadyOffered):
      |                                                                 ^
./score/mw/com/impl/com_error.h:58:11: note: 'kServiceInstanceAlreadyOffered' has been explicitly marked deprecated here
   58 |         [[deprecated("Value has never been used. Calls to OfferService shall be idempotent.")]],
      |           ^
1 warning generated.
[1,342 / 1,458] Compiling score/mw/com/impl/bindings/lola/skeleton_memory_manager.cpp; 18s processwrapper-sandbox ... (8 actions running)
INFO: From Compiling score/mw/com/impl/bindings/lola/skeleton_memory_manager.cpp:
In file included from score/mw/com/impl/bindings/lola/skeleton_memory_manager.cpp:13:
In file included from ./score/mw/com/impl/bindings/lola/skeleton_memory_manager.h:20:
In file included from ./score/mw/com/impl/bindings/lola/service_data_storage.h:20:
In file included from ./score/mw/com/impl/bindings/lola/i_runtime.h:20:
In file included from ./score/mw/com/impl/i_binding_runtime.h:17:
In file included from ./score/mw/com/impl/i_service_discovery_client.h:16:
In file included from ./score/mw/com/impl/enriched_instance_identifier.h:17:
In file included from ./score/mw/com/impl/handle_type.h:18:
In file included from ./score/mw/com/impl/instance_identifier.h:16:
./score/mw/com/impl/com_error.h:186:65: warning: 'kServiceInstanceAlreadyOffered' is deprecated: Value has never been used. Calls to OfferService shall be idempotent. [-Wdeprecated-declarations]
  186 |             case static_cast<score::result::ErrorCode>(ComErrc::kServiceInstanceAlreadyOffered):
      |                                                                 ^
./score/mw/com/impl/com_error.h:58:11: note: 'kServiceInstanceAlreadyOffered' has been explicitly marked deprecated here
   58 |         [[deprecated("Value has never been used. Calls to OfferService shall be idempotent.")]],
      |           ^
1 warning generated.
[1,343 / 1,458] Compiling score/mw/com/impl/bindings/lola/skeleton_event.cpp; 18s processwrapper-sandbox ... (8 actions running)
INFO: From Compiling score/mw/com/impl/bindings/lola/skeleton_event.cpp:
In file included from score/mw/com/impl/bindings/lola/skeleton_event.cpp:13:
In file included from ./score/mw/com/impl/bindings/lola/skeleton_event.h:21:
In file included from ./score/mw/com/impl/bindings/lola/skeleton.h:32:
In file included from ./score/mw/com/impl/bindings/lola/skeleton_memory_manager.h:20:
In file included from ./score/mw/com/impl/bindings/lola/service_data_storage.h:20:
In file included from ./score/mw/com/impl/bindings/lola/i_runtime.h:20:
In file included from ./score/mw/com/impl/i_binding_runtime.h:17:
In file included from ./score/mw/com/impl/i_service_discovery_client.h:16:
In file included from ./score/mw/com/impl/enriched_instance_identifier.h:17:
In file included from ./score/mw/com/impl/handle_type.h:18:
In file included from ./score/mw/com/impl/instance_identifier.h:16:
./score/mw/com/impl/com_error.h:186:65: warning: 'kServiceInstanceAlreadyOffered' is deprecated: Value has never been used. Calls to OfferService shall be idempotent. [-Wdeprecated-declarations]
  186 |             case static_cast<score::result::ErrorCode>(ComErrc::kServiceInstanceAlreadyOffered):
      |                                                                 ^
./score/mw/com/impl/com_error.h:58:11: note: 'kServiceInstanceAlreadyOffered' has been explicitly marked deprecated here
   58 |         [[deprecated("Value has never been used. Calls to OfferService shall be idempotent.")]],
      |           ^
1 warning generated.
[1,344 / 1,458] Compiling score/mw/com/impl/bindings/lola/skeleton.cpp; 20s processwrapper-sandbox ... (8 actions running)
[1,347 / 1,458] Compiling score/mw/com/impl/bindings/lola/skeleton.cpp; 21s processwrapper-sandbox ... (8 actions running)
INFO: From Compiling score/mw/com/impl/bindings/lola/skeleton.cpp:
In file included from score/mw/com/impl/bindings/lola/skeleton.cpp:13:
In file included from ./score/mw/com/impl/bindings/lola/skeleton.h:32:
In file included from ./score/mw/com/impl/bindings/lola/skeleton_memory_manager.h:20:
In file included from ./score/mw/com/impl/bindings/lola/service_data_storage.h:20:
In file included from ./score/mw/com/impl/bindings/lola/i_runtime.h:20:
In file included from ./score/mw/com/impl/i_binding_runtime.h:17:
In file included from ./score/mw/com/impl/i_service_discovery_client.h:16:
In file included from ./score/mw/com/impl/enriched_instance_identifier.h:17:
In file included from ./score/mw/com/impl/handle_type.h:18:
In file included from ./score/mw/com/impl/instance_identifier.h:16:
./score/mw/com/impl/com_error.h:186:65: warning: 'kServiceInstanceAlreadyOffered' is deprecated: Value has never been used. Calls to OfferService shall be idempotent. [-Wdeprecated-declarations]
  186 |             case static_cast<score::result::ErrorCode>(ComErrc::kServiceInstanceAlreadyOffered):
      |                                                                 ^
./score/mw/com/impl/com_error.h:58:11: note: 'kServiceInstanceAlreadyOffered' has been explicitly marked deprecated here
   58 |         [[deprecated("Value has never been used. Calls to OfferService shall be idempotent.")]],
      |           ^
1 warning generated.
[1,353 / 1,458] Compiling score/mw/com/impl/skeleton_event.cpp; 11s processwrapper-sandbox ... (8 actions running)
[1,357 / 1,458] Compiling score/mw/com/impl/skeleton_event.cpp; 12s processwrapper-sandbox ... (8 actions, 7 running)
INFO: From Compiling score/mw/com/impl/generic_skeleton_event.cpp:
In file included from score/mw/com/impl/generic_skeleton_event.cpp:14:
./score/mw/com/impl/com_error.h:186:65: warning: 'kServiceInstanceAlreadyOffered' is deprecated: Value has never been used. Calls to OfferService shall be idempotent. [-Wdeprecated-declarations]
  186 |             case static_cast<score::result::ErrorCode>(ComErrc::kServiceInstanceAlreadyOffered):
      |                                                                 ^
./score/mw/com/impl/com_error.h:58:11: note: 'kServiceInstanceAlreadyOffered' has been explicitly marked deprecated here
   58 |         [[deprecated("Value has never been used. Calls to OfferService shall be idempotent.")]],
      |           ^
1 warning generated.
[1,360 / 1,458] Compiling score/mw/com/impl/skeleton_event.cpp; 14s processwrapper-sandbox ... (8 actions, 7 running)
INFO: From Compiling score/mw/com/impl/bindings/lola/proxy_method.cpp:
In file included from score/mw/com/impl/bindings/lola/proxy_method.cpp:13:
In file included from ./score/mw/com/impl/bindings/lola/proxy_method.h:17:
In file included from ./score/mw/com/impl/bindings/lola/i_runtime.h:20:
In file included from ./score/mw/com/impl/i_binding_runtime.h:17:
In file included from ./score/mw/com/impl/i_service_discovery_client.h:16:
In file included from ./score/mw/com/impl/enriched_instance_identifier.h:17:
In file included from ./score/mw/com/impl/handle_type.h:18:
In file included from ./score/mw/com/impl/instance_identifier.h:16:
./score/mw/com/impl/com_error.h:186:65: warning: 'kServiceInstanceAlreadyOffered' is deprecated: Value has never been used. Calls to OfferService shall be idempotent. [-Wdeprecated-declarations]
  186 |             case static_cast<score::result::ErrorCode>(ComErrc::kServiceInstanceAlreadyOffered):
      |                                                                 ^
./score/mw/com/impl/com_error.h:58:11: note: 'kServiceInstanceAlreadyOffered' has been explicitly marked deprecated here
   58 |         [[deprecated("Value has never been used. Calls to OfferService shall be idempotent.")]],
      |           ^
1 warning generated.
[1,363 / 1,458] Compiling score/mw/com/impl/skeleton_event.cpp; 15s processwrapper-sandbox ... (8 actions running)
INFO: From Compiling score/mw/com/impl/skeleton_event.cpp:
In file included from score/mw/com/impl/skeleton_event.cpp:13:
In file included from ./score/mw/com/impl/skeleton_event.h:16:
In file included from ./score/mw/com/impl/instance_identifier.h:16:
./score/mw/com/impl/com_error.h:186:65: warning: 'kServiceInstanceAlreadyOffered' is deprecated: Value has never been used. Calls to OfferService shall be idempotent. [-Wdeprecated-declarations]
  186 |             case static_cast<score::result::ErrorCode>(ComErrc::kServiceInstanceAlreadyOffered):
      |                                                                 ^
./score/mw/com/impl/com_error.h:58:11: note: 'kServiceInstanceAlreadyOffered' has been explicitly marked deprecated here
   58 |         [[deprecated("Value has never been used. Calls to OfferService shall be idempotent.")]],
      |           ^
1 warning generated.
[1,366 / 1,458] Compiling score/mw/com/impl/bindings/lola/proxy_event.cpp; 12s processwrapper-sandbox ... (8 actions running)
INFO: From Compiling score/mw/com/impl/plumbing/lola_proxy_element_building_blocks.cpp:
In file included from score/mw/com/impl/plumbing/lola_proxy_element_building_blocks.cpp:13:
In file included from ./score/mw/com/impl/plumbing/lola_proxy_element_building_blocks.h:18:
In file included from ./score/mw/com/impl/handle_type.h:18:
In file included from ./score/mw/com/impl/instance_identifier.h:16:
./score/mw/com/impl/com_error.h:186:65: warning: 'kServiceInstanceAlreadyOffered' is deprecated: Value has never been used. Calls to OfferService shall be idempotent. [-Wdeprecated-declarations]
  186 |             case static_cast<score::result::ErrorCode>(ComErrc::kServiceInstanceAlreadyOffered):
      |                                                                 ^
./score/mw/com/impl/com_error.h:58:11: note: 'kServiceInstanceAlreadyOffered' has been explicitly marked deprecated here
   58 |         [[deprecated("Value has never been used. Calls to OfferService shall be idempotent.")]],
      |           ^
1 warning generated.
INFO: From Compiling score/mw/com/impl/bindings/lola/proxy_event.cpp:
In file included from score/mw/com/impl/bindings/lola/proxy_event.cpp:13:
In file included from ./score/mw/com/impl/bindings/lola/proxy_event.h:18:
In file included from ./score/mw/com/impl/bindings/lola/proxy.h:24:
In file included from ./score/mw/com/impl/bindings/lola/proxy_method.h:17:
In file included from ./score/mw/com/impl/bindings/lola/i_runtime.h:20:
In file included from ./score/mw/com/impl/i_binding_runtime.h:17:
In file included from ./score/mw/com/impl/i_service_discovery_client.h:16:
In file included from ./score/mw/com/impl/enriched_instance_identifier.h:17:
In file included from ./score/mw/com/impl/handle_type.h:18:
In file included from ./score/mw/com/impl/instance_identifier.h:16:
./score/mw/com/impl/com_error.h:186:65: warning: 'kServiceInstanceAlreadyOffered' is deprecated: Value has never been used. Calls to OfferService shall be idempotent. [-Wdeprecated-declarations]
  186 |             case static_cast<score::result::ErrorCode>(ComErrc::kServiceInstanceAlreadyOffered):
      |                                                                 ^
./score/mw/com/impl/com_error.h:58:11: note: 'kServiceInstanceAlreadyOffered' has been explicitly marked deprecated here
   58 |         [[deprecated("Value has never been used. Calls to OfferService shall be idempotent.")]],
      |           ^
1 warning generated.
[1,370 / 1,458] Compiling score/mw/com/impl/bindings/lola/proxy.cpp; 12s processwrapper-sandbox ... (8 actions, 7 running)
[1,370 / 1,458] Compiling score/mw/com/impl/bindings/lola/proxy.cpp; 14s processwrapper-sandbox ... (8 actions running)
INFO: From Compiling score/mw/com/impl/plumbing/i_proxy_method_binding_factory.cpp:
In file included from score/mw/com/impl/plumbing/i_proxy_method_binding_factory.cpp:13:
In file included from ./score/mw/com/impl/plumbing/i_proxy_method_binding_factory.h:16:
In file included from ./score/mw/com/impl/handle_type.h:18:
In file included from ./score/mw/com/impl/instance_identifier.h:16:
./score/mw/com/impl/com_error.h:186:65: warning: 'kServiceInstanceAlreadyOffered' is deprecated: Value has never been used. Calls to OfferService shall be idempotent. [-Wdeprecated-declarations]
  186 |             case static_cast<score::result::ErrorCode>(ComErrc::kServiceInstanceAlreadyOffered):
      |                                                                 ^
./score/mw/com/impl/com_error.h:58:11: note: 'kServiceInstanceAlreadyOffered' has been explicitly marked deprecated here
   58 |         [[deprecated("Value has never been used. Calls to OfferService shall be idempotent.")]],
      |           ^
1 warning generated.
[1,373 / 1,458] Compiling score/mw/com/impl/bindings/lola/proxy.cpp; 15s processwrapper-sandbox ... (8 actions running)
INFO: From Compiling score/mw/com/impl/plumbing/i_skeleton_method_binding_factory.cpp:
In file included from score/mw/com/impl/plumbing/i_skeleton_method_binding_factory.cpp:13:
In file included from ./score/mw/com/impl/plumbing/i_skeleton_method_binding_factory.h:16:
In file included from ./score/mw/com/impl/handle_type.h:18:
In file included from ./score/mw/com/impl/instance_identifier.h:16:
./score/mw/com/impl/com_error.h:186:65: warning: 'kServiceInstanceAlreadyOffered' is deprecated: Value has never been used. Calls to OfferService shall be idempotent. [-Wdeprecated-declarations]
  186 |             case static_cast<score::result::ErrorCode>(ComErrc::kServiceInstanceAlreadyOffered):
      |                                                                 ^
./score/mw/com/impl/com_error.h:58:11: note: 'kServiceInstanceAlreadyOffered' has been explicitly marked deprecated here
   58 |         [[deprecated("Value has never been used. Calls to OfferService shall be idempotent.")]],
      |           ^
1 warning generated.
[1,374 / 1,458] Compiling score/mw/com/impl/bindings/lola/proxy.cpp; 16s processwrapper-sandbox ... (8 actions, 7 running)
INFO: From Compiling score/mw/com/impl/skeleton_field_base.cpp:
In file included from score/mw/com/impl/skeleton_field_base.cpp:13:
In file included from ./score/mw/com/impl/skeleton_field_base.h:16:
./score/mw/com/impl/com_error.h:186:65: warning: 'kServiceInstanceAlreadyOffered' is deprecated: Value has never been used. Calls to OfferService shall be idempotent. [-Wdeprecated-declarations]
  186 |             case static_cast<score::result::ErrorCode>(ComErrc::kServiceInstanceAlreadyOffered):
      |                                                                 ^
./score/mw/com/impl/com_error.h:58:11: note: 'kServiceInstanceAlreadyOffered' has been explicitly marked deprecated here
   58 |         [[deprecated("Value has never been used. Calls to OfferService shall be idempotent.")]],
      |           ^
1 warning generated.
[1,377 / 1,458] Compiling score/mw/com/impl/bindings/lola/proxy.cpp; 18s processwrapper-sandbox ... (8 actions, 7 running)
INFO: From Compiling score/mw/com/impl/bindings/lola/proxy.cpp:
In file included from score/mw/com/impl/bindings/lola/proxy.cpp:13:
In file included from ./score/mw/com/impl/bindings/lola/proxy.h:24:
In file included from ./score/mw/com/impl/bindings/lola/proxy_method.h:17:
In file included from ./score/mw/com/impl/bindings/lola/i_runtime.h:20:
In file included from ./score/mw/com/impl/i_binding_runtime.h:17:
In file included from ./score/mw/com/impl/i_service_discovery_client.h:16:
In file included from ./score/mw/com/impl/enriched_instance_identifier.h:17:
In file included from ./score/mw/com/impl/handle_type.h:18:
In file included from ./score/mw/com/impl/instance_identifier.h:16:
./score/mw/com/impl/com_error.h:186:65: warning: 'kServiceInstanceAlreadyOffered' is deprecated: Value has never been used. Calls to OfferService shall be idempotent. [-Wdeprecated-declarations]
  186 |             case static_cast<score::result::ErrorCode>(ComErrc::kServiceInstanceAlreadyOffered):
      |                                                                 ^
./score/mw/com/impl/com_error.h:58:11: note: 'kServiceInstanceAlreadyOffered' has been explicitly marked deprecated here
   58 |         [[deprecated("Value has never been used. Calls to OfferService shall be idempotent.")]],
      |           ^
1 warning generated.
[1,382 / 1,458] Compiling score/mw/com/impl/skeleton_base.cpp; 11s processwrapper-sandbox ... (7 actions running)
[1,382 / 1,458] Compiling score/mw/com/impl/skeleton_base.cpp; 12s processwrapper-sandbox ... (8 actions running)
INFO: From Compiling score/mw/com/impl/plumbing/i_proxy_field_binding_factory.cpp:
In file included from score/mw/com/impl/plumbing/i_proxy_field_binding_factory.cpp:13:
In file included from ./score/mw/com/impl/plumbing/i_proxy_field_binding_factory.h:16:
In file included from ./score/mw/com/impl/handle_type.h:18:
In file included from ./score/mw/com/impl/instance_identifier.h:16:
./score/mw/com/impl/com_error.h:186:65: warning: 'kServiceInstanceAlreadyOffered' is deprecated: Value has never been used. Calls to OfferService shall be idempotent. [-Wdeprecated-declarations]
  186 |             case static_cast<score::result::ErrorCode>(ComErrc::kServiceInstanceAlreadyOffered):
      |                                                                 ^
./score/mw/com/impl/com_error.h:58:11: note: 'kServiceInstanceAlreadyOffered' has been explicitly marked deprecated here
   58 |         [[deprecated("Value has never been used. Calls to OfferService shall be idempotent.")]],
      |           ^
1 warning generated.
INFO: From Compiling score/mw/com/impl/plumbing/i_skeleton_field_binding_factory.cpp:
In file included from score/mw/com/impl/plumbing/i_skeleton_field_binding_factory.cpp:13:
In file included from ./score/mw/com/impl/plumbing/i_skeleton_field_binding_factory.h:17:
In file included from ./score/mw/com/impl/instance_identifier.h:16:
./score/mw/com/impl/com_error.h:186:65: warning: 'kServiceInstanceAlreadyOffered' is deprecated: Value has never been used. Calls to OfferService shall be idempotent. [-Wdeprecated-declarations]
  186 |             case static_cast<score::result::ErrorCode>(ComErrc::kServiceInstanceAlreadyOffered):
      |                                                                 ^
./score/mw/com/impl/com_error.h:58:11: note: 'kServiceInstanceAlreadyOffered' has been explicitly marked deprecated here
   58 |         [[deprecated("Value has never been used. Calls to OfferService shall be idempotent.")]],
      |           ^
1 warning generated.
INFO: From Compiling score/mw/com/impl/skeleton_base.cpp:
In file included from score/mw/com/impl/skeleton_base.cpp:13:
In file included from ./score/mw/com/impl/skeleton_base.h:17:
In file included from ./score/mw/com/impl/instance_identifier.h:16:
./score/mw/com/impl/com_error.h:186:65: warning: 'kServiceInstanceAlreadyOffered' is deprecated: Value has never been used. Calls to OfferService shall be idempotent. [-Wdeprecated-declarations]
  186 |             case static_cast<score::result::ErrorCode>(ComErrc::kServiceInstanceAlreadyOffered):
      |                                                                 ^
./score/mw/com/impl/com_error.h:58:11: note: 'kServiceInstanceAlreadyOffered' has been explicitly marked deprecated here
   58 |         [[deprecated("Value has never been used. Calls to OfferService shall be idempotent.")]],
      |           ^
1 warning generated.
[1,389 / 1,458] Compiling score/mw/com/impl/plumbing/i_proxy_event_binding_factory.cpp; 8s processwrapper-sandbox ... (8 actions, 7 running)
INFO: From Compiling score/mw/com/impl/plumbing/i_proxy_event_binding_factory.cpp:
In file included from score/mw/com/impl/plumbing/i_proxy_event_binding_factory.cpp:13:
In file included from ./score/mw/com/impl/plumbing/i_proxy_event_binding_factory.h:17:
In file included from ./score/mw/com/impl/handle_type.h:18:
In file included from ./score/mw/com/impl/instance_identifier.h:16:
./score/mw/com/impl/com_error.h:186:65: warning: 'kServiceInstanceAlreadyOffered' is deprecated: Value has never been used. Calls to OfferService shall be idempotent. [-Wdeprecated-declarations]
  186 |             case static_cast<score::result::ErrorCode>(ComErrc::kServiceInstanceAlreadyOffered):
      |                                                                 ^
./score/mw/com/impl/com_error.h:58:11: note: 'kServiceInstanceAlreadyOffered' has been explicitly marked deprecated here
   58 |         [[deprecated("Value has never been used. Calls to OfferService shall be idempotent.")]],
      |           ^
1 warning generated.
[1,394 / 1,458] Compiling score/mw/com/impl/plumbing/proxy_event_binding_factory.cpp; 7s processwrapper-sandbox ... (8 actions running)
[1,397 / 1,458] Compiling score/mw/com/impl/plumbing/proxy_event_binding_factory.cpp; 9s processwrapper-sandbox ... (8 actions running)
INFO: From Compiling score/mw/com/impl/plumbing/proxy_event_binding_factory.cpp:
In file included from score/mw/com/impl/plumbing/proxy_event_binding_factory.cpp:13:
In file included from ./score/mw/com/impl/plumbing/proxy_event_binding_factory.h:17:
In file included from ./score/mw/com/impl/handle_type.h:18:
In file included from ./score/mw/com/impl/instance_identifier.h:16:
./score/mw/com/impl/com_error.h:186:65: warning: 'kServiceInstanceAlreadyOffered' is deprecated: Value has never been used. Calls to OfferService shall be idempotent. [-Wdeprecated-declarations]
  186 |             case static_cast<score::result::ErrorCode>(ComErrc::kServiceInstanceAlreadyOffered):
      |                                                                 ^
./score/mw/com/impl/com_error.h:58:11: note: 'kServiceInstanceAlreadyOffered' has been explicitly marked deprecated here
   58 |         [[deprecated("Value has never been used. Calls to OfferService shall be idempotent.")]],
      |           ^
1 warning generated.
[1,398 / 1,458] Compiling score/mw/com/impl/plumbing/proxy_event_binding_factory_impl.cpp; 10s processwrapper-sandbox ... (8 actions, 7 running)
[1,400 / 1,458] Compiling score/mw/com/impl/plumbing/proxy_event_binding_factory_impl.cpp; 12s processwrapper-sandbox ... (8 actions running)
INFO: From Compiling score/mw/com/impl/methods/skeleton_method.cpp:
In file included from score/mw/com/impl/methods/skeleton_method.cpp:13:
In file included from ./score/mw/com/impl/methods/skeleton_method.h:21:
In file included from ./score/mw/com/impl/plumbing/skeleton_method_binding_factory.h:16:
In file included from ./score/mw/com/impl/instance_identifier.h:16:
./score/mw/com/impl/com_error.h:186:65: warning: 'kServiceInstanceAlreadyOffered' is deprecated: Value has never been used. Calls to OfferService shall be idempotent. [-Wdeprecated-declarations]
  186 |             case static_cast<score::result::ErrorCode>(ComErrc::kServiceInstanceAlreadyOffered):
      |                                                                 ^
./score/mw/com/impl/com_error.h:58:11: note: 'kServiceInstanceAlreadyOffered' has been explicitly marked deprecated here
   58 |         [[deprecated("Value has never been used. Calls to OfferService shall be idempotent.")]],
      |           ^
1 warning generated.
[1,401 / 1,458] Compiling score/mw/com/impl/plumbing/proxy_event_binding_factory_impl.cpp; 13s processwrapper-sandbox ... (8 actions, 7 running)
INFO: From Compiling score/mw/com/impl/plumbing/i_skeleton_event_binding_factory.cpp:
In file included from score/mw/com/impl/plumbing/i_skeleton_event_binding_factory.cpp:13:
In file included from ./score/mw/com/impl/plumbing/i_skeleton_event_binding_factory.h:16:
In file included from ./score/mw/com/impl/instance_identifier.h:16:
./score/mw/com/impl/com_error.h:186:65: warning: 'kServiceInstanceAlreadyOffered' is deprecated: Value has never been used. Calls to OfferService shall be idempotent. [-Wdeprecated-declarations]
  186 |             case static_cast<score::result::ErrorCode>(ComErrc::kServiceInstanceAlreadyOffered):
      |                                                                 ^
./score/mw/com/impl/com_error.h:58:11: note: 'kServiceInstanceAlreadyOffered' has been explicitly marked deprecated here
   58 |         [[deprecated("Value has never been used. Calls to OfferService shall be idempotent.")]],
      |           ^
1 warning generated.
INFO: From Compiling score/mw/com/impl/plumbing/proxy_event_binding_factory_impl.cpp:
In file included from score/mw/com/impl/plumbing/proxy_event_binding_factory_impl.cpp:13:
In file included from ./score/mw/com/impl/plumbing/proxy_event_binding_factory_impl.h:16:
In file included from ./score/mw/com/impl/bindings/lola/proxy.h:24:
In file included from ./score/mw/com/impl/bindings/lola/proxy_method.h:17:
In file included from ./score/mw/com/impl/bindings/lola/i_runtime.h:20:
In file included from ./score/mw/com/impl/i_binding_runtime.h:17:
In file included from ./score/mw/com/impl/i_service_discovery_client.h:16:
In file included from ./score/mw/com/impl/enriched_instance_identifier.h:17:
In file included from ./score/mw/com/impl/handle_type.h:18:
In file included from ./score/mw/com/impl/instance_identifier.h:16:
./score/mw/com/impl/com_error.h:186:65: warning: 'kServiceInstanceAlreadyOffered' is deprecated: Value has never been used. Calls to OfferService shall be idempotent. [-Wdeprecated-declarations]
  186 |             case static_cast<score::result::ErrorCode>(ComErrc::kServiceInstanceAlreadyOffered):
      |                                                                 ^
./score/mw/com/impl/com_error.h:58:11: note: 'kServiceInstanceAlreadyOffered' has been explicitly marked deprecated here
   58 |         [[deprecated("Value has never been used. Calls to OfferService shall be idempotent.")]],
      |           ^
1 warning generated.
[1,409 / 1,458] Compiling score/mw/com/impl/plumbing/proxy_method_binding_factory_impl.cpp; 12s processwrapper-sandbox ... (8 actions, 7 running)
INFO: From Compiling score/mw/com/impl/plumbing/proxy_method_binding_factory_impl.cpp:
In file included from score/mw/com/impl/plumbing/proxy_method_binding_factory_impl.cpp:13:
In file included from ./score/mw/com/impl/plumbing/proxy_method_binding_factory_impl.h:19:
In file included from ./score/mw/com/impl/bindings/lola/proxy.h:24:
In file included from ./score/mw/com/impl/bindings/lola/proxy_method.h:17:
In file included from ./score/mw/com/impl/bindings/lola/i_runtime.h:20:
In file included from ./score/mw/com/impl/i_binding_runtime.h:17:
In file included from ./score/mw/com/impl/i_service_discovery_client.h:16:
In file included from ./score/mw/com/impl/enriched_instance_identifier.h:17:
In file included from ./score/mw/com/impl/handle_type.h:18:
In file included from ./score/mw/com/impl/instance_identifier.h:16:
./score/mw/com/impl/com_error.h:186:65: warning: 'kServiceInstanceAlreadyOffered' is deprecated: Value has never been used. Calls to OfferService shall be idempotent. [-Wdeprecated-declarations]
  186 |             case static_cast<score::result::ErrorCode>(ComErrc::kServiceInstanceAlreadyOffered):
      |                                                                 ^
./score/mw/com/impl/com_error.h:58:11: note: 'kServiceInstanceAlreadyOffered' has been explicitly marked deprecated here
   58 |         [[deprecated("Value has never been used. Calls to OfferService shall be idempotent.")]],
      |           ^
1 warning generated.
[1,412 / 1,458] Compiling score/mw/com/impl/plumbing/proxy_method_binding_factory.cpp; 12s processwrapper-sandbox ... (8 actions running)
INFO: From Compiling score/mw/com/impl/plumbing/proxy_method_binding_factory.cpp:
In file included from score/mw/com/impl/plumbing/proxy_method_binding_factory.cpp:13:
In file included from ./score/mw/com/impl/plumbing/proxy_method_binding_factory.h:17:
In file included from ./score/mw/com/impl/plumbing/i_proxy_method_binding_factory.h:16:
In file included from ./score/mw/com/impl/handle_type.h:18:
In file included from ./score/mw/com/impl/instance_identifier.h:16:
./score/mw/com/impl/com_error.h:186:65: warning: 'kServiceInstanceAlreadyOffered' is deprecated: Value has never been used. Calls to OfferService shall be idempotent. [-Wdeprecated-declarations]
  186 |             case static_cast<score::result::ErrorCode>(ComErrc::kServiceInstanceAlreadyOffered):
      |                                                                 ^
./score/mw/com/impl/com_error.h:58:11: note: 'kServiceInstanceAlreadyOffered' has been explicitly marked deprecated here
   58 |         [[deprecated("Value has never been used. Calls to OfferService shall be idempotent.")]],
      |           ^
1 warning generated.
[1,413 / 1,458] Compiling score/mw/com/impl/plumbing/skeleton_service_element_binding_factory_impl.cpp; 13s processwrapper-sandbox ... (8 actions, 7 running)
[1,415 / 1,458] Compiling score/mw/com/impl/plumbing/skeleton_service_element_binding_factory_impl.cpp; 15s processwrapper-sandbox ... (8 actions running)
INFO: From Compiling score/mw/com/impl/plumbing/skeleton_service_element_binding_factory_impl.cpp:
In file included from score/mw/com/impl/plumbing/skeleton_service_element_binding_factory_impl.cpp:13:
In file included from ./score/mw/com/impl/plumbing/skeleton_service_element_binding_factory_impl.h:17:
In file included from ./score/mw/com/impl/bindings/lola/skeleton.h:32:
In file included from ./score/mw/com/impl/bindings/lola/skeleton_memory_manager.h:20:
In file included from ./score/mw/com/impl/bindings/lola/service_data_storage.h:20:
In file included from ./score/mw/com/impl/bindings/lola/i_runtime.h:20:
In file included from ./score/mw/com/impl/i_binding_runtime.h:17:
In file included from ./score/mw/com/impl/i_service_discovery_client.h:16:
In file included from ./score/mw/com/impl/enriched_instance_identifier.h:17:
In file included from ./score/mw/com/impl/handle_type.h:18:
In file included from ./score/mw/com/impl/instance_identifier.h:16:
./score/mw/com/impl/com_error.h:186:65: warning: 'kServiceInstanceAlreadyOffered' is deprecated: Value has never been used. Calls to OfferService shall be idempotent. [-Wdeprecated-declarations]
  186 |             case static_cast<score::result::ErrorCode>(ComErrc::kServiceInstanceAlreadyOffered):
      |                                                                 ^
./score/mw/com/impl/com_error.h:58:11: note: 'kServiceInstanceAlreadyOffered' has been explicitly marked deprecated here
   58 |         [[deprecated("Value has never been used. Calls to OfferService shall be idempotent.")]],
      |           ^
1 warning generated.
[1,418 / 1,458] Compiling score/mw/com/impl/plumbing/skeleton_event_binding_factory_impl.cpp; 15s processwrapper-sandbox ... (8 actions running)
INFO: From Compiling score/mw/com/impl/plumbing/skeleton_event_binding_factory_impl.cpp:
In file included from score/mw/com/impl/plumbing/skeleton_event_binding_factory_impl.cpp:13:
In file included from ./score/mw/com/impl/plumbing/skeleton_event_binding_factory_impl.h:16:
In file included from ./score/mw/com/impl/instance_identifier.h:16:
./score/mw/com/impl/com_error.h:186:65: warning: 'kServiceInstanceAlreadyOffered' is deprecated: Value has never been used. Calls to OfferService shall be idempotent. [-Wdeprecated-declarations]
  186 |             case static_cast<score::result::ErrorCode>(ComErrc::kServiceInstanceAlreadyOffered):
      |                                                                 ^
./score/mw/com/impl/com_error.h:58:11: note: 'kServiceInstanceAlreadyOffered' has been explicitly marked deprecated here
   58 |         [[deprecated("Value has never been used. Calls to OfferService shall be idempotent.")]],
      |           ^
1 warning generated.
[1,421 / 1,458] Compiling score/mw/com/impl/plumbing/skeleton_method_binding_factory_impl.cpp; 12s processwrapper-sandbox ... (8 actions running)
INFO: From Compiling score/mw/com/impl/plumbing/skeleton_method_binding_factory.cpp:
In file included from score/mw/com/impl/plumbing/skeleton_method_binding_factory.cpp:13:
In file included from ./score/mw/com/impl/plumbing/skeleton_method_binding_factory.h:16:
In file included from ./score/mw/com/impl/instance_identifier.h:16:
./score/mw/com/impl/com_error.h:186:65: warning: 'kServiceInstanceAlreadyOffered' is deprecated: Value has never been used. Calls to OfferService shall be idempotent. [-Wdeprecated-declarations]
  186 |             case static_cast<score::result::ErrorCode>(ComErrc::kServiceInstanceAlreadyOffered):
      |                                                                 ^
./score/mw/com/impl/com_error.h:58:11: note: 'kServiceInstanceAlreadyOffered' has been explicitly marked deprecated here
   58 |         [[deprecated("Value has never been used. Calls to OfferService shall be idempotent.")]],
      |           ^
1 warning generated.
[1,424 / 1,458] Compiling score/mw/com/impl/plumbing/skeleton_method_binding_factory_impl.cpp; 13s processwrapper-sandbox ... (8 actions running)
INFO: From Compiling score/mw/com/impl/tracing/proxy_event_tracing.cpp:
In file included from score/mw/com/impl/tracing/proxy_event_tracing.cpp:17:
In file included from ./score/mw/com/impl/tracing/proxy_event_tracing.h:23:
In file included from ./score/mw/com/impl/instance_identifier.h:16:
./score/mw/com/impl/com_error.h:186:65: warning: 'kServiceInstanceAlreadyOffered' is deprecated: Value has never been used. Calls to OfferService shall be idempotent. [-Wdeprecated-declarations]
  186 |             case static_cast<score::result::ErrorCode>(ComErrc::kServiceInstanceAlreadyOffered):
      |                                                                 ^
./score/mw/com/impl/com_error.h:58:11: note: 'kServiceInstanceAlreadyOffered' has been explicitly marked deprecated here
   58 |         [[deprecated("Value has never been used. Calls to OfferService shall be idempotent.")]],
      |           ^
1 warning generated.
[1,425 / 1,458] Compiling score/mw/com/impl/plumbing/skeleton_method_binding_factory_impl.cpp; 14s processwrapper-sandbox ... (8 actions, 7 running)
INFO: From Compiling score/mw/com/impl/plumbing/skeleton_method_binding_factory_impl.cpp:
In file included from score/mw/com/impl/plumbing/skeleton_method_binding_factory_impl.cpp:13:
In file included from ./score/mw/com/impl/plumbing/skeleton_method_binding_factory_impl.h:16:
In file included from ./score/mw/com/impl/handle_type.h:18:
In file included from ./score/mw/com/impl/instance_identifier.h:16:
./score/mw/com/impl/com_error.h:186:65: warning: 'kServiceInstanceAlreadyOffered' is deprecated: Value has never been used. Calls to OfferService shall be idempotent. [-Wdeprecated-declarations]
  186 |             case static_cast<score::result::ErrorCode>(ComErrc::kServiceInstanceAlreadyOffered):
      |                                                                 ^
./score/mw/com/impl/com_error.h:58:11: note: 'kServiceInstanceAlreadyOffered' has been explicitly marked deprecated here
   58 |         [[deprecated("Value has never been used. Calls to OfferService shall be idempotent.")]],
      |           ^
1 warning generated.
[1,429 / 1,458] Compiling score/mw/com/impl/plumbing/skeleton_event_binding_factory.cpp; 12s processwrapper-sandbox ... (8 actions, 7 running)
[1,430 / 1,458] Compiling score/mw/com/impl/plumbing/skeleton_event_binding_factory.cpp; 14s processwrapper-sandbox ... (8 actions running)
INFO: From Compiling score/mw/com/impl/plumbing/skeleton_event_binding_factory.cpp:
In file included from score/mw/com/impl/plumbing/skeleton_event_binding_factory.cpp:13:
In file included from ./score/mw/com/impl/plumbing/skeleton_event_binding_factory.h:16:
In file included from ./score/mw/com/impl/bindings/lola/skeleton_event.h:21:
In file included from ./score/mw/com/impl/bindings/lola/skeleton.h:32:
In file included from ./score/mw/com/impl/bindings/lola/skeleton_memory_manager.h:20:
In file included from ./score/mw/com/impl/bindings/lola/service_data_storage.h:20:
In file included from ./score/mw/com/impl/bindings/lola/i_runtime.h:20:
In file included from ./score/mw/com/impl/i_binding_runtime.h:17:
In file included from ./score/mw/com/impl/i_service_discovery_client.h:16:
In file included from ./score/mw/com/impl/enriched_instance_identifier.h:17:
In file included from ./score/mw/com/impl/handle_type.h:18:
In file included from ./score/mw/com/impl/instance_identifier.h:16:
./score/mw/com/impl/com_error.h:186:65: warning: 'kServiceInstanceAlreadyOffered' is deprecated: Value has never been used. Calls to OfferService shall be idempotent. [-Wdeprecated-declarations]
  186 |             case static_cast<score::result::ErrorCode>(ComErrc::kServiceInstanceAlreadyOffered):
      |                                                                 ^
./score/mw/com/impl/com_error.h:58:11: note: 'kServiceInstanceAlreadyOffered' has been explicitly marked deprecated here
   58 |         [[deprecated("Value has never been used. Calls to OfferService shall be idempotent.")]],
      |           ^
1 warning generated.
[1,431 / 1,458] Compiling score/mw/com/impl/methods/proxy_method_without_in_args_or_return.cpp; 14s processwrapper-sandbox ... (8 actions, 7 running)
INFO: From Compiling score/mw/com/impl/methods/proxy_method_without_in_args_or_return.cpp:
In file included from score/mw/com/impl/methods/proxy_method_without_in_args_or_return.cpp:13:
In file included from ./score/mw/com/impl/methods/proxy_method_without_in_args_or_return.h:17:
In file included from ./score/mw/com/impl/methods/proxy_method.h:16:
In file included from ./score/mw/com/impl/bindings/lola/proxy.h:24:
In file included from ./score/mw/com/impl/bindings/lola/proxy_method.h:17:
In file included from ./score/mw/com/impl/bindings/lola/i_runtime.h:20:
In file included from ./score/mw/com/impl/i_binding_runtime.h:17:
In file included from ./score/mw/com/impl/i_service_discovery_client.h:16:
In file included from ./score/mw/com/impl/enriched_instance_identifier.h:17:
In file included from ./score/mw/com/impl/handle_type.h:18:
In file included from ./score/mw/com/impl/instance_identifier.h:16:
./score/mw/com/impl/com_error.h:186:65: warning: 'kServiceInstanceAlreadyOffered' is deprecated: Value has never been used. Calls to OfferService shall be idempotent. [-Wdeprecated-declarations]
  186 |             case static_cast<score::result::ErrorCode>(ComErrc::kServiceInstanceAlreadyOffered):
      |                                                                 ^
./score/mw/com/impl/com_error.h:58:11: note: 'kServiceInstanceAlreadyOffered' has been explicitly marked deprecated here
   58 |         [[deprecated("Value has never been used. Calls to OfferService shall be idempotent.")]],
      |           ^
1 warning generated.
[1,434 / 1,458] Compiling score/mw/com/impl/plumbing/proxy_field_binding_factory_impl.cpp; 13s processwrapper-sandbox ... (8 actions running)
INFO: From Compiling score/mw/com/impl/plumbing/proxy_field_binding_factory_impl.cpp:
In file included from score/mw/com/impl/plumbing/proxy_field_binding_factory_impl.cpp:13:
In file included from ./score/mw/com/impl/plumbing/proxy_field_binding_factory_impl.h:17:
In file included from ./score/mw/com/impl/bindings/lola/proxy_event.h:18:
In file included from ./score/mw/com/impl/bindings/lola/proxy.h:24:
In file included from ./score/mw/com/impl/bindings/lola/proxy_method.h:17:
In file included from ./score/mw/com/impl/bindings/lola/i_runtime.h:20:
In file included from ./score/mw/com/impl/i_binding_runtime.h:17:
In file included from ./score/mw/com/impl/i_service_discovery_client.h:16:
In file included from ./score/mw/com/impl/enriched_instance_identifier.h:17:
In file included from ./score/mw/com/impl/handle_type.h:18:
In file included from ./score/mw/com/impl/instance_identifier.h:16:
./score/mw/com/impl/com_error.h:186:65: warning: 'kServiceInstanceAlreadyOffered' is deprecated: Value has never been used. Calls to OfferService shall be idempotent. [-Wdeprecated-declarations]
  186 |             case static_cast<score::result::ErrorCode>(ComErrc::kServiceInstanceAlreadyOffered):
      |                                                                 ^
./score/mw/com/impl/com_error.h:58:11: note: 'kServiceInstanceAlreadyOffered' has been explicitly marked deprecated here
   58 |         [[deprecated("Value has never been used. Calls to OfferService shall be idempotent.")]],
      |           ^
1 warning generated.
[1,435 / 1,458] Compiling score/mw/com/impl/methods/proxy_method_with_return_type.cpp; 13s processwrapper-sandbox ... (8 actions, 7 running)
[1,438 / 1,458] Compiling score/mw/com/impl/methods/proxy_method_with_return_type.cpp; 14s processwrapper-sandbox ... (8 actions, 7 running)
INFO: From Compiling score/mw/com/impl/methods/proxy_method_with_return_type.cpp:
In file included from score/mw/com/impl/methods/proxy_method_with_return_type.cpp:13:
In file included from ./score/mw/com/impl/methods/proxy_method_with_return_type.h:18:
In file included from ./score/mw/com/impl/methods/proxy_method.h:16:
In file included from ./score/mw/com/impl/bindings/lola/proxy.h:24:
In file included from ./score/mw/com/impl/bindings/lola/proxy_method.h:17:
In file included from ./score/mw/com/impl/bindings/lola/i_runtime.h:20:
In file included from ./score/mw/com/impl/i_binding_runtime.h:17:
In file included from ./score/mw/com/impl/i_service_discovery_client.h:16:
In file included from ./score/mw/com/impl/enriched_instance_identifier.h:17:
In file included from ./score/mw/com/impl/handle_type.h:18:
In file included from ./score/mw/com/impl/instance_identifier.h:16:
./score/mw/com/impl/com_error.h:186:65: warning: 'kServiceInstanceAlreadyOffered' is deprecated: Value has never been used. Calls to OfferService shall be idempotent. [-Wdeprecated-declarations]
  186 |             case static_cast<score::result::ErrorCode>(ComErrc::kServiceInstanceAlreadyOffered):
      |                                                                 ^
./score/mw/com/impl/com_error.h:58:11: note: 'kServiceInstanceAlreadyOffered' has been explicitly marked deprecated here
   58 |         [[deprecated("Value has never been used. Calls to OfferService shall be idempotent.")]],
      |           ^
1 warning generated.
[1,441 / 1,458] Compiling score/mw/com/impl/plumbing/proxy_field_binding_factory.cpp; 13s processwrapper-sandbox ... (7 actions running)
INFO: From Compiling score/mw/com/impl/plumbing/proxy_field_binding_factory.cpp:
In file included from score/mw/com/impl/plumbing/proxy_field_binding_factory.cpp:13:
In file included from ./score/mw/com/impl/plumbing/proxy_field_binding_factory.h:16:
In file included from ./score/mw/com/impl/plumbing/i_proxy_field_binding_factory.h:16:
In file included from ./score/mw/com/impl/handle_type.h:18:
In file included from ./score/mw/com/impl/instance_identifier.h:16:
./score/mw/com/impl/com_error.h:186:65: warning: 'kServiceInstanceAlreadyOffered' is deprecated: Value has never been used. Calls to OfferService shall be idempotent. [-Wdeprecated-declarations]
  186 |             case static_cast<score::result::ErrorCode>(ComErrc::kServiceInstanceAlreadyOffered):
      |                                                                 ^
./score/mw/com/impl/com_error.h:58:11: note: 'kServiceInstanceAlreadyOffered' has been explicitly marked deprecated here
   58 |         [[deprecated("Value has never been used. Calls to OfferService shall be idempotent.")]],
      |           ^
1 warning generated.
[1,442 / 1,458] Compiling score/mw/com/impl/methods/proxy_method_with_in_args_and_return.cpp; 12s processwrapper-sandbox ... (8 actions, 6 running)
[1,444 / 1,458] Compiling score/mw/com/impl/methods/proxy_method_with_in_args_and_return.cpp; 13s processwrapper-sandbox ... (6 actions running)
INFO: From Compiling score/mw/com/impl/methods/proxy_method_with_in_args_and_return.cpp:
In file included from score/mw/com/impl/methods/proxy_method_with_in_args_and_return.cpp:13:
In file included from ./score/mw/com/impl/methods/proxy_method_with_in_args_and_return.h:18:
In file included from ./score/mw/com/impl/methods/proxy_method.h:16:
In file included from ./score/mw/com/impl/bindings/lola/proxy.h:24:
In file included from ./score/mw/com/impl/bindings/lola/proxy_method.h:17:
In file included from ./score/mw/com/impl/bindings/lola/i_runtime.h:20:
In file included from ./score/mw/com/impl/i_binding_runtime.h:17:
In file included from ./score/mw/com/impl/i_service_discovery_client.h:16:
In file included from ./score/mw/com/impl/enriched_instance_identifier.h:17:
In file included from ./score/mw/com/impl/handle_type.h:18:
In file included from ./score/mw/com/impl/instance_identifier.h:16:
./score/mw/com/impl/com_error.h:186:65: warning: 'kServiceInstanceAlreadyOffered' is deprecated: Value has never been used. Calls to OfferService shall be idempotent. [-Wdeprecated-declarations]
  186 |             case static_cast<score::result::ErrorCode>(ComErrc::kServiceInstanceAlreadyOffered):
      |                                                                 ^
./score/mw/com/impl/com_error.h:58:11: note: 'kServiceInstanceAlreadyOffered' has been explicitly marked deprecated here
   58 |         [[deprecated("Value has never been used. Calls to OfferService shall be idempotent.")]],
      |           ^
1 warning generated.
[1,445 / 1,458] Compiling score/mw/com/impl/methods/proxy_method_with_in_args.cpp; 12s processwrapper-sandbox ... (5 actions running)
INFO: From Compiling score/mw/com/impl/methods/proxy_method_with_in_args.cpp:
In file included from score/mw/com/impl/methods/proxy_method_with_in_args.cpp:13:
In file included from ./score/mw/com/impl/methods/proxy_method_with_in_args.h:18:
In file included from ./score/mw/com/impl/methods/proxy_method.h:16:
In file included from ./score/mw/com/impl/bindings/lola/proxy.h:24:
In file included from ./score/mw/com/impl/bindings/lola/proxy_method.h:17:
In file included from ./score/mw/com/impl/bindings/lola/i_runtime.h:20:
In file included from ./score/mw/com/impl/i_binding_runtime.h:17:
In file included from ./score/mw/com/impl/i_service_discovery_client.h:16:
In file included from ./score/mw/com/impl/enriched_instance_identifier.h:17:
In file included from ./score/mw/com/impl/handle_type.h:18:
In file included from ./score/mw/com/impl/instance_identifier.h:16:
./score/mw/com/impl/com_error.h:186:65: warning: 'kServiceInstanceAlreadyOffered' is deprecated: Value has never been used. Calls to OfferService shall be idempotent. [-Wdeprecated-declarations]
  186 |             case static_cast<score::result::ErrorCode>(ComErrc::kServiceInstanceAlreadyOffered):
      |                                                                 ^
./score/mw/com/impl/com_error.h:58:11: note: 'kServiceInstanceAlreadyOffered' has been explicitly marked deprecated here
   58 |         [[deprecated("Value has never been used. Calls to OfferService shall be idempotent.")]],
      |           ^
1 warning generated.
[1,449 / 1,458] Compiling score/mw/com/impl/methods/proxy_method.cpp; 10s processwrapper-sandbox ... (3 actions running)
INFO: From Compiling score/mw/com/impl/methods/proxy_method.cpp:
In file included from score/mw/com/impl/methods/proxy_method.cpp:13:
In file included from ./score/mw/com/impl/methods/proxy_method.h:16:
In file included from ./score/mw/com/impl/bindings/lola/proxy.h:24:
In file included from ./score/mw/com/impl/bindings/lola/proxy_method.h:17:
In file included from ./score/mw/com/impl/bindings/lola/i_runtime.h:20:
In file included from ./score/mw/com/impl/i_binding_runtime.h:17:
In file included from ./score/mw/com/impl/i_service_discovery_client.h:16:
In file included from ./score/mw/com/impl/enriched_instance_identifier.h:17:
In file included from ./score/mw/com/impl/handle_type.h:18:
In file included from ./score/mw/com/impl/instance_identifier.h:16:
./score/mw/com/impl/com_error.h:186:65: warning: 'kServiceInstanceAlreadyOffered' is deprecated: Value has never been used. Calls to OfferService shall be idempotent. [-Wdeprecated-declarations]
  186 |             case static_cast<score::result::ErrorCode>(ComErrc::kServiceInstanceAlreadyOffered):
      |                                                                 ^
./score/mw/com/impl/com_error.h:58:11: note: 'kServiceInstanceAlreadyOffered' has been explicitly marked deprecated here
   58 |         [[deprecated("Value has never been used. Calls to OfferService shall be idempotent.")]],
      |           ^
1 warning generated.
[1,452 / 1,458] Compiling score/mw/com/impl/plumbing/skeleton_field_binding_factory_impl.cpp; 12s processwrapper-sandbox ... (2 actions running)
INFO: From Compiling score/mw/com/impl/plumbing/skeleton_field_binding_factory_impl.cpp:
In file included from score/mw/com/impl/plumbing/skeleton_field_binding_factory_impl.cpp:13:
In file included from ./score/mw/com/impl/plumbing/skeleton_field_binding_factory_impl.h:16:
In file included from ./score/mw/com/impl/bindings/lola/skeleton_event.h:21:
In file included from ./score/mw/com/impl/bindings/lola/skeleton.h:32:
In file included from ./score/mw/com/impl/bindings/lola/skeleton_memory_manager.h:20:
In file included from ./score/mw/com/impl/bindings/lola/service_data_storage.h:20:
In file included from ./score/mw/com/impl/bindings/lola/i_runtime.h:20:
In file included from ./score/mw/com/impl/i_binding_runtime.h:17:
In file included from ./score/mw/com/impl/i_service_discovery_client.h:16:
In file included from ./score/mw/com/impl/enriched_instance_identifier.h:17:
In file included from ./score/mw/com/impl/handle_type.h:18:
In file included from ./score/mw/com/impl/instance_identifier.h:16:
./score/mw/com/impl/com_error.h:186:65: warning: 'kServiceInstanceAlreadyOffered' is deprecated: Value has never been used. Calls to OfferService shall be idempotent. [-Wdeprecated-declarations]
  186 |             case static_cast<score::result::ErrorCode>(ComErrc::kServiceInstanceAlreadyOffered):
      |                                                                 ^
./score/mw/com/impl/com_error.h:58:11: note: 'kServiceInstanceAlreadyOffered' has been explicitly marked deprecated here
   58 |         [[deprecated("Value has never been used. Calls to OfferService shall be idempotent.")]],
      |           ^
1 warning generated.
[1,455 / 1,458] Compiling score/mw/com/impl/plumbing/skeleton_field_binding_factory.cpp; 11s processwrapper-sandbox
INFO: From Compiling score/mw/com/impl/plumbing/skeleton_field_binding_factory.cpp:
In file included from score/mw/com/impl/plumbing/skeleton_field_binding_factory.cpp:13:
In file included from ./score/mw/com/impl/plumbing/skeleton_field_binding_factory.h:17:
In file included from ./score/mw/com/impl/bindings/lola/skeleton_event.h:21:
In file included from ./score/mw/com/impl/bindings/lola/skeleton.h:32:
In file included from ./score/mw/com/impl/bindings/lola/skeleton_memory_manager.h:20:
In file included from ./score/mw/com/impl/bindings/lola/service_data_storage.h:20:
In file included from ./score/mw/com/impl/bindings/lola/i_runtime.h:20:
In file included from ./score/mw/com/impl/i_binding_runtime.h:17:
In file included from ./score/mw/com/impl/i_service_discovery_client.h:16:
In file included from ./score/mw/com/impl/enriched_instance_identifier.h:17:
In file included from ./score/mw/com/impl/handle_type.h:18:
In file included from ./score/mw/com/impl/instance_identifier.h:16:
./score/mw/com/impl/com_error.h:186:65: warning: 'kServiceInstanceAlreadyOffered' is deprecated: Value has never been used. Calls to OfferService shall be idempotent. [-Wdeprecated-declarations]
  186 |             case static_cast<score::result::ErrorCode>(ComErrc::kServiceInstanceAlreadyOffered):
      |                                                                 ^
./score/mw/com/impl/com_error.h:58:11: note: 'kServiceInstanceAlreadyOffered' has been explicitly marked deprecated here
   58 |         [[deprecated("Value has never been used. Calls to OfferService shall be idempotent.")]],
      |           ^
1 warning generated.
[1,456 / 1,458] [Prepa] Linking score/mw/com/impl/plumbing/libskeleton_field_binding_factory.a
INFO: Found 269 targets...
INFO: Elapsed time: 371.992s, Critical Path: 24.47s
INFO: 1458 processes: 443 internal, 1015 processwrapper-sandbox.
INFO: Build completed successfully, 1458 total actions
Running pre-finalize script /media/jefferson/11c42dee-73a3-4c2b-ab42-a0440011d9e0/.s-core-build/runs/score-communication-bug-recovery-fw8j963z/bazel-output/b10b30927e7a248cee436d763dc58bdc/external/+_repo_rules4+codeql_bundle/codeql/cpp/tools/pre-finalize.sh in /media/jefferson/11c42dee-73a3-4c2b-ab42-a0440011d9e0/.s-core-build/runs/score-communication-bug-recovery-fw8j963z/issue-751.
Running command in /media/jefferson/11c42dee-73a3-4c2b-ab42-a0440011d9e0/.s-core-build/runs/score-communication-bug-recovery-fw8j963z/issue-751: [/media/jefferson/11c42dee-73a3-4c2b-ab42-a0440011d9e0/.s-core-build/runs/score-communication-bug-recovery-fw8j963z/bazel-output/b10b30927e7a248cee436d763dc58bdc/external/+_repo_rules4+codeql_bundle/codeql/cpp/tools/pre-finalize.sh]
Running TRAP import for CodeQL database at /media/jefferson/11c42dee-73a3-4c2b-ab42-a0440011d9e0/.s-core-build/runs/score-communication-bug-recovery-fw8j963z/codeql-candidate/751...
Grouping TRAP files by link target
Grouping unlinked TRAP files together
Scanning TRAP files
Importing TRAP files
Merging relations
Finished writing database (relations: 44.55 MiB; string pool: 19.03 MiB).
TRAP import complete (1m39s).
Finished zipping source archive (3.75 MiB).
